subject,window_start_ms,window_end_ms,label,hr_mean,hr_median,hr_std,hr_min,hr_max,hr_range,hr_iqr,hr_cv,hr_slope,hr_delta_abs,rmssd,pnn50,ibi_mean_ms,ibi_std_ms,motion_mean,motion_median,motion_std,motion_p90,motion_active_fraction,motion_rest_fraction,hr_motion_corr,hr_motion_ratio,temp_mean,temp_median,temp_spread
1,492488,521325,0,98.53846153846153,99.0,1.598816130063579,95.0,100.0,5.0,2.0,0.01622530030509487,-3.451784283797147,1.0,1.1902380714238083,0.0,609.0620971153487,10.034816720229546,0.05045378829104122,0.01988384421297477,0.06316668591435513,0.1269813389994314,0.07692307692307693,0.6153846153846154,-0.14472001322888947,93.80561299966509,0.0,0.0,0.0
1,504325,541325,0,97.33333333333333,97.5,1.5986105077709065,95.0,100.0,5.0,1.75,0.016424080559290136,3.861940298507509,2.0,1.6733200530681511,0.0,616.6042407196193,10.101577953138396,0.0801809407479356,0.06360852935005058,0.06752121681719216,0.15417443154061058,0.16666666666666666,0.3333333333333333,0.6172063070374936,90.10836024003355,0.0,0.0,0.0
1,521325,554325,0,95.85714285714286,95.0,2.2314999074019015,93.0,100.0,7.0,2.5,0.023279432715071997,-11.357142857142836,7.0,1.35400640077266,0.0,626.2659936227188,14.374330207048311,0.061124264515010907,0.030218213217046326,0.07389345514956659,0.15207991151200917,0.14285714285714285,0.5714285714285714,0.4966684799219173,90.33545463306747,0.0,0.0,0.0
1,541325,554325,0,95.16666666666667,95.0,1.5723301886761003,93.0,98.0,5.0,1.5,0.016521858374880214,-20.661654135338527,5.0,1.1832159566199232,0.0,630.6436592265053,10.33975680314156,0.034427421124404285,0.020489750721192947,0.037164943658056004,0.08099320546903582,0.0,0.6666666666666666,-0.5730743695889325,91.99936575852001,0.0,0.0,0.0
1,541325,577325,0,95.5,95.5,1.5,93.0,98.0,5.0,1.5,0.015706806282722512,0.7294832826748133,2.0,1.8516401995451028,0.0,628.427332048745,9.874917867406522,0.04149488754221215,0.031572732958127146,0.03751447394081385,0.09650601540871888,0.0,0.625,-0.38686810847619,91.69512125534015,0.0,0.0,0.0
1,550325,577325,0,95.14285714285714,95.0,1.2453996981544782,93.0,97.0,4.0,1.5,0.01308978661723926,4.078341013824762,0.0,1.8257418583505538,0.0,630.7391083472537,8.287948931695702,0.04310584101723584,0.032927252699207966,0.03984497899703895,0.09785224691427068,0.0,0.5714285714285714,-0.4086209690774578,91.21112489416598,0.0,0.0,0.0
1,553325,577325,0,95.0,95.0,1.5811388300841898,93.0,97.0,4.0,2.5,0.016643566632465155,7.698113207547237,2.0,2.449489742783178,0.0,631.7539659234835,10.516212662790961,0.07184524613233578,0.07426204794127686,0.028943486444843205,0.10189094143092604,0.0,0.25,-0.5986966292608299,88.63219792483997,0.0,0.0,0.0
1,3109754,3116761,0,95.625,95.5,0.6959705453537527,95.0,97.0,2.0,1.0,0.007278123350104603,-10.703582132153558,1.0,0.6546536707079771,0.0,627.4840613130765,4.545352168062405,0.009287673062477563,0.0039599586238024745,0.012922208272724067,0.020982426579183804,0.0,1.0,0.2713144828295463,94.74503905298421,0.0,0.0,0.0
1,3109754,3126745,0,96.88235294117646,97.0,1.4504503536397593,95.0,99.0,4.0,2.0,0.014971254409153558,13.05119981578902,2.0,0.7905694150420949,0.0,619.4465059737701,9.263250628431816,0.03862167617719637,0.012135739759004406,0.04944532104826716,0.11814109499852317,0.058823529411764705,0.7647058823529411,0.24385242346409666,93.27973328822344,0.0,0.0,0.0
1,3109754,3136745,0,97.20833333333333,98.0,1.3533651474093096,95.0,99.0,4.0,2.0,0.013922316132800441,6.551177711057982,1.0,0.7518094115561123,0.0,617.3513499350644,8.642603713945118,0.030065678169285074,0.011545799760517818,0.04380287539131816,0.10227168209661928,0.041666666666666664,0.8333333333333334,0.09455082331426111,94.37100506649219,0.0,0.0,0.0
1,3109754,3146745,0,97.44117647058823,98.0,1.1928999876866615,95.0,99.0,4.0,1.0,0.012242257646044821,3.958547232138682,1.0,0.6276459144608478,0.0,615.8494522950995,7.624911206926044,0.02451442089290779,0.010664529569644407,0.03795878866009573,0.07147230158190952,0.029411764705882353,0.8823529411764706,0.01886802939378396,95.10961923372841,0.0,0.0,0.0
1,3112757,3156745,0,97.51219512195122,98.0,1.0620263930281582,95.0,99.0,4.0,1.0,0.010891216136606924,1.6768543290916562,2.0,0.5916079783099616,0.0,615.3815725615792,6.787563989985032,0.026486692287896255,0.014765133279113664,0.03541318285495839,0.060868401144871506,0.024390243902439025,0.8536585365853658,-0.021857895688522932,94.99606361638267,0.0,0.0,0.0
1,3122745,3166745,0,97.0,98.0,1.745743121887939,93.0,99.0,6.0,1.0,0.017997351772040607,-6.518709350451845,5.0,0.6439209162167846,0.0,618.7618193857418,11.39824839855662,0.016469854930781874,0.012530336665888396,0.014230001595400884,0.041948413349007396,0.0,0.9285714285714286,0.1354189538563216,95.42830958484782,0.0,0.0,0.0
1,3132745,3176745,0,95.75555555555556,97.0,2.386588039259353,92.0,98.0,6.0,5.0,0.024923755341534203,-9.999999999999964,6.0,0.6396021490668313,0.0,626.9894143051954,15.806142432899033,0.014307790887958952,0.009739463716250247,0.013874413982632273,0.02697103555156385,0.0,0.9333333333333333,0.2790860722896638,94.40483097515,0.0,0.0,0.0
1,3142745,3186745,0,94.55555555555556,94.0,2.399588442078771,91.0,98.0,7.0,5.0,0.02537755109131485,-9.69960474308293,4.0,0.674199862463242,0.0,634.9531424656504,15.982608454343763,0.013863245261886231,0.008745280970295378,0.013998607177856566,0.02697103555156385,0.0,0.9333333333333333,0.509268906449908,93.26263280323506,0.0,0.0,0.0
1,3152745,3196745,0,94.08888888888889,94.0,1.9069722624822165,91.0,98.0,7.0,4.0,0.020267773219579534,-1.4150197628458399,3.0,0.7229988054812212,0.0,637.954632444894,12.819617233023294,0.013417070746907829,0.00761461106826871,0.014390754023137152,0.031672665550217034,0.0,0.9333333333333333,0.606963725955793,92.84320503851743,0.0,0.0,0.0
1,3162745,3198745,0,93.54054054054055,93.0,1.4994520547762376,91.0,97.0,6.0,3.0,0.016029969958601786,4.77951635846369,1.0,0.6871842709362768,0.0,641.5967721528534,10.210945852046597,0.008551906770167811,0.007187791973614509,0.006445454462485075,0.016820248224260637,0.0,1.0,0.09488973719986966,92.74737364792557,0.0,0.0,0.0
1,3172745,3198745,0,93.74074074074075,94.0,1.6463785756216938,91.0,97.0,6.0,3.0,0.017563106101061134,9.23076923076924,1.0,0.6504436355879909,0.0,640.260001933835,11.20581773529828,0.007838567068016082,0.0054356395548700075,0.00665325427318972,0.014715954238697121,0.0,1.0,0.19012233707091247,93.01166258545696,0.0,0.0,0.0
1,3182745,3198745,0,94.70588235294117,95.0,1.2725475089872902,92.0,97.0,5.0,2.0,0.013436837051418592,6.32352941176506,2.0,0.7071067811865476,0.0,633.655260054316,8.551261798258796,0.008712460344368097,0.006163422002152601,0.007066283344241216,0.014243745093182613,0.0,1.0,0.10287989810540438,93.88788785320367,0.0,0.0,0.0
1,3192745,3198745,0,94.85714285714286,95.0,0.6388765649999399,94.0,96.0,2.0,0.5,0.0067351445105415355,-17.142857142856467,2.0,0.5773502691896257,0.0,632.5587905935051,4.256923852721836,0.012326842285459941,0.00993264358986645,0.00971383178717872,0.023550245230651964,0.0,1.0,0.006355352141551023,93.70209194788364,0.0,0.0,0.0
1,3598207,3607227,0,92.6,93.0,0.4898979485566356,92.0,93.0,1.0,1.0,0.005290474606443149,2.1752118026534757,0.0,0.6666666666666666,0.0,647.9663394109397,3.4354694849694054,0.01205452375990723,0.006389796986812996,0.01680321719347389,0.01643877169011336,0.0,0.9,0.340612723780664,91.4970466768723,0.0,0.0,0.0
1,3598207,3617243,0,92.72222222222223,93.0,0.7307192465536614,91.0,94.0,3.0,1.0,0.007880734834011926,0.5025153169797832,2.0,0.6859943405700354,0.0,647.1343818035949,5.115750655304765,0.014086481324226284,0.010025666360845223,0.014486484256077202,0.02923370779521026,0.0,0.9444444444444444,-0.12520588289333354,91.43423557046398,0.0,0.0,0.0
1,3598207,3627020,0,92.3913043478261,93.0,0.9663526422127334,90.0,94.0,4.0,1.0,0.010459346245126054,-3.152213000919273,2.0,0.7977240352174656,0.0,649.4832471260718,6.834922281514271,0.016535467786034975,0.01046246608938925,0.017028719925973775,0.029867715043285455,0.0,0.9130434782608695,-0.27736047452128304,90.8884217774023,0.0,0.0,0.0
1,3598207,3637020,0,91.66666666666667,92.0,1.5109031348264135,88.0,94.0,6.0,2.0,0.016482579652651784,-5.668491247789365,5.0,0.7288689868556626,0.0,654.7256054831341,10.932080797572345,0.017955997471432956,0.011426862119383218,0.01821896668920818,0.03054850560592394,0.0,0.9090909090909091,-0.1385424661869057,90.04973387294093,0.0,0.0,0.0
1,3603221,3647020,0,90.86842105263158,91.0,1.8377768696756092,88.0,94.0,6.0,3.5,0.020224593410852348,-6.8213726351975215,2.0,0.6974858324629157,0.0,660.5662971375505,13.397090669458445,0.018937800125811376,0.012571253749756442,0.01882273966212966,0.044103864182089815,0.0,0.8947368421052632,0.08881936079958451,89.1795564375095,0.0,0.0,0.0
1,3613236,3657020,0,90.575,91.0,1.6107063667844614,88.0,94.0,6.0,2.25,0.01778312301169706,-2.5247968785835564,4.0,0.7161148740394329,0.0,662.6438651775795,11.778926866127879,0.020693317900956087,0.014854199520806969,0.02018085009718639,0.05102644566692989,0.0,0.875,0.0985150077421723,88.73870183285459,0.0,0.0,0.0
1,3623020,3667020,0,90.55555555555556,91.0,1.4072124621322282,88.0,93.0,5.0,1.0,0.015539769520478593,2.1581027667985193,1.0,0.6908492797077574,0.0,662.737719166482,10.364136636391763,0.035326394188600535,0.017522077785073753,0.05352133396014787,0.07709396315491814,0.06666666666666667,0.8,0.26738501310785107,87.46570749461591,0.0,0.0,0.0
1,3633020,3677020,0,91.22222222222223,91.0,2.0643954066655277,88.0,95.0,7.0,3.0,0.02263040031667448,8.30039525691706,4.0,0.7071067811865476,0.0,658.0711676843523,14.881864557178709,0.03927789143201373,0.023191835229852024,0.05342143378962816,0.07709396315491814,0.06666666666666667,0.7555555555555555,0.20468911289661273,87.77462021878264,0.0,0.0,0.0
10,501078,519078,0,81.36363636363636,81.0,0.9791208740244554,80.0,83.0,3.0,1.0,0.012033887837172078,-5.878962536023078,3.0,0.9486832980505138,0.0,737.5364973072878,8.836496495750222,0.012406485777643866,0.013704445096832442,0.005032967244360472,0.018784668303803913,0.0,1.0,0.06520451358309934,80.3665696601497,0.0,0.0,0.0
10,512078,519078,0,81.125,81.0,0.9270248108869579,80.0,83.0,3.0,0.5,0.011427116312936306,-22.142857142856972,3.0,0.6546536707079771,0.0,739.6952307876493,8.388375946699613,0.011626582483811264,0.009073069630346533,0.005696872859909324,0.01944554528605124,0.0,1.0,-0.00952275279449147,80.19263372935163,0.0,0.0,0.0
10,1010618,1015640,0,77.16666666666667,76.5,2.192157739660984,75.0,81.0,6.0,3.25,0.028408091658673657,-73.39363593875846,6.0,1.4142135623730951,0.0,778.154812509687,21.72451974003646,0.008066557214005142,0.007196846714495064,0.004428196209871504,0.01337079870266307,0.0,1.0,0.7553331713892565,76.54917833990277,0.0,0.0,0.0
10,1010618,1020650,0,76.9090909090909,77.0,2.0650575802910085,74.0,81.0,7.0,3.5,0.026850630476597036,-10.35467653412249,3.0,1.5811388300841898,0.0,780.6986277460506,20.743426283538682,0.01731281240576057,0.01132006558831317,0.018418700175343104,0.029980073127980345,0.0,0.9090909090909091,0.21883914936234855,75.60023816785993,0.0,0.0,0.0
10,1010618,1036064,0,77.76923076923077,77.0,2.832608098387995,74.0,84.0,10.0,4.0,0.03642324953416808,12.569447409598615,0.0,2.41522945769824,0.08333333333333333,772.5162584794624,27.55432356610566,0.015241423083321826,0.008347753693398914,0.017655455739616972,0.028139581307781308,0.0,0.9230769230769231,-0.042997995435324426,76.60171167272021,0.0,0.0,0.0
10,1010618,1039064,0,78.4375,78.5,2.9148059540902547,74.0,84.0,10.0,5.25,0.03716087272146938,11.49473140271262,1.0,2.1756225162774294,0.06666666666666667,765.9937599242292,28.366109475916446,0.014015713229051395,0.00842581334288096,0.016292465774176933,0.025378843577482733,0.0,0.9375,-0.1202584944570046,77.35333780008408,0.0,0.0,0.0
10,1011623,1056064,0,77.375,77.0,2.7204855571509046,74.0,84.0,10.0,4.0,0.035159748719236245,-0.8057169133003563,5.0,2.2165386254836323,0.08695652173913043,776.3802596146076,26.637099379337474,0.01220239313399063,0.0079593968027615,0.014621399645813094,0.02721933539768177,0.0,0.9583333333333334,-0.09806303531237616,76.44222195566125,0.0,0.0,0.0
10,1028684,1066064,0,77.20833333333333,77.0,2.7835703491898474,74.0,84.0,10.0,3.25,0.03605271903969581,-12.037495199638418,7.0,1.7569736827110218,0.043478260869565216,778.1031233627876,27.337136222809267,0.03787275983485605,0.009361034081189117,0.1022451847290956,0.033990248771975456,0.041666666666666664,0.9166666666666666,-0.07185899006554802,74.39094301465099,0.0,0.0,0.0
10,1036064,1075064,0,77.28125,77.0,2.211254946291811,74.0,82.0,8.0,3.25,0.028613084626501396,-2.3934511434512564,1.0,1.4919136877222163,0.03225806451612903,777.0169132361868,22.097102038292874,0.050333217918971114,0.013315083856356429,0.09388131504206502,0.12694942732112785,0.03125,0.75,0.0264077292476591,73.5778405191427,0.0,0.0,0.0
10,1048064,1086064,0,77.81818181818181,77.0,3.0694441847516605,74.0,85.0,11.0,4.0,0.03944379209377134,13.84467968607421,8.0,1.3693063937629153,0.0,772.1891741310898,29.465097736383605,0.052317475801915835,0.02437805753371008,0.09172638399173687,0.12531317996208974,0.030303030303030304,0.7575757575757576,0.011367781680150587,73.94933906127585,0.0,0.0,0.0
10,1052064,1096064,0,79.6923076923077,78.0,4.158117462073717,74.0,86.0,12.0,7.5,0.05217714962061614,17.44297246946807,10.0,1.1920791213585393,0.0,754.9361297999341,39.12826746405424,0.05254281110725644,0.026333864928443227,0.08384435752255036,0.11549569580786133,0.02564102564102564,0.7692307692307693,-0.09620554273600732,75.71407723403935,0.0,0.0,0.0
10,1062064,1100064,0,81.71875,84.0,3.4571879378332904,76.0,86.0,10.0,7.0,0.042305932700063206,16.32842959237517,7.0,1.2572371141874243,0.0,735.5589851739048,31.524235998445295,0.07791151933487792,0.03582094495488683,0.12825974941060828,0.14222367066864805,0.0625,0.6875,-0.1266255348971135,75.8121130855196,0.0,0.0,0.0
10,1072064,1100064,0,83.5909090909091,84.5,2.4056579313453166,78.0,86.0,8.0,1.0,0.028778942082434457,15.379344711598321,8.0,1.3451854182690985,0.0,718.4023215912205,21.580552017121683,0.06278760185139289,0.03419846566681548,0.11745420874980882,0.10533233864931554,0.045454545454545456,0.7727272727272727,0.09485855373219515,78.65250680878512,0.0,0.0,0.0
10,1082064,1100064,0,84.66666666666667,85.0,0.7453559924999299,83.0,86.0,3.0,1.0,0.00880341723425114,4.816452896948059,1.0,0.8043996665398437,0.0,708.7164369810686,6.250226747668853,0.06036215339689556,0.02926932713365395,0.12820896677379992,0.05529895621223051,0.05555555555555555,0.8888888888888888,0.45697592465721537,79.84693380033885,0.0,0.0,0.0
10,1092064,1100064,0,85.125,85.0,0.5994789404140899,84.0,86.0,2.0,0.25,0.007042337038638354,-1.9548872180448849,0.0,0.9258200997725514,0.0,704.8807895251124,4.966535762243044,0.09440816550029163,0.02452013945299323,0.18563137311542716,0.20386216092800466,0.125,0.875,0.5693367129076934,77.78176614854333,0.0,0.0,0.0
10,3519081,3525107,1,82.14285714285714,82.0,0.832993127835043,81.0,83.0,2.0,1.5,0.010140785904078785,-2.134471351111873,1.0,1.35400640077266,0.0,730.5101163461434,7.428947687277787,0.03194313049042547,0.015587205096364597,0.04603731240066088,0.07596473530194509,0.0,0.8571428571428571,-0.12291631673461631,79.60017826158617,0.0,0.0,0.0
10,3519081,3535637,1,81.8125,82.0,1.0135796712641785,80.0,83.0,3.0,2.0,0.012389056333251991,-3.6352452405243567,1.0,1.1832159566199232,0.0,733.4973362283823,9.127486251329671,0.05337127745219967,0.031402674129063016,0.05578607076740125,0.11629662471727387,0.0625,0.625,0.21621355532708378,77.66729713561277,0.0,0.0,0.0
10,3519081,3541637,1,82.04545454545455,82.0,1.0214638661020106,80.0,84.0,4.0,1.75,0.012449975099304284,1.3280098177015678,3.0,1.0465362369445672,0.0,731.415826258612,9.148573356549578,0.06468293410046745,0.03491281655508617,0.06794759669187357,0.1373147027370396,0.09090909090909091,0.5454545454545454,0.15563715696523311,77.0609276411229,0.0,0.0,0.0
10,3519081,3541637,1,82.04545454545455,82.0,1.0214638661020106,80.0,84.0,4.0,1.75,0.012449975099304284,1.3280098177015678,3.0,1.0465362369445672,0.0,731.415826258612,9.148573356549578,0.06468293410046745,0.03491281655508617,0.06794759669187357,0.1373147027370396,0.09090909090909091,0.5454545454545454,0.15563715696523311,77.0609276411229,0.0,0.0,0.0
10,3521090,3541637,1,82.05,82.0,1.023474474522936,80.0,84.0,4.0,1.25,0.01247379006121799,1.621422672194371,1.0,1.0,0.0,731.3757935341831,9.169709884196248,0.06987269377740644,0.05191156867605412,0.06914499765209851,0.14899639310393234,0.1,0.5,0.15921681145745137,76.69136755916776,0.0,0.0,0.0
10,3531637,3541637,1,82.0,82.0,1.2060453783110545,80.0,84.0,4.0,1.5,0.014707870467207982,19.6363636363636,4.0,0.8944271909999159,0.0,731.8664020103926,10.817634941096246,0.07951673443548164,0.07903432566023565,0.0688861549291715,0.09002402719256683,0.09090909090909091,0.36363636363636365,0.14750981335206625,75.95991556618227,0.0,0.0,0.0
10,4745461,4755516,0,74.0909090909091,74.0,0.668042657122685,73.0,75.0,2.0,0.5,0.009016526660551576,1.6362184940563422,0.0,0.6324555320336759,0.0,809.8818619366565,7.310386558002531,0.013673475708422821,0.010009979468740217,0.015981386272286433,0.023780371573074797,0.0,0.9090909090909091,0.3220368724358776,73.09149431884799,0.0,0.0,0.0
10,4745461,4765555,0,76.14285714285714,75.0,2.3961420238874522,73.0,80.0,7.0,5.0,0.03146903220865322,20.700564393401173,4.0,0.7745966692414834,0.0,788.7673359557729,24.626246753532353,0.009814506196880277,0.006362322151451718,0.012426720003883411,0.01789504771193693,0.0,0.9523809523809523,-0.2795675786718983,75.4028157405097,0.0,0.0,0.0
10,4745461,4775555,0,76.93548387096774,78.0,2.299165120155543,73.0,80.0,7.0,4.5,0.029884326509359262,12.377318210342676,3.0,0.6582805886043833,0.0,780.5806179777666,23.64126673709458,0.008533813767593754,0.006275768832020679,0.010511034732759633,0.017223531435846706,0.0,0.967741935483871,-0.3252090206494905,76.28448627176792,0.0,0.0,0.0
10,4745461,4785555,0,76.78048780487805,77.0,2.0304054037334063,73.0,80.0,7.0,4.0,0.026444288930454148,4.224374438382426,1.0,0.6123724356957945,0.0,781.9994459621166,20.837824524594055,0.008107649190509686,0.006275768832020679,0.009321985288920547,0.012541487158353588,0.0,0.975609756097561,-0.30178971608225474,76.16298504086468,0.0,0.0,0.0
10,4751488,4795555,0,77.24444444444444,77.0,1.6076975331276373,73.0,80.0,7.0,3.0,0.020813115359822693,0.5744210319370009,5.0,0.5838742081211422,0.0,777.0957088935968,16.380304169052366,0.007415078520524422,0.006218468877165581,0.008554235139117175,0.01163494246459809,0.0,0.9777777777777777,-0.25827040428914666,76.67588672375695,0.0,0.0,0.0
10,4761544,4805555,0,77.6,77.0,1.0832051206181281,76.0,79.0,3.0,2.0,0.01395882887394495,-2.292452265803356,2.0,0.4264014327112209,0.0,773.346573479818,10.79656368742894,0.006037669209166176,0.006218468877165581,0.003102293117949649,0.010057767584390306,0.0,1.0,-0.2534108584460205,77.13428868026423,0.0,0.0,0.0
10,4771555,4815555,0,77.26666666666667,77.0,0.8273115763993906,76.0,79.0,3.0,1.0,0.010707224888689266,0.6640316205534278,1.0,0.5,0.0,776.6203742219731,8.301756591740617,0.006162218042301064,0.006218468877165581,0.0030269305536436927,0.010057767584390306,0.0,1.0,-0.18750053826798732,76.79344869160872,0.0,0.0,0.0
10,4781555,4825555,0,77.53333333333333,77.0,0.9333333333333332,76.0,79.0,3.0,1.0,0.012037833190025795,3.0909090909091463,3.0,0.45226701686664544,0.0,773.9727886296841,9.311693662370718,0.005790654286889696,0.005585920633875295,0.0031100647244848545,0.010046240353741926,0.0,1.0,-0.3419060612896241,77.0869494589854,0.0,0.0,0.0
10,4791555,4834555,0,78.02272727272727,78.0,0.7830196898614642,77.0,79.0,2.0,2.0,0.010035789791408222,2.0507399577166048,1.0,0.457495710997814,0.0,769.0841954363244,7.72218436867579,0.005162433727466724,0.005052675796982863,0.002636753265300959,0.007997607487713049,0.0,1.0,-0.20138357035327928,77.62200879652238,0.0,0.0,0.0
10,4801555,4834555,0,78.05882352941177,78.0,0.8022459821756386,77.0,79.0,2.0,2.0,0.010277454180094842,3.8502673796790288,1.0,0.3892494720807615,0.0,768.7323845179393,7.9099543338243326,0.00507513903574701,0.0050111446603763165,0.0025770670847237837,0.007952651101327477,0.0,1.0,-0.22561645937629374,77.66466455861216,0.0,0.0,0.0
10,4811555,4834555,0,78.41666666666667,78.5,0.6400954789890507,77.0,79.0,2.0,1.0,0.00816274787233646,3.0260869565218145,1.0,0.3611575592573076,0.0,765.1947208909233,6.279534020842421,0.0048258702685528895,0.004753358639107372,0.002687192236447468,0.007952651101327477,0.0,1.0,-0.23254268443084442,78.0400554831543,0.0,0.0,0.0
10,4821555,4834555,0,78.78571428571429,79.0,0.410325903324145,78.0,79.0,1.0,0.0,0.005208125699490507,-4.351648351647987,1.0,0.2773500981126146,0.0,761.5801919599388,3.9953836740423236,0.004865136760716799,0.004657454526817454,0.0024918055761466206,0.0077457995921086705,0.0,1.0,-0.6032384599680194,78.40426680508382,0.0,0.0,0.0
10,4831555,4834555,0,78.25,78.0,0.4330127018922193,78.0,79.0,1.0,0.25,0.0055337086503797995,-18.00000000000056,1.0,0.5773502691896257,0.0,766.7964946445959,4.216287262825912,0.0065691140074404086,0.006519525595493201,0.0027308868493920867,0.009529358256472085,0.0,1.0,-0.7448200204125865,77.7393215339822,0.0,0.0,0.0
10,5446866,5455923,0,76.3,76.0,0.45825756949558405,76.0,77.0,1.0,0.75,0.006005996978972268,2.5237526222373825,1.0,0.7453559924999299,0.0,786.3978127136022,4.69847132087065,0.011963884638647889,0.009619647808635272,0.010475158848815998,0.018950268949612586,0.0,1.0,-0.30204300341263896,75.3979476522971,0.0,0.0,0.0
10,5446866,5465957,0,76.7,76.5,0.7810249675906654,76.0,78.0,2.0,1.0,0.010182854857766172,5.385477998421947,2.0,0.7254762501100116,0.0,782.3492297176508,7.920472698842817,0.008531683472113714,0.0069628532831573576,0.008475696937999103,0.014693733306829613,0.0,1.0,-0.28906665666340725,76.05115561262463,0.0,0.0,0.0
10,5446866,5475881,0,77.57142857142857,77.0,1.6130842558051737,76.0,81.0,5.0,2.25,0.020794824660471854,9.83240332567454,5.0,0.693888666488711,0.0,773.8101495299078,15.847296600455797,0.007582494545484472,0.006468933731885658,0.007404594010395911,0.01284194731587991,0.0,1.0,-0.29608168634128973,76.98766998370755,0.0,0.0,0.0
10,5446866,5485881,0,78.44736842105263,78.0,2.1113399140562326,76.0,83.0,7.0,3.75,0.026914094845399812,9.999120999964354,7.0,0.677834389404565,0.0,765.3925099258277,20.38604759310892,0.007706386447043382,0.0063631431417288595,0.007327555468531025,0.015118771745899068,0.0,1.0,-0.2135268907304419,77.84744591888638,0.0,0.0,0.0
10,5451904,5495881,0,79.69767441860465,80.0,2.4545627538527928,76.0,83.0,7.0,4.5,0.030798423815485875,10.61176324041514,6.0,0.6172133998483676,0.0,753.5619250277558,23.28369680800756,0.006741391877666668,0.0050437377925143575,0.00694174190956003,0.012105463720869564,0.0,1.0,-0.27714553287245625,79.16399887955441,0.0,0.0,0.0
10,5461938,5505881,0,81.0,82.0,1.7914525741926286,77.0,83.0,6.0,2.0,0.022116698446822576,6.952889266567797,4.0,0.5345224838248488,0.0,741.1089531153681,16.652424457296867,0.005723324944898208,0.0050437377925143575,0.00424950396902408,0.008614713976412166,0.0,1.0,-0.15127982690269628,80.53904885266317,0.0,0.0,0.0
10,5471881,5515881,0,81.71111111111111,82.0,1.0877545111573703,80.0,83.0,3.0,2.0,0.013312198260016771,2.055335968379478,0.0,0.5222329678670935,0.0,734.4252045822557,9.836931191620952,0.005951502110975685,0.005073682115509142,0.004207991954707324,0.008807393884425389,0.0,1.0,-0.37702246297534003,81.22768437607722,0.0,0.0,0.0
10,5481881,5525881,0,82.02222222222223,82.0,1.0217390162286801,80.0,84.0,4.0,1.0,0.012456856063476187,-1.1778656126482376,1.0,0.7229988054812212,0.0,731.623582124774,9.193117139799657,0.005439122302009681,0.0050437377925143575,0.0031636235335306536,0.009328902934164017,0.0,1.0,-0.24093073121396688,81.578506746811,0.0,0.0,0.0
10,5491881,5535881,0,81.68888888888888,82.0,0.9848231024960149,80.0,84.0,4.0,1.0,0.012055777914124231,-2.1264822134387886,3.0,0.6908492797077574,0.0,734.6008631247148,8.86372251643257,0.005943141463247112,0.005419486915632864,0.003401567024541383,0.010558836041977809,0.0,1.0,-0.32967615488151536,81.20626854721037,0.0,0.0,0.0
10,5501881,5535881,0,81.51428571428572,81.0,1.0245954901166348,80.0,84.0,4.0,1.0,0.012569520558738946,-2.1512605042017485,2.0,0.7276068751089989,0.0,736.1832263515653,9.224012497986868,0.006514471036232546,0.0057345361426998824,0.0034208919526286003,0.011261643056384458,0.0,1.0,-0.2225206314976858,80.98670020150297,0.0,0.0,0.0
10,5511881,5535881,0,81.28,81.0,1.1142710621747296,80.0,84.0,4.0,1.0,0.01370904357990563,-1.384615384615379,3.0,0.8416254115301732,0.0,738.3262200952475,10.012195708031584,0.006865591921465256,0.0066340302125975975,0.003887000053823923,0.011840070247225155,0.0,1.0,-0.17202381196362923,80.72576980695928,0.0,0.0,0.0
10,5521881,5535881,0,81.46666666666667,81.0,1.0241527663824812,80.0,84.0,4.0,0.5,0.012571433302567282,-11.571428571428493,4.0,0.5345224838248488,0.0,736.6122380864275,9.124045507524404,0.006912484863560593,0.005419486915632864,0.003457745267359669,0.010558836041977807,0.0,1.0,-0.16724528406140396,80.90739551978604,0.0,0.0,0.0
10,5531881,5535881,0,80.8,81.0,0.4,80.0,81.0,1.0,0.0,0.0049504950495049506,-11.999999999999353,1.0,0.5,0.0,742.5925925925926,3.703703703703695,0.005858206851860649,0.005378578371827494,0.0013703669223659126,0.007293571517453594,0.0,1.0,-0.9795750161222953,80.32941367838335,0.0,0.0,0.0
10,7207857,7215881,0,75.88888888888889,77.0,1.3698697784375502,74.0,77.0,3.0,3.0,0.01805099268804971,-27.912294606266222,3.0,0.7905694150420949,0.0,790.8900014163172,14.42750316608615,0.020640553279146278,0.009141452109899565,0.033918516242057016,0.04898873436549679,0.0,0.8888888888888888,0.32936242508162333,74.35417752613363,0.0,0.0,0.0
10,7207857,7225872,0,77.78947368421052,77.0,3.44244324753007,74.0,84.0,10.0,5.0,0.04425332997501444,25.43179525360407,7.0,1.130388330520878,0.0,772.7810775966092,33.20554671300391,0.013619825294485017,0.005728983879840767,0.024646518804284544,0.023560036245852404,0.0,0.9473684210526315,-0.08362342078391806,76.74423067012377,0.0,0.0,0.0
10,7207857,7235193,0,79.78571428571429,80.0,4.056363104143053,74.0,84.0,10.0,7.25,0.05084071929991292,25.014294677321228,7.0,0.9229582069908973,0.0,753.9789965323929,38.65895526074896,0.011087453814486467,0.005353418605873371,0.02078277486002061,0.016347015856612176,0.0,0.9642857142857143,-0.18370251739984117,78.91079449627243,0.0,0.0,0.0
10,7207857,7245193,0,80.73684210526316,83.0,3.836694098654231,74.0,84.0,10.0,7.0,0.04752098296898982,16.44881615245066,6.0,0.8053872662568292,0.0,744.892214674743,36.56629400849781,0.010318001779904976,0.006247804912319271,0.017978627946708573,0.014561062107804373,0.0,0.9736842105263158,-0.19668673620181856,79.91230678165375,0.0,0.0,0.0
10,7211874,7255193,0,81.47727272727273,83.0,3.4144654603854603,74.0,84.0,10.0,2.25,0.04190696799357329,10.05210667400771,5.0,0.7624928516630234,0.0,737.7730785783696,32.73693463919083,0.009920460229681955,0.0072495107080279685,0.011124700343473825,0.020848089156792336,0.0,0.9772727272727273,-0.0859953333304529,80.67692054554743,0.0,0.0,0.0
10,7221873,7265193,0,83.3409090909091,83.5,0.9279298028451638,81.0,85.0,4.0,1.0,0.011134145439102046,-0.25109528461485636,4.0,0.5282705437953743,0.0,720.0242106596361,8.053330451333862,0.01168131804308169,0.0072495107080279685,0.013274874884978185,0.02722221985609542,0.0,0.9545454545454546,-0.23420139571370927,82.3786182511676,0.0,0.0,0.0
10,7231193,7275193,0,83.77777777777777,84.0,1.4124665406285069,82.0,87.0,5.0,1.0,0.016859680193178465,2.3399209486166184,2.0,0.6030226891555273,0.0,716.3814444554225,11.928383111288964,0.014237240847919067,0.01103327873901079,0.01366003365277875,0.02805648080222853,0.0,0.9555555555555556,0.052083424949377934,82.60175667355517,0.0,0.0,0.0
10,7241193,7285193,0,82.73333333333333,83.0,2.4166091947189146,78.0,87.0,9.0,2.0,0.029209619597730635,-3.8735177865612256,5.0,0.7833494518006403,0.0,725.8461403103845,21.39520177501618,0.026908188168042496,0.015253049157033937,0.04352375717072544,0.05268931107899205,0.044444444444444446,0.8666666666666667,-0.3802946569064689,80.56546270307362,0.0,0.0,0.0
11,404049,448494,0,62.97727272727273,63.0,1.21521858048135,60.0,65.0,5.0,2.0,0.01929614490840108,-4.343339277333789,1.0,0.7624928516630234,0.0,953.080452840831,18.44410348751706,0.01333441747467972,0.00927717268222849,0.012674299751123767,0.0303606502890567,0.0,0.9772727272727273,0.31160407788092925,62.14855791064291,0.0,0.0,0.0
11,415040,458494,0,62.55813953488372,62.0,1.0184878344399155,60.0,65.0,5.0,1.0,0.01628066055052653,-2.805183987483969,3.0,0.7400128699009549,0.0,959.3609924053703,15.556042655982388,0.008886975484934685,0.006748995536706389,0.007689622036128938,0.01776783831300446,0.0,1.0,0.19838058790293084,62.00708409860711,0.0,0.0,0.0
11,424494,468494,0,62.13333333333333,62.0,0.7180219742846005,60.0,64.0,4.0,1.0,0.011556147654795072,-1.0592885375494088,2.0,0.674199862463242,0.0,965.7945671364497,11.193743680537045,0.007668459525715081,0.006484214667690888,0.005917637821994471,0.014019426003606983,0.0,1.0,0.28452198927114986,61.66049234346183,0.0,0.0,0.0
11,434494,478494,0,61.71111111111111,62.0,0.6539528430916517,60.0,63.0,3.0,1.0,0.010597003218986075,-0.9565217391303881,1.0,0.543557306504609,0.0,972.3815679394736,10.318308250164131,0.006067843340155325,0.006034531003141345,0.0032494311449551955,0.010146630568373761,0.0,1.0,-0.22735196510992517,61.33891617709359,0.0,0.0,0.0
11,444494,488494,0,61.93333333333333,62.0,0.7717224601860151,61.0,64.0,3.0,1.0,0.012460534879214454,-0.18181818181814116,1.0,0.3988620176087328,0.0,968.9333559970792,12.016602718669345,0.006116814081098148,0.006109504575500965,0.0032237470672701884,0.010146630568373761,0.0,1.0,-0.15544506169518826,61.55680182116625,0.0,0.0,0.0
11,454494,492494,0,62.05128205128205,62.0,1.0364811759696275,61.0,65.0,4.0,2.0,0.016703622257361765,2.465587044534434,2.0,0.512989176042577,0.0,967.2082689691405,15.934888286432269,0.0058936102753618415,0.0059344335769643325,0.0031986431771096687,0.010270528824213117,0.0,1.0,-0.06779792732297099,61.68771867861413,0.0,0.0,0.0
11,464494,492494,0,62.03448275862069,62.0,1.188530202732006,61.0,65.0,4.0,2.0,0.019159186147430892,6.413793103448201,3.0,0.5669467095138409,0.0,967.5539351055409,18.267201000452786,0.006253640387133352,0.006109504575500965,0.0031602391671051904,0.01051034447440668,0.0,1.0,-0.05742804680852341,61.64895238019146,0.0,0.0,0.0
11,474494,492494,0,62.421052631578945,63.0,1.2697197980857704,61.0,65.0,4.0,2.0,0.020341210930547755,12.73684210526326,4.0,0.6666666666666666,0.0,961.6101268405118,19.469094614733418,0.00646831494024468,0.0061645635783979785,0.0028240726624841933,0.01051034447440668,0.0,1.0,-0.25887426574805816,62.01988846045786,0.0,0.0,0.0
11,484494,492494,0,63.55555555555556,63.0,0.6849348892187752,63.0,65.0,2.0,1.0,0.010776947557638071,8.999999999999519,2.0,0.8660254037844386,0.0,944.1646316646317,10.0856500353663,0.005183770996715187,0.004037095812085133,0.0029228287770691015,0.009171084572535345,0.0,1.0,0.27529987178815324,63.22779713458312,0.0,0.0,0.0
11,990101,998096,0,68.0,68.0,1.0540925533894598,67.0,70.0,3.0,2.0,0.015501361079256763,-23.015208676402974,3.0,0.6123724356957945,0.0,882.5631918352459,13.564412478486105,0.013731380181602124,0.013894729443243997,0.0024709233701687866,0.01577588302352776,0.0,1.0,-0.026802797715007008,67.07891393064929,0.0,0.0,0.0
11,990101,1008088,0,68.0,68.0,0.8583950752789521,67.0,70.0,3.0,1.5,0.012623456989396355,-2.631851152447928,2.0,0.816496580927726,0.0,882.492714972529,11.073644969021787,0.011883942765199149,0.012879223272315325,0.003762934296045568,0.015731439549203936,0.0,1.0,-0.18880196842235564,67.20138261525803,0.0,0.0,0.0
11,990101,1018520,0,68.0,68.0,0.7337993857053428,67.0,70.0,3.0,0.0,0.010791167436843276,-0.8667767100487554,2.0,0.6928203230275509,0.0,882.4550835658979,9.466513010252854,0.011561195431308053,0.012701962124102358,0.003819151539788918,0.015335070363307415,0.0,1.0,-0.1590216987737329,67.22282379664263,0.0,0.0,0.0
11,990101,1028520,0,67.88888888888889,68.0,0.6983225049986963,67.0,70.0,3.0,1.0,0.010286256211110094,-1.159485906288461,3.0,0.6546536707079771,0.0,883.8899825558603,9.035340035777795,0.010555407594044726,0.011098261739697158,0.003908068368757482,0.015231729604530899,0.0,1.0,-0.0678824841686649,67.17977894009832,0.0,0.0,0.0
11,994097,1038520,0,67.0952380952381,68.0,1.492991943484846,63.0,69.0,6.0,1.0,0.022251831663010476,-4.122601600296298,5.0,0.6439209162167846,0.0,894.7111408446608,20.674353444035432,0.01021743255679865,0.01038910949565169,0.0035099778051297863,0.015043418155482744,0.0,1.0,-0.12729172183628962,66.4166306509126,0.0,0.0,0.0
11,1004098,1048520,0,66.02380952380952,67.0,2.1323818031007042,63.0,69.0,6.0,4.75,0.03229716398493674,-8.391238671524244,4.0,0.5843487097907776,0.0,909.7260966431168,29.822017465672626,0.009460601408270241,0.009598155250214017,0.003068379103538908,0.01412374191102748,0.0,1.0,-0.2176597596499115,65.40503852423913,0.0,0.0,0.0
11,1016520,1058520,0,65.53488372093024,66.0,1.9089609643005707,63.0,68.0,5.0,3.5,0.029128928837801465,-5.182724252491741,1.0,0.511766315719159,0.0,916.3231073056096,26.78874075523887,0.009980668491618043,0.009868377667846198,0.0028706239717401637,0.01423884893919315,0.0,1.0,-0.18615256198818086,64.88726543529296,0.0,0.0,0.0
11,1024520,1068520,0,65.5111111111111,66.0,1.7965673716806876,63.0,68.0,5.0,3.0,0.027423857437459617,2.134387351778669,0.0,0.5640760748177662,0.0,916.5692483954117,25.313930981753185,0.009674696974871682,0.009690048177444321,0.0027690325711854542,0.012833072833392028,0.0,1.0,-0.2976475448152508,64.88338403189826,0.0,0.0,0.0
11,1034520,1078520,0,65.26666666666667,65.0,1.70489491367259,63.0,68.0,5.0,3.0,0.026121985398456435,5.1067193675889655,1.0,0.543557306504609,0.0,919.9332302822204,24.03930908312985,0.010030552127543542,0.01010905464103586,0.0028105937769600637,0.013745880034643885,0.0,1.0,-0.3116857106162213,64.61850736018627,0.0,0.0,0.0
11,1044520,1079520,0,65.77777777777777,66.0,1.4927809825049334,63.0,68.0,5.0,2.0,0.02269430547727095,2.8416988416988684,1.0,0.560611910581388,0.0,912.6353005715383,20.8532604591301,0.00972146125148333,0.010070362090906834,0.003052534578390479,0.013287712491757926,0.0,1.0,-0.2646170505435645,65.14447825665758,0.0,0.0,0.0
11,1054520,1079520,0,66.42307692307692,67.0,1.1493502151910722,64.0,68.0,4.0,1.0,0.01730347747247706,-5.764102564102566,2.0,0.565685424949238,0.0,903.5738565817245,15.799258464591379,0.009208151001969613,0.009360774931926018,0.0030062576039195012,0.012677236828257818,0.0,1.0,-0.17802923166418375,65.81702382915779,0.0,0.0,0.0
11,1064520,1079520,0,66.0625,66.5,1.197327753791751,64.0,68.0,4.0,2.0,0.01812416656638412,-14.20588235294117,3.0,0.5773502691896257,0.0,908.5311980052431,16.57412721392334,0.009396787995646574,0.010328689858129585,0.0036372603267896446,0.013200498773436918,0.0,1.0,-0.17803823060983176,65.44750368304612,0.0,0.0,0.0
11,1074520,1079520,0,64.66666666666667,65.0,0.4714045207910317,64.0,65.0,1.0,0.75,0.007289760630789149,-13.714285714286305,1.0,0.4472135954999579,0.0,927.8846153846154,6.799103665255256,0.01014205960867594,0.010328689858129585,0.0036502290808398223,0.01369954386268174,0.0,1.0,0.392471506294607,64.01739839614066,0.0,0.0,0.0
11,2293868,2298864,0,63.166666666666664,63.0,0.37267799624996495,63.0,64.0,1.0,0.0,0.0058999155079150125,5.147939348174678,0.0,0.6324555320336759,0.0,949.9007936507936,5.545803515624488,0.008681829364781258,0.009677830725529394,0.0032413663799525996,0.011989221029075172,0.0,1.0,-0.7027708519417015,62.62298460005566,0.0,0.0,0.0
11,2293868,2308277,0,63.166666666666664,63.0,0.6871842709362768,62.0,64.0,2.0,1.0,0.010878906663898841,-1.3969853356332347,1.0,0.674199862463242,0.0,949.9807987711214,10.36243910566576,0.007911733267357538,0.00806043217584706,0.002962399919429574,0.011867638668281751,0.0,1.0,-0.7127902884008879,62.670831762121324,0.0,0.0,0.0
11,2293868,2318277,0,62.95454545454545,63.0,1.2239010925305691,61.0,65.0,4.0,2.0,0.019441028184601097,0.05496540340192405,2.0,0.7559289460184544,0.0,953.4305703991054,18.622938456978094,0.007623730722468164,0.00677274666074704,0.003236307614945995,0.011995807431188908,0.0,1.0,-0.09061006582815338,62.478228266226836,0.0,0.0,0.0
11,2293868,2328277,0,63.71875,64.0,1.5659337270459437,61.0,67.0,6.0,2.0,0.024575713224850516,5.441298059640926,4.0,0.672021505032247,0.0,942.2098505175095,23.275345534393843,0.013016607538656222,0.008989040458178466,0.02368633454960772,0.015576441951408474,0.0,0.96875,0.3229498762082396,62.90000531661425,0.0,0.0,0.0
11,2294867,2338277,0,64.5609756097561,65.0,2.0248309834650984,61.0,68.0,7.0,3.0,0.03136307907898339,7.683307553831895,5.0,0.689202437604511,0.0,930.2728499070508,29.313688293441462,0.011168692055748088,0.007109956194870999,0.02126428987647482,0.013880217719478392,0.0,0.975609756097561,0.0992421326390175,63.84787831840496,0.0,0.0,0.0
11,2304277,2348277,0,66.22222222222223,66.0,3.4697991545389923,61.0,76.0,15.0,4.0,0.05239629595780357,14.624505928853777,12.0,0.7977240352174656,0.0,908.4587597183062,46.26493488523102,0.012862101510313115,0.007291426718881317,0.021622240780399794,0.02406011513770956,0.0,0.9555555555555556,0.061565893778619714,65.38128154215269,0.0,0.0,0.0
11,2314277,2358277,0,69.97777777777777,68.0,5.523641668677524,63.0,80.0,17.0,9.0,0.0789342251795772,23.802371541501973,17.0,0.8918825850158447,0.0,862.5007502983827,64.52888354427762,0.013083249400080647,0.008394257059137022,0.021576447896225304,0.02406011513770956,0.0,0.9555555555555556,-0.12183833997412619,69.07406456400957,0.0,0.0,0.0
11,2324277,2368277,0,72.6,72.0,5.259488779550938,65.0,80.0,15.0,11.0,0.07244474902962725,20.347826086956577,7.0,1.0335288182638247,0.0,830.7923362015609,60.05839277357933,0.01252837631374581,0.0063511487972558785,0.02172294555019992,0.02406011513770956,0.0,0.9555555555555556,-0.26944565962355116,71.70169419281923,0.0,0.0,0.0
11,2334277,2378277,0,72.6,72.0,5.364078050637716,63.0,80.0,17.0,10.0,0.07388537259831565,-1.7549407114624522,3.0,1.0975178606954215,0.0,831.0177572356623,61.98324509680641,0.008580777818701379,0.006239516639014144,0.009053203299861,0.012636708534504127,0.0,0.9777777777777777,-0.09139876418626237,71.98233557158898,0.0,0.0,0.0
11,2344277,2382277,0,72.64102564102564,74.0,6.2817896334836405,61.0,80.0,19.0,10.5,0.08647716050330462,-25.870445344129532,11.0,1.1355499479153377,0.0,832.4962884184264,75.53741917298018,0.006161370021745187,0.0055206004142654514,0.0035162927771156243,0.011723108149209491,0.0,1.0,0.2928504732108092,72.19619815005989,0.0,0.0,0.0
11,2354277,2382277,0,71.58620689655173,72.0,6.7696953600246035,61.0,80.0,19.0,13.0,0.09456703537606623,-47.64532019704446,18.0,1.0,0.0,845.84971930135,81.58869392609279,0.005908056255381422,0.005267990756227702,0.0035517140263940923,0.01172310814920949,0.0,1.0,0.3624866969114387,71.16575560895728,0.0,0.0,0.0
11,2364277,2382277,0,67.63157894736842,67.0,4.922670716248388,61.0,77.0,16.0,7.5,0.07278657090172713,-53.05263157894727,16.0,1.1547005383792515,0.0,891.7615020730848,63.354733793996644,0.004691283917188395,0.004635959986306252,0.0031126784079732717,0.00845598675449376,0.0,1.0,-0.09141827984572497,67.31578150422469,0.0,0.0,0.0
11,2374277,2382277,0,63.22222222222222,63.0,1.547598697464902,61.0,66.0,5.0,2.0,0.024478714019655744,-35.000000000000334,5.0,0.7905694150420949,0.0,949.5979053752718,23.067170337342688,0.005051221521383478,0.003432120872581539,0.0037711166315512064,0.009280625222251477,0.0,1.0,0.8056095340557561,62.90447777031741,0.0,0.0,0.0
11,2931266,2939038,0,67.25,67.5,0.82915619758885,66.0,68.0,2.0,1.25,0.012329460187194795,-18.327824149145375,2.0,0.5345224838248488,0.0,892.329794875888,11.070262197047011,0.016091027737159272,0.014059441397807484,0.007074456225693091,0.022804629003748463,0.0,1.0,-0.27001185341905154,66.18501508645947,0.0,0.0,0.0
11,2931266,2949038,0,67.38888888888889,68.0,0.7556372504853025,66.0,68.0,2.0,1.0,0.011213083684035816,-0.8609915221062715,0.0,0.7669649888473704,0.0,890.4674488519967,10.073932846545445,0.013150055013134647,0.011694100466998269,0.0071741951741995215,0.02244572976163589,0.0,1.0,-0.10675343076556268,66.51422319472236,0.0,0.0,0.0
11,2931266,2959038,0,67.42857142857143,68.0,0.9035079029052512,66.0,69.0,3.0,1.0,0.013399481610882962,-0.8106431389907393,2.0,0.769800358919501,0.0,889.9911212198876,11.98749508135708,0.010704244916100999,0.009224665277772173,0.007281616208879958,0.019496541076751358,0.0,1.0,0.028085500751603095,66.71444368393713,0.0,0.0,0.0
11,2931266,2969038,0,66.28947368421052,67.0,2.3831413891933537,59.0,69.0,10.0,2.0,0.03595052512479057,-8.933067888295128,9.0,0.8542421961772491,0.0,906.3627796198632,34.572189155470376,0.009326380258380687,0.008024548282557189,0.006993388306259065,0.01772590638703245,0.0,1.0,0.2862433744255784,65.67694551611825,0.0,0.0,0.0
11,2934264,2979038,0,64.28888888888889,66.0,4.145263547296265,55.0,69.0,14.0,8.0,0.06447869326938539,-16.45717858327551,13.0,0.917010954628728,0.0,937.4075614424574,63.98203739207052,0.0077005536174458685,0.006113496289585406,0.00650476494313052,0.014802132994326726,0.0,1.0,0.3620083907793842,63.797611957346334,0.0,0.0,0.0
11,2945038,2989038,0,61.733333333333334,61.0,4.963869458396342,55.0,69.0,14.0,9.0,0.08040825256581548,-21.762845849802336,10.0,0.9293203772845852,0.0,978.2542307536158,78.8479561278661,0.005743250410065152,0.004973055374381668,0.004578369560545083,0.009828461277102678,0.0,1.0,0.33251408476611605,61.38080798271647,0.0,0.0,0.0
11,2955038,2999038,0,59.333333333333336,57.0,3.9496835316262997,55.0,68.0,13.0,7.0,0.06656769997122977,-15.335968379446657,11.0,0.8660254037844386,0.0,1015.511593151559,64.30717777650689,0.004774601739518559,0.004594910493690349,0.0033275873024535135,0.009235959957735239,0.0,1.0,0.12253986623013391,59.051386480721504,0.0,0.0,0.0
11,2965038,3009038,0,57.333333333333336,57.0,1.849924923401548,55.0,63.0,8.0,2.0,0.03226613238491072,-4.482213438735178,6.0,0.7977240352174656,0.0,1047.5570398451273,32.431094198764505,0.004402256497302674,0.004170522219410482,0.003238207325261597,0.008279929458172994,0.0,1.0,0.28804916705218436,57.082043536296354,0.0,0.0,0.0
11,2975038,3019038,0,56.84444444444444,57.0,0.9417608933518709,55.0,58.0,3.0,2.0,0.01656733393308608,2.9802371541502457,1.0,0.5838742081211422,0.0,1055.804348907797,17.64171003487945,0.004077899580060339,0.00329491689012919,0.003066282619236873,0.008357476158350726,0.0,1.0,0.021392133699572335,56.61357995053843,0.0,0.0,0.0
12,551716,596352,0,73.92857142857143,74.0,1.6675167899898216,70.0,77.0,7.0,2.0,0.022555782666528988,-1.5073086539312284,1.0,0.7156780854205468,0.0,812.0120529221131,18.531366471345777,0.015348283110148384,0.012677077668636929,0.013601880066602252,0.02610373698358035,0.0,0.9523809523809523,0.20231003179963428,72.8110468676997,0.0,0.0,0.0
12,566352,606352,0,73.46341463414635,74.0,2.001189414318635,70.0,77.0,7.0,3.0,0.027240626157723782,-8.184668989546992,2.0,0.7745966692414834,0.0,817.3415598240065,22.343175554311177,0.016701942432063174,0.014213573872811787,0.011167735612574885,0.02634597515626854,0.0,0.975609756097561,0.052046524600610496,72.25658924031734,0.0,0.0,0.0
12,572352,616352,0,72.82222222222222,72.0,1.8413628876325867,70.0,76.0,6.0,4.0,0.025285727782565274,-6.339920948616622,2.0,0.7385489458759964,0.0,824.4462299677225,20.644722513225414,0.015318846956336679,0.01398699943511148,0.008806103441992246,0.023838049752041932,0.0,1.0,0.06835236574769894,71.723500888932,0.0,0.0,0.0
12,582352,626352,0,72.33333333333333,72.0,1.3824294235551815,70.0,76.0,6.0,2.0,0.019111927514587766,-1.1778656126481672,3.0,0.7229988054812212,0.0,829.7926145642874,15.676297002978906,0.013422892744780994,0.013277500281086181,0.00822714652842371,0.02304803746544544,0.0,1.0,-0.13964530959548913,71.37527072969887,0.0,0.0,0.0
12,592352,636352,0,71.91111111111111,72.0,0.938609425864128,70.0,74.0,4.0,1.0,0.013052356045700172,2.418972332015839,1.0,0.6908492797077574,0.0,834.5049991972625,10.849344868704796,0.012244981676766385,0.010806767081710533,0.007808827103935013,0.018665573572361788,0.0,1.0,-0.2561543910551405,71.04121276253856,0.0,0.0,0.0
12,602352,640352,0,72.12820512820512,72.0,0.8221138226605846,71.0,74.0,3.0,0.5,0.011397952038308852,0.7651821862348672,0.0,0.6882472016116853,0.0,831.9594992371377,9.42236330035034,0.012590229878181114,0.011689706050044962,0.008152083685305067,0.019614195262430037,0.0,1.0,-0.3846039619752177,71.23138560884837,0.0,0.0,0.0
12,612352,640352,0,72.37931034482759,72.0,0.7617490356680869,71.0,74.0,3.0,1.0,0.010524403065447604,-2.128078817734047,0.0,0.6546536707079771,0.0,829.0574000587505,8.668781738235575,0.010038252723957598,0.010391333777515239,0.0042562852634238585,0.014468640495707473,0.0,1.0,-0.3079233030849691,71.65996946118513,0.0,0.0,0.0
12,622352,640352,0,72.10526315789474,72.0,0.5520046569316588,71.0,73.0,2.0,0.0,0.0076555390377383336,-1.6842105263155887,1.0,0.7071067811865476,0.0,832.16554796213,6.369601530966744,0.009835370577938018,0.00997863185022907,0.003569658005856051,0.014468640495707473,0.0,1.0,-0.27078927481182874,71.40298830751813,0.0,0.0,0.0
12,632352,640352,0,72.0,72.0,0.6666666666666666,71.0,73.0,2.0,0.0,0.009259259259259259,-2.000000000000214,1.0,0.7905694150420949,0.0,833.4047920194939,7.717951628329097,0.010530316488429956,0.00997863185022907,0.003843083733504677,0.01491891624860921,0.0,1.0,-0.2252945761211885,71.24971792058487,0.0,0.0,0.0
12,1858332,1866329,0,73.77777777777777,74.0,0.6285393610547089,73.0,75.0,2.0,1.0,0.008519358809476477,10.003443939213868,1.0,0.6123724356957945,0.0,813.3119420790654,6.917521120605484,0.003064059452007854,0.003386606762702604,0.001215335338434877,0.004287232396951899,0.0,1.0,-0.3103843979069816,73.55240882430172,0.0,0.0,0.0
12,1858332,1876329,0,75.47368421052632,75.0,1.81712384227706,73.0,78.0,5.0,3.0,0.02407625732445198,18.319875120372057,3.0,0.6236095644623235,0.0,795.4389611430556,19.10386791228702,0.0033773293339825526,0.003386606762702604,0.001851826287051207,0.005317808134622624,0.0,1.0,0.08477042100340329,75.21964270472796,0.0,0.0,0.0
12,1858332,1885749,0,76.08,77.0,1.9579581200832668,73.0,79.0,6.0,4.0,0.025735516825489836,12.164579034057644,3.0,0.7359800721939872,0.0,789.1692280157322,20.430745514996033,0.003421640735361622,0.003386606762702604,0.0017916231761421018,0.005532274361996468,0.0,1.0,0.057922126697004195,75.82056925167018,0.0,0.0,0.0
12,1858332,1895749,0,75.62857142857143,75.0,1.8374783075215457,73.0,79.0,6.0,3.0,0.024296086423594293,1.4012773677088557,0.0,0.6859943405700354,0.0,793.816264270534,19.154797342590808,0.004187869199098766,0.0035592542117660717,0.003279081859440496,0.007623330293888776,0.0,1.0,-0.08865905382879283,75.31316972479446,0.0,0.0,0.0
12,1862332,1905749,0,75.85365853658537,76.0,1.7329092359347915,73.0,79.0,6.0,3.0,0.022845427226149982,-0.6676487323092027,4.0,0.7071067811865476,0.0,791.408098433307,18.006930333676237,0.004666144639021557,0.0041822196587924555,0.003264778177149239,0.008023803738573167,0.0,1.0,-0.05411944860767938,75.50135827841571,0.0,0.0,0.0
12,1872328,1915749,0,75.73170731707317,75.0,1.767241066608468,73.0,79.0,6.0,3.0,0.02333555031592502,-4.4290561962270845,4.0,0.7745966692414834,0.0,792.7003722280866,18.423542360140065,0.004988015375677302,0.004324960971125686,0.0031553932065542896,0.008023803738573167,0.0,1.0,-0.045646206559409375,75.35583127204129,0.0,0.0,0.0
12,1881749,1925749,0,75.11111111111111,75.0,1.636014428382752,73.0,79.0,6.0,2.0,0.021781257182610602,-3.2332015810276413,3.0,0.7537783614444091,0.0,799.1896996239307,17.135331781671905,0.004989405076476511,0.004324960971125686,0.0032954387375040274,0.009086905308063423,0.0,1.0,0.05184261892727788,74.73821189726412,0.0,0.0,0.0
12,1891749,1935749,0,75.02222222222223,75.0,1.4061592906272333,73.0,78.0,5.0,2.0,0.018743236989995703,1.6600790513834,2.0,0.674199862463242,0.0,800.0421441805722,14.893967723053171,0.00477362632618317,0.004324960971125686,0.0027935041285937286,0.008697914880647098,0.0,1.0,0.1745587777017166,74.6657956146109,0.0,0.0,0.0
12,1901749,1945749,0,75.26666666666667,75.0,1.3399834161494517,73.0,78.0,5.0,2.0,0.017803145475856312,-0.4189723320157819,0.0,0.674199862463242,0.0,797.4182080598808,14.189936085022719,0.004450652908564889,0.004159243945644752,0.0028443083699180687,0.008500109609924504,0.0,1.0,0.13424759037360615,74.93316515721175,0.0,0.0,0.0
12,1911749,1946749,0,74.91666666666667,75.0,1.1873172373979173,73.0,77.0,4.0,2.0,0.01584850594969411,3.7297297297297067,0.0,0.6324555320336759,0.0,801.0909564983106,12.689476461599469,0.004206109877159827,0.003576423673879963,0.003000856665363104,0.008622389008926035,0.0,1.0,-0.05423680504952143,74.6028787614436,0.0,0.0,0.0
12,1921749,1946749,0,75.42307692307692,75.0,0.9270746763995347,74.0,77.0,3.0,1.0,0.012291658126663897,0.5128205128205194,1.0,0.6,0.0,795.6323903692324,9.755167257874806,0.004482787332300818,0.0036692401516506285,0.0032527313895546173,0.009032112439739785,0.0,1.0,-0.21782671301244874,75.0864802008057,0.0,0.0,0.0
12,1931749,1946749,0,75.625,76.0,1.0532687216470449,74.0,77.0,3.0,1.25,0.013927520286241916,-7.411764705882324,2.0,0.6324555320336759,0.0,793.5427481480112,11.080963272506654,0.004560844648589192,0.004241824752512566,0.003001511259522697,0.008362583833548936,0.0,1.0,-0.17506554743536012,75.2816520799741,0.0,0.0,0.0
12,1941749,1946749,0,75.33333333333333,75.5,0.74535599249993,74.0,76.0,2.0,1.0,0.009894106095131815,13.714285714284975,1.0,0.7745966692414834,0.0,796.538643907065,7.930927716580205,0.003279466897816227,0.0024127408468276974,0.0026205486591760006,0.006438335702955346,0.0,1.0,-0.5757161261357315,75.08708771471949,0.0,0.0,0.0
12,2508761,2515767,0,72.875,73.0,0.33071891388307384,72.0,73.0,1.0,0.0,0.004538166914347497,4.992865298837802,1.0,0.3779644730092272,0.0,823.3447488584475,3.7753300671584076,0.006560430768596283,0.004953501635010675,0.00565649436311623,0.01459942580725329,0.0,1.0,-0.09816560504347364,72.40002465063485,0.0,0.0,0.0
12,2508761,2525767,0,73.44444444444444,73.0,0.6849348892187752,72.0,75.0,3.0,1.0,0.00932589107862175,6.435303892982798,2.0,0.48507125007266594,0.0,817.0149601656449,7.60694028182428,0.0045116195807301165,0.0024632228082352367,0.004659310788116609,0.010425197619209313,0.0,1.0,-0.1576112139097524,73.11457927694174,0.0,0.0,0.0
12,2508761,2535825,0,73.51851851851852,74.0,0.6307180135528296,72.0,75.0,3.0,1.0,0.008579035952607759,2.0580946665743407,1.0,0.4385290096535146,0.0,816.1810212038523,7.007575364875519,0.0039825151254359965,0.002243447601507729,0.004427189162569333,0.010677698621898463,0.0,1.0,-0.0882873460793695,73.22689131626284,0.0,0.0,0.0
12,2508761,2545825,0,73.27027027027027,73.0,0.7221832008587777,72.0,75.0,3.0,1.0,0.009856428783391654,-1.033145797309298,0.0,0.408248290463863,0.0,818.9656150041192,8.076057402194431,0.005470698958002772,0.0024204641068924985,0.008449763261857488,0.013274424786683482,0.0,1.0,-0.35341211175028536,72.87161162050998,0.0,0.0,0.0
12,2511762,2555825,0,73.3409090909091,73.0,0.7961036312789543,72.0,75.0,3.0,1.0,0.010854837240865816,-0.6275559967709867,2.0,0.4822428221704121,0.0,818.1935983305848,8.87190224514058,0.004668636495729458,0.0022425361806372238,0.007648656744288754,0.008883629977291623,0.0,1.0,-0.30368596185143687,73.00009816840824,0.0,0.0,0.0
12,2521772,2565825,0,73.45454545454545,73.5,0.8381404052084444,72.0,75.0,3.0,1.0,0.011410327298629811,0.053529693265210204,1.0,0.5498414147691576,0.0,816.9381710477602,9.33342599606643,0.00486915237291968,0.0022425361806372238,0.008355696984274604,0.008160280825200737,0.0,1.0,-0.19067321571154586,73.09861714939534,0.0,0.0,0.0
12,2531825,2575825,0,73.22222222222223,73.0,0.8916623398995057,72.0,75.0,3.0,1.0,0.012177482638991731,0.3873517786561968,0.0,0.6396021490668313,0.0,819.5444759828323,9.946095086704972,0.004909907276963649,0.0028310476268894667,0.00813841683540133,0.007965069293448807,0.0,1.0,-0.1344594492679342,72.86446445794809,0.0,0.0,0.0
12,2541825,2585825,0,73.13333333333334,73.0,0.9568466729604883,72.0,75.0,3.0,2.0,0.013083591699550888,-0.07114624505927879,1.0,0.7229988054812212,0.0,820.5591893263129,10.690891157334566,0.005031229856884242,0.0029232237191596116,0.008109202006421963,0.007911249880108195,0.0,1.0,-0.08291436640332742,72.767224699821,0.0,0.0,0.0
12,2551825,2595825,0,73.42222222222222,74.0,0.8816370855501056,72.0,75.0,3.0,1.0,0.012007769022322867,-0.9407114624505561,1.0,0.6908492797077574,0.0,817.3093641586794,9.834540451447866,0.004012929380427455,0.003005571577104445,0.004418229613612275,0.007317920282380557,0.0,1.0,0.19916319502116614,73.12876166597854,0.0,0.0,0.0
12,2561825,2597825,0,73.21621621621621,73.0,0.7758216267247203,72.0,74.0,2.0,1.0,0.010596308670658788,0.9246088193456409,0.0,0.6666666666666666,0.0,819.583003959161,8.72192246880909,0.003640716863971091,0.003344641504243773,0.002353175943876488,0.00727971397557984,0.0,1.0,0.04826127717973018,72.95062365045479,0.0,0.0,0.0
12,2571825,2597825,0,73.22222222222223,73.0,0.7856742013183863,72.0,74.0,2.0,1.0,0.010729996679613772,2.8205128205127687,1.0,0.6504436355879909,0.0,819.5181482852715,8.833425677480596,0.0036747693114577307,0.0032008761219251046,0.0023149696653421287,0.00727971397557984,0.0,1.0,0.1780258847767261,72.95413261454627,0.0,0.0,0.0
12,2581825,2597825,0,73.52941176470588,74.0,0.6056253024110001,72.0,74.0,2.0,1.0,0.008236504112789601,1.3235294117646061,1.0,0.5590169943749475,0.0,816.0557818092065,6.772744322547531,0.004305947442879576,0.004258141382715837,0.0022726296793389505,0.007430132172524014,0.0,1.0,-0.14231568659879087,73.21415545922366,0.0,0.0,0.0
12,2591825,2597825,0,73.42857142857143,73.0,0.4948716593053935,73.0,74.0,1.0,1.0,0.006739497305715475,3.7247466259650356e-13,1.0,0.7071067811865476,0.0,817.1576664727348,5.496538237379378,0.004016518846000338,0.004092605674453049,0.002581250384370329,0.006728411561754495,0.0,1.0,-0.4182563200098353,73.13482402955779,0.0,0.0,0.0
12,3161193,3166195,0,78.66666666666667,78.5,1.1055415967851334,77.0,80.0,3.0,1.75,0.014053494874387288,-37.70011843855958,3.0,0.7745966692414834,0.0,762.8626647613991,10.731106086140798,0.004262574438360515,0.004506139553284018,0.00336761346021253,0.007759954672116641,0.0,1.0,-0.38305781309537,78.33276741459918,0.0,0.0,0.0
12,3161193,3176195,0,77.75,77.5,1.299038105676658,76.0,80.0,4.0,2.0,0.016707885603558303,-4.593340125010761,1.0,0.6831300510639732,0.0,771.9186418178756,12.837474432448053,0.003855800980291285,0.0042887377753703035,0.0025302514609165123,0.005767911294487995,0.0,1.0,-0.17101239391802595,77.45136295877865,0.0,0.0,0.0
12,3161193,3186612,0,77.56521739130434,77.0,1.2096024124559615,76.0,80.0,4.0,1.0,0.015594649936371701,-3.9193388094073667,4.0,0.674199862463242,0.0,773.7295436365622,11.989237960303068,0.0038377892137664983,0.004247423055800963,0.002408855044533543,0.006202470403456472,0.0,1.0,-0.21867742764810755,77.26867649807801,0.0,0.0,0.0
12,3161193,3196612,0,77.03030303030303,77.0,1.3367724242492591,75.0,80.0,5.0,2.0,0.01735385129827913,-5.021106332350692,4.0,0.6614378277661477,0.0,779.1467390340869,13.399995359741046,0.003958263272770954,0.004176690638696955,0.002426606504357615,0.0066793172734135545,0.0,1.0,-0.15226232257162664,76.72659895162816,0.0,0.0,0.0
12,3162193,3206612,0,76.54761904761905,76.0,1.312982445615451,75.0,80.0,5.0,1.0,0.01715249229108832,-4.375358045582175,4.0,0.6625891564490792,0.0,784.053891446582,13.299234008264406,0.004114682269594806,0.004212056847248959,0.0024450212810897503,0.006773769270114087,0.0,1.0,-0.03441774688310341,76.23394060387494,0.0,0.0,0.0
12,3172200,3216612,0,76.0,76.0,1.2344267996967353,74.0,79.0,5.0,1.75,0.016242457890746517,-4.621397852000209,2.0,0.6246950475544243,0.0,789.6798097711775,12.693073450119574,0.005298788245750371,0.0041066724760980815,0.0066937816576798795,0.00819423810454197,0.0,1.0,-0.28395430279806855,75.5994147099493,0.0,0.0,0.0
12,3183612,3226612,0,75.43181818181819,75.0,0.7506883893142612,74.0,77.0,3.0,1.0,0.009951879822183637,-2.1099365750529167,3.0,0.5906244232186183,0.0,795.4990502837394,7.913025729329185,0.005495294025989722,0.004280662198025045,0.00652145501050783,0.008175953050993638,0.0,1.0,-0.25814760364945855,75.01956362201378,0.0,0.0,0.0
12,3192612,3236612,0,74.73333333333333,75.0,1.1234866364235145,72.0,76.0,4.0,1.0,0.015033273457941764,-3.620553359683765,4.0,0.6030226891555273,0.0,803.0388138679417,12.255996638112494,0.005976610269344616,0.004340858055547763,0.006656243916399775,0.009980372766400295,0.0,1.0,-0.16424515863003405,74.28933493128027,0.0,0.0,0.0
12,3202612,3246612,0,73.75555555555556,74.0,1.839753069850596,70.0,76.0,6.0,3.0,0.024943925321867073,-7.478260869565268,5.0,0.5838742081211422,0.0,814.0124921952148,20.629340548048855,0.006078012563337758,0.004340858055547763,0.006624574115805993,0.009980372766400295,0.0,1.0,0.06005041387856521,73.30997659678232,0.0,0.0,0.0
12,3212612,3249612,0,73.13157894736842,73.0,1.7647282872946306,70.0,76.0,6.0,3.0,0.0241308653894192,-8.449502133712741,3.0,0.6367145399670133,0.0,820.919232024577,19.90542751287615,0.006351943195990937,0.004406690063603666,0.007310777566463562,0.010740739665307374,0.0,1.0,0.1249001389360658,72.66998334113195,0.0,0.0,0.0
12,3222612,3249612,0,72.5,72.0,1.5923926292577109,70.0,75.0,5.0,3.0,0.0219640362656236,-10.541871921182247,3.0,0.6382847385042254,0.0,827.9839648600157,18.113570537638093,0.005426025615430358,0.004384591372736651,0.004005776313589112,0.009013765636574756,0.0,1.0,0.18381206783140272,72.1087361505508,0.0,0.0,0.0
12,3232612,3249612,0,71.5,72.0,0.8975274678557507,70.0,73.0,3.0,1.0,0.012552831718262247,-6.130030959752364,1.0,0.6416889479197478,0.0,839.293498178314,10.569034551747782,0.004790007729015258,0.003856178770024787,0.003779676650598459,0.008389906070791776,0.0,1.0,0.2157293620667796,71.1591471352321,0.0,0.0,0.0
12,3242612,3249612,0,70.875,71.0,0.7806247497997998,70.0,72.0,2.0,1.25,0.011014105817281126,16.428571428571644,2.0,0.7559289460184544,0.0,846.663313212609,9.303568886805,0.005033457843213211,0.0037178027069722777,0.004909496412681066,0.010796855772141291,0.0,1.0,0.4885410262242174,70.5200403497976,0.0,0.0,0.0
12,3812620,3816623,0,79.2,79.0,0.4,79.0,80.0,1.0,0.0,0.005050505050505051,-11.99280383836835,1.0,0.5,0.0,757.5949367088608,3.7974683544303844,0.01083733739484577,0.0012233665426857189,0.012456610419152563,0.026422433242354992,0.0,1.0,0.6930440884080477,78.35088502381218,0.0,0.0,0.0
12,3812620,3826637,0,78.4,78.0,0.7118052168020874,77.0,80.0,3.0,1.0,0.009079148173496013,-8.772472911270757,3.0,0.4629100498862757,0.0,765.3690191664876,6.928114232574644,0.004884650546562472,0.0017649973144185462,0.008412147017539675,0.016212035809877016,0.0,1.0,0.5977669860573349,78.0189049134722,0.0,0.0,0.0
12,3812620,3836111,0,77.83333333333333,78.0,1.0274023338281628,76.0,80.0,4.0,1.25,0.013200029984944277,-7.04332539543426,4.0,0.5897678246195885,0.0,771.0125414780646,10.198065847102681,0.004516843043693919,0.001796627892351353,0.006904670846554612,0.00804042046522629,0.0,1.0,0.3112618859208251,77.48335318848186,0.0,0.0,0.0
12,3812620,3846111,0,76.91176470588235,77.0,1.721279398635239,74.0,80.0,6.0,2.0,0.022379923347456265,-9.186514776404502,4.0,0.6030226891555273,0.0,780.5088946455486,17.616691263266745,0.004437322819323455,0.0018876225085385154,0.006072651980318272,0.008138249200980989,0.0,1.0,0.15943207557350145,76.57199006703686,0.0,0.0,0.0
12,3812620,3856111,0,76.68181818181819,77.0,1.6064179133702083,74.0,80.0,6.0,2.25,0.020949136985266497,-5.806857578897373,5.0,0.5906244232186183,0.0,782.798009032792,16.42208111370424,0.0041746714099620665,0.0020026757595186725,0.005516184809596505,0.008138249200980992,0.0,1.0,0.1644071656490564,76.36302763357816,0.0,0.0,0.0
12,3822635,3866111,0,76.18181818181819,76.0,1.1730443545967217,74.0,78.0,4.0,1.25,0.015397956921914008,-1.3865185413719654,1.0,0.6287677132370127,0.0,787.7771200737708,12.186669932671851,0.003652485604550808,0.0025991808259074865,0.0032456402521751594,0.008138249200980992,0.0,1.0,-0.18433549196256724,75.90457780406932,0.0,0.0,0.0
12,3832111,3876111,0,76.44444444444444,76.0,1.438449096238423,74.0,79.0,5.0,1.0,0.018816921317072396,3.841897233201655,1.0,0.621581560508061,0.0,785.1613937956374,14.760004751167484,0.0037353151423050192,0.0034693552497038252,0.002999404941742459,0.007381959483044695,0.0,1.0,-0.13774334027965543,76.15996298148232,0.0,0.0,0.0
12,3842111,3886111,0,76.35555555555555,76.0,1.416655773378598,74.0,79.0,5.0,2.0,0.018553407974981638,1.4071146245060322,0.0,0.6030226891555273,0.0,786.0671547013986,14.540812847663771,0.004029579060596787,0.00348532322370065,0.0031610367199797623,0.008179887782460527,0.0,1.0,-0.3362855025323044,76.04910965570987,0.0,0.0,0.0
12,3852111,3896111,0,76.33333333333333,76.0,1.3984117975602022,74.0,79.0,5.0,1.0,0.018319805208212258,-1.4940711462450176,0.0,0.5640760748177662,0.0,786.2889212389546,14.34442674710972,0.0035377882016184655,0.0026879948143306467,0.0030115871597141386,0.005848693804742463,0.0,1.0,-0.19676710502657932,76.0642341830753,0.0,0.0,0.0
12,3862111,3901111,0,76.575,76.5,1.4981238266578634,74.0,79.0,5.0,1.25,0.019564137468597628,-1.9305816135085232,3.0,0.5773502691896257,0.0,783.8457789756924,15.350058929198761,0.004211082604576732,0.003137313708183979,0.006413119368502659,0.005788408629697594,0.0,1.0,-0.07590872256312739,76.25388857628508,0.0,0.0,0.0
12,3872111,3901111,0,76.36666666666666,76.0,1.5595583420386114,74.0,79.0,5.0,1.75,0.020421977416481163,-2.015572858731948,0.0,0.5872202195147035,0.0,786.0102959503362,16.025175052189873,0.00438842191070588,0.002410455328232161,0.007342963266454256,0.005915286738113318,0.0,1.0,-0.07685621698397792,76.03300177573726,0.0,0.0,0.0
12,3882111,3901111,0,75.75,76.0,1.3738631664034087,74.0,79.0,5.0,1.5,0.018136807477272723,12.676691729323451,4.0,0.5619514869490163,0.0,792.3378310653461,14.262978430118949,0.005656251635759295,0.004230900486102066,0.008682929779535999,0.007136611311480666,0.0,1.0,0.08179811230725599,75.32394879143659,0.0,0.0,0.0
12,3892111,3901111,0,76.8,76.5,0.9797958971132712,76.0,79.0,3.0,1.0,0.01275775907699572,18.181818181818123,3.0,0.5773502691896257,0.0,781.3755198831815,9.839412245004416,0.006835812258746786,0.0034729180531574734,0.011799780852494527,0.010108005222664015,0.0,1.0,0.08857181761215757,76.2785739888473,0.0,0.0,0.0
12,4565126,4576126,1,87.0,87.0,1.0,85.0,88.0,3.0,0.75,0.011494252873563218,14.70967741935505,3.0,1.1832159566199232,0.0,689.7473723031532,8.021920241252499,0.23319396259421857,0.23086918369416948,0.18155274261284096,0.44944699431157775,0.6666666666666666,0.3333333333333333,0.11748806204375067,70.54851275543203,0.0,0.0,0.0
13,2252704,2296960,1,83.97619047619048,83.0,4.091152447009425,79.0,92.0,13.0,6.75,0.04871800475599542,-17.379762288860967,12.0,1.0359395405656244,0.0,716.1541935596684,34.22802684089286,0.07044683388972255,0.04715614726236735,0.07061802833711403,0.13634913298874574,0.09523809523809523,0.5238095238095238,-0.16608829372288228,78.44966028909914,0.0,0.0,0.0
13,2262960,2306960,1,82.04545454545455,81.5,2.540173092299612,79.0,88.0,9.0,4.0,0.030960558465701643,-8.57859035982216,7.0,1.0890576254854043,0.0,731.9909250889422,22.26354874699167,0.06328720598413046,0.04292766846224999,0.06019719420601734,0.1289470710783846,0.06818181818181818,0.5909090909090909,0.011512271955602556,77.16208196967534,0.0,0.0,0.0
13,2272960,2316960,1,81.0909090909091,81.0,1.742753592061892,79.0,86.0,7.0,2.0,0.02149135595592019,-2.756403817177352,1.0,1.1309596665849142,0.0,740.2446228604912,15.56211210503556,0.04909771291116863,0.034364153258367905,0.05455235037901202,0.11157243087732614,0.045454545454545456,0.6818181818181818,0.06537576892707427,77.2958591873085,0.0,0.0,0.0
13,2282960,2326960,1,80.61363636363636,81.0,1.3351184675204106,79.0,86.0,7.0,1.0,0.016561943211417556,1.2532352800726032,7.0,1.1910519095164538,0.0,744.4904933921362,12.054322915564873,0.07342467921732734,0.02985278922609678,0.13748584239347234,0.1308403505028875,0.09090909090909091,0.7272727272727273,0.046628862587354436,75.09948105759472,0.0,0.0,0.0
13,2292960,2336960,1,80.35555555555555,81.0,1.3191841848582961,78.0,83.0,5.0,2.0,0.01641683858369008,-0.727272727272723,2.0,0.9770084209183945,0.0,746.8832819652586,12.298482387829313,0.07253924242777508,0.026784767537591323,0.13667183965797827,0.14963206487650133,0.1111111111111111,0.7555555555555555,0.15222189305226436,74.92085359381777,0.0,0.0,0.0
14,1709849,1740996,1,103.28571428571429,103.0,1.5319721849662298,101.0,106.0,5.0,3.0,0.014832372468552709,6.55501285582047,0.0,0.769800358919501,0.0,581.0407280333742,8.621274327134413,0.04961289077094622,0.012702178027843028,0.10511964839763324,0.09322949670832638,0.07142857142857142,0.7857142857142857,0.09092640122787769,98.40362594046495,0.0,0.0,0.0
14,1719875,1740996,1,103.78947368421052,104.0,1.398455816377518,101.0,106.0,5.0,2.5,0.013473965776456818,11.227278676938457,4.0,0.6666666666666666,0.0,578.1989036653613,7.837683646050652,0.06390088795303737,0.02166672236333153,0.12342747509016078,0.12353783038777227,0.10526315789473684,0.7368421052631579,0.014119477297187705,97.55558516724538,0.0,0.0,0.0
14,1729996,1740996,1,104.75,105.0,0.5951190357119042,104.0,106.0,2.0,1.0,0.005681327309898846,1.0489510489511809,1.0,0.674199862463242,0.0,572.8108369617804,3.2518145538350036,0.05313816127604259,0.030347103286994262,0.06361311607559472,0.08915586759219152,0.08333333333333333,0.6666666666666666,-0.13699603272083324,99.4646323261887,0.0,0.0,0.0
14,5474602,5484602,1,104.81818181818181,105.0,1.2662171161076472,102.0,106.0,4.0,1.5,0.012080128601200451,-20.72727272727269,4.0,0.7745966692414834,0.0,572.5043519996269,7.001845059917612,0.038704114612350016,0.01169739865208209,0.06880734494976239,0.06761051389524136,0.09090909090909091,0.8181818181818182,0.14113573992823994,100.91245460917476,0.0,0.0,0.0
14,5474602,5493602,1,102.8,102.5,2.4819347291981715,99.0,106.0,7.0,4.0,0.024143333941616454,-24.18045112781969,7.0,0.8885233166386386,0.0,583.9983056910039,14.11423428777565,0.06907980111537429,0.01960227904174173,0.11385401573811725,0.2371782464132386,0.15,0.65,-0.22709777460020392,96.15746167194294,0.0,0.0,0.0
14,5474602,5493602,1,102.8,102.5,2.4819347291981715,99.0,106.0,7.0,4.0,0.024143333941616454,-24.18045112781969,7.0,0.8885233166386386,0.0,583.9983056910039,14.11423428777565,0.06907980111537429,0.01960227904174173,0.11385401573811725,0.2371782464132386,0.15,0.65,-0.22709777460020392,96.15746167194294,0.0,0.0,0.0
14,5474602,5514602,1,100.5925925925926,101.0,4.305545599351292,94.0,106.0,12.0,8.0,0.04280181560474406,-19.323519496572583,12.0,1.1435437497937313,0.0,597.5782729725573,26.016421452407783,0.052545975958533345,0.010435485674634848,0.101910690620398,0.13984439655990016,0.1111111111111111,0.7407407407407407,0.12933614695657514,95.57073504649985,0.0,0.0,0.0
14,5480602,5524602,1,97.48387096774194,95.0,3.9420885879142262,93.0,105.0,12.0,7.0,0.04043836738098644,-14.671722070364241,10.0,1.0645812948447542,0.0,616.475112916777,24.457531009182652,0.03542765707719373,0.0054479974271209606,0.08957833864824208,0.07503415381919944,0.06451612903225806,0.8387096774193549,0.2669302260997718,94.14841326811717,0.0,0.0,0.0
14,5490602,5534602,1,95.61290322580645,95.0,2.120216351632901,93.0,101.0,8.0,2.5,0.02217500232814438,-4.5906707148772,3.0,1.0165300454651272,0.0,627.8308271705581,13.553272250639594,0.033399098601638116,0.0058391175037808005,0.08936341440990357,0.07503415381919944,0.06451612903225806,0.8709677419354839,0.6998183573360516,92.52272752626425,0.0,0.0,0.0
14,5508602,5544602,1,95.16216216216216,95.0,1.1511102399484785,93.0,97.0,4.0,2.0,0.01209630186824587,4.167852062588844,1.0,0.6009252125773316,0.0,630.5947409697579,7.609608538231954,0.01755408748535485,0.007415272404822608,0.02494040283619863,0.053014044258584976,0.0,0.8918918918918919,0.20992608758580622,93.520495207614,0.0,0.0,0.0
14,5510602,5554602,1,95.42222222222222,96.0,1.183007258151659,93.0,98.0,5.0,2.0,0.012397607502753764,3.636363636363642,2.0,0.6030226891555273,0.0,628.8809953540018,7.796077771484654,0.025819624028622545,0.011329762009081503,0.03156428917960698,0.08260209701509993,0.0,0.8222222222222222,0.2346638573376036,93.02046869358753,0.0,0.0,0.0
14,5520602,5555602,1,95.86111111111111,96.0,1.00423486014029,94.0,98.0,4.0,2.0,0.01047593595046376,2.586872586872592,3.0,0.609449400220044,0.0,625.9743965429612,6.573835796867298,0.03368476550216883,0.017575270574137894,0.03538678999680034,0.09816386676198108,0.0,0.75,0.08725439378152906,92.73727765983021,0.0,0.0,0.0
14,5530602,5555602,1,96.15384615384616,96.0,0.8177035240565115,95.0,98.0,3.0,1.0,0.008504116650187719,0.16410256410246332,1.0,0.6,0.0,624.0450842468127,5.301698803508918,0.04367720281735653,0.023445147965717724,0.03684826414348655,0.10517171582423268,0.0,0.6538461538461539,-0.24487371063434166,92.12987108876526,0.0,0.0,0.0
14,5540602,5555602,1,95.9375,96.0,0.899218410621135,95.0,98.0,3.0,1.25,0.009372960631881536,9.088235294117833,2.0,0.6324555320336759,0.0,625.4617928289058,5.828401270265084,0.05967078299812371,0.054363855936181746,0.037101708139191836,0.10630964298168646,0.0,0.5,-0.09606741283577516,90.53519408033907,0.0,0.0,0.0
14,5550602,5555602,1,96.83333333333333,97.0,0.6871842709362769,96.0,98.0,2.0,0.75,0.007096567341854839,15.42857142857058,1.0,0.7745966692414834,0.0,619.6525001753279,4.390641688807494,0.05120231981959541,0.04366339368180793,0.03756955454329868,0.09803731747947872,0.0,0.5,0.1883930227958776,92.11674242685424,0.0,0.0,0.0
14,6065182,6073742,1,104.71428571428571,105.0,1.385051387833237,103.0,107.0,4.0,2.0,0.01322695731900772,-29.984109859256538,4.0,0.816496580927726,0.0,573.087737552857,7.562046225407955,0.04035333196750196,0.010256554308723563,0.05524141534385473,0.10564924293126593,0.14285714285714285,0.7142857142857143,0.06055208937074592,100.65261723750284,0.0,0.0,0.0
14,6065182,6084742,1,101.66666666666667,103.0,3.259175083088085,97.0,107.0,10.0,6.0,0.03205745983365329,-29.896967174562764,8.0,1.1338934190276817,0.0,590.7700694496233,18.912664751340333,0.034160039911176915,0.02018620142556337,0.041375674981219156,0.0627171576471066,0.06666666666666667,0.7333333333333333,0.12814507885876628,98.30844622017955,0.0,0.0,0.0
14,6065182,6094742,1,99.84,99.0,3.448825887167979,96.0,107.0,11.0,6.0,0.03454352851730748,-22.068166553550782,10.0,0.9574271077563381,0.0,601.6634901967012,20.32779424894471,0.04463714672316243,0.03133397756703395,0.05901260780348166,0.09078549270304774,0.08,0.68,0.02527476253625653,95.57385577679294,0.0,0.0,0.0
14,6065182,6104742,1,99.34285714285714,98.0,3.0513964685309687,96.0,107.0,11.0,2.5,0.030715811446242136,-12.355010638480206,8.0,0.8744746321952062,0.0,604.5209850322941,17.97941250367403,0.0500190258563367,0.03388250868256907,0.059542497882718814,0.14036463782541572,0.11428571428571428,0.6571428571428571,-0.031107411905897758,94.61053056809011,0.0,0.0,0.0
14,6070742,6114742,1,98.26829268292683,98.0,1.9383723401273685,96.0,104.0,8.0,2.0,0.019725308003281736,-5.163720119521963,5.0,0.9082951062292475,0.0,610.8046446778308,11.730076616224691,0.049029955774284824,0.023511401557382232,0.06480373006066137,0.12427576364026925,0.0975609756097561,0.7073170731707317,-0.051549231495385754,93.67539233938786,0.0,0.0,0.0
14,6080742,6124742,1,98.04651162790698,98.0,1.3286378471707627,96.0,101.0,5.0,2.0,0.013551097587367836,2.9743593213916593,3.0,0.8591246929842246,0.0,612.0664709110321,8.266941835089089,0.049677743579388166,0.023511401557382232,0.06359097155544666,0.12088590077902218,0.09302325581395349,0.6744186046511628,0.05162755632341933,93.40629753048738,0.0,0.0,0.0
14,6090742,6134742,1,98.61904761904762,98.5,1.6754868653103983,96.0,102.0,6.0,3.0,0.01698948535563417,5.905165454683336,3.0,0.8695387058524823,0.0,608.5769867445491,10.316738825027684,0.046770022420183896,0.022092597782821407,0.06041250155778762,0.12122041241617991,0.09523809523809523,0.7142857142857143,-0.005533136859070913,94.21271674463462,0.0,0.0,0.0
14,6100742,6144742,1,98.14285714285714,98.5,2.294625486315573,94.0,102.0,8.0,3.75,0.023380463470464356,-3.5184981298974267,4.0,0.9370425713316364,0.0,611.6910505253421,14.432067430289246,0.03634964423992877,0.015424031612889178,0.05784684151908624,0.0678800532385814,0.07142857142857142,0.7857142857142857,0.1765936102201004,94.70052668839993,0.0,0.0,0.0
15,4212773,4254664,1,82.2051282051282,84.0,4.432858007174217,74.0,87.0,13.0,7.0,0.05392434880841999,19.992126496421548,11.0,0.9597148699373931,0.0,732.1082916335628,41.324399388394404,0.08133992290471267,0.043232661258676267,0.08965601110804414,0.23171358849638368,0.23076923076923078,0.5384615384615384,0.20170757049664728,76.021541851805,0.0,0.0,0.0
15,4222799,4262664,1,84.09375,85.0,2.5169348298078758,77.0,87.0,10.0,3.0,0.029930105742791535,10.822826194021546,6.0,1.0776318121606494,0.0,714.1538852596786,22.21587833784968,0.09156500945853639,0.05212833728093834,0.09535440990315228,0.23277757740112562,0.28125,0.5,0.046803550828330466,77.03961676246306,0.0,0.0,0.0
15,4233664,4277664,1,84.78125,85.0,1.4083317924054686,82.0,87.0,5.0,2.0,0.016611359143743086,-2.576331540268268,3.0,1.0924964014113612,0.0,707.8990697546096,11.765732818728068,0.0805819803329534,0.039142120086960955,0.08847854331593136,0.22674847453013627,0.21875,0.5625,0.34839622266941683,78.45887821845487,0.0,0.0,0.0
15,4243664,4287664,1,84.53571428571429,85.0,1.8416247263362484,81.0,87.0,6.0,3.0,0.021785167865405557,-5.081062435322548,0.0,1.1547005383792515,0.0,710.09877690683,15.591043660978599,0.08638973555254827,0.03954469470611101,0.1079540758858658,0.18656542273140447,0.17857142857142858,0.5357142857142857,0.41354885489600673,77.81343243520118,0.0,0.0,0.0
15,4253664,4296664,1,84.52,84.0,2.1376622745419818,81.0,90.0,9.0,3.0,0.02529179217394678,5.585170643310231,5.0,1.3070322617798436,0.0,710.3418422997453,17.82883127341142,0.08645250555035927,0.041119928756018415,0.10301931957494762,0.2042806768852866,0.2,0.52,0.41323708900845,77.79447289983936,0.0,0.0,0.0
15,4269664,4301664,1,84.96,86.0,2.4079867109267856,81.0,90.0,9.0,4.0,0.02834259311354503,11.436955948298712,4.0,1.2909944487358056,0.0,706.7808177179592,19.98323990352659,0.10084880711905711,0.06455642606610566,0.11148570666043575,0.2417599899018947,0.28,0.48,0.43216649547123287,77.17681070331717,0.0,0.0,0.0
15,4273664,4301664,1,85.14285714285714,86.0,2.531435020952764,81.0,90.0,9.0,4.0,0.029731619373606293,14.755573857285833,3.0,1.2449899597988732,0.0,705.3227227394522,21.021800080318826,0.11583434875672564,0.07503150508565078,0.11523077077577523,0.2420393694440657,0.3333333333333333,0.42857142857142855,0.39682955423774796,76.30420880816601,0.0,0.0,0.0
15,4286664,4301664,1,87.08333333333333,87.0,1.2555432644432802,86.0,90.0,4.0,1.25,0.014417721696956329,10.382022471909996,1.0,1.1677484162422844,0.0,689.1362445445052,9.78256900776929,0.16967970997793222,0.1605880249720849,0.12402952165091899,0.26253544873258866,0.5833333333333334,0.25,-0.38402281004581246,74.45058043708076,0.0,0.0,0.0
15,4293664,4301664,1,88.2,88.0,1.16619037896906,87.0,90.0,3.0,2.0,0.013222113140238774,-1.1214953271025936,0.0,1.7320508075688772,0.0,680.3904993366443,8.95436124827801,0.1652487681060038,0.2289210976860839,0.10013040780434856,0.25542404276091,0.6,0.2,-0.844013704242708,75.69199162798546,0.0,0.0,0.0
15,6089200,6097291,0,70.88888888888889,71.0,0.7370277311900889,70.0,72.0,2.0,1.0,0.010396942916474609,-2.8884754261771146,0.0,0.7071067811865476,0.0,846.4863253595647,8.785762033990766,0.010062929858435685,0.007302341493583765,0.009064140025811247,0.024509859719995312,0.0,1.0,-0.6712278712379579,70.18264584645657,0.0,0.0,0.0
15,6089200,6107291,0,72.42105263157895,72.0,1.7264441544059712,70.0,75.0,5.0,3.0,0.023838981783221986,14.966862752486598,2.0,0.816496580927726,0.0,828.9594749397545,19.764554982671516,0.008661655168369115,0.004167194275588038,0.010716663534359286,0.02450985971999531,0.0,1.0,-0.18841289695949467,71.79915312582214,0.0,0.0,0.0
15,6089200,6117072,0,73.03703703703704,74.0,1.752912528325812,70.0,75.0,5.0,3.0,0.024000323663690124,10.249312353887284,2.0,0.7844645405527362,0.0,821.9804913740214,19.980683375323373,0.0072072871731427585,0.004167194275588038,0.009364047159571925,0.016921093859795615,0.0,1.0,-0.2764585402225121,72.51440489675656,0.0,0.0,0.0
15,6089200,6127072,0,72.89189189189189,73.0,1.6404314492425427,70.0,75.0,5.0,3.0,0.022504992073405297,2.799563016975405,3.0,0.9860132971832694,0.0,823.556591155446,18.655472581747652,0.006601910052366202,0.0041681722667782665,0.008222407051359069,0.0118166480649572,0.0,1.0,-0.2300969700391198,72.41382235018793,0.0,0.0,0.0
15,6093218,6137072,0,72.6046511627907,72.0,1.7000620355811225,70.0,75.0,5.0,3.0,0.02341533232863173,-2.209972362730326,0.0,1.0465362369445672,0.0,826.8470741389808,19.380886885576167,0.006673699167656779,0.004665992162682308,0.007659575994615897,0.01121601028674086,0.0,1.0,-0.18898166657717405,72.12332181005827,0.0,0.0,0.0
15,6103291,6147072,0,72.11627906976744,72.0,1.8326407725437714,69.0,75.0,6.0,3.5,0.02541230352124546,-7.617837410345348,5.0,0.9636241116594315,0.0,832.5249143298425,21.065920314783924,0.00584561913843354,0.004660835188134541,0.0064588521053805725,0.010310662049039607,0.0,1.0,0.07934712640523167,71.69716475132567,0.0,0.0,0.0
15,6114072,6157072,0,71.02272727272727,71.0,1.7644035351105891,69.0,75.0,6.0,2.0,0.024842801774357097,-7.429175475687177,6.0,0.9400643223910575,0.0,845.3114339528117,20.59355466438339,0.004824551475840625,0.004473798003003031,0.003087706538363742,0.009143192819019794,0.0,1.0,-0.05716248416220291,70.68171967774106,0.0,0.0,0.0
15,6123072,6167072,0,70.04444444444445,70.0,1.264130013629146,68.0,75.0,7.0,2.0,0.018047541438233363,-4.80632411067194,3.0,0.917010954628728,0.0,856.8712950240994,15.095601491121005,0.005097862070652734,0.004734590530215947,0.0030235409038834767,0.009039281931282813,0.0,1.0,0.17417720087772742,69.68917862400221,0.0,0.0,0.0
15,6133072,6177072,0,69.35555555555555,69.0,0.7646511348482335,68.0,71.0,3.0,1.0,0.01102508845503701,-2.822134387351732,2.0,0.5222329678670935,0.0,865.2119594520804,9.4904342102443,0.004807980582660843,0.004629524456711234,0.002883644821044774,0.008532032255493111,0.0,1.0,0.2262111640814925,69.02369098953429,0.0,0.0,0.0
16,1071052,1115333,1,49.80952380952381,50.0,1.693658975597975,46.0,54.0,8.0,1.0,0.03400271365923277,-5.095363903030393,3.0,0.7808688094430303,0.0,1205.9696435019555,40.65444930532175,0.011791243477963374,0.013036923271326571,0.00818064040640735,0.02175821917667659,0.0,1.0,0.3297400518968883,49.2290520703727,0.0,0.0,0.0
16,1081084,1125333,1,48.57142857142857,49.0,1.9413159152990007,45.0,53.0,8.0,3.0,0.03996826884439119,-7.4614877247327955,7.0,0.7489830503797116,0.0,1237.2706695544005,49.500244669284804,0.00842573646279857,0.005360534921313007,0.007624763526225662,0.020035257600567274,0.0,1.0,0.3823455930157832,48.16559793664131,0.0,0.0,0.0
16,1091120,1135333,1,47.523809523809526,47.0,1.9178124348192636,45.0,52.0,7.0,3.0,0.04035477067254963,-7.985621792877529,5.0,0.7156780854205468,0.0,1264.5467073933837,50.125199258949664,0.004630606404070486,0.003633596411930518,0.00370096921869215,0.007647923280676449,0.0,1.0,0.22152552224233052,47.304759800136004,0.0,0.0,0.0
16,1101165,1145333,1,46.404761904761905,46.0,1.1964137644191535,45.0,49.0,4.0,1.0,0.025782133455928398,-4.542365956734248,2.0,0.5843487097907776,0.0,1293.8110775784696,32.603860835418786,0.005453050946249518,0.0036194862021555778,0.006900408437283897,0.008546038641064622,0.0,1.0,-0.15575158459576796,46.15308677127148,0.0,0.0,0.0
16,1111333,1155333,1,46.44444444444444,46.0,1.3259052346823377,45.0,50.0,5.0,1.0,0.028548198832873302,2.031620553359704,1.0,0.6908492797077574,0.0,1292.8823218052764,35.61520230998758,0.005291207973443005,0.0033579531877142546,0.006818063897115409,0.009746130850038523,0.0,1.0,-0.1860255897088786,46.199990685357086,0.0,0.0,0.0
16,1121333,1159333,1,46.69230769230769,46.0,1.6037431560114759,45.0,50.0,5.0,2.0,0.034347052764660935,6.242914979757098,3.0,0.6688560540599386,0.0,1286.4785127504827,42.818835638843716,0.005284745570975137,0.0032777836590465364,0.007332841786870904,0.01058354928665004,0.0,1.0,-0.2379100548373922,46.44684791848472,0.0,0.0,0.0
16,1131333,1159333,1,46.96551724137931,46.0,1.7710849708132768,45.0,50.0,5.0,3.0,0.037710326103953765,10.729064039408849,3.0,0.7319250547113999,0.0,1279.317180315617,47.32434436008462,0.0055351338595695,0.002693296245081861,0.008366425612656598,0.01101613246872967,0.0,1.0,-0.27376395591857966,46.70698781166447,0.0,0.0,0.0
16,1141333,1159333,1,47.73684210526316,49.0,1.7119427333990096,45.0,50.0,5.0,3.0,0.035862085925668336,16.105263157894818,3.0,0.8498365855987975,0.0,1258.5153911606023,45.30902618479972,0.004451780774919215,0.0020683592612681053,0.006446173377173916,0.01101613246872967,0.0,1.0,-0.4348139629892718,47.52527002185701,0.0,0.0,0.0
16,1151333,1159333,1,49.333333333333336,49.0,0.4714045207910317,49.0,50.0,1.0,1.0,0.009555497043061453,-4.000000000000166,1.0,0.7905694150420949,0.0,1216.3265306122448,11.544600509168069,0.0018532804158577078,0.0020683592612681053,0.0009881341263717788,0.00282622763360834,0.0,1.0,-0.09474137868901528,49.2420739620233,0.0,0.0,0.0
16,2389504,2395515,0,60.57142857142857,61.0,0.4948716593053935,60.0,61.0,1.0,1.0,0.008170050979098478,10.695025694981213,1.0,0.7071067811865476,0.0,990.632318501171,8.11265015254744,0.010690582447840009,0.009335646113085298,0.004586544029278908,0.016171675442026957,0.0,1.0,0.35238255010451036,59.930734117189175,0.0,0.0,0.0
16,2389504,2405550,0,61.11764705882353,61.0,0.8318903308077029,60.0,63.0,3.0,1.0,0.013611295114274254,8.065367079957648,2.0,0.7071067811865476,0.0,981.8941854901665,13.299525567857135,0.008246283485879635,0.007599774148389394,0.004479076333490639,0.014925776641829983,0.0,1.0,-0.4366626347124673,60.617775696149614,0.0,0.0,0.0
16,2389504,2415811,0,61.333333333333336,61.0,0.769800358919501,60.0,63.0,3.0,1.0,0.012551092808470126,3.378081441862432,1.0,0.5883484054145521,0.0,978.4153471796695,12.30921492816201,0.00672984097238007,0.005471511932034258,0.004489676826228794,0.01380969601556774,0.0,1.0,-0.49715632866317855,60.92332901753731,0.0,0.0,0.0
16,2389504,2425811,0,61.432432432432435,62.0,0.7181259597614281,60.0,63.0,3.0,1.0,0.011689687862372565,2.1587378467904363,2.0,0.5270462766947299,0.0,976.8169620099816,11.478207268851692,0.006637000025634058,0.0064609309446697445,0.0041353890501423995,0.011952687919071997,0.0,1.0,-0.47007342247032535,61.02739361941598,0.0,0.0,0.0
16,2391510,2435811,0,61.355555555555554,62.0,1.1576903357894317,56.0,63.0,7.0,1.0,0.01886854947863978,-0.542317435437422,5.0,0.6908492797077574,0.0,978.2740549512372,19.49069395913915,0.006030368933751873,0.005471511932034258,0.0037172543960978235,0.010316926083803116,0.0,1.0,-0.06517206272589597,60.987776761236,0.0,0.0,0.0
16,2401535,2445811,0,59.266666666666666,62.0,4.444222216666389,49.0,63.0,14.0,4.0,0.07498687654667698,-15.853980893469616,13.0,0.7833494518006403,0.0,1018.7409468813571,85.00698782981705,0.005333290734618553,0.005471511932034258,0.0031196559881948877,0.008876219589918414,0.0,1.0,-0.13037937140060407,58.9522571398777,0.0,0.0,0.0
16,2411811,2455811,0,56.17777777777778,60.0,5.971372032507879,48.0,62.0,14.0,13.0,0.1062942015280279,-25.059288537549357,14.0,0.7977240352174656,0.0,1080.672529550267,119.00321664877575,0.005935357738152415,0.006104075187897283,0.0032475389440309753,0.010298323605221493,0.0,1.0,-0.10278874707786911,55.84630994986956,0.0,0.0,0.0
16,2421811,2465811,0,53.44444444444444,50.0,5.767940343178762,48.0,62.0,14.0,13.0,0.1079240396852575,-23.446640316205535,13.0,0.8393720596645177,0.0,1135.0907847776177,115.31680898503124,0.005801050482568024,0.005843093989084521,0.0030619932125293763,0.009396690880489842,0.0,1.0,-0.06371301377423683,53.136198673487776,0.0,0.0,0.0
16,2431811,2475811,0,50.44444444444444,49.0,3.6791034871468073,47.0,62.0,15.0,2.0,0.07293376956898957,-11.818181818181749,15.0,0.8660254037844386,0.0,1195.0044551187812,76.65320125196835,0.005829370276734318,0.005994139743447222,0.0032507028190538073,0.009512990547098267,0.0,1.0,-0.03900468845175484,50.15208934549768,0.0,0.0,0.0
16,2441811,2477811,0,48.67567567567568,49.0,0.8715954322484919,47.0,51.0,4.0,1.0,0.017906180451523708,-1.8634423897582388,4.0,0.6666666666666666,0.0,1233.042820348381,22.027301342751716,0.00575875136668092,0.005910387936497685,0.0033722447432004313,0.01051242380006114,0.0,1.0,-0.2623885595518594,48.39696956107263,0.0,0.0,0.0
16,2451811,2477811,0,48.592592592592595,49.0,0.7821745215534399,47.0,50.0,3.0,1.0,0.016096579330749143,-2.3443223443222996,1.0,0.5883484054145521,0.0,1235.079043437706,20.06693898105281,0.005409419781002667,0.004835674917725771,0.0028383950941223237,0.007572531815881398,0.0,1.0,-0.21382141148582218,48.33114911851233,0.0,0.0,0.0
16,2461811,2477811,0,48.529411764705884,49.0,0.8483650059915269,47.0,50.0,3.0,1.0,0.01748146072952237,-8.82352941176463,2.0,0.5,0.0,1236.7461878368367,21.886640972081544,0.006187044389737206,0.0073494367889774155,0.003156943535172079,0.008847611381650555,0.0,1.0,-0.1991045817555882,48.231004399524416,0.0,0.0,0.0
16,2471811,2477811,0,47.714285714285715,48.0,0.6998542122237651,47.0,49.0,2.0,1.0,0.014667603250198669,-19.285714285714025,2.0,0.5773502691896257,0.0,1257.7538614229888,18.329970964458465,0.006533460481718266,0.0069287482583652756,0.0022979784844669024,0.008788392705681792,0.0,1.0,-0.3867827116659599,47.40456983064435,0.0,0.0,0.0
16,3603655,3615705,0,51.69230769230769,52.0,0.605692913385524,51.0,53.0,2.0,1.0,0.011717273622041387,-2.2991512144658306,1.0,0.7637626158259734,0.0,1160.8731915228968,13.562837795010104,0.003495931197785079,0.003114651547011273,0.002472745404654366,0.006708921565323247,0.0,1.0,0.22421631179299067,51.51222449961219,0.0,0.0,0.0
16,3603655,3625745,0,52.17391304347826,52.0,1.710636136774435,50.0,58.0,8.0,1.0,0.03278719262151,6.73394637383383,7.0,1.1481209945740989,0.0,1151.1608575136188,35.44003413471692,0.04656913542318798,0.005251234533360034,0.08138624211584858,0.18302851790113098,0.17391304347826086,0.7391304347826086,0.06331243461838307,49.852332996980024,0.0,0.0,0.0
16,3603655,3635788,0,56.21212121212121,52.0,6.432670286561457,50.0,69.0,19.0,11.0,0.11443564391187498,33.913870359072355,18.0,1.5612494995995996,0.0,1080.3152508179435,113.16279240155028,0.03554396354806824,0.006502021600348208,0.07008945743637919,0.14589340233822926,0.12121212121212122,0.8181818181818182,-0.2113770794560684,54.282698939717136,0.0,0.0,0.0
16,3603655,3645847,0,59.58139534883721,56.0,8.378356829908876,50.0,74.0,24.0,15.5,0.1406203527268078,37.31713176623067,23.0,1.5507294750413125,0.0,1026.606913697267,139.59706280812387,0.03999769050908045,0.006681319988872977,0.07305731816842038,0.14589340233822948,0.11627906976744186,0.7674418604651163,-0.00860357515915895,57.28993044174168,0.0,0.0,0.0
16,3611689,3655920,0,64.4,67.0,9.33190465255858,50.0,77.0,27.0,21.0,0.144905351747804,41.24883068195851,25.0,1.5883095645141954,0.0,952.9178787572421,147.24730524148634,0.04997938923027544,0.01024959733789153,0.074290842345285,0.17684958818015037,0.13333333333333333,0.7111111111111111,-0.061817162190045634,61.33453728764211,0.0,0.0,0.0
16,3621720,3665936,0,69.28888888888889,72.0,6.69866395376213,50.0,77.0,27.0,7.0,0.09667731812677866,25.46856122103324,23.0,1.712255291076124,0.0,875.44840159397,99.06621524146391,0.06731882958731167,0.030973122566165,0.0840115134339204,0.20726976307061315,0.15555555555555556,0.6222222222222222,-0.18710122954935962,64.91864189792291,0.0,0.0,0.0
16,3631771,3675991,0,72.11363636363636,73.0,2.9788337337325728,64.0,77.0,13.0,3.0,0.041307495834930104,6.267936355581613,6.0,1.4941747352752568,0.0,833.4937038316658,35.72361738963446,0.05653211551530244,0.031679791648200194,0.07133037459175436,0.1207237970436848,0.09090909090909091,0.6590909090909091,0.2916558151136214,68.25503484904893,0.0,0.0,0.0
16,3641847,3685113,0,71.77272727272727,73.0,3.547493586153702,63.0,77.0,14.0,3.25,0.049426763074972416,-12.405233735187306,8.0,1.4627149017224546,0.0,838.1318063081354,43.76592587704514,0.11605549904524387,0.058304299580433414,0.14910081778271458,0.2749649426597686,0.22727272727272727,0.4772727272727273,-0.36823959141031887,64.30928151344351,0.0,0.0,0.0
17,2409572,2454398,1,90.2439024390244,90.0,1.6495452116010652,88.0,94.0,6.0,2.0,0.01827874423666045,-1.568170137324541,1.0,0.689202437604511,0.0,665.0845353224333,12.019745915921122,0.026449175666787932,0.0066953053716431975,0.06271543206611868,0.043029958627032704,0.04878048780487805,0.926829268292683,0.19191613820893924,87.91852979997903,0.0,0.0,0.0
17,2419583,2464398,1,89.41463414634147,89.0,2.5179900012984375,84.0,94.0,10.0,3.0,0.02816082652843315,-8.575884184178564,6.0,0.7745966692414834,0.0,671.5674591264803,19.058402253147108,0.02138290616984861,0.0055023194297991315,0.06327601881052905,0.013441666650910032,0.04878048780487805,0.926829268292683,0.23683593042740012,87.54271645454038,0.0,0.0,0.0
17,2429598,2474398,1,87.34146341463415,88.0,3.228000635427454,82.0,93.0,11.0,5.0,0.03695839878596079,-14.759384514784287,11.0,0.689202437604511,0.0,687.9009211366335,25.50272364029567,0.013412296883327448,0.0055023194297991315,0.03861169324490156,0.009522989168418679,0.024390243902439025,0.9512195121951219,0.410023154639755,86.1855176646723,0.0,0.0,0.0
17,2440398,2484398,1,86.08888888888889,86.0,2.554492532532721,82.0,90.0,8.0,4.0,0.029672732050586587,-8.822134387351765,2.0,0.6396021490668313,0.0,697.5685953458421,20.71568900685357,0.004893661778148198,0.005344393668294939,0.0033995376428563448,0.008841433629734514,0.0,1.0,-0.0348191878140071,85.66965059422861,0.0,0.0,0.0
17,2450398,2494398,1,85.95555555555555,86.0,2.40328992615036,82.0,90.0,8.0,4.0,0.027959681147044006,0.3320158102767172,1.0,0.621581560508061,0.0,698.5826099592368,19.584017483152397,0.004965173731145393,0.005133087957810337,0.003574181267374859,0.009208802639041568,0.0,1.0,-0.023811115050065338,85.5308798775856,0.0,0.0,0.0
17,2460398,2498398,1,85.6923076923077,85.0,2.4925925763107157,82.0,90.0,8.0,5.0,0.02908770510955054,11.07692307692315,4.0,0.6069769786668839,0.0,700.7687366655599,20.2609476103819,0.004558503140314533,0.00356025806150428,0.0037038120187048757,0.009198795457499118,0.0,1.0,-0.19736517096456274,85.3034516401265,0.0,0.0,0.0
17,2470398,2498398,1,86.27586206896552,87.0,2.5850572157229394,82.0,90.0,8.0,5.0,0.029962693547548058,17.970443349753587,7.0,0.5669467095138409,0.0,696.0730412949122,21.01117885740272,0.004961069128680103,0.0042913506225186375,0.0037338296537794487,0.009489207069092807,0.0,1.0,-0.30102266075273265,85.84995450994764,0.0,0.0,0.0
17,2480398,2498398,1,87.89473684210526,88.0,1.4830529266953023,85.0,90.0,5.0,2.0,0.016873057249826795,15.473684210526462,5.0,0.5270462766947299,0.0,682.8311552930633,11.642980675642777,0.004546324338342962,0.00356025806150428,0.003357331493728522,0.00837867196107897,0.0,1.0,-0.43136851284000116,87.4969473408787,0.0,0.0,0.0
17,2490398,2498398,1,89.11111111111111,89.0,0.5665577237325317,88.0,90.0,2.0,0.0,0.006357879692759083,10.999999999999737,2.0,0.5,0.0,673.343926152915,4.281148503290129,0.0033391028989925623,0.0028630527758196937,0.002588088961975519,0.0073681008295184225,0.0,1.0,-0.011916573350088317,88.81455018910195,0.0,0.0,0.0
17,4149517,4154524,1,86.33333333333333,86.0,0.4714045207910317,86.0,87.0,1.0,0.75,0.005460284024606545,13.694916895938901,1.0,0.4472135954999579,0.0,695.0013365410318,3.780308907706714,0.015961388349378554,0.017887782336681916,0.004763829572844158,0.019378289532754944,0.0,1.0,0.28593933322554693,84.97698271151638,0.0,0.0,0.0
17,4149517,4163741,1,87.66666666666667,88.0,1.398411797560202,86.0,90.0,4.0,1.5,0.015951465371409148,18.014737746425997,4.0,0.6546536707079771,0.0,684.5836067167261,10.844131611210662,0.019387111896364086,0.015508258917741297,0.021618459364276584,0.02949482746404124,0.0,0.9333333333333333,-0.28022501121055543,85.99938692925059,0.0,0.0,0.0
17,4149517,4173741,1,88.12,88.0,1.3948476619330155,86.0,90.0,4.0,2.0,0.01582895667195887,6.794744192839618,1.0,0.67700320038633,0.0,681.0604736351924,10.78997080346602,0.015752333141876042,0.00916070025635194,0.018781460162434652,0.029494827464041255,0.0,0.96,-0.38645898070621676,86.75343105285467,0.0,0.0,0.0
19,1969726,2014478,1,78.65217391304348,79.0,2.198985846330746,74.0,82.0,8.0,4.0,0.027958360677505335,-1.6243685195178648,4.0,1.1547005383792515,0.0,763.4545294518709,21.545039020167586,0.06322532629188198,0.030742104924102363,0.07902499388261118,0.15748633916134303,0.10869565217391304,0.7608695652173914,-0.3033879485828564,73.97507561953194,0.0,0.0,0.0
19,1980478,2024478,1,79.63636363636364,80.0,2.4410402876541006,74.0,83.0,9.0,3.25,0.030652332379218158,-0.1422946871091743,2.0,1.034295625950562,0.0,754.1509756328646,23.707015158804154,0.07561341865830461,0.030246292117042446,0.1113125067342009,0.216281245988166,0.13636363636363635,0.7272727272727273,-0.19538979686586058,74.03809050253409,0.0,0.0,0.0
19,1990478,2034478,1,80.0,81.0,2.7468990781342053,74.0,84.0,10.0,4.5,0.034336238476677564,6.892784713146221,1.0,1.0674899923282326,0.0,750.905123466942,26.37561048794276,0.07557142706077333,0.029973508403656063,0.11138135856364567,0.216281245988166,0.13636363636363635,0.7272727272727273,-0.23117773245793527,74.37906770972612,0.0,0.0,0.0
19,2000478,2044478,1,80.0,80.0,2.7386127875258306,74.0,84.0,10.0,4.25,0.03423265984407288,7.352832484564405,6.0,1.0565410875907486,0.0,750.8979905128889,26.248293628806245,0.079339530791893,0.027687797431176855,0.11423174529671443,0.24773698574566608,0.1590909090909091,0.6818181818181818,-0.18202681983783392,74.11940146517692,0.0,0.0,0.0
19,2010478,2054478,1,81.54545454545455,82.0,1.6576893208009518,78.0,84.0,6.0,3.0,0.020328408616288148,2.1344203066376055,6.0,0.9400643223910575,0.0,736.0932469862323,15.11856771214753,0.07508260718425662,0.02747880828646075,0.11816862060917949,0.16446405553475552,0.11363636363636363,0.7045454545454546,-0.0366905565714531,75.85040814587248,0.0,0.0,0.0
19,2020478,2057478,1,82.02631578947368,83.0,1.5974789695553886,79.0,85.0,6.0,2.0,0.019475200783800054,0.8469197942881426,3.0,0.8853156407653622,0.0,731.7540559535468,14.45609236120283,0.053539352885533256,0.026785879847988994,0.08293928815926728,0.09859743313972105,0.05263157894736842,0.7894736842105263,0.02309742363014116,77.85785653360955,0.0,0.0,0.0
19,2030478,2057478,1,81.71428571428571,82.5,1.729102633844315,79.0,85.0,6.0,3.0,0.021160346917675186,7.257799671592775,2.0,0.9813067629253163,0.0,734.5968862124035,15.652414805521792,0.06210675855274382,0.026785879847988994,0.09475041027925117,0.14070477040288953,0.07142857142857142,0.75,0.09617518853651881,76.93603779118388,0.0,0.0,0.0
19,2040478,2057478,1,82.33333333333333,83.0,1.4142135623730951,79.0,85.0,6.0,1.75,0.017176682943802778,13.622291021671911,6.0,1.0846522890932808,0.0,728.9623717148374,12.661808416752223,0.08290998772723182,0.033806993268088364,0.11286995876641703,0.18005859666545934,0.1111111111111111,0.6111111111111112,-0.07707814563052513,76.02971093297535,0.0,0.0,0.0
19,2050478,2057478,1,83.25,83.0,0.82915619758885,82.0,85.0,3.0,0.25,0.00995983420527147,14.285714285714597,2.0,1.0690449676496976,0.0,720.7916519531702,7.1222746328004085,0.03259162007725232,0.02933585857363807,0.017447459726181825,0.04679858620982528,0.0,0.875,-0.0026007187201553,80.62238583126575,0.0,0.0,0.0
19,3935670,3944699,1,74.8,75.0,0.7483314773547882,73.0,76.0,3.0,0.0,0.010004431515438346,7.972265169148025,3.0,0.8819171036881969,0.0,802.2202303240516,8.11648350396374,0.02553122996074634,0.021107482112397033,0.016058700685923882,0.04780829578688932,0.0,0.9,-0.17121287103823715,72.93780804984658,0.0,0.0,0.0
19,3935670,3954690,1,75.4,75.0,1.0677078252031311,73.0,78.0,5.0,1.0,0.014160581236115796,8.111234300681307,5.0,0.9459053029269173,0.0,795.9147841772211,11.218277657596134,0.02743104580299528,0.018014300155794142,0.03855547803428962,0.04780829578688933,0.05,0.9,-0.175969324635046,73.38692003517438,0.0,0.0,0.0
21,406738,414790,1,99.5,99.5,1.118033988749895,98.0,101.0,3.0,1.5,0.011236522499998944,13.703641016356524,1.0,0.8451542547285166,0.0,603.0912274900959,6.77746966148178,0.1355913828156073,0.01767423154916832,0.20414847425796456,0.4769353330635338,0.25,0.75,-0.007314088509496784,87.61954476380208,0.0,0.0,0.0
21,3851207,3861235,0,94.6,94.0,1.624807680927192,93.0,97.0,4.0,3.0,0.017175556880837127,-21.32759220124596,3.0,1.6583123951777,0.0,634.4354308033029,10.827446542101049,0.00690190627718649,0.0062946659715657554,0.0024903237357858997,0.009861089475593516,0.0,1.0,0.5339301082921858,93.95155517160963,0.0,0.0,0.0
21,3851207,3868262,0,95.0,95.0,1.224744871391589,93.0,97.0,4.0,2.0,0.0128920512778062,-1.8535701440066634,2.0,1.2060453783110545,0.0,631.6843223718503,8.174267717924689,0.010879142068480905,0.011033327563223297,0.0043477691166084655,0.016828652626207984,0.0,1.0,0.45189636312792586,93.97760429165561,0.0,0.0,0.0
21,3851207,3881183,0,95.13636363636364,95.0,0.9674453024451254,93.0,97.0,4.0,1.0,0.010169038057234953,0.6981365434764635,2.0,0.9258200997725514,0.0,630.739295456416,6.453661355047222,0.012162531453719826,0.011841993180709276,0.004279897746134226,0.017737565290934395,0.0,1.0,0.32107825183422356,93.99316876482663,0.0,0.0,0.0
21,3851207,3891183,0,94.53125,95.0,1.5203695068962677,90.0,97.0,7.0,1.25,0.016083247676258038,-4.057971722783146,7.0,0.861356769214109,0.0,634.878153328851,10.411462583291454,0.012336051029756913,0.012563579943199048,0.004433800969095718,0.017873871762923637,0.0,1.0,0.09483973962724547,93.3793179684177,0.0,0.0,0.0
21,3859235,3901183,0,92.5,94.0,3.605551275463989,85.0,96.0,11.0,5.0,0.0389789327077188,-13.474156161954973,8.0,0.7161148740394329,0.0,649.6736385579807,26.305950822493802,0.01341833672170412,0.013792528575478639,0.0042105495851096466,0.01840162164237081,0.0,1.0,-0.24424980229681237,91.2752381205448,0.0,0.0,0.0
21,3867260,3911183,0,90.19047619047619,90.5,4.691624224986558,83.0,96.0,13.0,9.0,0.05201906479657747,-21.157427316856143,10.0,0.6984302957695782,0.0,667.0787326824722,35.00449088542019,0.013636492399056007,0.014053649891827467,0.004089431015233678,0.01828847530184225,0.0,1.0,0.011510188154175326,88.97714009586913,0.0,0.0,0.0
21,3877183,3921183,0,88.17777777777778,86.0,4.438662906220941,83.0,96.0,13.0,8.0,0.05033765896671934,-18.18181818181811,10.0,0.7071067811865476,0.0,682.1214553389161,33.34996031276893,0.013618928498783047,0.014185887060615382,0.004214422482534396,0.018755124771967436,0.0,1.0,-0.021491860315007043,86.99302597710283,0.0,0.0,0.0
21,3887183,3931183,0,86.17777777777778,86.0,2.4430298937443222,83.0,93.0,10.0,2.0,0.028348722335867587,-5.802371541501952,6.0,0.7071067811865476,0.0,696.7753030384354,19.06471046639112,0.013911781261783909,0.014325793150556895,0.004079938158587677,0.018585341913530506,0.0,1.0,0.0005950870821911589,84.99534118296961,0.0,0.0,0.0
21,3897183,3939183,0,85.32558139534883,86.0,1.0937652108190556,83.0,87.0,4.0,1.5,0.012818725556069608,2.9990939293265324,1.0,0.5976143046671968,0.0,703.3053092641513,9.083580273093842,0.013755313416715478,0.014185887060615382,0.0037640534395327863,0.017798275310297193,0.0,1.0,0.15366292249476385,84.16782656139313,0.0,0.0,0.0
21,3907183,3939183,0,85.57575757575758,86.0,0.9221287305880569,84.0,87.0,3.0,1.0,0.010775583608146557,3.7500000000000675,3.0,0.5863019699779287,0.0,701.2149760392601,7.594639597371181,0.013660689459553987,0.013999062737826971,0.0036105864047026445,0.017798275310297193,0.0,1.0,0.03616520016751588,84.42248818130984,0.0,0.0,0.0
21,3917183,3939183,0,85.8695652173913,86.0,0.7969696860792764,84.0,87.0,3.0,0.0,0.009281165964467524,5.098814229248947,3.0,0.5640760748177662,0.0,698.7948277180542,6.53532808508059,0.014220780373681833,0.014383763650056346,0.0034888716223205746,0.018522537483732355,0.0,1.0,-0.0859106200737432,84.66555495515811,0.0,0.0,0.0
21,3927183,3939183,0,86.23076923076923,86.0,0.5756395979652217,85.0,87.0,2.0,1.0,0.0066755707168134545,3.9560439560438723,2.0,0.5773502691896257,0.0,695.8383378025812,4.647397275718257,0.014564257531965441,0.01481681416450082,0.002740775693512893,0.01766793555416734,0.0,1.0,0.18555660197603008,84.99291059250861,0.0,0.0,0.0
21,4500074,4511107,0,84.83333333333333,84.5,0.9860132971832692,84.0,87.0,3.0,1.25,0.011622946528682938,-10.459038142982935,2.0,0.6030226891555273,0.0,707.3637795134092,8.141586429498574,0.008800933527179379,0.00878532845272541,0.00504629788125022,0.01429773708582531,0.0,1.0,-0.09606235617397504,84.09323436757875,0.0,0.0,0.0
21,4500074,4519125,0,85.65,86.0,1.2757350822173072,84.0,87.0,3.0,3.0,0.014894747019466517,6.882720509093357,0.0,0.5619514869490163,0.0,700.6812989831058,10.467476551180832,0.006517942010124897,0.004676307322437534,0.00489421211032031,0.013389171627186508,0.0,1.0,-0.5015477249756755,85.09535342107039,0.0,0.0,0.0
21,4500074,4530870,0,85.96428571428571,86.5,1.2095495872768642,84.0,87.0,3.0,2.0,0.014070373262880017,4.351340337070232,1.0,0.5091750772173156,0.0,698.1037804055064,9.915492770057433,0.005607541689774556,0.004301743786992017,0.004479253114734128,0.012852933612413252,0.0,1.0,-0.5585796958547582,85.48492543108364,0.0,0.0,0.0
21,4500074,4540870,0,85.65789473684211,86.0,1.2623352584433112,83.0,87.0,4.0,2.75,0.014736940037126212,-0.29407262797028233,3.0,0.5452497568062706,0.0,700.6138125029962,10.381584019139103,0.0049933483750423495,0.003937124635532095,0.0041300515045966405,0.012594641753255224,0.0,1.0,-0.3823867096898588,85.23230016929065,0.0,0.0,0.0
21,4507095,4550870,0,84.97560975609755,85.0,1.8144112110631505,81.0,87.0,6.0,4.0,0.02135214111756291,-5.383680801468065,2.0,0.6324555320336759,0.0,706.4095965669038,15.206535431567685,0.011103789623628168,0.0044354443130078065,0.01859773954437671,0.029494877414752357,0.0,0.9512195121951219,-0.5515835633624161,84.04242040050978,0.0,0.0,0.0
21,4517120,4560870,0,84.53658536585365,84.0,1.7682506302821324,81.0,87.0,6.0,3.0,0.020916986682506473,-6.503358908488107,3.0,0.689202437604511,0.0,710.0624446136087,14.850406732560947,0.01705810590301141,0.00613556447608896,0.020456763756671093,0.04414844735542366,0.0,0.926829268292683,-0.5217496512057267,83.11873714510783,0.0,0.0,0.0
21,4526870,4570870,0,83.82222222222222,84.0,1.5816853021577104,81.0,87.0,6.0,2.0,0.01886952242765031,-4.758893280632358,5.0,0.7537783614444091,0.0,716.05413595003,13.43721083654916,0.023709502205080266,0.023239862439730467,0.020297708823834984,0.044545133865258324,0.0,0.9333333333333333,-0.4822516110479725,81.8808676110443,0.0,0.0,0.0
21,4536870,4580870,0,83.22222222222223,83.0,1.0304020550550783,81.0,85.0,4.0,2.0,0.012381333104800673,-0.13438735177859834,2.0,0.7687061147858074,0.0,721.0721300887801,8.953732165713125,0.02987802330908381,0.030495278546668555,0.017905978419599664,0.04518200956335854,0.0,0.9333333333333333,-0.19885183418821786,80.80784358794482,0.0,0.0,0.0
21,4546870,4588870,0,83.6046511627907,84.0,1.4649316974905697,81.0,87.0,6.0,1.5,0.017522131569428234,3.5699184536393958,5.0,0.7715167498104596,0.0,717.8819333041273,12.473965023732207,0.03290604371302513,0.033090266574850286,0.012662815968417042,0.04528277935495503,0.0,0.9302325581395349,-0.15010865439594157,80.9411966089907,0.0,0.0,0.0
21,4556870,4588870,0,83.87878787878788,84.0,1.4925588310333031,81.0,87.0,6.0,2.0,0.017794234618532877,3.70989304812844,2.0,0.6614378277661477,0.0,715.5431135298652,12.658784129810654,0.034314883158689656,0.03455153118382368,0.013457684336697579,0.04556215182422916,0.0,0.9090909090909091,-0.30946898083727487,81.09598850848091,0.0,0.0,0.0
21,4566870,4588870,0,83.78260869565217,84.0,1.7183541604669132,81.0,87.0,6.0,2.5,0.02050967602010327,14.051383399209422,5.0,0.6396021490668313,0.0,716.4375645088404,14.556908224945277,0.03362029768534826,0.03352727947712296,0.014215057308175839,0.04556215182422916,0.0,0.9130434782608695,-0.36981611376740503,81.05743364683521,0.0,0.0,0.0
21,4576870,4588870,0,84.84615384615384,84.0,1.4058205294228512,83.0,87.0,4.0,2.0,0.01656905429056851,18.79120879120883,3.0,0.6454972243679028,0.0,707.3551035143905,11.638287310044921,0.03208023987028326,0.030458743216316614,0.016522971929988986,0.05863149428585314,0.0,0.8461538461538461,-0.3291720819040667,82.20887346590193,0.0,0.0,0.0
21,5734409,5741429,1,89.625,90.0,0.4841229182759271,89.0,90.0,1.0,1.0,0.005401650413120526,-6.409038714268382,1.0,0.6546536707079771,0.0,669.4756554307116,3.6263889009432884,0.01713990075633661,0.01896968406842632,0.007551933548409585,0.024370025140967484,0.0,1.0,-0.6598964264577613,88.11472240284311,0.0,0.0,0.0
21,5734409,5751168,1,89.375,89.0,0.5994789404140899,88.0,90.0,2.0,1.0,0.006707456675961845,-4.279263097184904,2.0,0.6324555320336759,0.0,671.3589547156962,4.515005835339507,0.01786009034819482,0.018986372156185736,0.008226441115385933,0.026479879878376057,0.0,1.0,-0.32529332766215935,87.80676327473074,0.0,0.0,0.0
21,5734409,5761168,1,89.15384615384616,89.0,0.7174906963914474,88.0,90.0,2.0,1.0,0.008047781754174992,-2.1080533643319157,0.0,0.6324555320336759,0.0,673.0376365207826,5.427271012768134,0.014527504785470019,0.013791303176622412,0.007906174666597588,0.025231142407846022,0.0,1.0,0.0015191653036985605,87.87720957126584,0.0,0.0,0.0
21,5734409,5771168,1,88.94444444444444,89.0,1.052627517860912,86.0,91.0,5.0,2.0,0.0118346629116155,-2.7930814484362876,4.0,0.6761234037828132,0.0,674.6735876242196,8.045147344732976,0.013133349449336727,0.01036689650221509,0.007395505919064912,0.023986198103936797,0.0,1.0,0.0351165826353534,87.79144867039267,0.0,0.0,0.0
21,5737418,5781168,1,87.95348837209302,89.0,2.045454272306607,83.0,91.0,8.0,2.0,0.023256090351450053,-7.250880821772121,7.0,0.6725927091345493,0.0,682.5567518170493,16.25927578289032,0.011500395294124423,0.009416990631298569,0.007083127583847455,0.02071663901570426,0.0,1.0,0.22787268392349158,86.95348887779512,0.0,0.0,0.0
21,5747446,5791168,1,86.16279069767442,87.0,3.03414853431495,81.0,91.0,10.0,6.0,0.03521413953455947,-12.92203775906712,7.0,0.6725927091345493,0.0,697.2316394421558,24.866739720554847,0.010559255725883223,0.009416990631298569,0.00606458904264303,0.018075725353342623,0.0,1.0,-0.08012915723063409,85.26248234279328,0.0,0.0,0.0
21,5757168,5801168,1,85.37777777777778,85.0,2.8619254504530023,81.0,91.0,10.0,5.0,0.033520730158871706,-9.517786561264716,1.0,0.6908492797077574,0.0,703.5442495843149,23.436761386410133,0.012173424858372028,0.009982731799940595,0.013588348380148928,0.01933545461719132,0.0,0.9777777777777777,-0.16509403878832432,84.35093797263471,0.0,0.0,0.0
21,5767168,5811168,1,84.44444444444444,85.0,1.9038622213870127,81.0,88.0,7.0,3.0,0.022545736832214624,-1.1304347826086645,3.0,0.6908492797077574,0.0,710.8884159841077,16.064775559950927,0.012485679478520036,0.010550452207488398,0.013826066886631199,0.02070187450939133,0.0,0.9777777777777777,-0.130345065637899,83.40310006946221,0.0,0.0,0.0
21,5777168,5821168,1,84.35555555555555,85.0,1.8874504326743178,81.0,89.0,8.0,2.0,0.022374939270375212,6.845849802371629,5.0,0.6908492797077574,0.0,711.6303166973872,15.884573840344446,0.013034995381447416,0.011285534437919395,0.014017797409494978,0.021368187547037475,0.0,0.9777777777777777,-0.08651537597943236,83.27012979822318,0.0,0.0,0.0
21,5787168,5823168,1,85.10810810810811,85.0,2.0105637744213287,82.0,90.0,8.0,2.0,0.023623645491771723,9.402560455191951,8.0,0.7071067811865476,0.0,705.3768787386925,16.566461668341482,0.014032572780785825,0.011421071984670371,0.015097594066758478,0.02352032882677899,0.0,0.972972972972973,-0.22029726115772125,83.93034937202835,0.0,0.0,0.0
21,5797168,5823168,1,86.0,85.0,1.5153535218873173,84.0,90.0,6.0,2.0,0.01762038978938741,7.069597069597068,5.0,0.7595545253127499,0.0,697.8871074729776,12.072826413223066,0.011258188683546564,0.011421071984670371,0.007308324184264374,0.020222002136421714,0.0,1.0,-0.033230340151868695,85.0425746484729,0.0,0.0,0.0
21,5807168,5823168,1,86.29411764705883,86.0,1.77448272105863,84.0,90.0,6.0,2.0,0.020563194449895506,18.529411764706026,4.0,0.7905694150420949,0.0,695.5870209350347,14.129555554488316,0.010991280957936568,0.009889122220122455,0.007119313829892181,0.018695263760359,0.0,1.0,-0.13551829741028049,85.35594645810717,0.0,0.0,0.0
21,5817168,5823168,1,88.14285714285714,88.0,1.124858267715973,87.0,90.0,3.0,2.0,0.012761763166955936,32.142857142857316,3.0,0.7071067811865476,0.0,680.8235674954002,8.654288695600993,0.011890903929879902,0.012184027906536892,0.0054296898545092296,0.018695263760359,0.0,1.0,-0.5446826581500733,87.10707527910054,0.0,0.0,0.0
21,6714977,6720977,1,91.0,91.0,0.7071067811865476,90.0,92.0,2.0,0.5,0.00777040418886316,9.230769230768683,0.0,1.4142135623730951,0.0,659.3804745978659,5.1241168704969455,0.08903248996530741,0.04996801285159368,0.0972684318368475,0.19759245336870615,0.25,0.5,0.6663043547123539,83.56040874675735,0.0,0.0,0.0
21,6714977,6725977,1,90.88888888888889,91.0,0.7370277311900889,90.0,92.0,2.0,1.0,0.00810910706688362,2.241379310345022,1.0,1.0606601717798212,0.0,660.1900514943993,5.346259873562073,0.12424862892077823,0.06927444821501327,0.10140231356835704,0.25636145056235776,0.4444444444444444,0.3333333333333333,0.3142778057051315,80.8441180632238,0.0,0.0,0.0
21,6714977,6725977,1,90.88888888888889,91.0,0.7370277311900889,90.0,92.0,2.0,1.0,0.00810910706688362,2.241379310345022,1.0,1.0606601717798212,0.0,660.1900514943993,5.346259873562073,0.12424862892077823,0.06927444821501327,0.10140231356835704,0.25636145056235776,0.4444444444444444,0.3333333333333333,0.3142778057051315,80.8441180632238,0.0,0.0,0.0
21,6714977,6748977,1,92.3529411764706,92.0,1.7129670327718869,90.0,95.0,5.0,3.0,0.018548050673326162,7.222371244635084,2.0,1.0,0.0,649.9048487172529,12.041298133689258,0.10641344710728223,0.04028974297486832,0.10400877824957112,0.2601370169758553,0.35294117647058826,0.5294117647058824,-0.1026739339202687,83.47055200560635,0.0,0.0,0.0
22,1013168,1057412,0,79.93181818181819,80.0,2.2197228253742862,76.0,86.0,10.0,2.0,0.027770203103914867,6.668604588430392,0.0,1.2389042420341585,0.0,751.2096795916204,20.541647443481722,0.04304664694341229,0.016806866768546785,0.06880236094147202,0.1433364034578932,0.09090909090909091,0.8181818181818182,0.04525424274769054,76.63302347603891,0.0,0.0,0.0
22,1023412,1066424,0,80.54545454545455,80.0,2.3592616858838142,76.0,86.0,10.0,3.0,0.029291059305555256,6.976410916907453,7.0,1.2667482633857043,0.0,745.5579109905008,21.763690174909875,0.06708516755131139,0.020448509898486074,0.10115017178722699,0.20321130274422133,0.18181818181818182,0.7272727272727273,0.17740354493480034,75.48174878138907,0.0,0.0,0.0
22,1033412,1076760,0,82.02380952380952,81.5,2.3450870147130924,79.0,89.0,10.0,3.75,0.028590320643817096,6.565891417980473,7.0,1.3343492064965785,0.0,732.0791577746086,20.446860445178952,0.06739068671451474,0.019501804081916048,0.1039424365284057,0.20941962455520252,0.19047619047619047,0.7142857142857143,-0.1530677221371159,76.84516133102413,0.0,0.0,0.0
22,1043412,1087760,0,83.475,83.0,2.9494702914252247,79.0,89.0,10.0,5.25,0.03533357641719347,9.894379905330561,5.0,1.3301243435223524,0.0,719.6710339922847,25.28480964453014,0.06291081248353711,0.013138209780223207,0.10587015484448051,0.21942563493213213,0.175,0.75,-0.3609507265725721,78.5343408116783,0.0,0.0,0.0
22,1053412,1097760,0,84.0,84.0,2.701851217221259,79.0,89.0,10.0,4.25,0.03216489544311023,7.277898206667789,1.0,1.0500305245868344,0.0,715.0291494035324,23.128087253257053,0.04544416716360445,0.008624272564687379,0.09858663633007941,0.17838318650743495,0.125,0.85,-0.3454971683050744,80.34862371263735,0.0,0.0,0.0
22,1063415,1101760,0,84.88235294117646,84.0,1.9817506503438842,82.0,89.0,7.0,4.0,0.02334702775872906,-0.7820977846717863,1.0,1.0298573010888745,0.0,707.2425256997343,16.358161409212162,0.029315096825245687,0.005306547607962959,0.0841065584707724,0.015770984374474953,0.08823529411764706,0.9117647058823529,-0.13636869982185768,82.46488679995292,0.0,0.0,0.0
22,1073760,1101760,0,85.3076923076923,85.0,2.0337390871388132,82.0,89.0,7.0,3.0,0.023840043401987893,-9.982268339134341,1.0,1.0770329614269007,0.0,703.7355523893959,16.7497390307705,0.005211642455487405,0.003457676788014415,0.004126440579563804,0.010075867259820667,0.0,1.0,0.37959147289248707,84.8654041643473,0.0,0.0,0.0
22,1083760,1101760,0,84.6842105263158,84.0,1.748762918509068,82.0,87.0,5.0,3.5,0.02065040115082181,-15.15789473684196,4.0,1.0,0.0,708.81648218474,14.620373242986933,0.004152501571863641,0.002951487883873479,0.0034746332335341607,0.007572283035557201,0.0,1.0,0.3888281360387252,84.33401340309787,0.0,0.0,0.0
22,1093760,1101760,0,83.77777777777777,84.0,1.1331154474650633,82.0,86.0,4.0,1.0,0.013525250699185106,-19.0000000000008,1.0,1.0606601717798212,0.0,716.3106589190356,9.63409643882699,0.002818611814003589,0.002580995149575481,0.0014572845888393613,0.003975000978252755,0.0,1.0,0.3020077576407166,83.54230445148174,0.0,0.0,0.0
22,1685823,1697851,0,80.6923076923077,80.0,0.8213137116947163,80.0,82.0,2.0,1.0,0.010178339611088,-3.947479830126936,0.0,0.5773502691896257,0.0,743.6418594955181,7.521921978731029,0.015403717855461012,0.012604020413858238,0.01615988509595824,0.03826450127048731,0.0,0.9230769230769231,-0.21616558813032788,79.4682019312775,0.0,0.0,0.0
22,1685823,1708049,0,81.3913043478261,81.0,1.1698803519194532,80.0,84.0,4.0,2.0,0.01437352996482234,4.0327057245633195,1.0,0.6396021490668313,0.0,737.3311015781214,10.549292552828623,0.012417206326015635,0.008724492785661446,0.013585575693802972,0.026452671046630242,0.0,0.9565217391304348,-0.2667578575782824,80.39304729241898,0.0,0.0,0.0
22,1685823,1718049,0,81.60606060606061,82.0,1.253827931247103,80.0,84.0,4.0,1.0,0.015364397226570516,3.6024778918463864,1.0,0.7288689868556626,0.0,735.4123258717245,11.249148116765891,0.010295058192381587,0.005901456683664965,0.01217430601868886,0.020476733980773473,0.0,0.9696969696969697,-0.24399580854240605,80.77448260716038,0.0,0.0,0.0
22,1685823,1728049,0,80.76744186046511,81.0,2.176376434846389,75.0,84.0,9.0,2.0,0.02694620981813842,-4.270290055522131,6.0,0.7867957924694432,0.0,743.428397291861,20.601433122513964,0.011255201677855072,0.004927012470512393,0.02012751553153612,0.020476733980773487,0.0,0.9534883720930233,-0.2541277128670328,79.86850572086782,0.0,0.0,0.0
22,1693844,1738058,0,80.4,81.0,2.3981474331473267,75.0,84.0,9.0,3.0,0.029827704392379684,-5.5340538997754996,1.0,0.8660254037844386,0.0,746.9457952181994,22.712276130596003,0.017339545416527376,0.004927012470512393,0.034909888795307674,0.038271341249735503,0.022222222222222223,0.9333333333333333,-0.17979341102993035,79.02966159354594,0.0,0.0,0.0
22,1703869,1747539,0,79.61363636363636,80.0,2.4046915233172945,75.0,84.0,9.0,4.0,0.030204518134730508,-5.96758667725244,4.0,1.0115610777177464,0.0,754.3305958654878,22.88216480071468,0.04325314206752297,0.007642240362105283,0.07147084897009036,0.13505911274060636,0.09090909090909091,0.7727272727272727,-0.3107819283352399,76.31286516507178,0.0,0.0,0.0
22,1714049,1757539,0,78.45454545454545,78.0,2.5801210811487953,74.0,84.0,10.0,3.25,0.0328868272220588,-6.725098962603934,5.0,1.1102063499795358,0.0,765.5883025325187,24.77346521474204,0.053080986481612726,0.010006529757219823,0.08253899074240671,0.15751921241140834,0.11363636363636363,0.7045454545454546,-0.21522447876272394,74.50001135873258,0.0,0.0,0.0
22,1724049,1767539,0,77.97727272727273,78.0,2.016845380602142,74.0,82.0,8.0,2.5,0.025864528343484183,2.533482377625234,5.0,1.0454775252553032,0.0,769.9661225757834,19.771079686788372,0.05427292055711642,0.01167068664140978,0.08186949434963431,0.15751921241140834,0.11363636363636363,0.7045454545454546,-0.12254679510503774,73.96308034362363,0.0,0.0,0.0
22,1734049,1774539,0,79.46341463414635,79.0,3.147570189268415,74.0,86.0,12.0,4.0,0.039610306249234194,8.189091357171039,7.0,1.08397416943394,0.0,756.2255441851937,29.34156586585743,0.05449432442743016,0.011544167670996829,0.08371260931912282,0.1665239850018617,0.12195121951219512,0.7073170731707317,-0.3288779822132132,75.35689172845329,0.0,0.0,0.0
22,1743539,1774539,0,79.46875,78.5,3.400224027545832,74.0,86.0,12.0,4.25,0.042786932316738746,18.200146627565896,9.0,1.0,0.0,756.3647822861783,31.604879742821403,0.04175217880881128,0.009375115109413992,0.08070493255655672,0.1255566870416785,0.09375,0.78125,-0.28761457521063705,76.28373774160792,0.0,0.0,0.0
22,1753539,1774539,0,80.68181818181819,80.0,3.2527801205117903,77.0,86.0,9.0,5.0,0.040316147972540496,29.576510446075737,8.0,0.7559289460184544,0.0,744.8517666071566,29.525876489683466,0.0074901420248502,0.0062588266527181715,0.004239187027507519,0.012844754802088486,0.0,1.0,0.1669238735084278,80.0819926829896,0.0,0.0,0.0
22,1763539,1774539,0,83.16666666666667,83.0,2.3033791601808753,80.0,86.0,6.0,5.0,0.027695941805782068,39.020979020979226,6.0,0.8528028654224418,0.0,721.9962766490909,19.984782108729807,0.008465117514903699,0.007609351735968572,0.004604751617726686,0.014572214805954595,0.0,1.0,-0.16133335928279194,82.46856060981959,0.0,0.0,0.0
22,3584012,3587012,0,93.0,93.0,0.7071067811865476,92.0,94.0,2.0,0.5,0.007603298722435995,11.999999999999766,1.0,1.2909944487358056,0.0,645.1985915072662,4.90606304255009,0.1477679908820802,0.13920022236537427,0.07400934636170914,0.22984228225332154,0.5,0.0,-0.535857960692641,81.02682836496237,0.0,0.0,0.0
22,3584012,3587012,0,93.0,93.0,0.7071067811865476,92.0,94.0,2.0,0.5,0.007603298722435995,11.999999999999766,1.0,1.2909944487358056,0.0,645.1985915072662,4.90606304255009,0.1477679908820802,0.13920022236537427,0.07400934636170914,0.22984228225332154,0.5,0.0,-0.535857960692641,81.02682836496237,0.0,0.0,0.0
22,3584012,3587012,0,93.0,93.0,0.7071067811865476,92.0,94.0,2.0,0.5,0.007603298722435995,11.999999999999766,1.0,1.2909944487358056,0.0,645.1985915072662,4.90606304255009,0.1477679908820802,0.13920022236537427,0.07400934636170914,0.22984228225332154,0.5,0.0,-0.535857960692641,81.02682836496237,0.0,0.0,0.0
22,3584012,3587012,0,93.0,93.0,0.7071067811865476,92.0,94.0,2.0,0.5,0.007603298722435995,11.999999999999766,1.0,1.2909944487358056,0.0,645.1985915072662,4.90606304255009,0.1477679908820802,0.13920022236537427,0.07400934636170914,0.22984228225332154,0.5,0.0,-0.535857960692641,81.02682836496237,0.0,0.0,0.0
22,3584012,3587012,0,93.0,93.0,0.7071067811865476,92.0,94.0,2.0,0.5,0.007603298722435995,11.999999999999766,1.0,1.2909944487358056,0.0,645.1985915072662,4.90606304255009,0.1477679908820802,0.13920022236537427,0.07400934636170914,0.22984228225332154,0.5,0.0,-0.535857960692641,81.02682836496237,0.0,0.0,0.0
22,4798179,4806179,0,88.77777777777777,89.0,1.547598697464902,86.0,91.0,5.0,2.0,0.017432275691094016,-8.000000000000494,1.0,1.2747548783981961,0.0,676.0515463740281,11.861165471053651,0.09623623616840898,0.05776538742144059,0.13014116492867428,0.18836443291638633,0.1111111111111111,0.4444444444444444,-0.6005430442824645,80.98416641295856,0.0,0.0,0.0
22,4798179,4815179,0,89.11764705882354,89.0,1.2779741754353195,86.0,91.0,5.0,1.0,0.014340304278812166,3.47667638483964,0.0,1.0606601717798212,0.0,673.4073192290693,9.76388527762044,0.11213046451357415,0.07101738090176984,0.11882000701079164,0.285694104374596,0.17647058823529413,0.4117647058823529,-0.47905988206277156,80.1323674716545,0.0,0.0,0.0
22,4798179,4827179,0,89.0,89.0,1.3513278493843524,86.0,92.0,6.0,2.0,0.015183458981846656,-0.961538461538479,3.0,1.2613124477737825,0.0,674.3125760447202,10.22867041617214,0.08724733969444756,0.04305448720772777,0.11067533293245864,0.24273906510280932,0.13043478260869565,0.5652173913043478,-0.319129845363612,81.85809865951195,0.0,0.0,0.0
22,4798179,4832179,0,89.03571428571429,89.0,1.3223934701124012,86.0,92.0,6.0,2.0,0.014852393567247183,-0.11399942681839233,0.0,1.186342028003479,0.0,674.0353657872514,9.999196317735278,0.07414031011445109,0.02978814680654011,0.10420718166467265,0.1811919100999166,0.10714285714285714,0.6428571428571429,-0.30320745969540214,82.89020852054925,0.0,0.0,0.0
22,4803179,4832179,0,89.04347826086956,89.0,1.301446047573545,86.0,92.0,6.0,2.0,0.01461584916708571,0.013705457263951268,5.0,1.224744871391589,0.0,673.9718373231719,9.834852740056055,0.06365334294675201,0.035696264497132285,0.08100975392881402,0.1423860586721543,0.08695652173913043,0.6521739130434783,-0.06879835918798544,83.71475429596539,0.0,0.0,0.0
22,4813179,4832179,0,89.14285714285714,88.5,1.355261854357877,88.0,92.0,4.0,2.0,0.015203257981578748,-4.0731482699646495,2.0,1.3008872711759818,0.0,673.2307460376412,10.118437550890883,0.030068901936530338,0.018389814133768747,0.03468843625863644,0.06332035706155982,0.0,0.8571428571428571,0.12470789422986671,86.54067409982818,0.0,0.0,0.0
22,4823179,4832179,0,88.6,88.0,1.0198039027185568,88.0,91.0,3.0,0.75,0.011510202062286194,16.7272727272728,3.0,0.5773502691896257,0.0,677.2891902105387,7.6705856157066385,0.016593287869608155,0.013950056308630769,0.01201574918358963,0.036091822482421335,0.0,1.0,-0.23128727015174963,87.15383138685856,0.0,0.0,0.0
22,6871805,6877818,0,83.14285714285714,83.0,0.6388765649999399,82.0,84.0,2.0,0.5,0.007684082396906495,-12.828428447128216,1.0,0.7071067811865476,0.0,721.6921443864056,5.551943662108145,0.021762085733378872,0.01585352590424815,0.018938530885647016,0.04064263173354121,0.0,0.8571428571428571,-0.26724119112598194,81.37203200604239,0.0,0.0,0.0
22,6871805,6887847,0,84.6470588235294,84.0,1.8768301333580961,82.0,88.0,6.0,4.0,0.022172419921534146,18.774894079746467,3.0,0.75,0.0,709.1711470905799,15.587558154190875,0.024913882500909295,0.015530283877951448,0.03495825055807661,0.04329391368849855,0.058823529411764705,0.8823529411764706,0.21860392031146814,82.5894353357579,0.0,0.0,0.0
22,6871805,6897886,0,85.92592592592592,87.0,2.308212807538205,82.0,90.0,8.0,4.5,0.026862821467039454,14.636897187520823,3.0,0.7595545253127499,0.0,698.7825562393409,18.86652467522813,0.04613278137962665,0.016002412114205403,0.08320734425362826,0.10376692660293585,0.07407407407407407,0.7407407407407407,0.19751542313574205,82.1367301124126,0.0,0.0,0.0
22,6871805,6907902,0,86.20588235294117,87.0,2.1526920460164987,82.0,90.0,8.0,4.0,0.02497152151639746,9.043413471044776,4.0,0.8528028654224418,0.0,696.4477499930229,17.60657950765422,0.0399219417652759,0.015927969009226776,0.07534334219269344,0.07248028271327632,0.058823529411764705,0.7941176470588235,0.14310418412962467,82.89649337199867,0.0,0.0,0.0
22,6873810,6914941,0,87.075,87.0,2.503872001520845,82.0,92.0,10.0,2.0,0.028755348854675223,9.732867976627134,9.0,0.8320502943378437,0.0,689.6366889239863,20.02731111062839,0.048001949156756804,0.017895453226205338,0.07329459253498306,0.13220651014771026,0.05,0.7,0.16182894018950356,83.08667752961938,0.0,0.0,0.0
22,6883835,6927119,0,88.44117647058823,88.0,1.498846153675401,86.0,92.0,6.0,2.75,0.01694737919021072,4.214367730145499,3.0,0.9692233691951198,0.0,678.609578230446,11.363694595611996,0.05991856181996688,0.029918647194968916,0.0789154872353012,0.14304634731484153,0.08823529411764706,0.5882352941176471,0.008104146971127905,83.44148282366854,0.0,0.0,0.0
22,6893884,6927119,0,88.625,88.0,1.6282019735483269,86.0,92.0,6.0,3.0,0.01837181352381751,6.631336836858584,2.0,1.0215078369104984,0.0,677.2362146382169,12.322217654319108,0.06560156886982656,0.0386593985536,0.08635600759458052,0.13335869356755317,0.08333333333333333,0.5416666666666666,-0.011220785010625484,83.16898415793004,0.0,0.0,0.0
23,1084786,1129291,0,79.04545454545455,79.0,2.392740397863974,75.0,84.0,9.0,4.0,0.030270436315702948,3.7528435239422637,2.0,1.2199885626608373,0.0,759.7474312504442,22.822825556107407,0.036630227682521006,0.020156019880228006,0.04550605910398607,0.0686807355427131,0.06818181818181818,0.8636363636363636,-0.18652274836722488,76.25231488972464,0.0,0.0,0.0
23,1094797,1139291,0,78.72727272727273,78.0,2.3390327873215653,75.0,84.0,9.0,3.25,0.029710578129950597,-0.14995781587434517,4.0,1.1613945106217463,0.0,762.7844605237705,22.216314798567733,0.034957295601025146,0.019729113489355486,0.0453852502325866,0.06067802392752474,0.06818181818181818,0.8863636363636364,-0.10488250238857623,76.06813639740939,0.0,0.0,0.0
23,1104811,1149291,0,78.55813953488372,78.0,2.2443969053850767,75.0,84.0,9.0,2.5,0.02856988363870879,-4.743209897414346,0.0,1.0690449676496976,0.0,764.3701957577202,21.171440408848536,0.031096821664042974,0.021116520180168102,0.041076369568856984,0.042300755183207334,0.046511627906976744,0.9069767441860465,-0.0185916466894816,76.18890669074327,0.0,0.0,0.0
23,1115291,1159291,0,78.62222222222222,78.0,2.213984732346122,75.0,84.0,9.0,3.0,0.0281597831982972,-5.36758893280633,1.0,0.9885710532241612,0.0,763.7315203907104,20.906423520325323,0.01936524444037119,0.019300975969823032,0.006308213382591668,0.02691824811768634,0.0,1.0,0.12809415045428585,77.12860787733214,0.0,0.0,0.0
23,1125291,1169291,0,78.44444444444444,78.0,1.9385625322279452,75.0,83.0,8.0,3.0,0.024712553526985138,5.8023715415020565,1.0,0.8660254037844386,0.0,765.3290496939788,18.479659804027673,0.02109784238248586,0.021030102764003373,0.011720338777571905,0.026679066681802446,0.0,0.9777777777777777,0.36703260020594775,76.82363157424093,0.0,0.0,0.0
23,1135291,1173291,0,78.53846153846153,78.0,1.9721932844132732,77.0,83.0,6.0,3.0,0.025111177960208182,6.09716599190282,0.0,0.6069769786668839,0.0,764.4264422477091,18.702183951708594,0.020951347549409232,0.021030102764003373,0.012489171508049438,0.02659069875976193,0.0,0.9743589743589743,0.3880608239243532,76.92674261802729,0.0,0.0,0.0
23,1145291,1173291,0,79.06896551724138,78.0,2.0330210997218865,77.0,83.0,6.0,3.0,0.025711998208432056,5.970443349753625,0.0,0.7071067811865476,0.0,759.3249467397541,19.206355985614053,0.021115730730322437,0.02101714654691767,0.014372703474960807,0.026640969931043056,0.0,0.9655172413793104,0.4282760070182999,77.43389229807445,0.0,0.0,0.0
23,1155291,1173291,0,80.0,80.0,1.9194297398747862,77.0,83.0,6.0,3.0,0.023992871748434827,-6.8421052631578005,1.0,0.8498365855987975,0.0,750.4308259586894,17.960998512538872,0.025316532836928397,0.023935983001010266,0.01564997659740618,0.027960863637165653,0.0,0.9473684210526315,0.2316440761817077,78.02468548775815,0.0,0.0,0.0
23,1165291,1173291,0,79.11111111111111,79.0,1.6629588385661962,77.0,82.0,5.0,2.0,0.021020547116707537,-38.00000000000041,5.0,0.7905694150420949,0.0,758.7605361781204,15.87141321644619,0.028268290972314966,0.023935983001010266,0.021526899429449565,0.03845019708198277,0.0,0.8888888888888888,0.6420644604404719,76.93625467756557,0.0,0.0,0.0
23,4595797,4598799,1,75.0,75.0,0.0,75.0,75.0,0.0,0.0,0.0,6.87821344853081e-13,0.0,0.0,0.0,800.0,0.0,0.003929019621992934,0.004300239881401894,0.0024513884546253357,0.006382303378692107,0.0,1.0,0.0,74.70647678681465,0.0,0.0,0.0
23,4595797,4608146,1,74.6923076923077,74.0,0.910166120476864,74.0,77.0,3.0,1.0,0.012185540232954924,3.214295684085249,2.0,0.7071067811865476,0.0,803.413087623614,9.644670032068584,0.010252427425538026,0.005892510701636068,0.01116667519325766,0.026865828492755095,0.0,1.0,-0.1622574075382718,73.93430163058231,0.0,0.0,0.0
23,4595797,4619146,1,75.69565217391305,76.0,1.3967285568877401,74.0,78.0,4.0,3.0,0.01845189937301437,8.219771409538382,1.0,0.7071067811865476,0.0,792.9175531006194,14.614977991195842,0.028763751151828262,0.01575999268017289,0.04146074860709076,0.05725395361579837,0.08695652173913043,0.8695652173913043,0.2630052780938166,73.57923730221094,0.0,0.0,0.0
23,4595797,4629146,1,75.66666666666667,76.0,1.3853490243227227,73.0,78.0,5.0,3.0,0.018308577413956684,2.355877826993369,1.0,0.9842509842514764,0.0,793.2175341102392,14.530413879526177,0.05481129341892903,0.027456860476078374,0.06651269346189075,0.1536562026309781,0.15151515151515152,0.6666666666666666,-0.04405101747703729,71.73479004136419,0.0,0.0,0.0
23,4595797,4632146,1,75.69444444444444,76.0,1.350297178081848,73.0,78.0,5.0,2.25,0.0178387884076868,2.046940927422067,0.0,0.9856107606091623,0.0,792.9131413630333,14.161742705937145,0.05774449001989837,0.03109215908240901,0.06467336551548043,0.15303803636185342,0.1388888888888889,0.6111111111111112,-0.02006622617836771,71.56212597526314,0.0,0.0,0.0
23,4605146,4649146,1,76.07142857142857,76.0,1.279748061940637,73.0,78.0,5.0,2.0,0.016822979217998985,-2.1117740434616263,1.0,1.1055415967851334,0.0,788.9578226791124,13.402595155950747,0.07157115713624847,0.050547569386088134,0.06697112128927353,0.1675009552581969,0.17857142857142858,0.5,-0.2925650733288918,70.99055257770083,0.0,0.0,0.0
23,4615146,4653146,1,75.9047619047619,76.0,1.1507662831994832,73.0,78.0,5.0,2.0,0.015160659941774873,-1.6120294762000256,0.0,1.1832159566199232,0.0,790.6476120504343,12.097773325137897,0.09056616420717489,0.07301358515499562,0.06722171948958625,0.19884378608084666,0.23809523809523808,0.3333333333333333,-0.30359927771627776,69.60124419405906,0.0,0.0,0.0
23,4625146,4669729,1,74.57142857142857,75.0,1.2936264483053452,72.0,77.0,5.0,1.0,0.017347481107542945,-2.2023445449956607,2.0,1.140175425099138,0.0,804.8398445864713,13.961545100958173,0.06491320984671006,0.05236803234894754,0.06484048810695456,0.11817210984416131,0.09523809523809523,0.47619047619047616,-0.07929457564750063,70.02582734621427,0.0,0.0,0.0
23,4649146,4679729,1,73.0,73.0,1.7693034738587656,70.0,77.0,7.0,3.0,0.024237033888476242,-10.44871583458417,3.0,1.02247471629109,0.0,822.397945551399,19.81661631171396,0.03274566251160515,0.01784501902395931,0.03333306751044677,0.09410277958203597,0.0,0.782608695652174,-0.14514225759104352,70.68536102341625,0.0,0.0,0.0
23,4649146,4684729,1,73.17857142857143,73.0,1.6914400337449458,70.0,77.0,7.0,3.0,0.023113870641707408,-5.254461256481976,2.0,1.0540925533894598,0.0,820.3499705332622,18.947937623555553,0.028516167963945443,0.016887499229214793,0.03177941115504884,0.0840586096985023,0.0,0.8214285714285714,-0.20002825267157695,71.14965589061767,0.0,0.0,0.0
23,4660146,4684729,1,72.88,73.0,1.5051910177781422,70.0,75.0,5.0,2.0,0.02065300518356397,-3.259786647639466,2.0,0.9574271077563381,0.0,823.6231358284224,17.046980107395132,0.02992704377262236,0.0171128991934349,0.03268894957787228,0.09008511162862252,0.0,0.8,-0.13943723925228974,70.76229373785601,0.0,0.0,0.0
23,4665146,4684729,1,72.45,72.5,1.3592277219068185,70.0,75.0,5.0,2.0,0.018760907134669682,3.345621700797081,1.0,1.0513149660756937,0.0,828.447838704447,15.487033494009838,0.028495309964316234,0.017478959108697106,0.03173098651281786,0.08037320872801614,0.0,0.85,-0.21981245065072336,70.44271305672135,0.0,0.0,0.0
23,4675729,4684729,1,72.7,72.5,1.4866068747318506,71.0,75.0,4.0,2.5,0.020448512719832883,22.90909090909109,1.0,1.0,0.0,825.6524361521467,16.77328424603391,0.022610890582346783,0.015029554032749401,0.027885643036872965,0.03845758826763231,0.0,0.9,-0.5089234117379964,71.0925344816145,0.0,0.0,0.0
23,5011288,5019288,1,79.25,79.0,0.4330127018922193,79.0,80.0,1.0,0.25,0.005463882673718856,2.7096774193547652,0.0,0.816496580927726,0.0,757.120253164557,4.110880081255252,0.041857962487718225,0.03258544307566971,0.03392941592695274,0.08005904457520242,0.0,0.75,0.9258081747540384,76.06603093071261,0.0,0.0,0.0
23,5011288,5029288,1,80.0,80.0,1.0540925533894598,79.0,82.0,3.0,2.0,0.013176156917368249,7.657822506861757,3.0,1.4577379737113252,0.0,750.1292757887729,9.811890463606474,0.034624194986986406,0.015683770701508767,0.03704111790796534,0.09806694184284993,0.0,0.7777777777777778,-0.1386627487940667,77.32276162457833,0.0,0.0,0.0
23,5011288,5039288,1,78.6842105263158,79.0,1.9208723779889114,75.0,82.0,7.0,3.0,0.024412424870762083,-8.862443122156014,4.0,1.2018504251546631,0.0,762.9987088097172,18.721688990067527,0.021546244428969186,0.010949801668869266,0.028695353210227804,0.05304850434632791,0.0,0.8947368421052632,0.16866945773539982,77.0246192528457,0.0,0.0,0.0
23,5011288,5049288,1,77.6896551724138,77.0,2.1672077741338853,74.0,82.0,8.0,3.0,0.02789570592538068,-9.957823988452388,4.0,1.2817398889233114,0.0,772.901485492727,21.440834736803676,0.018657137351627696,0.008298938512418178,0.024760000995549928,0.0427522508767263,0.0,0.9310344827586207,0.2518144353252318,76.26673619977424,0.0,0.0,0.0
23,5017288,5058288,1,76.69444444444444,77.0,2.6751889283691974,72.0,82.0,10.0,4.0,0.03488113054012717,-12.182095485604444,7.0,1.2071217242444348,0.0,783.2744530705004,27.231441479112807,0.01885088881725603,0.009794763310889831,0.023247431728276705,0.043514194809648514,0.0,0.9444444444444444,0.15741111844051622,75.27543557769873,0.0,0.0,0.0
23,5027288,5069288,1,75.73684210526316,75.0,2.290532120735678,72.0,82.0,10.0,2.75,0.03024330110769832,-8.30813432517382,4.0,1.3949716649258315,0.0,792.9293108068523,23.579906240971663,0.019022048397252845,0.010177165817158426,0.02042702882376754,0.04517080857772867,0.0,0.9210526315789473,-0.3879737911362466,74.323065162706,0.0,0.0,0.0
23,5035288,5079288,1,74.85365853658537,75.0,1.3715039921472731,72.0,77.0,5.0,2.0,0.018322471058337633,-2.5258070879084595,3.0,1.2747548783981961,0.0,801.8345732327481,14.76965493525339,0.018648645569129305,0.01012364936552815,0.01990667218607471,0.044784101364518866,0.0,0.926829268292683,-0.24162100032527967,73.48329461996573,0.0,0.0,0.0
23,5045288,5084288,1,74.41666666666667,75.0,1.114924013354971,72.0,77.0,5.0,1.0,0.01498218159043634,0.5189028910302766,0.0,1.3309502512973848,0.0,806.4531715396893,12.16225602968408,0.01859066721034343,0.00817902534271862,0.02098242054182974,0.04242675921398824,0.0,0.9166666666666666,-0.28008332411450354,73.05846112891912,0.0,0.0,0.0
23,5055288,5084288,1,74.29629629629629,74.0,1.1160384572829158,72.0,76.0,4.0,1.0,0.015021454808892687,3.692039764893785,3.0,1.3155870289605438,0.0,807.7612580136012,12.250448536962256,0.021879300180161418,0.016174226080600485,0.02294824319504839,0.05164184134338648,0.0,0.8888888888888888,-0.280517100213558,72.70554974858338,0.0,0.0,0.0
23,5065288,5084288,1,74.73684210526316,75.0,0.713929471907923,74.0,76.0,2.0,1.0,0.009552577441021504,-2.13205907906174,1.0,1.0274023338281628,0.0,802.8898704798983,7.6389698223033635,0.01474608219266822,0.007120719326630028,0.015108416689774879,0.03424470516599235,0.0,0.9473684210526315,0.07346683315752604,73.65078162585407,0.0,0.0,0.0
23,5075288,5084288,1,74.6,74.5,0.66332495807108,74.0,76.0,2.0,1.0,0.008891755470121717,-0.7272727272727137,1.0,1.1055415967851334,0.0,804.3527738264581,7.111294370172434,0.009273648864489406,0.0053073349230740325,0.010676723132834633,0.025838007615722407,0.0,1.0,-0.017979556022833486,73.91454248699621,0.0,0.0,0.0
23,5834131,5839138,1,70.66666666666667,70.5,1.4907119849998598,69.0,73.0,4.0,2.5,0.021094980919809336,51.36155513446167,4.0,0.8944271909999159,0.0,849.4324760021981,17.82026644650584,0.017705322978110605,0.01143712324339875,0.018868516528368802,0.041595332023969825,0.0,1.0,0.5104166309087768,69.43725759424628,0.0,0.0,0.0
23,5834131,5848988,1,74.06666666666666,75.0,3.0868898407440604,69.0,78.0,9.0,5.0,0.04167718056810163,38.2452668442893,9.0,0.8864052604279183,0.0,811.5153210905785,34.432617231957245,0.05923999535306667,0.03856804102109457,0.06270308964420726,0.11805831309280963,0.06666666666666667,0.6666666666666666,0.3130960253428297,69.92434858162498,0.0,0.0,0.0
23,5834131,5858988,1,75.6,77.0,3.111269837220809,69.0,80.0,11.0,4.0,0.041154362926201185,20.96461784348074,7.0,0.9354143466934853,0.0,795.0517030420274,34.064539353841994,0.0615633506560152,0.03856804102109457,0.0619947057891587,0.12374243515230957,0.08,0.64,0.24952692482150854,71.21572156130051,0.0,0.0,0.0
23,5834131,5868988,1,75.6,76.0,2.696028825619531,69.0,80.0,11.0,3.0,0.035661756952639304,7.50503602737875,5.0,0.954863710632231,0.0,794.7000658209741,29.450121697871964,0.06071595825779676,0.04380284978853379,0.05616137549494652,0.12374243515230957,0.05714285714285714,0.5714285714285714,0.21587767320151766,71.27261488944823,0.0,0.0,0.0
23,5835133,5878988,1,75.02272727272727,75.0,2.649945422796789,69.0,80.0,11.0,4.0,0.035321902030614576,-2.118453087395435,2.0,0.914991421995628,0.0,800.7697387001482,28.673409010200547,0.05944275679124666,0.039684841345236276,0.0547184482772341,0.12426256730421725,0.06818181818181818,0.5909090909090909,0.13312151771873887,70.81338448143245,0.0,0.0,0.0
23,5844988,5888988,1,75.46666666666667,76.0,2.5612496949731396,70.0,80.0,10.0,4.0,0.03393882104646386,-5.628458498023696,4.0,1.0,0.0,795.9815243454152,27.37545530712272,0.05274124844612482,0.03921754283992419,0.044515764327293914,0.1008048769149029,0.044444444444444446,0.6,-0.018897416872942073,71.68586466812957,0.0,0.0,0.0
23,5854988,5898988,1,75.33333333333333,75.0,2.556038601690775,70.0,81.0,11.0,3.0,0.03392971595164746,0.9486166007905222,1.0,1.0552897060221726,0.0,797.382156487035,27.196176418916487,0.046687919931612594,0.036570902052015956,0.03874439620881246,0.09573578663822006,0.022222222222222223,0.6,-0.14057056107809227,71.97306083197691,0.0,0.0,0.0
23,5864988,5908988,1,75.2,75.0,2.7535835237417845,70.0,81.0,11.0,4.0,0.03661680217741735,4.99604743083008,4.0,1.1281521496355325,0.0,798.9438603934668,29.285250013195856,0.052861542084786814,0.03921754283992419,0.0474099368153381,0.11548459584682738,0.044444444444444446,0.5777777777777777,-0.036297972239826976,71.42439627065811,0.0,0.0,0.0
23,5874988,5918988,1,74.86363636363636,75.5,3.2862724745309086,69.0,81.0,12.0,6.0,0.04389677865190042,-0.19825294341047014,6.0,1.47852849537231,0.023255813953488372,803.0117871174317,35.438569008544945,0.056081996024902936,0.03504731575238182,0.06143351062217223,0.13403124286184112,0.09090909090909091,0.6136363636363636,0.16271126616042286,70.8880907405139,0.0,0.0,0.0
23,5884988,5923988,1,75.76923076923077,77.0,3.075640758435662,69.0,81.0,12.0,3.5,0.04059221305549605,-6.991270707271195,2.0,1.504379571363837,0.02631578947368421,793.221128812972,33.11193623389613,0.05259346395529919,0.028659712841406202,0.061888617338071945,0.12648841979971134,0.07692307692307693,0.6666666666666666,0.21461360551776468,71.98337569427325,0.0,0.0,0.0
23,5894988,5923988,1,75.0,76.0,3.0625659739551057,69.0,79.0,10.0,6.0,0.040834212986068076,-4.3575366199402605,1.0,1.5698043554168508,0.03571428571428571,801.3634009524314,33.40742288662628,0.05590612038028792,0.02436921464899342,0.06890652578968239,0.14267559753428252,0.10344827586206896,0.6551724137931034,0.31278375580924755,71.02904183658724,0.0,0.0,0.0
23,5904988,5923988,1,73.84210526315789,74.0,3.082431676704489,69.0,79.0,10.0,5.5,0.04174355086057398,12.311750599520312,2.0,1.8257418583505538,0.05555555555555555,813.9587971738785,33.89726568127025,0.05993698543757416,0.02436921464899342,0.07239784653718769,0.14267559753428252,0.10526315789473684,0.6842105263157895,0.4862246680213697,69.66650496932478,0.0,0.0,0.0
23,5914988,5923988,1,75.77777777777777,76.0,2.3934065809486684,72.0,79.0,7.0,3.0,0.031584544323369525,18.70588235294112,3.0,2.318404623873926,0.125,792.5907043828429,25.396798641599666,0.07198611469906148,0.023044711513527338,0.0915760121527569,0.18648895187544554,0.2222222222222222,0.6666666666666666,0.5138979950592358,70.68914115464159,0.0,0.0,0.0
23,7075084,7079089,1,77.4,77.0,1.8547236990991407,75.0,80.0,5.0,3.0,0.023962838489652978,-77.90531195145475,5.0,1.3228756555322954,0.0,775.6376268634763,18.524124348323713,0.01464400679510559,0.014437003947265731,0.0010539808597760851,0.015868813392362992,0.0,1.0,0.016662842944520966,76.2829125108408,0.0,0.0,0.0
23,7075084,7089103,1,73.2,72.0,3.290390047800817,69.0,80.0,11.0,4.5,0.04495068371312591,-38.73045489503471,8.0,1.3093073414159542,0.0,821.2778761212808,35.74894514402638,0.017824913139022694,0.0161352775942947,0.009809848578454999,0.02587448783087965,0.0,1.0,-0.21454471354122148,71.9180667078069,0.0,0.0,0.0
23,7075084,7099115,1,73.88,74.0,2.7758962516635957,69.0,80.0,11.0,4.0,0.03757304076426091,-1.9360728362638668,6.0,1.1902380714238083,0.0,813.2674612045062,30.361015839069623,0.02676585424191735,0.017605557879683164,0.03428848265326069,0.039065362448104955,0.04,0.92,0.21456519489328152,71.95408738494439,0.0,0.0,0.0
23,7075084,7109129,1,74.2,75.0,2.4236925783369707,69.0,80.0,11.0,3.0,0.03266432046276241,1.7790878339607634,4.0,1.0846522890932808,0.0,809.4930148615808,26.590367513781995,0.028394388052919065,0.02038745657943882,0.03302286080136501,0.06245620208742074,0.02857142857142857,0.8571428571428571,0.2013020687061027,72.15130776869022,0.0,0.0,0.0
23,7075084,7119149,1,74.64444444444445,75.0,2.3584887398082843,69.0,80.0,11.0,2.0,0.03159630642791688,3.394238370427272,6.0,1.044465935734187,0.0,804.6248237711353,25.791655312441936,0.0344258049212717,0.024532622227795807,0.04698105191597762,0.06436016518119111,0.044444444444444446,0.8444444444444444,0.0904921403520215,72.16026909742985,0.0,0.0,0.0
23,7085097,7129585,1,75.13636363636364,75.5,2.0515061993448653,69.0,78.0,9.0,2.0,0.02730377276805023,6.8776216538697,7.0,0.9764672918705589,0.0,799.1627223589945,22.528004984763896,0.04687365446842873,0.02977375371955504,0.05883536875334894,0.08900052168280767,0.09090909090909091,0.7727272727272727,0.18208438431774157,71.77214109425235,0.0,0.0,0.0
23,7095110,7139585,1,75.70454545454545,76.0,1.2354525386297166,73.0,78.0,5.0,1.0,0.01631939708787377,0.6833547338225748,3.0,1.0454775252553032,0.0,792.7655245116083,12.915932856976804,0.05772881988001703,0.033422794744873086,0.0686758587977101,0.1107699831275451,0.09090909090909091,0.6818181818181818,-0.07626172210664091,71.57273587679398,0.0,0.0,0.0
23,7105125,7149585,1,76.0,76.0,1.1870513506545997,73.0,78.0,5.0,2.0,0.01561909671913947,-0.3520569287987796,1.0,1.1910519095164538,0.0,789.6669096905055,12.373982561905331,0.06110611406991542,0.033422794744873086,0.07580970739158278,0.1644629601473797,0.11363636363636363,0.6818181818181818,-0.1685318844975748,71.62337394183785,0.0,0.0,0.0
23,7115144,7159585,1,76.06818181818181,76.0,1.1361363409045442,73.0,78.0,5.0,1.0,0.01493576307134746,0.5924267256711861,0.0,1.1613945106217463,0.0,788.94347045032,11.880852828619963,0.06604733870370137,0.04009920531148666,0.07670992599241407,0.17555364766051842,0.13636363636363635,0.6136363636363636,-0.21749666733171116,71.35535079584709,0.0,0.0,0.0
24,4823753,4859753,0,96.5,97.0,1.2583057392117916,94.0,98.0,4.0,0.75,0.013039437712039291,2.1702127659574484,1.0,2.04939015319192,0.0,621.8688122320655,8.218356695431428,0.1657577394195238,0.14674817135321844,0.12603068839243925,0.3237381817160718,0.5,0.16666666666666666,-0.28686963526656767,82.77877704509267,0.0,0.0,0.0
24,4849753,4859753,0,96.6,97.0,1.3564659966250534,94.0,98.0,4.0,0.0,0.014042091062371155,16.380368098159643,3.0,2.0615528128088303,0.0,621.2425746784786,8.871111727786769,0.18859919263504757,0.1913584332767712,0.1262144579278649,0.3278164351745678,0.6,0.2,-0.39891672224683367,81.27214001032932,0.0,0.0,0.0
24,4849753,4859753,0,96.6,97.0,1.3564659966250534,94.0,98.0,4.0,0.0,0.014042091062371155,16.380368098159643,3.0,2.0615528128088303,0.0,621.2425746784786,8.871111727786769,0.18859919263504757,0.1913584332767712,0.1262144579278649,0.3278164351745678,0.6,0.2,-0.39891672224683367,81.27214001032932,0.0,0.0,0.0
24,4849753,4859753,0,96.6,97.0,1.3564659966250534,94.0,98.0,4.0,0.0,0.014042091062371155,16.380368098159643,3.0,2.0615528128088303,0.0,621.2425746784786,8.871111727786769,0.18859919263504757,0.1913584332767712,0.1262144579278649,0.3278164351745678,0.6,0.2,-0.39891672224683367,81.27214001032932,0.0,0.0,0.0
24,6641824,6650847,0,102.55555555555556,102.0,1.1653431646335017,101.0,105.0,4.0,1.0,0.011363042775407926,-20.21580019125099,4.0,0.7071067811865476,0.0,585.1235329694597,6.581292699285771,0.07202775446075384,0.04291376584881246,0.061773362043952514,0.13712283610695158,0.1111111111111111,0.5555555555555556,-0.5922861172898467,95.66501905274136,0.0,0.0,0.0
24,6641824,6660847,0,102.47368421052632,102.0,0.9930506454796425,101.0,105.0,4.0,1.0,0.009690786987217877,-1.4373356849720385,2.0,0.5773502691896257,0.0,585.5708856794517,5.645776598559699,0.039993881501046505,0.020462153634348442,0.05258393234602346,0.12164665312053681,0.05263157894736842,0.7894736842105263,-0.37801685128912565,98.53296835037504,0.0,0.0,0.0
24,6641824,6670847,0,102.27586206896552,102.0,0.866883109653554,101.0,105.0,4.0,1.0,0.008475930606862126,-2.1073996208246113,4.0,0.5345224838248488,0.0,586.6904786520345,4.931309322762486,0.03142895733888106,0.01705976470449132,0.04461858996504486,0.10684923437154158,0.034482758620689655,0.8620689655172413,-0.2427779554387191,99.15938595794367,0.0,0.0,0.0
24,6641824,6680847,0,101.48717948717949,102.0,1.583112722095706,98.0,105.0,7.0,1.5,0.015599140010543843,-6.372609547443006,6.0,0.5619514869490163,0.0,591.3527205402512,9.299752587716606,0.02835268024122026,0.01705976470449132,0.040283492580589005,0.08185246628381744,0.02564102564102564,0.8717948717948718,0.0016291089229382378,98.68907957080803,0.0,0.0,0.0
24,6646847,6687847,0,100.14285714285714,101.5,3.1590491982137117,90.0,103.0,13.0,3.0,0.031545427086299545,-11.96013289036539,10.0,1.2493900951088486,0.024390243902439025,599.7798888360207,20.17426524063916,0.03243730246764346,0.01704959115733399,0.04221154930770496,0.1038388109723351,0.023809523809523808,0.8095238095238095,-0.2687347188520816,96.99655068981355,0.0,0.0,0.0
24,6656847,6687847,0,99.625,100.0,3.4437443284889775,90.0,103.0,13.0,4.0,0.034567069796627124,-19.46480938416423,11.0,1.4027622519457354,0.03225806451612903,603.0200336481421,22.052844028875494,0.02483630562725444,0.01349951959427853,0.029823923837866667,0.06952136159612844,0.0,0.84375,-0.6041222497849992,97.21064666910311,0.0,0.0,0.0
24,6666847,6710847,0,98.16666666666667,99.0,3.3124344857252987,90.0,102.0,12.0,3.0,0.033742965898729695,-11.288846061190187,6.0,1.933683126777138,0.043478260869565216,611.9333311649974,21.58988178247464,0.03292523162893227,0.018567162128532343,0.03547670835676465,0.09351593574119155,0.0,0.75,-0.5895434073748435,95.03753385117426,0.0,0.0,0.0
24,6676847,6717847,0,96.71428571428571,98.0,2.6751565533691695,90.0,99.0,9.0,2.0,0.027660407494215934,0.9756185987492443,1.0,2.085665361461421,0.05,620.881260407555,17.98163458416321,0.04874637594914696,0.02411823251891487,0.04410757170946976,0.1068757348380032,0.047619047619047616,0.6190476190476191,-0.25834693700320926,92.218946288855,0.0,0.0,0.0
24,6686847,6730847,0,97.5,98.5,2.7131367660166177,90.0,101.0,11.0,2.75,0.02782704375401659,12.330316742081392,9.0,1.697749375254331,0.0,615.8814899996999,17.86651787064369,0.06646871698567487,0.06632734389939945,0.043602171333417365,0.11173710479248301,0.05555555555555555,0.5,-0.3071906843068549,91.42321612168737,0.0,0.0,0.0
24,6707847,6730847,0,98.3125,99.0,1.4882351124738322,96.0,101.0,5.0,2.0,0.015137801525480811,9.26192824091614,2.0,1.1547005383792515,0.0,610.4391400177783,9.27241669584243,0.06040505434695054,0.045733863526179856,0.042422577685683936,0.10372622853392331,0.0625,0.5625,0.038726245054547255,92.7122136932341,0.0,0.0,0.0
24,6707847,6730847,0,98.3125,99.0,1.4882351124738322,96.0,101.0,5.0,2.0,0.015137801525480811,9.26192824091614,2.0,1.1547005383792515,0.0,610.4391400177783,9.27241669584243,0.06040505434695054,0.045733863526179856,0.042422577685683936,0.10372622853392331,0.0625,0.5625,0.038726245054547255,92.7122136932341,0.0,0.0,0.0
24,6716847,6730847,0,99.33333333333333,99.0,0.816496580927726,98.0,101.0,3.0,1.0,0.008219764237527443,1.320541760721958,0.0,1.4142135623730951,0.0,604.0674815780898,4.943944167990267,0.057559434990274,0.04912197017438203,0.03584926698773848,0.10313213029624442,0.0,0.5555555555555556,-0.04854750821931151,93.92695109778569,0.0,0.0,0.0
24,6726847,6730847,0,99.25,99.0,0.4330127018922193,99.0,100.0,1.0,0.25,0.004362848381785585,-11.999999999999872,1.0,0.5773502691896257,0.0,604.5454545454545,2.6243194054073657,0.06222795346964556,0.06293923725119728,0.021520106344573464,0.0837915851794593,0.0,0.5,-0.6196596444552321,93.43568833395062,0.0,0.0,0.0
24,7496275,7532293,1,89.0,89.0,2.5495097567963922,86.0,92.0,6.0,4.5,0.028646177042656092,-9.66318423382561,5.0,3.0,0.0,674.7110408506455,19.331415775939305,0.017485211476301925,0.014988136774953304,0.01406742585065999,0.03313622179349938,0.0,1.0,-0.07041316320646793,87.47055878175078,0.0,0.0,0.0
24,7521428,7550293,1,82.375,82.0,2.912795049432761,79.0,87.0,8.0,4.75,0.03536018269417616,-16.945383999915332,8.0,1.3093073414159542,0.0,729.2793692602639,25.54671999056345,0.04346517118795827,0.039363924250999605,0.03670739396064731,0.08047252609168326,0.0,0.625,-0.37531645913997463,78.94369862505154,0.0,0.0,0.0
24,7521428,7560293,1,81.5,81.0,2.386303510546059,79.0,87.0,8.0,3.75,0.029279797675411768,-9.461131933210103,5.0,1.0571882797418488,0.0,736.8141374531967,21.10993992244785,0.059420610441853414,0.04192253670458661,0.05979719875158356,0.14431061172374082,0.1111111111111111,0.6111111111111112,-0.23373645205388885,76.92884128996579,0.0,0.0,0.0
24,7532293,7567293,1,80.8695652173913,81.0,2.070587982572288,77.0,86.0,9.0,3.0,0.025604044945786362,-7.164482602801668,9.0,1.0660035817780522,0.0,742.4176619601036,18.842345529623458,0.08911400166226359,0.04543074882675997,0.11078967457745793,0.20250426202526237,0.17391304347826086,0.5217391304347826,0.043274456600301395,74.25261735131848,0.0,0.0,0.0
24,7543293,7567293,1,80.63636363636364,80.5,1.7976109030259262,77.0,84.0,7.0,3.0,0.022292807140118588,-3.7659488740653972,7.0,1.0,0.0,744.4514457489877,16.61437732721536,0.09312512325194972,0.05381496330588442,0.1116343489531888,0.2087119832288595,0.18181818181818182,0.5,0.1589264359813793,73.76681948035157,0.0,0.0,0.0
24,7547293,7584293,1,80.54545454545455,80.5,1.6713433009863847,77.0,83.0,6.0,3.0,0.02075031186326211,3.4608370668888373,1.0,1.5886502207249789,0.047619047619047616,745.243336784781,15.538034269727317,0.09533428727595403,0.055371837620367015,0.1107711653598201,0.2087119832288595,0.18181818181818182,0.5,0.21153061246758725,73.53504357630162,0.0,0.0,0.0
24,7556293,7584293,1,81.23076923076923,82.0,1.8040060614705498,77.0,83.0,6.0,1.0,0.02220840795370942,0.00948616600803131,1.0,1.9790570145063195,0.08333333333333333,739.0111010841588,16.877454870000882,0.12065686830811694,0.06672893060361738,0.13303067646295955,0.3519100819721504,0.3076923076923077,0.46153846153846156,0.11208910612155483,72.48496085461494,0.0,0.0,0.0
24,7566293,7584293,1,80.0,80.0,2.5495097567963922,77.0,83.0,6.0,4.5,0.0318688719599549,17.3793103448276,4.0,3.559026084010437,0.3333333333333333,750.7626079474448,23.931357923098176,0.06715634629912959,0.06540991219414154,0.03290614080795968,0.10324510753535124,0.0,0.5,-0.2333634097984813,74.96558519980499,0.0,0.0,0.0
24,8892632,8894638,0,93.75,93.5,0.82915619758885,93.0,95.0,2.0,1.25,0.008844332774281066,49.02242871118417,2.0,0.816496580927726,0.0,640.0498500885019,5.6364718897539365,0.15655849553710943,0.1733478251747368,0.10631452911149418,0.2601877188326496,0.5,0.25,0.8816871987633962,81.0594538553471,0.0,0.0,0.0
24,8892632,8894638,0,93.75,93.5,0.82915619758885,93.0,95.0,2.0,1.25,0.008844332774281066,49.02242871118417,2.0,0.816496580927726,0.0,640.0498500885019,5.6364718897539365,0.15655849553710943,0.1733478251747368,0.10631452911149418,0.2601877188326496,0.5,0.25,0.8816871987633962,81.0594538553471,0.0,0.0,0.0
24,8892632,8920756,0,88.2,86.5,4.791659420284375,82.0,95.0,13.0,8.0,0.05432720431161423,-21.59190845133753,6.0,4.496912521077347,0.1111111111111111,682.2708331401146,36.8133989662253,0.07867480233128632,0.0302591104296177,0.09300996208129697,0.2601877188326496,0.2,0.7,0.7066512204578093,81.76699762465734,0.0,0.0,0.0
24,8892632,8921756,0,88.0909090909091,87.0,4.58167387940151,82.0,95.0,13.0,8.0,0.0520107457929996,-19.985907916300263,6.0,4.266145801540309,0.1,682.9421367104491,35.16433467909132,0.0740092423237187,0.029708045897783163,0.08990042470518884,0.2601877188326496,0.18181818181818182,0.7272727272727273,0.7074482204811829,82.02062479491912,0.0,0.0,0.0
24,8915756,8921756,0,84.85714285714286,85.0,1.9587584572574412,82.0,87.0,5.0,3.0,0.02308301212256244,55.714285714286035,5.0,1.35400640077266,0.0,707.4520147801333,16.521084531272393,0.026838240487495415,0.027353642248042487,0.011075022470965675,0.03753340493487577,0.0,1.0,-0.27624571137903525,82.63925077123794,0.0,0.0,0.0
25,448063,486063,1,89.80952380952381,90.0,1.219642711891971,87.0,91.0,4.0,2.0,0.013580327120748352,-0.7609686496768868,0.0,1.0,0.0,668.2048233495623,9.148549333663674,0.15074561462491784,0.14159114154330657,0.14055375715676297,0.24531398008336855,0.47619047619047616,0.2857142857142857,0.16468236402542447,78.04463703196207,0.0,0.0,0.0
25,458063,486063,1,89.45454545454545,89.0,1.3726971700492272,87.0,91.0,4.0,2.5,0.015345191941607215,0.2788014741227821,2.0,1.3416407864998738,0.0,670.8902500174382,10.332620224718877,0.1632534034234435,0.1586815025536509,0.07682992363398912,0.24531398008336855,0.7272727272727273,0.18181818181818182,0.22453377472635538,76.90030838618792,0.0,0.0,0.0
25,480063,512413,1,89.5,89.5,1.118033988749895,88.0,91.0,3.0,1.5,0.012491999874300502,-4.612548476155604,3.0,1.0,0.0,670.4957027990736,8.377087234643422,0.1870272481527862,0.1983993561682098,0.09934387856385668,0.288566935549599,0.75,0.25,-0.2926595394648955,75.3984376847937,0.0,0.0,0.0
25,480063,521413,1,87.38461538461539,87.0,1.7775723089678988,85.0,91.0,6.0,2.0,0.020341936634315744,-6.747369286120045,6.0,0.7071067811865476,0.0,686.9013447197345,13.847692511368017,0.15064676297096422,0.09946374522947705,0.13404635273831414,0.2967116554325041,0.46153846153846156,0.38461538461538464,0.23867935416227498,75.94391102182284,0.0,0.0,0.0
25,512413,521413,1,86.6,86.5,1.1135528725660042,85.0,88.0,3.0,1.75,0.012858578205150165,-22.545454545454515,3.0,0.5773502691896257,0.0,692.9552851978439,8.915803525526451,0.1361783658264441,0.08987512551403623,0.136647683575054,0.2756298323557538,0.4,0.4,0.2947573294398079,76.2204268314932,0.0,0.0,0.0
25,512413,521413,1,86.6,86.5,1.1135528725660042,85.0,88.0,3.0,1.75,0.012858578205150165,-22.545454545454515,3.0,0.5773502691896257,0.0,692.9552851978439,8.915803525526451,0.1361783658264441,0.08987512551403623,0.136647683575054,0.2756298323557538,0.4,0.4,0.2947573294398079,76.2204268314932,0.0,0.0,0.0
25,512413,521413,1,86.6,86.5,1.1135528725660042,85.0,88.0,3.0,1.75,0.012858578205150165,-22.545454545454515,3.0,0.5773502691896257,0.0,692.9552851978439,8.915803525526451,0.1361783658264441,0.08987512551403623,0.136647683575054,0.2756298323557538,0.4,0.4,0.2947573294398079,76.2204268314932,0.0,0.0,0.0
25,518413,521413,1,85.5,85.5,0.5,85.0,86.0,1.0,1.0,0.005847953216374269,-24.00000000000001,1.0,0.5773502691896257,0.0,701.7783857729138,4.10396716826267,0.12393729248420934,0.01628858905859602,0.19418296917099867,0.3291784483523347,0.25,0.75,0.5543673777632746,76.07185967735049,0.0,0.0,0.0
25,1185496,1202496,1,87.33333333333333,86.0,3.543381937578217,85.0,95.0,10.0,2.0,0.040573075621124624,-33.11392405063269,8.0,4.560701700396552,0.2,688.0893918365895,26.29354187574673,0.0969525321839828,0.10186721733157815,0.03237725012076968,0.1311285468825299,0.0,0.16666666666666666,-0.6799229720865819,79.614505433026,0.0,0.0,0.0
25,1185496,1202496,1,87.33333333333333,86.0,3.543381937578217,85.0,95.0,10.0,2.0,0.040573075621124624,-33.11392405063269,8.0,4.560701700396552,0.2,688.0893918365895,26.29354187574673,0.0969525321839828,0.10186721733157815,0.03237725012076968,0.1311285468825299,0.0,0.16666666666666666,-0.6799229720865819,79.614505433026,0.0,0.0,0.0
25,1185496,1202496,1,87.33333333333333,86.0,3.543381937578217,85.0,95.0,10.0,2.0,0.040573075621124624,-33.11392405063269,8.0,4.560701700396552,0.2,688.0893918365895,26.29354187574673,0.0969525321839828,0.10186721733157815,0.03237725012076968,0.1311285468825299,0.0,0.16666666666666666,-0.6799229720865819,79.614505433026,0.0,0.0,0.0
25,1198496,1229496,1,88.125,87.0,3.0998991919093113,85.0,92.0,7.0,7.0,0.03517616104294254,13.421052631578856,7.0,2.0354009783964297,0.0,681.6848928476938,23.70731881894564,0.09004884261804547,0.08410941381609964,0.03247356034764411,0.129229087124634,0.0,0.125,-0.6509407561918542,80.8450012096193,0.0,0.0,0.0
25,1198496,1229496,1,88.125,87.0,3.0998991919093113,85.0,92.0,7.0,7.0,0.03517616104294254,13.421052631578856,7.0,2.0354009783964297,0.0,681.6848928476938,23.70731881894564,0.09004884261804547,0.08410941381609964,0.03247356034764411,0.129229087124634,0.0,0.125,-0.6509407561918542,80.8450012096193,0.0,0.0,0.0
25,6464206,6479197,0,105.75,106.0,0.6614378277661477,105.0,107.0,2.0,1.0,0.006254731231831184,1.6324940173886529,1.0,1.0,0.0,567.3980401541678,3.5419762709268423,0.02696401336256843,0.008637477881925013,0.04115591648828711,0.06399407427422846,0.0,0.875,-0.28589437110401766,102.97342323977334,0.0,0.0,0.0
25,6464206,6479197,0,105.75,106.0,0.6614378277661477,105.0,107.0,2.0,1.0,0.006254731231831184,1.6324940173886529,1.0,1.0,0.0,567.3980401541678,3.5419762709268423,0.02696401336256843,0.008637477881925013,0.04115591648828711,0.06399407427422846,0.0,0.875,-0.28589437110401766,102.97342323977334,0.0,0.0,0.0
25,6464206,6479197,0,105.75,106.0,0.6614378277661477,105.0,107.0,2.0,1.0,0.006254731231831184,1.6324940173886529,1.0,1.0,0.0,567.3980401541678,3.5419762709268423,0.02696401336256843,0.008637477881925013,0.04115591648828711,0.06399407427422846,0.0,0.875,-0.28589437110401766,102.97342323977334,0.0,0.0,0.0
25,6473197,6479197,0,106.0,106.0,0.6324555320336759,105.0,107.0,2.0,0.0,0.005966561622959206,-16.981132075472,2.0,0.7071067811865476,0.0,566.0578885054287,3.377689817374686,0.01451925346562038,0.00856718586552633,0.010568708085648292,0.027152734094466394,0.0,1.0,0.5451310290467283,104.48298505711116,0.0,0.0,0.0
25,6525197,6532197,0,92.0,92.0,1.5811388300841898,90.0,94.0,4.0,2.5,0.01718629163134989,27.567567567567334,2.0,2.449489742783178,0.0,652.366622167583,11.213552022697485,0.011239819729444035,0.0115609601601823,0.006653793642537047,0.018267299811303966,0.0,1.0,0.7467717915776317,90.97743008638098,0.0,0.0,0.0
25,6525197,6542197,0,91.33333333333333,92.0,2.808716591058786,86.0,94.0,8.0,3.5,0.030752371434950212,-13.90835579514812,5.0,4.0743097574926725,0.2,657.5731299359015,20.780819669010302,0.03600960583823328,0.017349414762851623,0.035985419004530214,0.08554917805581178,0.0,0.6666666666666666,-0.4164356802820295,88.15877074753155,0.0,0.0,0.0
25,6525197,6542197,0,91.33333333333333,92.0,2.808716591058786,86.0,94.0,8.0,3.5,0.030752371434950212,-13.90835579514812,5.0,4.0743097574926725,0.2,657.5731299359015,20.780819669010302,0.03600960583823328,0.017349414762851623,0.035985419004530214,0.08554917805581178,0.0,0.6666666666666666,-0.4164356802820295,88.15877074753155,0.0,0.0,0.0
25,6525197,6542197,0,91.33333333333333,92.0,2.808716591058786,86.0,94.0,8.0,3.5,0.030752371434950212,-13.90835579514812,5.0,4.0743097574926725,0.2,657.5731299359015,20.780819669010302,0.03600960583823328,0.017349414762851623,0.035985419004530214,0.08554917805581178,0.0,0.6666666666666666,-0.4164356802820295,88.15877074753155,0.0,0.0,0.0
25,6531197,6542197,0,91.75,93.5,3.344772040064913,86.0,94.0,8.0,2.75,0.036455281090625756,-44.80519480519469,8.0,4.69041575982343,0.3333333333333333,654.8578634020207,24.878442157945916,0.0514492964093317,0.047233552406904945,0.034970851737485195,0.08983965830620552,0.0,0.5,-0.6984799742979194,87.26050824640194,0.0,0.0,0.0
26,5976368,6021080,1,94.54285714285714,96.0,4.8067979073858496,85.0,100.0,15.0,5.0,0.05084252848549554,-19.59726455171149,13.0,1.0981267472114393,0.0,636.3516802618133,33.83916499239212,0.04069649469664916,0.013114957874769892,0.06580237168865873,0.10778220735205003,0.08571428571428572,0.8285714285714286,-0.12249852161309532,90.84575342056405,0.0,0.0,0.0
26,5987080,6030080,1,92.47222222222223,93.0,4.907398672249388,85.0,100.0,15.0,8.25,0.0530688952240847,-19.05425231507049,11.0,1.0555973258234952,0.0,650.6690323734251,34.429825402784566,0.04996960891433973,0.022654415983494686,0.06223105925847404,0.13579200471302968,0.08333333333333333,0.7222222222222222,-0.31434797923812285,88.07133219583162,0.0,0.0,0.0
26,5997080,6041080,1,90.90322580645162,90.0,3.744715318950051,85.0,97.0,12.0,6.0,0.04119452621981958,-2.4692362093351896,2.0,1.3662601021279464,0.0,661.163515111809,27.22591517538538,0.24572954892763635,0.04854584657849064,0.48969509231584674,0.7994541932275734,0.22580645161290322,0.5161290322580645,0.45946283360462353,72.97187891601673,0.0,0.0,0.0
27,2507324,2551351,0,70.13636363636364,71.0,3.415146137502152,65.0,75.0,10.0,6.0,0.04869294557682912,-11.608193575646581,5.0,0.7924058156930615,0.0,857.5248185086074,42.10326435494706,0.0035341705540576944,0.002962199392758757,0.002613098040076519,0.007326546908438183,0.0,1.0,-0.0544774011508693,69.88936270863692,0.0,0.0,0.0
27,2517364,2561351,0,69.56818181818181,69.0,3.4071964433102155,65.0,75.0,10.0,6.0,0.048976361811711694,-11.208656218738534,5.0,0.8212299340934686,0.0,864.5082875189584,41.790253080300864,0.0029295978274807444,0.00260517521922076,0.001764572007849642,0.005641276665674478,0.0,1.0,-0.19494975658009359,69.36497035173609,0.0,0.0,0.0
27,2527351,2571351,0,67.57777777777778,67.0,2.6873273702810625,62.0,74.0,12.0,4.0,0.039766435929841436,-7.241106719367537,12.0,0.8790490729915326,0.0,889.2561807094214,35.006414934666054,0.0030136175058132165,0.0028646663743239005,0.0017504757613888765,0.00578985331133952,0.0,1.0,-0.06254661504904865,67.37473609363644,0.0,0.0,0.0
27,2537351,2581351,0,65.4888888888889,66.0,2.833311546757196,61.0,70.0,9.0,5.0,0.04326400393758867,-8.324110671936644,5.0,0.8118441408859887,0.0,917.9206935266328,40.12816856247978,0.0028341756377730657,0.002598000963749548,0.0016720507153235428,0.005256563530529191,0.0,1.0,0.08543640674415937,65.30380643164648,0.0,0.0,0.0
27,2547351,2591351,0,64.4,64.0,3.0724582991474434,61.0,70.0,9.0,5.0,0.047708979800426134,-10.940711462450517,2.0,0.6396021490668313,0.0,933.7604356606836,43.69620937811929,0.0026796754904567046,0.002542003706600576,0.0015693731580463468,0.004655747840293706,0.0,1.0,0.19814466160807706,64.22789009710304,0.0,0.0,0.0
27,2557351,2596351,0,63.825,62.5,2.9059206802664113,61.0,70.0,9.0,3.25,0.04552950537040989,-9.540337711069474,5.0,0.6201736729460423,0.0,941.9483177848382,41.27379644802486,0.0025184702469946627,0.0023959530986710827,0.0014584892083668402,0.004509308971186253,0.0,1.0,0.17165260927756032,63.66466244185523,0.0,0.0,0.0
27,2567351,2596351,0,62.36666666666667,62.0,1.3535960336164639,61.0,65.0,4.0,2.75,0.021703838059056076,1.962180200222501,0.0,0.5872202195147035,0.0,962.4992534200625,20.592857770140853,0.002352861610933526,0.0021035546667149407,0.001440588583321833,0.0044440962193841175,0.0,1.0,0.11751013669027255,62.220270979656746,0.0,0.0,0.0
27,2577351,2596351,0,62.3,62.0,1.345362404707371,61.0,65.0,4.0,2.25,0.021594902162237094,11.819548872180414,4.0,0.5619514869490163,0.0,963.5237124280618,20.46404888294225,0.0022308836063559957,0.002030979234092501,0.0014085862512047283,0.004195993528849826,0.0,1.0,0.05504024983073144,62.16132531839782,0.0,0.0,0.0
27,2587351,2596351,0,63.3,63.5,1.1874342087037917,62.0,65.0,3.0,2.0,0.018758834260723407,23.636363636363704,3.0,0.5773502691896257,0.0,948.2002540470282,17.750598074868275,0.002083711799674285,0.0018747657583486482,0.001515111314720794,0.0044977834462036495,0.0,1.0,0.2706529357240235,63.16837531099821,0.0,0.0,0.0
27,3209855,3222265,0,68.92307692307692,68.0,1.8998598515736105,67.0,73.0,6.0,2.0,0.027564930882206403,25.811855037730005,5.0,0.7637626158259734,0.0,871.1816545141032,23.43948224209689,0.008198307073821607,0.008191698928261357,0.006618904157964747,0.017451023159838767,0.0,1.0,-0.617972325050862,68.36261917867938,0.0,0.0,0.0
27,3209855,3232265,0,71.43478260869566,72.0,3.2413910990636174,67.0,76.0,9.0,7.0,0.045375529688656845,27.34983957787029,7.0,0.7071067811865476,0.0,841.668461858029,38.392724039928076,0.013936888623817213,0.006665364906903223,0.029113294147374257,0.02110890173208192,0.0,0.9565217391304348,0.1812257557642578,70.45288854777905,0.0,0.0,0.0
27,3209855,3242265,0,73.12121212121212,74.0,3.9753602905715453,67.0,80.0,13.0,6.0,0.054366717608313714,23.331948058386565,12.0,0.9354143466934853,0.0,823.000156954378,45.03457244094583,0.02838776730717452,0.006665364906903223,0.0886160844990543,0.02271613624301245,0.030303030303030304,0.9090909090909091,0.04598094788115972,71.10276341839368,0.0,0.0,0.0
27,3209855,3252265,0,73.90697674418605,75.0,3.8568209193726295,67.0,80.0,13.0,4.5,0.052184801615174026,15.19340619315342,6.0,0.8997354108424374,0.0,814.0984613716657,43.50492364263593,0.022343007111361245,0.004416606579671259,0.07840960083709324,0.021632182363752694,0.023255813953488372,0.9302325581395349,-0.011662543809405273,72.29176140502084,0.0,0.0,0.0
27,3217884,3262265,0,74.06666666666666,74.0,3.517574922206112,67.0,80.0,13.0,4.0,0.0474920106508476,-3.5723693850846376,2.0,0.9534625892455924,0.0,811.9445913404154,39.30278544506213,0.020380555545656334,0.00430704717624476,0.07690061507547585,0.017619935262057386,0.022222222222222223,0.9333333333333333,0.007067532861917671,72.58729722369017,0.0,0.0,0.0
27,3228265,3272265,0,73.0,74.0,4.3256341860022225,67.0,80.0,13.0,8.0,0.059255262821948256,-15.83399209486164,7.0,0.917010954628728,0.0,824.8263904552272,49.139212154638436,0.020495245468153536,0.00430704717624476,0.07688047323796726,0.017619935262057386,0.022222222222222223,0.9333333333333333,0.05783368095926629,71.53389525740627,0.0,0.0,0.0
27,3238265,3282265,0,71.35555555555555,68.0,4.6769199530154015,67.0,80.0,13.0,8.0,0.06554387975262942,-19.383399209486097,11.0,0.6908492797077574,0.0,844.3374314625026,53.1025465834927,0.003697897561619753,0.0034545515848494377,0.0027376988323305766,0.007653859552793577,0.0,1.0,-0.20856133574281746,71.09266217345528,0.0,0.0,0.0
27,3248265,3292274,0,68.82222222222222,68.0,2.6355593029765374,67.0,76.0,9.0,2.0,0.03829517876459289,-8.781789531273155,7.0,0.621581560508061,0.0,873.0199459843706,31.572884917250757,0.004775123781409809,0.0034545515848494377,0.005785585394555484,0.008772981176292632,0.0,1.0,-0.10344843513097234,68.49514940538535,0.0,0.0,0.0
27,3258265,3298297,0,67.92682926829268,68.0,1.1346052048402933,67.0,71.0,4.0,1.0,0.016703344128708088,2.45768428823038,2.0,0.5,0.0,883.5449730364062,14.464181729003739,0.006847817005958878,0.004643539654343581,0.008033277543675063,0.014928760036063545,0.0,1.0,0.45114004182828726,67.46484237338389,0.0,0.0,0.0
27,3268265,3298297,0,68.06451612903226,68.0,1.2164327506428905,67.0,71.0,4.0,1.5,0.01787176079143583,3.6793991509135613,3.0,0.48304589153964794,0.0,881.7930814585078,15.473311693770441,0.007260089216971919,0.004473115416534172,0.00900320509097052,0.015034189837952882,0.0,1.0,0.4603455889572337,67.57392341628918,0.0,0.0,0.0
27,3278265,3298297,0,68.04761904761905,67.0,1.4630753805464016,67.0,71.0,4.0,2.0,0.0215007578666721,12.455102196881773,4.0,0.4472135954999579,0.0,882.135420820676,18.602767140750736,0.008966135766096965,0.004643539654343581,0.01035612167117618,0.01535616255350327,0.0,1.0,0.4977863254256219,67.44291670002505,0.0,0.0,0.0
27,3288265,3298297,0,69.0,69.0,1.4770978917519928,67.0,71.0,4.0,2.5,0.02140721582249265,27.179520567388938,4.0,0.6324555320336759,0.0,869.9654506033798,18.698621744485585,0.014864901618120513,0.014359911492243199,0.011307985448957702,0.03615585848035228,0.0,1.0,0.15575070890014095,67.98934507438877,0.0,0.0,0.0
27,4764098,4772007,0,75.875,76.0,0.5994789404140899,75.0,77.0,2.0,0.25,0.007900875656198878,-8.372281747307484,0.0,0.7559289460184544,0.0,790.8236500341764,6.246493487630084,0.045574548602231375,0.037019150072677996,0.04145178592633381,0.09801717127871068,0.0,0.625,-0.13940262733895503,72.56775722155147,0.0,0.0,0.0
27,4764098,4782007,0,75.22222222222223,75.0,0.9162456945817025,73.0,77.0,4.0,1.0,0.01218051883491185,-8.508224003868785,3.0,0.6416889479197478,0.0,797.755684129152,9.775446484802766,0.07107650198135236,0.0304577263361316,0.12163761099280923,0.14877599324818844,0.1111111111111111,0.6666666666666666,-0.10699574685356608,70.23048501490872,0.0,0.0,0.0
27,4764098,4792007,0,75.64285714285714,75.0,1.8168710488538433,73.0,81.0,8.0,1.0,0.024019069578804352,3.2430757650774855,5.0,0.7934920476158722,0.0,793.6476962213392,18.604242179079662,0.07077820445709328,0.03377285476660001,0.10717955565777905,0.14877599324818844,0.10714285714285714,0.6785714285714286,0.015822385026186603,70.64288087672614,0.0,0.0,0.0
27,4764098,4802007,0,76.42105263157895,76.0,2.289927359769167,73.0,81.0,8.0,2.0,0.029964614211855492,6.024186872195676,2.0,0.9004503377814963,0.0,785.8144453285425,23.055824150471295,0.06133289487227482,0.03262835912301429,0.09430287756645545,0.12263039197828354,0.07894736842105263,0.6842105263157895,-0.07331829346422149,72.00479039215661,0.0,0.0,0.0
27,4768121,4812007,0,76.36363636363636,76.0,2.154181020195052,73.0,81.0,8.0,2.0,0.028209513359697114,3.232375494558044,1.0,0.8490761052804039,0.0,786.3258602124369,21.69226081843302,0.056309083606216385,0.03197794778253439,0.08780955455125657,0.1049299847733589,0.06818181818181818,0.7045454545454546,-0.05852742582209409,72.29288997774454,0.0,0.0,0.0
27,4778007,4822007,0,76.2,76.0,2.217105219775452,73.0,81.0,8.0,2.0,0.029095869025924568,-1.2490118577074882,0.0,0.8528028654224418,0.0,788.0522050921795,22.373628337278628,0.07733599661801278,0.037331163761309016,0.10268929922387314,0.18774460581896726,0.13333333333333333,0.5777777777777777,-0.19652499916640573,70.73002316752438,0.0,0.0,0.0
27,4788007,4832007,0,77.24444444444444,77.0,2.1721014459177606,74.0,81.0,7.0,4.0,0.028119840352790342,-1.7786561264821128,1.0,1.0975178606954215,0.0,777.3631185512152,21.636871293206482,0.07311440582179693,0.04362640991139939,0.08064582871097745,0.1838734198118339,0.13333333333333333,0.5111111111111111,-0.15189886350621037,71.98155576458804,0.0,0.0,0.0
27,4798007,4842007,0,75.64444444444445,76.0,2.642856666189956,69.0,81.0,12.0,2.0,0.03493788189734078,-4.292490118577009,5.0,1.118033988749895,0.0,794.1692009740905,28.217508206725018,0.07441521714908853,0.04263120338044209,0.07996926470078344,0.18997437960461863,0.15555555555555556,0.5111111111111111,-0.13565981560692073,70.40522438351488,0.0,0.0,0.0
27,4808007,4852007,0,74.24444444444444,75.0,3.360922859741919,68.0,81.0,13.0,4.0,0.04526834142124704,-9.36758893280622,4.0,1.2060453783110545,0.0,809.7989219214667,36.66090895095748,0.08847578799379238,0.07279905513380935,0.0806044815999052,0.2015420174446505,0.2,0.37777777777777777,-0.04067780037970695,68.20955069775779,0.0,0.0,0.0
27,4818007,4853007,0,73.83333333333333,73.5,3.7527767497325675,68.0,81.0,13.0,6.5,0.05082767606861265,-15.536679536679532,4.0,1.3732131246511903,0.0,814.7131469715912,40.80495115317826,0.08899367006797299,0.07386673337097771,0.07392574842421373,0.20095729020961656,0.2222222222222222,0.3611111111111111,0.007854218529918956,67.79959825544697,0.0,0.0,0.0
27,4828007,4853007,0,72.84615384615384,72.0,3.748767055695755,68.0,81.0,13.0,4.75,0.05146142737491533,-24.61538461538471,9.0,1.4,0.0,825.7518870512077,40.810490421269634,0.08693139783990213,0.07386673337097771,0.07113897282636146,0.1908831971723313,0.23076923076923078,0.38461538461538464,0.10629057066053739,67.02001063813559,0.0,0.0,0.0
27,4838007,4853007,0,70.5,70.0,1.3693063937629153,68.0,73.0,5.0,2.25,0.01942278572713355,-4.235294117646851,0.0,1.2649110640673518,0.0,851.3846791054752,16.522433108084314,0.089727740093651,0.07507908807581787,0.0698513783882985,0.1908831971723313,0.25,0.375,0.04402431972690128,64.695058596876,0.0,0.0,0.0
27,4848007,4853007,0,69.83333333333333,70.0,1.2133516482134197,68.0,72.0,4.0,0.75,0.017374963936230354,29.142857142856876,1.0,1.61245154965971,0.0,859.4466772216132,14.859964521204025,0.06162083396560644,0.050322929787307194,0.05314721825017368,0.12203541518493108,0.16666666666666666,0.5,-0.3574411774631568,65.779919816076,0.0,0.0,0.0
27,6509377,6521959,0,82.07692307692308,81.0,2.4639411350841485,79.0,86.0,7.0,4.0,0.0300199013646616,34.941810362074804,6.0,0.9128709291752769,0.0,731.6726421093765,21.6922698571396,0.0751936145941671,0.039140749796423936,0.08294933354509654,0.21976779094883084,0.23076923076923078,0.5384615384615384,-0.10109076403207297,76.33687734269431,0.0,0.0,0.0
27,6509377,6531959,0,84.43478260869566,86.0,3.2813847415849056,79.0,88.0,9.0,6.5,0.03886295008056273,27.187802152042266,8.0,0.7977240352174656,0.0,711.7004834165987,28.12818519733938,0.08692176657020893,0.05459788819925944,0.08017472798334865,0.21846492880039461,0.2608695652173913,0.43478260869565216,0.07970977630738377,77.6824838784215,0.0,0.0,0.0
27,6509377,6541959,0,84.93939393939394,86.0,2.8913601071215913,79.0,88.0,9.0,3.0,0.03404027239921959,12.704424768500465,5.0,0.7288689868556626,0.0,707.229829650596,24.79695435576094,0.09406397174553133,0.05648301709698781,0.08792648716800652,0.21846492880039461,0.24242424242424243,0.3939393939393939,0.05220606226357516,77.63658810908181,0.0,0.0,0.0
27,6509377,6551959,0,84.72093023255815,85.0,2.581919075302627,79.0,88.0,9.0,3.0,0.03047557514082156,4.353624226529336,4.0,0.6900655593423543,0.0,708.8801512231729,22.081849055987938,0.10985364028469329,0.057986943230421785,0.10111837406746577,0.23190170978365737,0.32558139534883723,0.3953488372093023,0.011349325108679826,76.33522759886252,0.0,0.0,0.0
27,6517959,6561959,0,85.4,85.0,1.5260697523012798,83.0,88.0,5.0,3.0,0.017869669230694142,-4.632411067193666,0.0,0.5640760748177662,0.0,702.7990043125446,12.47455228683471,0.1088740780041546,0.06649574091350233,0.09760540000815705,0.22258436844594262,0.3333333333333333,0.4,-0.11517962728204084,77.01505670843181,0.0,0.0,0.0
27,6527959,6571959,0,84.97777777777777,85.0,1.3902659839659601,83.0,88.0,5.0,2.0,0.01636034761466219,-4.664031620553284,4.0,0.5640760748177662,0.0,706.2533387538487,11.39450493426022,0.11371453726444657,0.07580254626246655,0.09486259704496429,0.22258436844594262,0.3333333333333333,0.35555555555555557,-0.16357848286046656,76.3012198677983,0.0,0.0,0.0
27,6537959,6581959,0,84.4,84.0,0.7118052168020874,83.0,86.0,3.0,1.0,0.008433711099550798,-0.09486166007901543,0.0,0.5222329678670935,0.0,710.9508975907537,5.9792039943662685,0.12109106735632645,0.08471240527862617,0.09783757174252278,0.2418422180405586,0.4,0.3333333333333333,0.011506632657588453,75.28380383854615,0.0,0.0,0.0
27,6547959,6586959,0,84.525,84.0,0.9483538369195328,83.0,88.0,5.0,1.0,0.011219802862106273,3.101313320825477,5.0,0.6979824404521128,0.0,709.9369818387808,7.829008157590821,0.10362596338816055,0.07981857988345592,0.08133743162666472,0.21068263583996227,0.3,0.325,-0.11584265827565354,76.58844826421631,0.0,0.0,0.0
27,6557959,6586959,0,84.66666666666667,84.0,1.0110500592068734,83.0,88.0,5.0,1.0,0.011941536132364646,4.912124582869889,4.0,0.7427813527082074,0.0,708.7607667134605,8.320954838472002,0.10691550394876327,0.08427350939153574,0.07344680163926987,0.19478749131637776,0.3333333333333333,0.23333333333333334,-0.022239419918315,76.48882535715727,0.0,0.0,0.0
27,6567959,6586959,0,85.0,85.0,1.0488088481701516,84.0,88.0,4.0,1.0,0.012338927625531196,7.308270676691636,3.0,0.8271701918685112,0.0,705.9881683955932,8.576822042139861,0.11378915249465027,0.08602042870146893,0.07593191104251429,0.21068263583996227,0.35,0.2,-0.1461646256498297,76.31606018932588,0.0,0.0,0.0
27,6577959,6586959,0,85.7,85.0,1.004987562112089,85.0,88.0,3.0,1.0,0.011726809359534292,15.636363636363654,3.0,1.1055415967851334,0.0,700.2116309088336,8.096759896214607,0.10702598230836827,0.1035944314472812,0.059218795926750036,0.16599076514623956,0.3,0.1,-0.2185214283556505,77.41462383863704,0.0,0.0,0.0
27,7918610,7921617,0,74.75,75.0,0.4330127018922193,74.0,75.0,1.0,0.25,0.00579281206544775,17.95630493108509,1.0,0.5773502691896257,0.0,802.7027027027027,4.681218398834814,0.06712072616039687,0.005118230797041058,0.10887374175520459,0.1807781299597837,0.25,0.75,0.3241290441216168,70.04830678245536,0.0,0.0,0.0
27,7918610,7932108,0,75.0,75.0,0.6546536707079771,74.0,76.0,2.0,0.0,0.008728715609439695,-0.47680783527926757,1.0,0.7337993857053428,0.0,800.0609632188579,6.984568870342731,0.07688890411168735,0.052898237954110916,0.07879252744548947,0.199923615693756,0.14285714285714285,0.5,-0.17492952803040226,69.6450671129039,0.0,0.0,0.0
27,7918610,7942108,0,75.04166666666667,75.0,0.7347996703561833,74.0,76.0,2.0,1.25,0.009791888999749249,1.1826588900173574,2.0,0.7223151185146152,0.0,799.6325272641062,7.835879502705049,0.0628132712810716,0.04500165882925117,0.06450779586910504,0.13493632742809863,0.08333333333333333,0.5416666666666666,-0.08469308404820226,70.60663306943327,0.0,0.0,0.0
27,7918610,7952108,0,75.41176470588235,75.0,1.3529411764705883,73.0,79.0,6.0,1.0,0.01794071762870515,2.242499790127823,1.0,0.8348471099367218,0.0,795.883606677163,14.038430151596692,0.050434469862818763,0.030600784242773564,0.057853550770456445,0.10241108767376421,0.058823529411764705,0.6764705882352942,-0.14832485440107696,71.79102254301569,0.0,0.0,0.0
27,7918610,7962108,0,74.97727272727273,75.0,1.5446187579587451,72.0,79.0,7.0,2.0,0.020601159548403997,-1.4394162411273175,1.0,0.8212299340934686,0.0,800.579542388262,16.36920493528445,0.049299333254885495,0.02914904029613627,0.05665098930249486,0.10241108767376424,0.06818181818181818,0.7045454545454546,-0.1544460676886642,71.4546081857273,0.0,0.0,0.0
27,7928108,7972108,0,75.13333333333334,75.0,1.8208667044996882,72.0,79.0,7.0,2.0,0.024235138036819273,-0.4505928853754685,3.0,0.9653072991634227,0.0,799.0457641311411,19.21418938495272,0.04619417988537949,0.031695645915666606,0.046433743301384035,0.09048623587803276,0.044444444444444446,0.6666666666666666,-0.12389255242102513,71.81585864066354,0.0,0.0,0.0
27,7938108,7982108,0,75.13333333333334,75.0,1.808621328833405,72.0,79.0,7.0,2.0,0.024072156106921982,-2.3557312252963842,1.0,0.9653072991634227,0.0,799.0394420195558,19.08175778860443,0.03706651407133299,0.028792158022392017,0.03479994299659027,0.07450156112459405,0.022222222222222223,0.7333333333333333,-0.07238557125030583,72.44794071922509,0.0,0.0,0.0
27,7948108,7992108,0,74.66666666666667,75.0,1.534781924429512,72.0,79.0,7.0,1.0,0.02055511505932382,0.9644268774703416,0.0,1.044465935734187,0.0,803.9076860065608,16.36551296845997,0.042590056738371865,0.021698614325539753,0.07091653327823152,0.07755693407635081,0.044444444444444446,0.7555555555555555,-0.08935045402538074,71.61651522004067,0.0,0.0,0.0
27,7958108,8002108,0,74.71111111111111,75.0,1.4700298140925538,71.0,79.0,8.0,1.0,0.019676187279644534,-2.7272727272727018,0.0,1.1281521496355325,0.0,803.4014273387012,15.662990946548364,0.041542873203466384,0.022315051974641686,0.06785211576316474,0.07755693407635081,0.022222222222222223,0.7111111111111111,-0.021586882895283294,71.73119132515654,0.0,0.0,0.0
28,1018974,1063777,1,85.67857142857143,84.5,4.27662727114797,77.0,91.0,14.0,6.5,0.04991478265616639,-9.961997330989497,7.0,1.6216132799251584,0.0,702.0698989438804,35.655530486338,0.016872939890581466,0.005402475798161737,0.028036645785491976,0.04621469454268818,0.0,0.8928571428571429,0.46948680940231574,84.25690965656999,0.0,0.0,0.0
28,1030777,1073777,1,83.48484848484848,82.0,5.532938350932981,77.0,91.0,14.0,11.0,0.06627476064638417,-22.25385612098192,10.0,1.1989578808281798,0.0,721.8389791687607,47.49508742788854,0.022799537603938793,0.00558733263107518,0.050161942523116315,0.05160865460832429,0.030303030303030304,0.8787878787878788,0.05371786381744622,81.62386216992654,0.0,0.0,0.0
28,1039777,1083777,1,80.94117647058823,80.0,4.050716541338075,77.0,91.0,14.0,6.5,0.05004518982757797,-11.4885115984701,5.0,1.2673044646258476,0.0,743.0566890950516,35.55927783249535,0.018721820949908638,0.005575401046548335,0.04725709618416887,0.02622575082213926,0.029411764705882353,0.9117647058823529,-0.00858519665689396,79.45365928759091,0.0,0.0,0.0
28,1049777,1093777,1,81.33333333333333,80.0,3.681787005729087,77.0,87.0,10.0,8.0,0.045267873021259265,11.670017740981686,3.0,0.9597148699373931,0.0,739.2030501105515,33.109330803977436,0.01652464705432739,0.005595518027295246,0.04287082623003966,0.02100455698380693,0.02564102564102564,0.9230769230769231,-0.14467132468967214,80.01117687507141,0.0,0.0,0.0
28,1059777,1103777,1,83.08888888888889,83.0,4.902707742653701,77.0,91.0,14.0,9.0,0.05900557593458586,20.774703557312307,9.0,0.8660254037844386,0.0,724.6284063543428,42.57475691182844,0.015446480362239067,0.006636594847177431,0.040020819640001724,0.0170926453188541,0.022222222222222223,0.9333333333333333,-0.18205319224871122,81.82498092784631,0.0,0.0,0.0
28,1069777,1107777,1,84.84615384615384,86.0,4.515150913447207,77.0,91.0,14.0,8.0,0.053215740593666086,22.00809716599193,11.0,0.8429272304235246,0.0,709.2305622119655,38.89732204848658,0.01740018138472056,0.007772099118705223,0.04263490561654935,0.02100455698380693,0.02564102564102564,0.9230769230769231,-0.3404206692076078,83.3950645955999,0.0,0.0,0.0
28,1079777,1107777,1,87.13793103448276,87.0,2.569370484165125,80.0,91.0,11.0,3.0,0.02948624615781109,14.74876847290627,8.0,0.8451542547285166,0.0,689.1778023535786,20.851303922651624,0.009155628219667485,0.006636594847177431,0.012460594418374498,0.012820008883270352,0.0,0.9655172413793104,-0.11196845952132943,86.34736664770902,0.0,0.0,0.0
28,1089777,1107777,1,88.42105263157895,88.0,1.6324276230811394,86.0,91.0,5.0,2.5,0.018461979070560505,9.26315789473689,2.0,0.6666666666666666,0.0,678.8033500728238,12.563990436048414,0.0059109668719322175,0.004453695915401378,0.004008402426144591,0.011094786178984286,0.0,1.0,0.08423301588633202,87.90146995468268,0.0,0.0,0.0
28,1099777,1107777,1,89.22222222222223,89.0,1.227262335243029,88.0,91.0,3.0,2.0,0.013755119573085006,-25.00000000000058,2.0,0.7071067811865476,0.0,672.6049647397963,9.2156484935673,0.00500513375233848,0.0038896493555139757,0.003251963283228672,0.008719025504804993,0.0,1.0,0.4481456423151495,88.77787707322209,0.0,0.0,0.0
28,3702004,3722004,1,91.83333333333333,92.5,1.4624940645653532,89.0,93.0,4.0,1.75,0.015925525203978438,12.000000000000039,4.0,1.0954451150103321,0.0,653.525957787111,10.576658145141984,0.026900698186847555,0.014543107294346012,0.02576200894130876,0.06098392574572218,0.0,0.8333333333333334,-0.5305019467689412,89.42766666288115,0.0,0.0,0.0
28,3702004,3728004,1,91.77777777777777,92.0,1.227262335243029,89.0,93.0,4.0,2.0,0.013372107768991842,6.431535269709287,2.0,1.0,0.0,653.8715813500314,8.866828873355805,0.035160379711381785,0.021815051818065034,0.0369069743449732,0.08253509622324444,0.0,0.7777777777777778,-0.2525429407619311,88.66044293867468,0.0,0.0,0.0
28,3702004,3728004,1,91.77777777777777,92.0,1.227262335243029,89.0,93.0,4.0,2.0,0.013372107768991842,6.431535269709287,2.0,1.0,0.0,653.8715813500314,8.866828873355805,0.035160379711381785,0.021815051818065034,0.0369069743449732,0.08253509622324444,0.0,0.7777777777777778,-0.2525429407619311,88.66044293867468,0.0,0.0,0.0
28,3718004,3746004,1,91.88888888888889,92.0,0.9938079899999066,90.0,93.0,3.0,2.0,0.010815322744859928,-5.065963060686032,1.0,0.7905694150420949,0.0,653.0392883829069,7.098944949254292,0.027240195556932464,0.009099220553227696,0.035495012288262226,0.06283768411754798,0.0,0.8888888888888888,0.2199472850930101,89.45219364110851,0.0,0.0,0.0
28,3719004,3746004,1,92.0,92.0,1.0,90.0,93.0,3.0,1.25,0.010869565217391304,-6.442194490228361,2.0,0.7559289460184544,0.0,652.2516170131878,7.149165065693683,0.03005757271437532,0.015457136185646366,0.03668711433305085,0.06992000458649099,0.0,0.875,0.1611233157933463,89.31539599050225,0.0,0.0,0.0
28,7067171,7073171,1,89.0,89.0,1.1952286093343936,87.0,91.0,4.0,1.0,0.0134295349363415,-23.571428571428292,4.0,1.5275252316519468,0.0,674.2789414788086,9.05863448557939,0.05674661872633119,0.030651748355567787,0.054267950928442985,0.13373724239192536,0.14285714285714285,0.5714285714285714,0.15371224337630066,84.22075682368337,0.0,0.0,0.0
29,1058775,1102775,1,80.81481481481481,81.0,3.10360646890913,77.0,87.0,10.0,5.0,0.03840392972527338,8.091035870236082,4.0,1.3008872711759818,0.0,743.5163922309835,28.09557928229137,0.07461959916200042,0.03109655341031065,0.12362498116412125,0.1111927004055579,0.07407407407407407,0.6296296296296297,-0.28389413385785,75.20318341284212,0.0,0.0,0.0
29,1077775,1110775,1,81.53125,81.0,3.6825973765129416,77.0,87.0,10.0,7.25,0.045167924893987785,17.654879512510423,2.0,1.831621879558502,0.03225806451612903,737.3958152814427,32.82132033986914,0.07761379216857314,0.02973642774559705,0.1253989700289571,0.11245791566876409,0.09375,0.65625,-0.3143722348233803,75.65906319362134,0.0,0.0,0.0
29,1078775,1122775,1,81.5945945945946,81.0,3.380863950510679,77.0,87.0,10.0,5.0,0.04143490101652703,8.318471456775812,4.0,1.7159383568311668,0.027777777777777776,736.5895382941812,30.10953202033626,0.06696210759237237,0.022057392931662846,0.11872342378389522,0.11119270040555788,0.08108108108108109,0.7297297297297297,-0.30018625391536163,76.473751048868,0.0,0.0,0.0
29,1088775,1131775,1,82.30555555555556,81.0,2.7670626668850735,78.0,87.0,9.0,4.25,0.03361939116026414,-3.766333721745183,3.0,1.7484687178050562,0.02857142857142857,729.7979386174432,24.015536033491152,0.04400939702609907,0.017246269059769323,0.09156182636547323,0.05552283610393682,0.05555555555555555,0.8611111111111112,-0.2204450662748136,78.83602943613927,0.0,0.0,0.0
29,1098775,1131775,1,82.70370370370371,81.0,2.991528963897581,78.0,87.0,9.0,6.5,0.036171644435841775,-12.676224053795304,3.0,1.9115036368906426,0.038461538461538464,726.4170104181626,25.87239726784057,0.0332097925569662,0.01587008850759028,0.06570094504250776,0.04994040369281939,0.037037037037037035,0.8888888888888888,-0.20816252663132578,80.04541217038826,0.0,0.0,0.0
29,1109775,1131775,1,80.52941176470588,81.0,0.9150793638884732,78.0,82.0,4.0,1.0,0.011363293780937943,1.3013488657262993,3.0,0.82915619758885,0.0,745.1665052095469,8.547578723628398,0.041466396910346134,0.016744720411164416,0.08116032815644736,0.05552135000920062,0.058823529411764705,0.8235294117647058,-0.19125372240969882,77.32310135363704,0.0,0.0,0.0
29,1118775,1131775,1,80.6923076923077,81.0,0.72160242458822,80.0,82.0,2.0,1.0,0.008942642058767264,-6.013462976813712,1.0,0.6454972243679028,0.0,743.6244875269265,6.618742831173947,0.021687115382509566,0.016744720411164416,0.015947505721465225,0.050974844485493824,0.0,0.8461538461538461,-0.08108348663833073,78.97947079629881,0.0,0.0,0.0
29,1128775,1131775,1,80.5,80.5,0.5,80.0,81.0,1.0,1.0,0.006211180124223602,23.999999999999496,1.0,0.5773502691896257,0.0,745.3703703703704,4.629629629629619,0.010274528345510358,0.01115415175018822,0.002854759011817112,0.012760379184645603,0.0,1.0,-0.30812527468578343,79.68131210021885,0.0,0.0,0.0
29,1910440,1917498,1,80.75,80.5,0.82915619758885,80.0,82.0,2.0,1.25,0.010268188205434674,13.354420568040402,1.0,1.2909944487358056,0.0,743.112014453478,7.59240987986188,0.08219660729683038,0.012268455929012925,0.12439250586572381,0.21208015807309644,0.25,0.75,-0.5079247891764294,74.61675582378858,0.0,0.0,0.0
29,1910440,1932498,1,81.25,81.5,0.82915619758885,80.0,82.0,2.0,1.25,0.010204999354939692,4.126905969728383,1.0,1.0,0.0,738.5388437217706,7.575387224710135,0.17901987055008012,0.11238365304059568,0.19712349336325552,0.3845161224015686,0.5,0.5,0.1845558493496295,68.91317273736213,0.0,0.0,0.0
29,1910440,1943498,1,81.72727272727273,82.0,1.1354541815269814,80.0,84.0,4.0,1.0,0.013893210230029806,4.604277877921981,1.0,1.140175425099138,0.0,734.290486127101,10.181441689574463,0.13273989878301953,0.012501798761824336,0.1843330756135701,0.2977309962578876,0.36363636363636365,0.6363636363636364,-0.17502190995453282,72.15007859710599,0.0,0.0,0.0
29,1910440,1953498,1,79.66666666666667,81.0,3.2145502536643185,74.0,84.0,10.0,5.0,0.04035000318407094,-7.149317669427596,7.0,1.5904124511289146,0.0,754.406438277352,31.44783805366586,0.08619673797836892,0.012268455929012925,0.15556466750986886,0.2976489173219154,0.2222222222222222,0.7777777777777778,0.2638131137732842,73.34460128737119,0.0,0.0,0.0
29,1927498,1959498,1,79.0,81.0,3.5973846709225072,74.0,84.0,10.0,7.0,0.04553651482180389,-14.432890143355841,1.0,2.331844763272204,0.0625,761.0926557795055,35.12445503667375,0.07350861765444824,0.00864716785234049,0.15125399398991654,0.2464517028947753,0.17647058823529413,0.8235294117647058,0.3201938182036104,73.59046653263972,0.0,0.0,0.0
29,1931498,1973498,1,79.1,80.0,3.3301651610693423,74.0,84.0,10.0,6.25,0.042100697358651615,-3.0674595037933434,3.0,2.2124052165246,0.05263157894736842,759.9034409568836,32.552827025378384,0.04485074274750951,0.01119381250563934,0.1254759128368722,0.04534057214727023,0.05,0.9,0.20249921854827246,75.70459278422955,0.0,0.0,0.0
29,1940498,1983498,1,78.85714285714286,79.0,2.7608782985839557,74.0,84.0,10.0,3.5,0.03501113784436176,0.4259148170366701,3.0,1.8757714462371258,0.037037037037037035,761.8142505469062,27.000873029038033,0.013611897750547466,0.007405004454627245,0.015032419757400578,0.023814423142901952,0.0,0.9642857142857143,0.06978076320642873,77.79816222771865,0.0,0.0,0.0
29,1949498,1993498,1,78.57575757575758,79.0,2.1885418285173075,74.0,82.0,8.0,2.0,0.027852634146190183,6.122454912829915,4.0,1.5811388300841898,0.03125,764.2012736781536,21.802185158942844,0.012229874504592154,0.006844188149281382,0.014782933467641623,0.02474804737851174,0.0,0.9696969696969697,0.08310244978276958,77.62639648846,0.0,0.0,0.0
29,1959498,1998498,1,79.7741935483871,80.0,1.0986700881242841,78.0,82.0,4.0,1.5,0.013772249386111123,-0.05577621904840922,2.0,0.816496580927726,0.0,752.2653288222112,10.340996797145333,0.011750789028934096,0.005652016261595459,0.015604056294446486,0.031251880083181804,0.0,0.967741935483871,0.07532278271881805,78.84767119870831,0.0,0.0,0.0
29,1970498,1998498,1,79.60714285714286,80.0,0.9761178834797464,78.0,81.0,3.0,1.0,0.012261687185927725,3.212820902324055,1.0,0.7453559924999299,0.0,753.8146628336501,9.253213812515389,0.012140886494768686,0.005236518303965905,0.016313516816857627,0.032428064006902076,0.0,0.9642857142857143,0.15732521595667343,78.6522349994546,0.0,0.0,0.0
29,1979498,1998498,1,79.85,80.0,0.8529361054615989,78.0,81.0,3.0,1.25,0.010681729561197232,4.375939849624005,2.0,0.7254762501100116,0.0,751.4948249125465,8.045435309333364,0.008604116742849844,0.003945778173490364,0.00999030196798781,0.02405401174970066,0.0,1.0,0.3038922471521312,79.16882221130004,0.0,0.0,0.0
29,1989498,1998498,1,80.2,80.0,0.7483314773547882,79.0,81.0,2.0,1.0,0.009330816425870176,8.72727272727277,0.0,0.6666666666666666,0.0,748.1950304735116,7.004398275308473,0.0060885865566769745,0.002182483879075407,0.009860160112725978,0.009367787591017125,0.0,1.0,0.3674448996695915,79.7146504508945,0.0,0.0,0.0
29,3189058,3193068,0,84.4,85.0,0.8,83.0,85.0,2.0,1.0,0.009478672985781991,-29.925771472842573,2.0,0.7071067811865476,0.0,710.9648678748607,6.793673962277501,0.06949674890893184,0.00542778639709347,0.1298765701705088,0.20051837614324133,0.2,0.8,-0.8765190091872067,78.91562090871462,0.0,0.0,0.0
29,3189058,3195073,0,84.5,85.0,0.7637626158259734,83.0,85.0,2.0,0.75,0.0090386108381772,-7.694278615305879,0.0,1.0954451150103321,0.0,710.11778205258,6.48455422829134,0.12250793806692888,0.006454516850229377,0.1676530160155312,0.3583868396133697,0.3333333333333333,0.6666666666666666,-0.38569603021699667,75.2778640884424,0.0,0.0,0.0
29,3189058,3210885,0,84.9,85.0,0.8306623862918076,83.0,86.0,3.0,0.0,0.009784009261387602,3.119308553384109,1.0,1.0,0.0,706.7820235407136,6.9755008426131395,0.0782467848644259,0.006454516850229377,0.14086401966432777,0.3350452042185342,0.2,0.8,-0.46584949771390627,78.73893174712778,0.0,0.0,0.0
3,482310,515310,0,102.81818181818181,103.0,0.7767276132106848,102.0,105.0,3.0,1.0,0.00755437996933469,-3.6322150522299506,3.0,0.6546536707079771,0.0,583.5874576594167,4.379287667043211,0.08658093578925968,0.0600869064102162,0.07664564138480592,0.21365238697347694,0.18181818181818182,0.45454545454545453,0.22721866237460944,94.62542405412053,0.0,0.0,0.0
3,495310,532310,0,102.5,103.0,1.1579762911688178,98.0,104.0,6.0,1.0,0.011297329669939685,-6.078328010171062,6.0,1.0690449676496976,0.0,585.4427452289899,6.807762538816052,0.07975659502129938,0.05325911468256196,0.0744940491250358,0.2091993664541288,0.13636363636363635,0.5,0.1606268641294439,94.92880198428247,0.0,0.0,0.0
3,502310,543310,0,102.05882352941177,102.0,1.211250604822,98.0,103.0,5.0,1.0,0.01186816154580634,-3.736084713548652,2.0,1.3228756555322954,0.0,587.9812159750896,7.159997595114767,0.07282365448151247,0.041592370073717425,0.0758463919519233,0.16938423266618757,0.11764705882352941,0.5882352941176471,0.300492511905467,95.13103398035722,0.0,0.0,0.0
3,512310,556310,0,102.23076923076923,103.0,1.4225570776082255,98.0,103.0,5.0,1.0,0.013915155762909656,0.43688722976567074,0.0,1.5811388300841898,0.0,587.0244192738434,8.406878043818233,0.05574510222552145,0.04156227090034177,0.05877471260493151,0.126318755467634,0.07692307692307693,0.6923076923076923,0.1362725364722889,96.83281410945285,0.0,0.0,0.0
3,532310,557310,0,102.1,103.0,1.5779733838059498,98.0,103.0,5.0,1.5,0.015455175159705679,11.438127090301093,5.0,1.2018504251546631,0.0,587.8033612752994,9.331379328345752,0.026236100678626268,0.01791206318547787,0.020544849359762918,0.04487831886985123,0.0,0.9,-0.11004150383851817,99.48977621473618,0.0,0.0,0.0
3,532310,557310,0,102.1,103.0,1.5779733838059498,98.0,103.0,5.0,1.5,0.015455175159705679,11.438127090301093,5.0,1.2018504251546631,0.0,587.8033612752994,9.331379328345752,0.026236100678626268,0.01791206318547787,0.020544849359762918,0.04487831886985123,0.0,0.9,-0.11004150383851817,99.48977621473618,0.0,0.0,0.0
3,542310,557310,0,102.55555555555556,103.0,0.8314794192830981,101.0,103.0,2.0,0.0,0.008107599971341152,7.487091222030834,2.0,0.7071067811865476,0.0,585.0876349770899,4.7956132997198555,0.025603796983563614,0.015528808988690742,0.02156366706471899,0.048120917946459105,0.0,0.8888888888888888,-0.06042195081964772,99.99529629003423,0.0,0.0,0.0
3,553310,557310,0,103.0,103.0,0.0,103.0,103.0,0.0,0.0,0.0,6.792870993888596e-13,0.0,0.0,0.0,582.5242718446602,0.0,0.03338365982414583,0.020295317382265,0.022523010056841472,0.061091314252890515,0.0,0.8,0.0,99.6725649963614,0.0,0.0,0.0
3,7527661,7536858,0,94.1,92.5,2.5865034312755126,92.0,99.0,7.0,3.75,0.02748675272343797,47.974642907324345,7.0,1.1055415967851334,0.0,638.0915306928183,17.17375741785586,0.09002492300041792,0.04417818594224113,0.09373237250509554,0.2398153423723636,0.3,0.5,0.3398877035698359,86.32830132083495,0.0,0.0,0.0
3,7527661,7546858,0,97.95,99.0,4.375785643744447,92.0,103.0,11.0,9.5,0.044673666602801906,43.69692949094638,11.0,0.8885233166386386,0.0,613.7975689105464,27.77075289359418,0.06256038472288937,0.034352678764593685,0.07359984553527019,0.17632070720601611,0.15,0.65,-0.2153970739396634,92.18299628735444,0.0,0.0,0.0
3,7527661,7556858,0,99.96666666666667,102.5,4.571530256805579,92.0,104.0,12.0,7.5,0.04573054608341692,29.098894464290325,12.0,0.7427813527082074,0.0,601.5060715813898,28.571051037195552,0.06881780158366078,0.048396507746570436,0.07108712152654478,0.17029665920261555,0.16666666666666666,0.5666666666666667,-0.06464622067730547,93.53012881947389,0.0,0.0,0.0
3,7527661,7566858,0,101.275,103.5,4.571583423716557,92.0,106.0,14.0,5.0,0.04514029546992404,21.287433730773564,14.0,0.6793662204867574,0.0,593.7197465120843,28.22691208563072,0.06251856045032124,0.034352678764593685,0.06734833570819819,0.15682376890706334,0.15,0.6,-0.14859207215245285,95.31598201642443,0.0,0.0,0.0
3,7532666,7576858,0,103.37777777777778,104.0,3.128996210280641,93.0,107.0,14.0,3.0,0.030267590168234916,12.460321222204046,13.0,0.6571287406727709,0.0,580.9557240324195,18.52222943824414,0.05856998461616115,0.03253030776649839,0.06453258454484935,0.15512547246272426,0.13333333333333333,0.6222222222222222,-0.5758745332756485,97.6579529744202,0.0,0.0,0.0
30,487740,532088,0,84.75,86.0,3.4845437943216404,76.0,88.0,12.0,6.0,0.04111556099494561,15.45796255294177,12.0,0.5705974021574557,0.0,709.204529428457,30.177505097243323,0.2157076295560163,0.17899110782670954,0.22034751658285615,0.3920038072365654,0.5454545454545454,0.1590909090909091,-0.11750940999662937,69.7124850906391,0.0,0.0,0.0
30,498088,542088,0,86.53333333333333,87.0,1.9843834754849619,81.0,88.0,7.0,2.0,0.022932012428562736,7.509881422924888,7.0,0.45226701686664544,0.0,693.7503528440112,16.3968638678346,0.20397572443056344,0.18422522257898633,0.14078291861934095,0.37194673549312024,0.6,0.13333333333333333,0.33470243034552766,71.87298844772012,0.0,0.0,0.0
30,508088,551825,0,87.61904761904762,88.0,0.785353452498602,85.0,89.0,4.0,1.0,0.008963273099168827,2.5763448412374497,4.0,0.38254602783800296,0.0,684.8382780074227,6.211371631321394,0.2550456452033405,0.2279199412871349,0.18239578389853975,0.5170000994131501,0.6666666666666666,0.09523809523809523,0.38674829002990724,69.81343503634223,0.0,0.0,0.0
30,518088,561825,0,89.0952380952381,88.0,2.180099646144685,87.0,95.0,8.0,1.0,0.024469317246947293,7.553189552582614,7.0,0.4685212856658182,0.0,673.825677284144,15.900926521815887,0.2930107242875617,0.24471218612506057,0.19272828026498323,0.5492166746243966,0.7857142857142857,0.047619047619047616,0.08496368490035153,68.90525841874116,0.0,0.0,0.0
30,528088,570825,0,91.51219512195122,89.0,4.4999834754141705,87.0,100.0,13.0,7.0,0.04917359341470708,18.721711925504717,12.0,0.5916079783099616,0.0,657.1794837269013,31.114888187764443,0.25556082743830216,0.2360892106025759,0.20907106226634206,0.5222880570333698,0.6829268292682927,0.1951219512195122,-0.371377964012169,72.88551308873015,0.0,0.0,0.0
30,538088,570825,0,92.70967741935483,92.0,4.5663110570936,87.0,100.0,13.0,8.5,0.04925387709460738,26.322804238196234,13.0,0.6582805886043833,0.0,648.7259043041906,31.3730773873026,0.2748172173787603,0.2641705861445209,0.22400301869846906,0.5522087432456219,0.7096774193548387,0.22580645161290322,-0.5430622768675981,72.72389810515863,0.0,0.0,0.0
30,549825,570825,0,94.68181818181819,94.5,3.9930207707991023,88.0,100.0,12.0,6.75,0.04217304702716287,37.368718238283485,12.0,0.7559289460184544,0.0,634.8319275668482,26.823867357293082,0.2606471336469486,0.2313210577543749,0.24655114780739412,0.6110387626698515,0.6363636363636364,0.3181818181818182,-0.6987668289580281,75.10572598369494,0.0,0.0,0.0
30,557825,570825,0,97.14285714285714,97.5,2.6687916703242003,93.0,100.0,7.0,5.0,0.027472855429807944,38.50549450549475,7.0,0.7337993857053428,0.0,618.1171823409389,17.115236795982245,0.16896384235506803,0.07767946667071418,0.2103602317310868,0.39190277870455703,0.42857142857142855,0.5,-0.7242520383069769,83.10167827530664,0.0,0.0,0.0
30,567825,570825,0,100.0,100.0,0.0,100.0,100.0,0.0,0.0,0.0,-1.3253811642878588e-12,0.0,0.0,0.0,600.0,0.0,0.005064503236767952,0.00361308693129113,0.004113792487061156,0.009596514672952257,0.0,1.0,0.0,99.49610167104122,0.0,0.0,0.0
30,1027823,1031831,1,86.0,86.0,0.0,86.0,86.0,0.0,0.0,0.0,-3.143777471962189e-13,0.0,0.0,0.0,697.6744186046511,0.0,0.03359456806213797,0.008218186178290973,0.05218811503307407,0.08804227978979509,0.0,0.8,0.0,83.20477163617392,0.0,0.0,0.0
30,1027823,1042091,1,87.92857142857143,87.5,2.016513459070443,86.0,91.0,5.0,3.75,0.022933540558071654,21.696672284780345,2.0,0.9607689228305228,0.0,682.727428266964,15.497327429632628,0.06661072819890398,0.02491623423139374,0.1050611700233364,0.13743165898076012,0.07142857142857142,0.7142857142857143,0.2057702254000331,82.4373589201086,0.0,0.0,0.0
30,1027823,1052091,1,88.0,88.0,1.6832508230603465,86.0,91.0,5.0,2.25,0.01912785026204939,4.2603769626384205,1.0,0.8597269536210951,0.0,682.0658177420023,12.948217252178052,0.05378386526878021,0.02603100606763134,0.08338584309394423,0.12239021707724342,0.041666666666666664,0.7083333333333334,0.22489927051301287,83.50858548925926,0.0,0.0,0.0
30,1027823,1062091,1,87.73529411764706,88.0,1.6681942249984978,84.0,91.0,7.0,2.0,0.019013946915839398,-0.8239815179785345,2.0,0.8876253645985945,0.0,684.121860027054,12.971640189872595,0.04377748474096584,0.02349454374305198,0.07225740428257717,0.08296059356546577,0.029411764705882353,0.7647058823529411,0.23910923080613522,84.05555341081181,0.0,0.0,0.0
30,1027823,1072091,1,86.63636363636364,87.0,2.5857204824232527,81.0,91.0,10.0,3.25,0.029845671885263145,-6.874995894416056,2.0,0.9644856443408242,0.0,693.1769787711254,21.026923680890324,0.03839036482018522,0.017989528867317507,0.06465874325093464,0.06912354532668576,0.022727272727272728,0.7954545454545454,0.25944838139241105,83.43332774603141,0.0,0.0,0.0
30,1038091,1082091,1,86.83720930232558,87.0,2.8928961312083046,81.0,91.0,10.0,5.0,0.03331401543705332,-5.646604547352881,1.0,1.0801234497346435,0.0,691.7263605265093,23.377160598358387,0.054729469265141044,0.01695565704704155,0.1747306787963656,0.06897611115920657,0.023255813953488372,0.813953488372093,-0.12030575318074449,82.33126297573486,0.0,0.0,0.0
30,1048091,1092091,1,86.64285714285714,87.0,3.0223093391472355,81.0,96.0,15.0,4.0,0.03488238313937453,4.465120114342238,8.0,1.3792893185949944,0.0,693.334435968731,24.01615676401876,0.10205392356928776,0.017989528867317507,0.24908370042287642,0.14795307595992088,0.11904761904761904,0.8095238095238095,-0.033281191987023076,78.61943530153384,0.0,0.0,0.0
30,1058091,1098091,1,86.76470588235294,87.0,3.694660881751107,81.0,96.0,15.0,5.0,0.042582532196453436,14.384410007982215,5.0,1.5472360498448172,0.0,692.7588111952126,29.001546029110834,0.12016310765698375,0.016936122570657627,0.27356432670880076,0.38948395675109104,0.14705882352941177,0.7941176470588235,-0.04375714887564539,77.45720715962199,0.0,0.0,0.0
30,1068091,1112091,1,87.71875,87.5,3.0744346533143294,84.0,96.0,12.0,4.25,0.0350487741026215,4.001026739657354,1.0,1.6752467319482303,0.0,684.8258617759252,23.462664677451947,0.12816354248157386,0.02190444862109954,0.2801438214246768,0.4568032623807857,0.15625,0.78125,-0.17996385972605417,77.75357622978026,0.0,0.0,0.0
30,1078091,1116091,1,88.11538461538461,88.0,3.1662514001566713,83.0,96.0,13.0,3.5,0.03593301458056458,-8.631093099178205,8.0,1.7435595774162693,0.0,681.7914594580584,24.12995384452077,0.10756862481469269,0.023576370104710767,0.2280259988878244,0.3221646511213976,0.15384615384615385,0.8076923076923077,-0.07719308329758284,79.55749435402,0.0,0.0,0.0
30,1088091,1116091,1,87.83333333333333,87.5,3.5939764421413036,83.0,96.0,13.0,3.5,0.04091813786119131,-17.263097623819014,4.0,2.0291986247835694,0.0,684.2281501408853,27.307429626443092,0.03195607244314462,0.023527275885398435,0.033222081275188296,0.048652891836737655,0.05555555555555555,0.8888888888888888,-0.0848049089880034,85.11344201443465,0.0,0.0,0.0
30,1098091,1116091,1,86.46153846153847,87.0,2.6491039011880866,83.0,93.0,10.0,4.0,0.03063910206000456,-33.053026245313156,10.0,1.632993161855452,0.0,694.58889962079,20.8644162143618,0.02513162433901108,0.023335201933648055,0.016561020499523172,0.029988937051847134,0.0,0.9230769230769231,-0.2781650548644251,84.34188977175249,0.0,0.0,0.0
30,1108091,1116091,1,85.22222222222223,85.0,1.7497795275581802,83.0,88.0,5.0,3.0,0.02053196316561098,-39.00000000000044,5.0,0.9354143466934853,0.0,704.3377621436828,14.420221475526995,0.029004284659645836,0.023823934868035697,0.018045227724121086,0.039874892918269886,0.0,0.8888888888888888,-0.07303686801691645,82.82008490412689,0.0,0.0,0.0
30,1840231,1862231,0,86.42857142857143,87.0,2.821202522590214,83.0,90.0,7.0,5.5,0.03264201265806859,-16.97242841993651,6.0,2.581988897471611,0.0,694.9578989482668,22.765846194670356,0.1337973346831341,0.025344660129130895,0.1944917416724818,0.34128005032129977,0.2857142857142857,0.5714285714285714,0.007164000678401687,76.22929494072757,0.0,0.0,0.0
30,1840231,1872231,0,85.47058823529412,85.0,2.003457219520753,83.0,90.0,7.0,1.0,0.02344031158420702,-9.623226950354542,5.0,1.6393596310755,0.0,702.372679102277,16.079256498118948,0.1550344404923369,0.10691458569282228,0.14739272639784393,0.2886695746999992,0.47058823529411764,0.35294117647058826,-0.008853727304581015,73.99830276823782,0.0,0.0,0.0
30,1840231,1882231,0,85.03703703703704,85.0,1.7101327971281772,83.0,90.0,7.0,1.0,0.020110446656124034,-6.715052694372688,4.0,1.3301243435223524,0.0,705.851207539342,13.742222422595683,0.10672742715877787,0.03911281089453457,0.13422737905485205,0.26373469823432016,0.2962962962962963,0.5185185185185185,0.13850073916701852,76.83647748330095,0.0,0.0,0.0
30,1854231,1891231,0,84.54545454545455,84.0,1.0756508696544755,83.0,89.0,6.0,1.0,0.012722752221719603,-1.837505724316885,6.0,1.0897247358851685,0.0,709.7895390592455,8.81566266861317,0.07490540405288547,0.0359335208298987,0.09002349373577051,0.2211776974559745,0.21212121212121213,0.6060606060606061,0.03965081675774099,78.65385570365493,0.0,0.0,0.0
30,1860231,1902231,0,83.1842105263158,84.0,3.135998650290851,73.0,86.0,13.0,1.0,0.037699445969962775,-10.290571884552893,11.0,0.9725975251592747,0.0,722.4124201865997,29.778549246939196,0.0664380312244794,0.020578415424635513,0.08670400222737842,0.21914844967333583,0.18421052631578946,0.6578947368421053,0.28541818458139295,78.00191674597731,0.0,0.0,0.0
30,1868231,1912231,0,79.975,84.0,5.918139488048587,68.0,86.0,18.0,11.25,0.0739998685595322,-23.611481975967973,17.0,1.0500305245868344,0.0,754.5936550425502,58.95538526111985,0.032984250182960334,0.013408576146527726,0.05412357241667219,0.08094816006499858,0.025,0.825,0.2878032556195923,77.4213159453641,0.0,0.0,0.0
30,1878231,1917231,0,77.4,76.0,6.252770814378444,68.0,86.0,18.0,12.0,0.08078515264054836,-28.468571428571423,9.0,1.2947859237091257,0.0,780.2818768740987,63.05264392645298,0.017281128708756293,0.00911387469645565,0.02117146152870708,0.04499201577799056,0.0,0.9142857142857143,0.321597343589318,76.08516251377286,0.0,0.0,0.0
30,1888231,1917231,0,74.52,73.0,5.044759657307769,68.0,84.0,16.0,7.0,0.0676967211125573,-31.15077605321515,9.0,1.4577379737113252,0.0,808.6815144715005,52.20430933083817,0.016190485178469983,0.00911387469645565,0.02138900957291889,0.04218575343296029,0.0,0.92,0.4447300363309244,73.33270787997223,0.0,0.0,0.0
30,1898231,1917231,0,72.35,72.0,2.8155816450602176,68.0,79.0,11.0,2.25,0.03891612501810944,-18.270676691729363,4.0,1.4867838833500564,0.0,830.5274205962281,31.52761511991912,0.010618011110032577,0.00647519439996138,0.012061992877547802,0.02122862234959836,0.0,1.0,-0.06343995846882927,71.58985809141966,0.0,0.0,0.0
30,1908231,1917231,0,70.8,70.5,2.0396078054371136,68.0,75.0,7.0,1.75,0.02880801985080669,13.818181818181873,4.0,1.632993161855452,0.0,848.1526440404447,24.139901264438574,0.004625003872677367,0.002853256552798056,0.004853703713572256,0.012546673072629737,0.0,1.0,-0.44083494892784575,70.47405721246903,0.0,0.0,0.0
30,2234688,2240437,1,88.16666666666667,88.0,0.6871842709362768,87.0,89.0,2.0,0.75,0.007794150521016371,-0.004537859662450685,0.0,0.8944271909999159,0.0,680.5707207683187,5.314439204370134,0.025338510977011803,0.017617730270278964,0.023161949128500108,0.048213129365529045,0.0,0.8333333333333334,-0.19456978215900708,85.98786227453361,0.0,0.0,0.0
30,2234688,2252437,1,86.4375,86.5,1.6189792308735773,84.0,89.0,5.0,3.0,0.018730056177857727,-15.33484214179036,4.0,0.8944271909999159,0.0,694.3865216864334,12.9944263429588,0.031288095722326215,0.01193983398562068,0.05266714975504905,0.08429670827467234,0.0625,0.8125,-0.17719201939065812,83.81508557941626,0.0,0.0,0.0
30,2234688,2262437,1,85.78260869565217,85.0,1.7183541604669132,83.0,89.0,6.0,2.5,0.020031498069305122,-11.033787669087625,5.0,0.9293203772845852,0.0,699.7208745621159,13.90048959932277,0.029847605142122712,0.012826939776328431,0.04597875386266751,0.07749865095394907,0.043478260869565216,0.8260869565217391,-0.13145400599062082,83.29641033035549,0.0,0.0,0.0
30,2234688,2272437,1,84.3030303030303,85.0,2.779632071628758,79.0,89.0,10.0,3.0,0.03297191170515781,-13.761592028400658,10.0,0.8660254037844386,0.0,712.5001807308491,23.732788427342875,0.0237763268276253,0.011431177346071568,0.039680477863994826,0.06796210871985904,0.030303030303030304,0.8787878787878788,0.11118177330302802,82.34516475318395,0.0,0.0,0.0
30,2239437,2282437,1,82.61538461538461,83.0,3.043407205119547,78.0,89.0,11.0,5.0,0.03683826225936137,-13.127039532429567,7.0,0.8429272304235246,0.0,727.2422826890717,26.763036797382885,0.021475897166272698,0.00834645828769729,0.03733390470483682,0.05054739624376207,0.02564102564102564,0.8974358974358975,0.24135674685960337,80.87844739613737,0.0,0.0,0.0
30,2248437,2292437,1,82.325,83.0,2.6113933062639183,78.0,87.0,9.0,5.0,0.031720538187232535,-2.306969165204309,2.0,0.8473185457363234,0.0,729.5592912346305,23.354955634853365,0.02197174350639553,0.008997888275452143,0.03779813802915974,0.04744946574776826,0.025,0.9,0.27538413032969666,80.55506477854475,0.0,0.0,0.0
30,2261437,2302437,1,82.575,83.0,2.8274325809822596,78.0,87.0,9.0,5.0,0.03424078208879515,8.478641310688486,1.0,0.7679476477883045,0.0,727.4729313334271,25.14638783836018,0.011038972100053814,0.006729298292485112,0.016035564001623943,0.017298034731791083,0.0,0.975,0.007878813466355087,81.6734095110908,0.0,0.0,0.0
30,2268437,2312437,1,84.0,85.0,3.821603218910971,78.0,90.0,12.0,6.5,0.0454952764156068,16.089125598328028,9.0,0.7400128699009549,0.0,715.7804927089073,32.87952641285448,0.010356458629223627,0.006734218782634978,0.015431954493330428,0.015270075225029645,0.0,0.9767441860465116,-0.09127360517250695,83.13897464857595,0.0,0.0,0.0
30,2278437,2322437,1,86.20930232558139,86.0,2.857533002799375,79.0,90.0,11.0,4.0,0.033146457815045355,11.042529523043315,8.0,0.6900655593423543,0.0,696.7685494323343,23.790217687974412,0.010159783473296772,0.006111764342782963,0.01631679918950555,0.01493203738747285,0.0,0.9767441860465116,-0.1603413078263634,85.3422436093847,0.0,0.0,0.0
30,2288437,2324437,1,87.48571428571428,88.0,1.6796501093370366,85.0,90.0,5.0,3.0,0.019199135802350192,6.485050140949198,4.0,0.6416889479197478,0.0,686.080578791227,13.247726317391058,0.006928115541395875,0.005728823050136717,0.007593406224926999,0.01257522100490712,0.0,1.0,0.13370673943765052,86.8837734644799,0.0,0.0,0.0
30,2298437,2324437,1,88.0,89.0,1.539600717839002,85.0,90.0,5.0,2.0,0.017495462702715934,5.641025641025721,4.0,0.6201736729460423,0.0,682.0303834087784,12.130298192793651,0.007056256220265344,0.005728823050136717,0.00846278326899835,0.012680831656339387,0.0,1.0,0.11804101760089625,87.38340033781833,0.0,0.0,0.0
30,2308437,2324437,1,88.58823529411765,89.0,0.6910200073218077,87.0,89.0,2.0,1.0,0.007800358648386939,-5.294117647058654,0.0,0.5,0.0,677.3325018077394,5.341529955795261,0.007503127709369594,0.004124505737310961,0.010200114979062912,0.014325077350857673,0.0,1.0,0.2066247955777005,87.92849655517134,0.0,0.0,0.0
30,2318437,2324437,1,88.0,88.0,0.7559289460184544,87.0,89.0,2.0,1.0,0.008590101659300619,-2.142857142856741,0.0,0.816496580927726,0.0,681.868499574815,5.857805991355276,0.004513495134999207,0.0014655581613521912,0.0058293232816220945,0.011167904411914674,0.0,1.0,0.12420546946002443,87.60459707728809,0.0,0.0,0.0
30,3136815,3161802,0,94.18181818181819,94.0,2.2489667048823603,91.0,97.0,6.0,4.0,0.023878990109754788,0.7351501189295282,0.0,2.04939015319192,0.1,637.4295213792352,15.241032582912563,0.018551401423263295,0.006589641877915076,0.03174908619169519,0.024112604617623323,0.0,0.9090909090909091,-0.3651316289727288,92.46643620558973,0.0,0.0,0.0
30,3136815,3171802,0,92.9047619047619,92.0,2.223355719986429,91.0,97.0,6.0,3.0,0.023931558236655565,-6.565006666617635,3.0,1.5329709716755893,0.05,646.1861510742796,15.191238074078935,0.011931246601239086,0.005486251886600188,0.02409105094781203,0.014479572211534118,0.0,0.9523809523809523,-0.07679012149663948,91.8093617691913,0.0,0.0,0.0
30,3152802,3181802,0,93.9,94.0,2.270829510700146,91.0,97.0,6.0,5.0,0.024183487866881213,2.576195773081229,1.0,0.7191949522280763,0.0,639.3526993775802,15.511066247005084,0.011837474785536201,0.0068194117636283195,0.016836160854176475,0.024367614725028828,0.0,0.9333333333333333,0.39449039955930193,92.80146499802507,0.0,0.0,0.0
30,3152802,3191802,0,94.75,96.0,2.477397828367499,91.0,98.0,7.0,4.25,0.026146678927361465,6.799249530956765,0.0,0.7844645405527362,0.0,633.6836019579694,16.76301581458261,0.020432772699785117,0.007658667673928957,0.027891008399999064,0.05735091474826922,0.0,0.85,0.5180070107843591,92.85276064714925,0.0,0.0,0.0
30,3157802,3201802,0,95.1219512195122,96.0,2.8128201450416572,91.0,100.0,9.0,4.0,0.029570673319668703,12.094816398198462,5.0,0.8803408430829505,0.0,631.3251132205035,18.8048119002389,0.020029309598234044,0.007387908495352186,0.027654222446078652,0.05732708811725514,0.0,0.8536585365853658,0.3926735589745397,93.25413527281735,0.0,0.0,0.0
30,3167802,3211802,0,96.09756097560975,96.0,2.104639219980939,91.0,100.0,9.0,2.0,0.02190106802518236,4.17219328894454,3.0,0.9082951062292475,0.0,624.6699417318782,13.908713204664329,0.021501509840486308,0.009863933649330756,0.02700109388659669,0.05732708811725514,0.0,0.8536585365853658,0.2708823912051581,94.07481051165159,0.0,0.0,0.0
30,3177802,3221802,0,95.51219512195122,96.0,2.777276708062583,90.0,100.0,10.0,3.0,0.029077718342841136,-8.725046958999865,7.0,0.8803408430829505,0.0,628.733571943681,18.63113322703216,0.021283123346946015,0.009863933649330756,0.027156040528349242,0.05732708811725514,0.0,0.8536585365853658,0.3194918707020333,93.52175996890945,0.0,0.0,0.0
31,2601282,2646145,1,79.04651162790698,79.0,1.7111601989904328,76.0,83.0,7.0,2.0,0.021647510607999004,-4.399225922903175,1.0,1.0350983390135313,0.0,759.4008449841933,16.360759876005588,0.05565564104959131,0.024517200535216662,0.06252171651676466,0.1532072669340731,0.13953488372093023,0.6976744186046512,0.3242107287232229,74.87906903932664,0.0,0.0,0.0
31,2612145,2656145,1,78.66666666666667,78.0,1.8135294011647258,76.0,83.0,7.0,3.0,0.02305333984531431,-6.2924901185770326,4.0,0.9534625892455924,0.0,763.1119527678273,17.35888963362732,0.04564617451383019,0.015557861536942134,0.0627918944653092,0.15265074919337704,0.13333333333333333,0.7777777777777778,0.4000592870961051,75.23258687695433,0.0,0.0,0.0
31,2622145,2666145,1,77.95555555555555,78.0,1.3325923867168845,76.0,82.0,6.0,1.0,0.017094258096425258,-2.695652173913027,2.0,0.9770084209183945,0.0,769.8902715911249,12.928225148903763,0.03438182893796708,0.013803275977018456,0.05120749484177264,0.07676502621070783,0.08888888888888889,0.8222222222222222,0.12059459566689185,75.36438999087504,0.0,0.0,0.0
31,2632145,2676145,1,77.42222222222222,77.0,1.3741888741102493,73.0,80.0,7.0,1.0,0.017749282243100236,0.8853754940711416,1.0,1.0975178606954215,0.0,775.2187768234606,13.950124907963414,0.02341676868657071,0.013014465506541104,0.03467621816423943,0.04567150068971312,0.022222222222222223,0.9111111111111111,0.03362318748948683,75.65072665516718,0.0,0.0,0.0
31,2642145,2680145,1,77.87179487179488,78.0,1.8970893654455296,73.0,82.0,9.0,2.0,0.02436170077457216,4.506072874493946,6.0,1.1920791213585393,0.0,770.9548824473345,18.800896781011918,0.026152597823341457,0.013014465506541104,0.03843715354649161,0.05819493558824726,0.02564102564102564,0.8717948717948718,0.026935726942272763,75.88714878954191,0.0,0.0,0.0
31,2652145,2689145,1,78.75,78.0,2.8613807855648994,73.0,86.0,13.0,3.0,0.03633499410241142,11.604375910092333,7.0,1.4919136877222163,0.0,762.8935073140649,27.24883686997653,0.02561290287183924,0.012718810963739988,0.04119708803494795,0.05371187384173505,0.03125,0.875,-0.04521746080178723,76.78335537656609,0.0,0.0,0.0
31,2662145,2689145,1,79.27272727272727,79.0,3.277773886785445,73.0,86.0,13.0,3.0,0.041348065085596214,20.673847954021333,6.0,1.5735915849388864,0.0,758.1735762950779,31.30999163078221,0.029212681128898008,0.012940637395431748,0.04797704095628635,0.07636522702620269,0.045454545454545456,0.8636363636363636,-0.08403051376816437,77.02268804711628,0.0,0.0,0.0
31,2672145,2689145,1,81.58333333333333,81.0,2.2157893000513886,79.0,86.0,7.0,2.5,0.02715982798837249,21.450777202072654,4.0,1.5374122295716148,0.0,735.9771619359598,19.62382786558198,0.022491631126089217,0.012940637395431748,0.025768770864190056,0.044089295777135246,0.0,0.9166666666666666,-0.2593109775826988,79.78875410792759,0.0,0.0,0.0
31,3999076,4006076,1,87.375,88.0,0.8569568250501305,86.0,88.0,2.0,1.25,0.009807803434050135,-12.142857142856906,0.0,0.9258200997725514,0.0,686.7618648392506,6.7891355962158,0.02241704042152226,0.016361105992830645,0.01927636410312041,0.04274098250968471,0.0,0.875,0.1720033167550368,85.45925639500005,0.0,0.0,0.0
31,3999076,4016076,1,87.94444444444444,88.0,0.8480187512485416,86.0,89.0,3.0,0.0,0.009642664259301168,3.52941176470583,0.0,0.6859943405700354,0.0,682.3129568392357,6.644164959695713,0.016877138894775445,0.013938196278133284,0.01445494322078931,0.023988232207143,0.0,0.9444444444444444,-0.12458223517840786,86.48482799016368,0.0,0.0,0.0
31,3999076,4024076,1,87.8695652173913,88.0,0.7969696860792764,86.0,89.0,3.0,0.0,0.009069917258695378,0.2629776742912122,1.0,0.6396021490668313,0.0,682.8868744951468,6.240065482926922,0.01834455833602469,0.012980930458222883,0.015735197469876203,0.03959148943403568,0.0,0.9130434782608695,-0.2824127849856073,86.28667428730625,0.0,0.0,0.0
31,3999076,4034076,1,88.23076923076923,88.0,1.249852062251686,86.0,91.0,5.0,0.75,0.014165716485851717,4.41637592191856,3.0,1.0,0.0,680.1700035157827,9.541287315864777,0.02926538556361176,0.01523950150457916,0.0383918438631446,0.06283561019634422,0.038461538461538464,0.8076923076923077,0.5649648741932553,85.72207952223638,0.0,0.0,0.0
31,4002076,4046076,1,88.41379310344827,88.0,1.246159379282252,86.0,91.0,5.0,1.0,0.014094626364736861,2.819022701751414,1.0,1.0177004891982149,0.0,678.7613657904758,9.524766414928616,0.027177148094448267,0.015583540911114635,0.0357965810927977,0.05159361726220393,0.034482758620689655,0.8620689655172413,0.5563646002686427,86.0745327789542,0.0,0.0,0.0
31,4012076,4048076,1,88.76190476190476,89.0,1.1507662831994832,87.0,91.0,4.0,1.0,0.012964641602569285,2.326849110379324,0.0,1.0488088481701516,0.0,676.0783603646281,8.693427068683139,0.03753027658121847,0.023156378918844523,0.04100673903896867,0.07049278554518121,0.047619047619047616,0.7142857142857143,0.640817505701395,85.55114656931791,0.0,0.0,0.0
31,4022076,4048076,1,89.07142857142857,89.0,1.2797480619406367,87.0,91.0,4.0,1.5,0.01436766067936561,2.2084492790285335,1.0,1.270977818604485,0.0,673.7556552412367,9.673956086243404,0.050285495764054666,0.039396970205337056,0.044855396837240234,0.08879220553999997,0.07142857142857142,0.5714285714285714,0.5761609805534422,84.80687292233003,0.0,0.0,0.0
31,4032076,4067076,1,89.08333333333333,89.0,1.8008485654145256,84.0,91.0,7.0,1.25,0.0202153253367393,-11.775401069518876,7.0,1.6236882817719773,0.0,673.811363418105,14.089744458625285,0.05539960400585315,0.04664036106808272,0.046814051677011574,0.09402061125280531,0.08333333333333333,0.5,0.3343398831401775,84.40720746455699,0.0,0.0,0.0
31,4042076,4067076,1,88.25,89.0,1.6393596310755,84.0,89.0,5.0,0.25,0.018576313100005667,-12.29235880398653,5.0,1.9639610121239315,0.0,680.1309645410769,13.15057697842372,0.036726986325959846,0.03182930131109869,0.022795981398252126,0.06507387565136107,0.0,0.625,-0.3209545651035832,85.1236643436357,0.0,0.0,0.0
31,5304759,5315759,1,89.33333333333333,89.0,0.6666666666666666,88.0,90.0,2.0,1.0,0.007462686567164179,3.2608695652172512,1.0,0.9354143466934853,0.0,671.679340218666,5.031731522920841,0.17919548656399123,0.17840600942368107,0.0631557918482546,0.24747591103309527,0.5555555555555556,0.0,0.3626659345650184,75.75786572389114,0.0,0.0,0.0
31,5304759,5323759,1,89.29411764705883,89.0,1.1764705882352942,87.0,92.0,5.0,1.0,0.013175230566534914,3.7310030395137765,4.0,0.9354143466934853,0.0,672.0530261065016,8.826184288843098,0.12179112439345824,0.12425857272568663,0.08572258322523772,0.20807436347170033,0.35294117647058826,0.23529411764705882,0.06759670195214382,79.59959363677379,0.0,0.0,0.0
31,5304759,5329759,1,89.23809523809524,89.0,1.1086139739831253,87.0,92.0,5.0,1.0,0.012423102163097988,0.8977196189744099,1.0,1.02469507659596,0.0,672.461947573188,8.321062038227733,0.1239406709992881,0.12425857272568663,0.08222701442589589,0.2286183351339096,0.38095238095238093,0.19047619047619047,0.01835690279235804,79.39751406874016,0.0,0.0,0.0
32,1035743,1080740,1,86.75555555555556,86.0,2.9974474737724246,82.0,95.0,13.0,3.0,0.03455049598354485,9.62983119341987,6.0,0.9534625892455924,0.0,692.3969747758076,23.13447588121745,0.06533375271155019,0.014846553210470764,0.10815183892389321,0.2695296743510878,0.15555555555555556,0.7111111111111111,-0.008384459038659442,81.43509518471578,0.0,0.0,0.0
32,1045786,1090740,1,87.5813953488372,87.0,3.119574793174692,82.0,95.0,13.0,4.0,0.03561914925823467,10.37426309574464,4.0,1.0,0.0,685.9343751268888,24.09254012391412,0.054210519589789924,0.0070072266462963256,0.10151598984694138,0.24163017873855752,0.13953488372093023,0.7906976744186046,-0.07126889440605967,83.07770954791508,0.0,0.0,0.0
32,1056740,1100740,1,88.55813953488372,88.0,2.385053512942589,85.0,95.0,10.0,2.0,0.026932064353080706,3.1726613389812144,3.0,1.0350983390135313,0.0,678.0023795990455,17.884423718470632,0.03955433797651508,0.006440127192285203,0.08449517523961451,0.11382928432654647,0.09302325581395349,0.8604651162790697,-0.07478044737888428,85.18856234803607,0.0,0.0,0.0
32,1066740,1110740,1,89.3953488372093,89.0,2.3932029222675224,85.0,95.0,10.0,3.0,0.02677100043119237,3.100815987915094,5.0,1.0350983390135313,0.0,671.6549258491755,17.905020649957237,0.03655436325513315,0.0070072266462963256,0.07361144928963281,0.11312640360961677,0.06976744186046512,0.8604651162790697,-0.15456318184461554,86.24279826142211,0.0,0.0,0.0
32,1076740,1120740,1,89.83720930232558,89.0,1.952103606644959,87.0,95.0,8.0,3.0,0.02172934379646214,-3.12065531387268,3.0,1.0578504710249077,0.0,668.185543982937,14.308987479523088,0.032450178897726306,0.008564210519399186,0.0612294736086964,0.11486704589786521,0.046511627906976744,0.8604651162790697,0.18271414331371277,87.01360233986146,0.0,0.0,0.0
33,1743649,1786084,1,93.0,94.0,3.03315017762062,88.0,98.0,10.0,5.5,0.032614518038931395,10.472199226103008,5.0,0.954863710632231,0.0,645.8506023428588,21.140945946556023,0.07324313990251785,0.0382564831780893,0.08813024522404432,0.16539354876435572,0.14285714285714285,0.5428571428571428,-0.10512105664259164,86.65324430440539,0.0,0.0,0.0
33,1754084,1786084,1,94.07692307692308,95.0,2.716375935847627,89.0,98.0,9.0,3.75,0.028873987870825145,10.16282066299635,6.0,0.9797958971132712,0.0,638.3189394235148,18.810770129184665,0.06537253311367273,0.04882360273821215,0.05804786672232143,0.14713972063579386,0.11538461538461539,0.5,0.1153130698707349,88.30425053476134,0.0,0.0,0.0
33,1764084,1807084,1,96.34782608695652,96.0,1.1270853388535411,95.0,98.0,3.0,2.0,0.011698087903263288,1.7146194276815914,1.0,0.9770084209183945,0.0,622.828722892587,7.2699179749651055,0.05538963066997093,0.03313269933330559,0.06439782019037833,0.15318050004512038,0.13043478260869565,0.6956521739130435,-0.49321799694265245,91.29123812387094,0.0,0.0,0.0
33,1775084,1811084,1,96.14285714285714,96.0,1.0367400503370114,95.0,98.0,3.0,2.0,0.010783328903951086,3.5510238009477306,1.0,0.7416198487095663,0.0,624.1435299800099,6.6965370267791435,0.05605515461246508,0.03313269933330559,0.06748342687304913,0.1572076863180047,0.14285714285714285,0.7142857142857143,-0.451048331793266,91.03961731822442,0.0,0.0,0.0
33,1784084,1811084,1,96.66666666666667,97.0,1.0274023338281626,95.0,98.0,3.0,1.25,0.010628300005118923,3.6655948553053266,1.0,0.9045340337332909,0.0,620.759949394842,6.614195831540439,0.020403407900063775,0.007171936688365242,0.028794438360011474,0.04100130496594981,0.0,0.9166666666666666,-0.33203308091062733,94.73377481715939,0.0,0.0,0.0
33,1801084,1831084,1,96.3,97.0,2.5317977802344322,89.0,98.0,9.0,1.5,0.02629073499724229,-18.123167155425243,9.0,2.4267032964268394,0.1111111111111111,623.5118801372048,17.459775938027917,0.011142004921644041,0.007171936688365242,0.01159057024172417,0.024312711469618522,0.0,1.0,0.17818547593255565,95.23884828369141,0.0,0.0,0.0
33,1804084,1831084,1,95.71428571428571,97.0,2.813959371941744,89.0,98.0,9.0,1.0,0.029399575527749567,-19.385869565217128,9.0,2.9154759474226504,0.16666666666666666,627.4389006318219,19.50107599057186,0.008558635338882488,0.007692529237102746,0.0063347534313020195,0.014771455933262359,0.0,1.0,0.05180244672011367,94.90205364423365,0.0,0.0,0.0
33,2433763,2437776,1,95.4,95.0,0.4898979485566356,95.0,96.0,1.0,1.0,0.005135198622186955,-17.94496392740723,1.0,0.5,0.0,628.9473684210527,3.223012819451544,0.03798164978058484,0.027210944243048065,0.030844858981614806,0.07182729703571845,0.0,0.8,-0.45459309314089474,91.90913926095538,0.0,0.0,0.0
33,2433763,2448609,1,95.0,95.0,0.5547001962252291,94.0,96.0,2.0,0.0,0.00583894943394978,-4.061104619486613,1.0,0.6454972243679028,0.0,631.600482384357,3.688307655196062,0.07086962238521011,0.03349434935035802,0.07384782955596543,0.1853945122640583,0.15384615384615385,0.6153846153846154,-0.32557108005102764,88.7129469490422,0.0,0.0,0.0
33,2433763,2454609,1,95.57894736842105,95.0,0.9902572485382516,94.0,97.0,3.0,1.5,0.010360620992415628,4.54850174969108,1.0,0.6236095644623235,0.0,627.8205145342778,6.487394738435983,0.0668067239687716,0.03201471860745621,0.07627556569978201,0.2078858651231148,0.15789473684210525,0.631578947368421,-0.15720884081040679,89.5934991980974,0.0,0.0,0.0
33,2433763,2454609,1,95.57894736842105,95.0,0.9902572485382516,94.0,97.0,3.0,1.5,0.010360620992415628,4.54850174969108,1.0,0.6236095644623235,0.0,627.8205145342778,6.487394738435983,0.0668067239687716,0.03201471860745621,0.07627556569978201,0.2078858651231148,0.15789473684210525,0.631578947368421,-0.15720884081040679,89.5934991980974,0.0,0.0,0.0
33,2433763,2478609,1,95.75862068965517,96.0,0.8965517241379312,94.0,97.0,3.0,1.0,0.009362621534029529,1.3680953442701662,1.0,0.5669467095138409,0.0,626.6304181235018,5.872247349557351,0.04603948498277702,0.014405953436034232,0.06811381528226615,0.1273152114433619,0.10344827586206896,0.7586206896551724,-0.24282640424277055,91.54398286526616,0.0,0.0,0.0
33,2444609,2488609,1,96.16129032258064,96.0,1.220702446995129,94.0,99.0,5.0,2.0,0.0126943226624787,1.41423798032305,3.0,0.6582805886043833,0.0,624.0514600413132,7.859997900469878,0.1136208112200099,0.013481117140526277,0.3357121032215532,0.22041220879841295,0.12903225806451613,0.6451612903225806,-0.15975913092565802,86.35011967604363,0.0,0.0,0.0
33,2454609,2493609,1,96.46153846153847,96.0,1.2162606385262995,95.0,99.0,4.0,1.0,0.012608762600352387,1.9329168668908012,1.0,0.6633249580710799,0.0,622.1077420112379,7.786668666665659,0.12389750945102738,0.015039581103173962,0.3631431726719516,0.16919048879241805,0.11538461538461539,0.6153846153846154,-0.2039927150089893,85.82770016872405,0.0,0.0,0.0
33,2469609,2508609,1,96.0,96.0,1.8754309849499513,89.0,99.0,10.0,2.0,0.019535739426561994,-3.8442904246012484,8.0,1.0690449676496976,0.0,625.2462804249325,12.617526230023854,0.1077337434402565,0.01659804506582165,0.3448913270695287,0.11097018098118049,0.06896551724137931,0.6551724137931034,-0.07222095885624369,86.66342482432248,0.0,0.0,0.0
33,2474609,2518609,1,93.1470588235294,95.0,4.6344766373801205,86.0,99.0,13.0,8.75,0.04975440659012444,-16.321467320679435,9.0,1.0298573010888745,0.0,645.7899688514311,33.12126335778288,0.09562744770933587,0.014029055006429253,0.3200382036140668,0.10906684691185371,0.058823529411764705,0.6764705882352942,0.12552147478051293,85.01709136465594,0.0,0.0,0.0
33,2484609,2522609,1,91.57142857142857,88.5,5.0880010910023215,86.0,99.0,13.0,9.25,0.055563194441523016,-22.235491696211994,8.0,1.1547005383792515,0.0,657.2319633788023,36.11020765661621,0.037960145081387876,0.02045067849663181,0.037928159593296665,0.10172282530818405,0.0,0.6428571428571429,0.6083720756610901,88.22249004970064,0.0,0.0,0.0
33,2501609,2522609,1,88.27777777777777,87.0,3.0332519321597107,86.0,96.0,10.0,2.0,0.034360311377517175,-20.965223562810277,8.0,1.2833778958394957,0.0,680.4354149787554,22.20420578041519,0.020737143451358936,0.0082079385849393,0.024409671422335428,0.06300819912944214,0.0,0.8333333333333334,0.2259704054973685,86.4843396207659,0.0,0.0,0.0
33,2508609,2522609,1,87.0,87.0,0.9660917830792959,86.0,89.0,3.0,2.0,0.01110450325378501,1.2857142857143158,1.0,0.7071067811865476,0.0,689.739815461773,7.622772992338827,0.01686580166655839,0.0070941001413986895,0.022057549141231238,0.050968680035914884,0.0,0.8666666666666667,-0.14843599481193587,85.55701239771683,0.0,0.0,0.0
33,2514609,2522609,1,87.0,87.0,0.816496580927726,86.0,88.0,2.0,2.0,0.009385018171583059,16.99999999999972,2.0,0.7071067811865476,0.0,689.7159242788754,6.47342409903643,0.016660624290840486,0.008110372629993465,0.01901793684531159,0.043819847034240716,0.0,0.8888888888888888,0.277517222163236,85.57427908716915,0.0,0.0,0.0
33,2951865,2957929,1,95.33333333333333,95.0,0.9428090415820634,94.0,97.0,3.0,0.75,0.009889605331280386,-21.133174507265913,2.0,0.8944271909999159,0.0,629.431902579436,6.196055102170404,0.05587677237193354,0.02571375149002701,0.0563780634008348,0.13285691168053548,0.16666666666666666,0.6666666666666666,-0.5797818950045651,90.28831377659293,0.0,0.0,0.0
33,2951865,2967929,1,95.3125,95.5,1.2103072956898178,93.0,97.0,4.0,2.0,0.012698306053139072,3.28534339510906,1.0,0.9309493362512627,0.0,629.6099828051456,8.01629648522503,0.0737345730212893,0.04937605942400153,0.0698806569309471,0.1429743060155725,0.125,0.5,0.26681023608795584,88.76728233850974,0.0,0.0,0.0
33,2951865,2977929,1,96.26923076923077,96.5,1.58254158549546,93.0,99.0,6.0,2.75,0.0164387060419025,9.051866008007114,1.0,0.8246211251235321,0.0,623.4215316073393,10.308382147083165,0.07742735496148322,0.05481742803307928,0.07578131634784668,0.16203828648596186,0.15384615384615385,0.46153846153846156,0.07995482876767088,89.35101779801413,0.0,0.0,0.0
33,2951865,2987929,1,96.91666666666667,97.0,1.7219981933143185,93.0,99.0,6.0,2.0,0.017767823146837336,8.236839921300573,2.0,0.7171371656006361,0.0,619.2861958330889,11.124640078865493,0.06338004162997343,0.04441166312531213,0.06896441487343047,0.1429743060155725,0.1111111111111111,0.5833333333333334,-0.12621997939971275,91.14019717551832,0.0,0.0,0.0
33,2953873,2997929,1,97.36363636363636,98.0,1.75927295276033,93.0,100.0,7.0,3.0,0.01806909662032085,7.077146877279668,3.0,0.6988362419217079,0.0,616.4510154363966,11.320341612910209,0.0603707070892251,0.04441166312531213,0.06483879244799075,0.1286295676344297,0.09090909090909091,0.5909090909090909,-0.17076770876047506,91.82037537693284,0.0,0.0,0.0
33,2963929,3007929,1,97.85714285714286,98.0,1.1034885929768063,96.0,100.0,4.0,2.0,0.011276525767646196,0.5400780112682616,0.0,0.5843487097907776,0.0,613.2169847007843,6.943926739694014,0.054190552362390884,0.02964872922664663,0.06508286891278944,0.11797774037145352,0.07142857142857142,0.6428571428571429,-0.16848790583990894,92.82680691631096,0.0,0.0,0.0
33,2973929,3017929,1,97.16666666666667,98.0,2.0460957789184593,93.0,100.0,7.0,3.0,0.021057589491442118,-7.660034897209238,5.0,0.7156780854205468,0.0,617.7746840335328,13.250166140290615,0.02668650603728428,0.01043093712052492,0.029370883853191823,0.05931249441801261,0.0,0.8095238095238095,0.49615910588930234,94.64102829373122,0.0,0.0,0.0
33,2983929,3026929,1,96.1951219512195,96.0,2.4115526037674684,92.0,100.0,8.0,5.0,0.025069385586832204,-9.68918082399065,3.0,0.758287544405155,0.0,624.1256640891792,15.695727740876336,0.021559998386878332,0.009624622135810518,0.02650667050872324,0.058196946749108074,0.0,0.8536585365853658,0.5553360820222799,94.1649262922579,0.0,0.0,0.0
33,2993929,3026929,1,95.29032258064517,95.0,2.0665312745867057,92.0,99.0,7.0,3.5,0.021686685684559198,-9.750152594099614,3.0,0.7958224257542215,0.0,629.9491122971714,13.578126121120652,0.013188622280751796,0.008315374760123811,0.016425802410456047,0.031535097160585016,0.0,0.9032258064516129,0.41358645346667305,94.0499335317649,0.0,0.0,0.0
33,3006929,3026929,1,94.14285714285714,94.0,1.2830660557435694,92.0,96.0,4.0,2.0,0.013628926237033363,-3.0389610389610713,0.0,0.8944271909999159,0.0,637.4472650995756,8.656957765378724,0.008192562131404138,0.0045311341121309235,0.011861826762315095,0.011049086603199396,0.0,0.9523809523809523,0.28700770188526076,93.37785327817853,0.0,0.0,0.0
33,3013929,3026929,1,93.71428571428571,93.0,1.1605769149479943,92.0,96.0,4.0,1.0,0.012384204885115794,9.758241758242113,2.0,0.7844645405527362,0.0,640.3411078350886,7.849720025525862,0.010362648112374856,0.006944504637068138,0.0138850316593027,0.013101379098831448,0.0,0.9285714285714286,0.5865578556482852,92.75311779326842,0.0,0.0,0.0
33,3023929,3026929,1,95.25,95.5,0.82915619758885,94.0,96.0,2.0,1.25,0.008705051943190026,41.999999999999325,2.0,0.816496580927726,0.0,629.9692049272116,5.507811880052982,0.020142815053269366,0.009777283769771678,0.022478372328037146,0.04507491932549195,0.0,0.75,0.6656164101587564,93.36927986404166,0.0,0.0,0.0
33,3720424,3725974,1,99.6,100.0,1.019803902718557,98.0,101.0,3.0,1.0,0.01023899500721443,30.382622191275313,3.0,0.8660254037844386,0.0,602.4729819920767,6.186775088293474,0.01792352310235774,0.016652533940715655,0.007608359405575467,0.026509344925332093,0.0,1.0,0.5460294004492501,97.84625046923557,0.0,0.0,0.0
33,3720424,3737974,1,99.0,99.0,1.224744871391589,97.0,101.0,4.0,2.0,0.012371160317086757,-6.4131662448044064,1.0,1.1338934190276817,0.0,606.1533893763876,7.500542881149596,0.021841021084174038,0.017512509521226707,0.010731241325581129,0.035099358168874745,0.0,1.0,0.0557872496678909,96.88395548552253,0.0,0.0,0.0
33,3720424,3747974,1,97.33333333333333,97.0,1.8856180831641265,94.0,101.0,7.0,2.75,0.019372788525658834,-8.651147519107328,0.0,1.0846522890932808,0.0,616.6689545616337,11.905723682718664,0.01723340083888275,0.013053689713815342,0.010147071291155137,0.03236294950926715,0.0,1.0,0.26298870163977495,95.68436629495783,0.0,0.0,0.0
33,3720424,3757974,1,97.45454545454545,97.0,1.7768018441538238,94.0,101.0,7.0,3.0,0.018232108475459013,-4.745507506571098,1.0,1.0910894511799618,0.0,615.8761725587487,11.220530760375024,0.02550299893411059,0.015984310452275996,0.023244010763722647,0.04499855967957648,0.0,0.9090909090909091,0.2756605481913607,95.03097070982528,0.0,0.0,0.0
33,3725974,3767974,1,97.1923076923077,97.0,1.4416665241531779,94.0,101.0,7.0,1.75,0.014833134003950385,-0.26515534864884344,4.0,1.019803902718557,0.0,617.4683341628128,9.139402712290156,0.047923362868630144,0.030628848127642178,0.06879401075012988,0.09422889458339015,0.038461538461538464,0.7692307692307693,0.14172485211745714,92.74753396684402,0.0,0.0,0.0
33,3736974,3777974,1,97.6774193548387,97.0,1.8207955860219462,94.0,101.0,7.0,1.5,0.01864090593351398,6.118165234506198,3.0,1.0165300454651272,0.0,614.4790645492014,11.387607091293756,0.04837342445511741,0.023663086521950236,0.06695362879698893,0.11048252993445082,0.06451612903225806,0.7419354838709677,-0.007553304631810717,93.17044583193784,0.0,0.0,0.0
33,3743974,3787974,1,98.55882352941177,98.5,1.498846153675401,96.0,101.0,5.0,3.0,0.015207630326757276,4.2889477221910655,2.0,0.9211323729436766,0.0,608.9141457988077,9.249206642654936,0.058234664961890045,0.03594986285661555,0.07806068252385254,0.12546652493132276,0.08823529411764706,0.6176470588235294,-0.17312473231106612,93.13513041359417,0.0,0.0,0.0
33,3756974,3797974,1,98.29411764705883,98.0,1.8235294117647058,94.0,101.0,7.0,3.0,0.01855176540993417,-1.2141843971631385,2.0,1.044465935734187,0.0,610.6244476534395,11.404294906067152,0.07950747773233281,0.03867127995591305,0.1061104288276409,0.2602789182931377,0.14705882352941177,0.5588235294117647,-0.5171344206450248,91.05459635494175,0.0,0.0,0.0
33,3763974,3807974,1,97.28947368421052,97.0,2.6448350335267867,93.0,101.0,8.0,5.0,0.027185212678933705,-8.874345549738244,1.0,1.0526671402243484,0.0,617.1754628764525,16.896157874152077,0.07824031462174091,0.02557163388242918,0.1097299967948124,0.3094852285714975,0.15789473684210525,0.631578947368421,-0.1939448130575192,90.22986097337751,0.0,0.0,0.0
33,3773974,3808974,1,97.21212121212122,97.0,2.793472648846427,93.0,101.0,8.0,5.0,0.028735847073544915,-13.941640082567131,3.0,0.9842509842514764,0.0,617.7197754016131,17.849062593538505,0.06630904702748992,0.02161085226455845,0.10585079353653373,0.26675909144665566,0.12121212121212122,0.696969696969697,-0.21371547090271853,91.16692902786096,0.0,0.0,0.0
33,3783974,3808974,1,95.8695652173913,95.0,2.2516534567346174,93.0,100.0,7.0,3.5,0.02348663469609805,-13.452016178453311,3.0,1.1078234188139946,0.0,626.1936677578371,14.620919823092379,0.08732095164763497,0.024628095275462582,0.1204730508966927,0.31440038503860634,0.17391304347826086,0.6086956521739131,0.012762615453968198,88.17043861071434,0.0,0.0,0.0
33,3794974,3808974,1,94.46666666666667,95.0,1.2578641509408806,93.0,97.0,4.0,2.0,0.013315428556184339,0.6428571428573769,3.0,0.8864052604279183,0.0,635.2569089444526,8.429792731681692,0.09472922654909265,0.02368342301888466,0.1320941025273873,0.340215802104729,0.2,0.6666666666666666,0.12834373326451873,86.29226696034533,0.0,0.0,0.0
33,3803974,3808974,1,94.5,94.0,1.6072751268321592,93.0,97.0,4.0,2.75,0.01700820240034031,53.14285714285676,4.0,1.0954451150103321,0.0,635.1032532278485,10.737606637260688,0.01712945522869562,0.015094648587477444,0.007999205640323186,0.026181535661745664,0.0,1.0,0.14991282091376207,92.90852753718771,0.0,0.0,0.0
33,6183219,6187237,1,92.6,93.0,1.019803902718557,91.0,94.0,3.0,1.0,0.011013001109271675,-41.79577181681751,3.0,0.8660254037844386,0.0,648.0270050739448,7.159277678555811,0.017328416586551487,0.015782615084718846,0.008620011844819362,0.026620824959815454,0.0,1.0,0.22641467689833406,91.02272038237304,0.0,0.0,0.0
33,6183219,6197863,1,92.66666666666667,93.0,1.178511301977579,91.0,94.0,3.0,2.25,0.012717747863067399,2.1719523188858245,0.0,0.9534625892455924,0.0,647.5870970365316,8.263014175295135,0.019413504729033304,0.012276010638691822,0.021799285795582733,0.030657110543097083,0.0,0.9166666666666666,-0.5144530321203049,90.9019413974686,0.0,0.0,0.0
33,6183219,6201863,1,92.6875,93.0,1.1021995055342748,91.0,94.0,3.0,2.0,0.011891565804820228,1.543356573742296,0.0,1.0327955589886444,0.0,647.4282595742714,7.718391856202234,0.015832832249324077,0.008914884958240093,0.02003955713676623,0.02772565349858567,0.0,0.9375,-0.48071822029503536,91.2428669929532,0.0,0.0,0.0
33,6183219,6201863,1,92.6875,93.0,1.1021995055342748,91.0,94.0,3.0,2.0,0.011891565804820228,1.543356573742296,0.0,1.0327955589886444,0.0,647.4282595742714,7.718391856202234,0.015832832249324077,0.008914884958240093,0.02003955713676623,0.02772565349858567,0.0,0.9375,-0.48071822029503536,91.2428669929532,0.0,0.0,0.0
33,6184222,6227863,1,93.25,94.0,1.2332207155790618,91.0,95.0,4.0,2.0,0.013224887030338464,3.51235494658103,1.0,0.8597269536210951,0.0,643.5449315414888,8.56755856483479,0.014973443592285751,0.01039714141770436,0.01775615627055816,0.02919138202084137,0.0,0.9583333333333334,-0.35894433616613186,91.874324977372,0.0,0.0,0.0
33,6193863,6228863,1,93.84210526315789,94.0,1.0393904030595527,92.0,96.0,4.0,0.5,0.011075949331537579,3.21438324988613,4.0,1.0,0.0,639.4505202781639,7.103996090397658,0.00979433238332193,0.008665914307739084,0.008885423337677292,0.015109589277178868,0.0,1.0,0.1752888583819675,92.93189935189204,0.0,0.0,0.0
33,6219863,6228863,1,94.5,94.0,0.6708203932499369,94.0,96.0,2.0,1.0,0.007098628499999333,9.818181818182074,2.0,0.816496580927726,0.0,634.9524076147817,4.475979499676645,0.013001099165885077,0.011705296886281021,0.010664623350105843,0.021710757328831466,0.0,1.0,-0.061600606119770994,93.28716432569739,0.0,0.0,0.0
33,6219863,6228863,1,94.5,94.0,0.6708203932499369,94.0,96.0,2.0,1.0,0.007098628499999333,9.818181818182074,2.0,0.816496580927726,0.0,634.9524076147817,4.475979499676645,0.013001099165885077,0.011705296886281021,0.010664623350105843,0.021710757328831466,0.0,1.0,-0.061600606119770994,93.28716432569739,0.0,0.0,0.0
33,6223863,6267863,1,94.0,94.0,1.1832159566199232,92.0,96.0,4.0,2.0,0.01258740379382897,-3.0291262135922237,1.0,1.5986105077709065,0.0,638.3990370797334,8.037580163592919,0.015114086928334863,0.012991996004528682,0.011505596531479569,0.02837786384856551,0.0,1.0,-0.17194173667924006,92.60042906550288,0.0,0.0,0.0
33,6264863,6269863,1,93.0,93.0,0.5773502691896257,92.0,94.0,2.0,0.0,0.006208067410641137,17.1428571428565,2.0,0.6324555320336759,0.0,645.1861577790377,4.005822293468082,0.014998081366719365,0.016193357064855855,0.00770010581193859,0.021906285258486695,0.0,1.0,-0.37906662369137406,91.62578896186015,0.0,0.0,0.0
33,6264863,6269863,1,93.0,93.0,0.5773502691896257,92.0,94.0,2.0,0.0,0.006208067410641137,17.1428571428565,2.0,0.6324555320336759,0.0,645.1861577790377,4.005822293468082,0.014998081366719365,0.016193357064855855,0.00770010581193859,0.021906285258486695,0.0,1.0,-0.37906662369137406,91.62578896186015,0.0,0.0,0.0
33,6264863,6269863,1,93.0,93.0,0.5773502691896257,92.0,94.0,2.0,0.0,0.006208067410641137,17.1428571428565,2.0,0.6324555320336759,0.0,645.1861577790377,4.005822293468082,0.014998081366719365,0.016193357064855855,0.00770010581193859,0.021906285258486695,0.0,1.0,-0.37906662369137406,91.62578896186015,0.0,0.0,0.0
33,6264863,6269863,1,93.0,93.0,0.5773502691896257,92.0,94.0,2.0,0.0,0.006208067410641137,17.1428571428565,2.0,0.6324555320336759,0.0,645.1861577790377,4.005822293468082,0.014998081366719365,0.016193357064855855,0.00770010581193859,0.021906285258486695,0.0,1.0,-0.37906662369137406,91.62578896186015,0.0,0.0,0.0
33,7552387,7557388,1,88.16666666666667,88.0,0.37267799624996495,88.0,89.0,1.0,0.0,0.004226971602078997,5.130021074812568,0.0,0.6324555320336759,0.0,680.541368743616,2.855040829289846,0.026004476222661513,0.016315384272227364,0.02387470384694223,0.04929860835516914,0.0,0.8333333333333334,-0.22074010161978982,85.93204874822877,0.0,0.0,0.0
33,7552387,7566844,1,88.6,88.0,0.9521904571390466,87.0,90.0,3.0,1.5,0.01074707062233687,8.878797597224365,2.0,0.6546536707079771,0.0,677.2787933578325,7.247893810868196,0.030035003410181,0.01961633784362015,0.025013725998787553,0.07224763632288939,0.0,0.8,-0.3568609517722532,86.01649430035695,0.0,0.0,0.0
33,7552387,7566844,1,88.6,88.0,0.9521904571390466,87.0,90.0,3.0,1.5,0.01074707062233687,8.878797597224365,2.0,0.6546536707079771,0.0,677.2787933578325,7.247893810868196,0.030035003410181,0.01961633784362015,0.025013725998787553,0.07224763632288939,0.0,0.8,-0.3568609517722532,86.01649430035695,0.0,0.0,0.0
33,7552387,7586844,1,89.0,88.0,1.8027756377319946,87.0,95.0,8.0,2.0,0.020255906041932524,12.521497118804286,7.0,1.4375905768565218,0.0,674.4225529834943,13.100395148249,0.029020404027162376,0.019013471097580018,0.024536141942883886,0.07208825642940012,0.0,0.8125,-0.3177711512127238,86.49002454343045,0.0,0.0,0.0
33,7554392,7586844,1,89.14285714285714,88.5,1.8844151368961313,87.0,95.0,8.0,2.0,0.021139272369027115,13.600197549984317,7.0,1.5442199922988256,0.0,673.366034578539,13.682386385848668,0.03100274551354786,0.01926693132730723,0.025568156681274767,0.07240701621637866,0.0,0.7857142857142857,-0.3804310810435146,86.46228880647124,0.0,0.0,0.0
33,7563844,7607844,1,90.625,90.0,1.7275343701356567,89.0,95.0,6.0,0.25,0.019062448222186557,0.27671629990765595,1.0,2.4784787961282104,0.0,662.30128042665,12.188495041072974,0.023165469282925507,0.016962335792478758,0.021231856861905308,0.048421348379224745,0.0,0.875,-0.16064118709432573,88.57316115595022,0.0,0.0,0.0
33,7586844,7613844,1,90.8,90.0,2.227105745132009,89.0,95.0,6.0,2.0,0.024527596312026532,-14.349083895853486,6.0,2.1213203435596424,0.0,661.180176023464,15.789425622673258,0.017882899260943177,0.0041268261865459845,0.024692362415207305,0.04542926195830713,0.0,0.8,-0.014557715382283383,89.20476025869712,0.0,0.0,0.0
33,7586844,7613844,1,90.8,90.0,2.227105745132009,89.0,95.0,6.0,2.0,0.024527596312026532,-14.349083895853486,6.0,2.1213203435596424,0.0,661.180176023464,15.789425622673258,0.017882899260943177,0.0041268261865459845,0.024692362415207305,0.04542926195830713,0.0,0.8,-0.014557715382283383,89.20476025869712,0.0,0.0,0.0
33,7602844,7613844,1,89.75,89.5,0.82915619758885,89.0,91.0,2.0,1.25,0.009238509165335376,-10.645161290322754,2.0,0.816496580927726,0.0,668.5804831872247,6.148960991693693,0.018903270755708235,0.003968486411349203,0.027512454672716548,0.04779819394244342,0.0,0.75,0.19096179635513902,88.08490715064003,0.0,0.0,0.0
33,8102639,8105660,1,90.0,90.0,0.7071067811865476,89.0,91.0,2.0,0.5,0.007856742013183862,35.77081987376411,2.0,0.816496580927726,0.0,666.7078240111948,5.23863641288898,0.022463369572947832,0.019097829156396462,0.012200290100362143,0.03545061214842937,0.0,1.0,0.6725365339634873,88.02271326120004,0.0,0.0,0.0
33,8102639,8118021,1,93.42857142857143,93.5,2.8713930346059686,89.0,98.0,9.0,4.75,0.03073356459058376,34.137579296025436,8.0,0.8770580193070292,0.0,642.8086589892717,19.750533970084053,0.012323830947027933,0.007509926538145655,0.012738939329654343,0.032538441865160306,0.0,1.0,-0.21030484454921994,92.29119040017964,0.0,0.0,0.0
33,8102639,8128021,1,94.27777777777777,95.0,2.996397013369289,89.0,98.0,9.0,5.75,0.03178264363031656,23.030019145986387,8.0,0.8401680504168059,0.0,637.0686792723207,20.50302628539696,0.013388233366000297,0.007509926538145655,0.014204277204074852,0.03950073472028871,0.0,1.0,-0.082785703038899,93.03224043230819,0.0,0.0,0.0
33,8102639,8134021,1,95.0,97.0,2.886751345948129,89.0,98.0,9.0,4.25,0.0303868562731382,14.754348122962188,8.0,0.7801894976054939,0.0,632.1776929173164,19.70860475529404,0.012523520126274688,0.007061951368345523,0.013561237683949925,0.03674280246912129,0.0,1.0,-0.12004137962890651,93.82498096256793,0.0,0.0,0.0
33,8103653,8134021,1,95.26086956521739,97.0,2.657514224336718,90.0,98.0,8.0,3.5,0.027897228279207903,13.745246666144222,7.0,0.7687061147858074,0.0,630.3524924628177,18.037870229657436,0.01223300960336795,0.006230840524987226,0.013779608796760422,0.037246088893329136,0.0,1.0,-0.08424041532014258,94.10962561134444,0.0,0.0,0.0
33,8114021,8158021,1,95.7,97.0,2.3685438564654024,91.0,98.0,7.0,2.5,0.024749674571216327,-7.803538676126574,4.0,1.1697953037312037,0.0,627.3535543323053,15.933642999013799,0.03495950701310933,0.009905577424341873,0.06595922867888158,0.05437213040964283,0.05,0.85,-0.5362904651001047,92.46738577839628,0.0,0.0,0.0
33,8127021,8158021,1,95.15384615384616,97.0,2.713106475161292,91.0,98.0,7.0,5.0,0.028512840886901206,-12.703290114666851,7.0,1.3228756555322954,0.0,631.0784951688299,18.26311755257204,0.04428597780746073,0.01102214229737966,0.07938258049021386,0.06116205051574201,0.07692307692307693,0.7692307692307693,-0.5409244556480973,91.11857113472615,0.0,0.0,0.0
33,8134021,8178021,1,91.26666666666667,91.0,2.20504472113883,87.0,97.0,10.0,1.0,0.024160460786765852,-8.856702619414397,10.0,1.4142135623730951,0.0,657.7947673917972,15.767248660313667,0.049116609756178854,0.03283803901037693,0.07204700491040082,0.061359532898896,0.06666666666666667,0.7333333333333333,0.1484131254937101,86.99382491702005,0.0,0.0,0.0
33,8154021,8188021,1,89.45,91.0,2.5782746168707473,85.0,93.0,8.0,5.0,0.028823640210964195,-11.447517242908775,6.0,0.9176629354822471,0.0,671.3290381714373,19.544414592341735,0.06532890300715591,0.04674253363884895,0.07608137032253848,0.13875622159555367,0.1,0.55,-0.1944515629105376,83.96467959097431,0.0,0.0,0.0
33,8154021,8192021,1,89.29166666666667,89.0,2.4062274529968186,85.0,93.0,8.0,4.25,0.026947950943501466,-8.660139235322518,4.0,0.9325048082403138,0.0,672.4461602481208,18.222669263296837,0.09894600968746825,0.04961493348430325,0.11832085249787172,0.32064705592387716,0.20833333333333334,0.5,-0.23848880033690062,81.25209598973886,0.0,0.0,0.0
33,8170021,8192021,1,88.63157894736842,89.0,2.252729953582389,85.0,92.0,7.0,4.0,0.025416786887212228,-10.607824118978412,3.0,0.97182531580755,0.0,677.3956532033707,17.15904491233017,0.09807495702265859,0.04849623040346712,0.12185642712860834,0.32926651636718374,0.21052631578947367,0.5263157894736842,-0.33616531684834894,80.71541781417707,0.0,0.0,0.0
33,8174021,8192021,1,87.8,87.0,1.7587874611030556,85.0,91.0,6.0,2.5,0.020031747848554163,-3.2355723746452387,2.0,1.0,0.0,683.6436674928632,13.599674142852162,0.11966458695755569,0.05073363656513938,0.12821754405349725,0.3366420564459805,0.26666666666666666,0.4666666666666667,-0.143476341755988,78.41634094954932,0.0,0.0,0.0
33,8186021,8192021,1,87.71428571428571,87.0,1.1605769149479943,86.0,89.0,3.0,2.0,0.013231332906573226,32.142857142857395,3.0,0.9128709291752769,0.0,684.1588351369128,9.050588614351277,0.1874687406891215,0.12747137543523218,0.14495178256458605,0.3588218679970889,0.42857142857142855,0.2857142857142857,0.26272276799609295,73.8666060913592,0.0,0.0,0.0
33,8784705,8787717,1,99.25,99.0,0.4330127018922193,99.0,100.0,1.0,0.25,0.004362848381785585,5.970142146524766,0.0,0.816496580927726,0.0,604.5454545454545,2.6243194054073657,0.020817665248044834,0.01967560725024245,0.003087242758227174,0.024309526018966035,0.0,1.0,-0.049969654363752176,97.22598205222438,0.0,0.0,0.0
33,8784705,8797857,1,96.64285714285714,97.0,2.1249249686633593,93.0,100.0,7.0,3.75,0.02198739804973173,-30.274251904149057,6.0,0.7844645405527362,0.0,621.1436963552899,13.697907332474397,0.04701024263138633,0.030526158725349722,0.054325029580888445,0.07514681008905587,0.07142857142857142,0.6428571428571429,-0.39739568217532023,92.30364060237902,0.0,0.0,0.0
33,8784705,8807857,1,96.25,96.0,1.920286436967152,93.0,100.0,7.0,2.25,0.01995102791654184,-7.872700849859816,1.0,0.9555330859059091,0.0,623.6244627664561,12.425180923224595,0.07773128493198143,0.04368940556413325,0.09562585149534836,0.18952108321473218,0.16666666666666666,0.5416666666666666,-0.30265605227490466,89.30797625131075,0.0,0.0,0.0
34,608549,652902,1,81.02272727272727,81.0,1.9008208318278565,78.0,86.0,8.0,2.25,0.0234603412623915,2.084055018872914,3.0,0.7313574508612273,0.0,740.9387920806782,17.30632419085473,0.1150163985534586,0.07239126678313217,0.12895724311879506,0.2532096628984335,0.2727272727272727,0.38636363636363635,-0.17973477318439018,72.66505441340618,0.0,0.0,0.0
34,618575,662902,1,81.75,81.5,2.6382242650554315,78.0,87.0,9.0,4.25,0.03227185645327745,10.331861055740262,6.0,0.7470873676376284,0.0,734.7029000038319,23.496883509071328,0.11145774511215413,0.09744616234038617,0.10094765590624165,0.2452670052375979,0.25,0.3181818181818182,-0.28022744984773457,73.55205392153782,0.0,0.0,0.0
34,628614,672902,1,83.18181818181819,84.0,2.6566616720368104,78.0,88.0,10.0,4.0,0.03193800917202723,10.558824482105523,4.0,0.8626621856275073,0.0,722.0550002586764,23.292823692037473,0.09655471757739992,0.06711558226992059,0.09919288324011002,0.2452670052375979,0.18181818181818182,0.4090909090909091,-0.3990165081194572,75.85742585248312,0.0,0.0,0.0
34,638902,682912,1,83.5111111111111,84.0,2.1870550693897055,80.0,88.0,8.0,3.0,0.026188791410999668,0.4345501312330032,3.0,0.8918825850158447,0.0,718.9593897826796,18.7970442145092,0.10879738571674721,0.07154042880059028,0.12389368468579766,0.2531238766717833,0.2,0.4,-0.4851650106388372,75.31683622894545,0.0,0.0,0.0
34,648902,693041,1,84.11363636363636,84.0,2.0250242320762157,80.0,88.0,8.0,2.25,0.024074862526709942,-2.518509436583329,5.0,0.9764672918705589,0.0,713.7385931058999,17.363642334194164,0.08830982972767529,0.0487648548318156,0.11325092729873129,0.2097113469442996,0.13636363636363635,0.5,-0.34500698440337574,77.28831814804418,0.0,0.0,0.0
34,658902,697041,1,84.3157894736842,84.0,2.4506203635416455,80.0,90.0,10.0,2.0,0.029064785834763587,2.498960743529585,5.0,1.0526671402243484,0.0,712.210558024391,20.659838060202535,0.09425038694683498,0.0529406681065296,0.11856501128530483,0.2362965433605794,0.15789473684210525,0.47368421052631576,-0.33204715529292345,77.05347010106267,0.0,0.0,0.0
34,668902,697041,1,84.25,84.0,2.8363079623240592,80.0,90.0,10.0,5.0,0.03366537640740723,6.958196980086718,3.0,1.1055415967851334,0.0,712.9700310283,23.890812553723908,0.10737509886042719,0.05205677065050739,0.13396618557490778,0.25468989009117926,0.21428571428571427,0.5,-0.334454301823816,76.08081497109663,0.0,0.0,0.0
34,678902,697041,1,84.44444444444444,84.0,2.7733297720774854,80.0,90.0,10.0,4.25,0.032842063090391276,28.487237202387313,10.0,1.0846522890932808,0.0,711.2853303623242,23.124700365416803,0.13813716191959038,0.0689914041479623,0.15631179915302224,0.3471536450929038,0.3333333333333333,0.3888888888888889,-0.49375796668458416,74.19531429939414,0.0,0.0,0.0
34,689041,697041,1,86.66666666666667,87.0,1.9436506316151,84.0,90.0,6.0,3.0,0.022426738057097308,40.99999999999941,5.0,1.2747548783981961,0.0,692.6539188658294,15.440816029502518,0.09705710128753188,0.059476151422782134,0.09328676811597054,0.2456936001259651,0.2222222222222222,0.4444444444444444,-0.32716206465423214,78.99923036362706,0.0,0.0,0.0
34,2392384,2403406,1,85.6,86.0,1.1135528725660042,83.0,87.0,4.0,1.0,0.013008795240257059,-9.657177189073378,0.0,1.1547005383792515,0.0,701.0546644334779,9.232394568318519,0.06559594188088178,0.024607276209294343,0.06917898046890658,0.16437287631334896,0.3,0.6,0.32935254072909526,80.33063625308817,0.0,0.0,0.0
34,2392384,2413406,1,84.9,85.0,1.2206555615733703,83.0,87.0,4.0,2.0,0.01437756845198316,-8.522662123056683,2.0,1.0760551736979407,0.0,706.8598736390237,10.162197584509597,0.07675619235246714,0.049050846437733164,0.06458207981343643,0.16836866964896888,0.25,0.5,-0.016987616389555916,78.84793289603735,0.0,0.0,0.0
34,2392384,2423406,1,82.96666666666667,84.0,3.198784491368905,75.0,87.0,12.0,4.0,0.038555056143458076,-18.458834580856426,7.0,1.217685764345488,0.0,724.3017414912649,29.068007955872325,0.09975451195626524,0.08588675829225967,0.07744252569007261,0.18275785053375154,0.3,0.4,-0.45956973641777404,75.44107868135399,0.0,0.0,0.0
34,2392384,2433406,1,81.375,82.5,3.98552066862035,74.0,87.0,13.0,7.0,0.04897721251760798,-18.000782720698282,6.0,1.1982893790305562,0.0,739.1304295442244,36.845058764360495,0.1078099503960707,0.0815368217909764,0.08535020672606868,0.2323889602957332,0.325,0.35,-0.3791057140134946,73.4557402837069,0.0,0.0,0.0
34,2399406,2443406,1,81.04444444444445,82.0,3.438058596589105,74.0,86.0,12.0,6.0,0.04242189110131881,-6.8853754940711,3.0,1.1579762911688178,0.0,741.6975626243803,32.15436694086871,0.10981304275771944,0.08077745147643019,0.08762913139667346,0.257437410119262,0.3333333333333333,0.35555555555555557,-0.24861221857960164,73.0253126626275,0.0,0.0,0.0
34,2409406,2453406,1,81.08888888888889,82.0,3.4948992814749786,74.0,87.0,13.0,6.0,0.043099607472286666,7.264822134387401,3.0,1.1579762911688178,0.0,741.3326157902605,32.59902817491221,0.11506395296653633,0.08947732447899674,0.08455061757285513,0.257437410119262,0.3111111111111111,0.26666666666666666,-0.19651817274797306,72.72128981764547,0.0,0.0,0.0
34,2419406,2463406,1,81.77777777777777,83.0,3.898084366505562,74.0,87.0,13.0,7.0,0.04766679252520389,16.102766798418955,5.0,1.1965860528261985,0.0,735.4130025545053,36.05227900667608,0.12873572720904428,0.10147706737746427,0.09075194123121649,0.27921896952504177,0.4,0.17777777777777778,-0.10375372458722065,72.45077462018915,0.0,0.0,0.0
34,2429406,2473406,1,84.06976744186046,85.0,2.912645635342464,77.0,89.0,12.0,3.0,0.03464557740518007,11.922382730715562,11.0,1.0578504710249077,0.0,714.5763727814436,25.52040536608149,0.10947850954703253,0.07538298337477163,0.0871531895701155,0.22614011368276912,0.27906976744186046,0.23255813953488372,-0.11230134710709135,75.77412876269563,0.0,0.0,0.0
34,2439406,2481406,1,85.25,85.0,1.479019945774904,83.0,89.0,6.0,2.0,0.01734920757507219,2.7306048372747878,1.0,1.1435437497937313,0.0,704.022528361613,12.119386929590993,0.11304497125466624,0.08801999691527569,0.07715520992046342,0.2048200602123706,0.3,0.15,-0.17168380630098964,76.59169413784151,0.0,0.0,0.0
34,2449406,2481406,1,85.63333333333334,85.5,1.4255603186895398,83.0,89.0,6.0,1.0,0.016647259463093107,0.44671170550109246,0.0,1.2317635241028795,0.0,700.8545796804224,11.586363433382424,0.11214072552271365,0.0827662898693031,0.0745901868195751,0.2048200602123706,0.26666666666666666,0.13333333333333333,-0.16331889695442064,76.99864897320894,0.0,0.0,0.0
34,2459406,2481406,1,85.75,85.0,1.5451537140362444,84.0,89.0,5.0,2.25,0.018019285294883315,-1.8700736695687328,1.0,1.2354415362426845,0.0,699.933406927125,12.485528293951223,0.09906475340316284,0.07273193910861175,0.07778558202021502,0.17060647296324444,0.2,0.2,-0.26096161652758504,78.02088069377372,0.0,0.0,0.0
34,2469406,2481406,1,85.91666666666667,85.0,1.70579079087156,84.0,89.0,5.0,2.5,0.01985401502469323,-22.524182404421758,3.0,1.087114613009218,0.0,698.624213871382,13.75673369128954,0.08666135148539522,0.07273193910861175,0.05622356392060268,0.14990101443910067,0.16666666666666666,0.25,-0.3342623237861087,79.06480390530517,0.0,0.0,0.0
34,3705397,3713470,0,91.66666666666667,92.0,1.632993161855452,89.0,94.0,5.0,3.0,0.017814470856604932,17.83723535818504,1.0,1.541103500742244,0.0,654.754105821825,11.713572862494274,0.1389181915464375,0.03962055124685789,0.1496368578284188,0.3869455902960699,0.4444444444444444,0.5555555555555556,0.5085063695117055,80.48573404750039,0.0,0.0,0.0
34,3705397,3723477,0,92.15789473684211,92.0,2.230486326359694,89.0,97.0,8.0,2.5,0.024202878469922435,12.227948019927304,4.0,1.4142135623730951,0.0,651.4306546983669,15.462762570976174,0.314324849772089,0.11365210967939621,0.44643710048572977,0.7055306679682644,0.47368421052631576,0.42105263157894735,-0.2874217929854968,70.11804939457912,0.0,0.0,0.0
34,3705397,3732502,0,92.85714285714286,93.0,2.182958112848018,89.0,97.0,8.0,3.0,0.023508779676824812,9.188182000540833,0.0,1.247219128924647,0.0,646.5098377372948,15.147581420664112,0.2156730368253699,0.028786889104028726,0.39472415380307624,0.58227545507063,0.32142857142857145,0.6071428571428571,-0.3924292965468105,76.3833202220489,0.0,0.0,0.0
34,3705397,3742834,0,91.32432432432432,92.0,3.425295836929915,84.0,97.0,13.0,4.0,0.03750693872933023,-7.990260335789826,9.0,1.3017082793177757,0.0,657.9407845645044,25.128332892023252,0.20510800734117166,0.04758602766708608,0.3503731468087488,0.5069961034952732,0.35135135135135137,0.5135135135135135,-0.1888766950181284,75.78102856175776,0.0,0.0,0.0
34,3709398,3752834,0,89.6046511627907,91.0,4.565490039077651,83.0,97.0,14.0,8.5,0.05095148499359953,-16.77440243699253,8.0,1.1338934190276817,0.0,671.3637242620767,34.4819914256144,0.22618754070339434,0.13217706164574317,0.32530194109004035,0.45464767792390454,0.4883720930232558,0.3953488372093023,-0.13565173568853983,73.07581278422515,0.0,0.0,0.0
34,3719470,3762834,0,88.23255813953489,87.0,4.60958157462599,83.0,97.0,14.0,9.0,0.05224354446729509,-17.06978958012416,4.0,1.1126972805283737,0.0,681.8284235851092,34.616878052804914,0.18607796926395276,0.13217706164574317,0.20291181229147198,0.4526628796714361,0.46511627906976744,0.4186046511627907,-0.466338545314251,74.39018380409644,0.0,0.0,0.0
34,3729493,3772834,0,87.02325581395348,87.0,3.136346356741063,83.0,94.0,11.0,6.0,0.03604032424902879,-0.32942900210416776,4.0,1.0,0.0,690.3496698858423,24.39991373204243,0.1996488432276774,0.14071816052874828,0.19635633285301285,0.4572154961877482,0.4883720930232558,0.32558139534883723,-0.37794127707259806,72.54060744960651,0.0,0.0,0.0
34,3738834,3782834,0,87.95555555555555,87.0,4.12556019391067,83.0,98.0,15.0,6.0,0.04690505526174334,17.059288537549477,11.0,0.8918825850158447,0.0,683.6207661890896,31.118514634272458,0.22864837413998393,0.20371771536831135,0.18824026646382513,0.45627259807757087,0.5555555555555556,0.2,-0.128487451331054,71.58724774866668,0.0,0.0,0.0
36,471326,516045,1,85.9090909090909,85.0,1.427301678918871,84.0,88.0,4.0,3.0,0.01661409361704506,6.019241116092527,3.0,0.34099716973523675,0.0,698.6040056800255,11.515520345093938,0.1158377201539636,0.07082204367783909,0.13370252227560506,0.2983781770000469,0.25,0.38636363636363635,0.05315009855960673,76.99066751143451,0.0,0.0,0.0
36,482045,526045,1,86.6,87.0,1.3399834161494522,85.0,88.0,3.0,3.0,0.015473249609116077,5.328063241106803,2.0,0.30151134457776363,0.0,693.0069123710333,10.745641524942553,0.14144730764463803,0.08808753082623681,0.14198323187901832,0.31076176936831196,0.3333333333333333,0.24444444444444444,0.042985786279386776,75.86859193588006,0.0,0.0,0.0
36,492045,536045,1,86.97777777777777,87.0,1.0643493346513822,85.0,88.0,3.0,2.0,0.01223702607545023,1.9762845849802697,2.0,0.3692744729379982,0.0,689.935488666561,8.508569326422606,0.16653789341265118,0.11548402037557869,0.1448058415449201,0.32177952391013087,0.4222222222222222,0.2,-0.18760259683434233,74.56061073449438,0.0,0.0,0.0
36,502045,546045,1,87.62222222222222,88.0,0.7685162873684703,86.0,89.0,3.0,1.0,0.008770792019168442,0.4110671936759123,3.0,0.3988620176087328,0.0,684.8106776203872,6.029373091645649,0.1519086918348612,0.10414833585727207,0.12326556921960717,0.31198436033958943,0.4222222222222222,0.2222222222222222,-0.04276839669653153,76.06698590202481,0.0,0.0,0.0
36,512045,556045,1,88.68888888888888,88.0,2.2688442698844837,86.0,95.0,9.0,2.0,0.02558205766594883,7.256916996047456,7.0,0.5,0.0,676.9496748786327,16.717153548212586,0.23716557220209786,0.18470053582119514,0.29077832344773263,0.39899510006570926,0.5777777777777777,0.17777777777777778,0.45459313267498946,71.68716207566845,0.0,0.0,0.0
36,522045,560045,1,89.66666666666667,88.0,3.338457599745599,86.0,97.0,11.0,4.5,0.03723186914214423,15.765182186234837,9.0,0.5848976518656018,0.0,670.0427423953464,24.12324908936761,0.26214652499864105,0.20207974423472505,0.30708241102648365,0.41659814411659046,0.6410256410256411,0.1794871794871795,0.26606268947001727,71.0429929415392,0.0,0.0,0.0
36,532045,560045,1,90.55172413793103,89.0,3.43999004505929,86.0,97.0,11.0,5.0,0.03798922745876596,23.940886699507296,11.0,0.6267831705280087,0.0,663.5437918717568,24.731033821976425,0.286115616385363,0.24998045037453984,0.34058676081639133,0.4165981441165903,0.6896551724137931,0.1724137931034483,0.23340412612900932,70.40714146091103,0.0,0.0,0.0
36,542045,560045,1,92.3157894736842,92.0,2.9567519800396083,88.0,97.0,9.0,5.5,0.03202867025128424,32.000000000000064,9.0,0.7071067811865476,0.0,650.6067215865128,20.729180513173,0.33679582097892063,0.30099980437062407,0.40598937499041915,0.5092376175347906,0.6842105263157895,0.21052631578947367,0.13474054904235863,69.057509026384,0.0,0.0,0.0
36,552045,560045,1,95.11111111111111,95.0,1.4487116456005886,93.0,97.0,4.0,2.0,0.015231781320566936,32.99999999999983,4.0,0.7071067811865476,0.0,630.9879721982538,9.641828229496701,0.47869867926689896,0.36923457267029397,0.5347558467297029,0.9721398792965941,0.7777777777777778,0.1111111111111111,-0.6989687788655652,64.32081968062944,0.0,0.0,0.0
36,1040386,1055386,1,86.14285714285714,86.0,0.832993127835043,85.0,88.0,3.0,0.0,0.009669903639876121,-9.792452830188475,2.0,1.0,0.0,696.5818039689448,6.6594056352776665,0.021070072172741205,0.01468576022763315,0.01280104565081367,0.037828107598996234,0.0,1.0,-0.284744730882353,84.3652747157237,0.0,0.0,0.0
36,1040386,1055386,1,86.14285714285714,86.0,0.832993127835043,85.0,88.0,3.0,0.0,0.009669903639876121,-9.792452830188475,2.0,1.0,0.0,696.5818039689448,6.6594056352776665,0.021070072172741205,0.01468576022763315,0.01280104565081367,0.037828107598996234,0.0,1.0,-0.284744730882353,84.3652747157237,0.0,0.0,0.0
36,1040386,1055386,1,86.14285714285714,86.0,0.832993127835043,85.0,88.0,3.0,0.0,0.009669903639876121,-9.792452830188475,2.0,1.0,0.0,696.5818039689448,6.6594056352776665,0.021070072172741205,0.01468576022763315,0.01280104565081367,0.037828107598996234,0.0,1.0,-0.284744730882353,84.3652747157237,0.0,0.0,0.0
36,1050386,1055386,1,85.83333333333333,86.0,0.37267799624996495,85.0,86.0,1.0,0.0,0.004341879567960757,-5.142857142857521,0.0,0.6324555320336759,0.0,699.0424076607387,3.0589165218875496,0.023373264528822647,0.020483193423067887,0.012411487938309452,0.03874188268341029,0.0,1.0,0.31303015833132236,83.87294871617773,0.0,0.0,0.0
36,1051386,1055386,1,85.8,86.0,0.4,85.0,86.0,1.0,0.0,0.004662004662004662,-5.99999999999995,0.0,0.7071067811865476,0.0,699.3160054719563,3.283173734610136,0.021213315982319184,0.01468576022763315,0.012524447016539555,0.03649870551068942,0.0,1.0,0.26059257331145486,84.01770585753457,0.0,0.0,0.0
36,1108386,1115386,1,85.75,86.0,0.4330127018922193,85.0,86.0,1.0,0.25,0.005049710809238709,-1.0344827586206669,0.0,0.816496580927726,0.0,699.7264021887825,3.5541398240127586,0.07555512904008413,0.06312095104554591,0.0626797131701873,0.14454709395629634,0.25,0.25,0.6768246323374962,79.72627128516463,0.0,0.0,0.0
36,1108386,1115386,1,85.75,86.0,0.4330127018922193,85.0,86.0,1.0,0.25,0.005049710809238709,-1.0344827586206669,0.0,0.816496580927726,0.0,699.7264021887825,3.5541398240127586,0.07555512904008413,0.06312095104554591,0.0626797131701873,0.14454709395629634,0.25,0.25,0.6768246323374962,79.72627128516463,0.0,0.0,0.0
36,1108386,1115386,1,85.75,86.0,0.4330127018922193,85.0,86.0,1.0,0.25,0.005049710809238709,-1.0344827586206669,0.0,0.816496580927726,0.0,699.7264021887825,3.5541398240127586,0.07555512904008413,0.06312095104554591,0.0626797131701873,0.14454709395629634,0.25,0.25,0.6768246323374962,79.72627128516463,0.0,0.0,0.0
36,1108386,1115386,1,85.75,86.0,0.4330127018922193,85.0,86.0,1.0,0.25,0.005049710809238709,-1.0344827586206669,0.0,0.816496580927726,0.0,699.7264021887825,3.5541398240127586,0.07555512904008413,0.06312095104554591,0.0626797131701873,0.14454709395629634,0.25,0.25,0.6768246323374962,79.72627128516463,0.0,0.0,0.0
36,3163245,3176245,1,75.0,74.0,2.273030282830976,73.0,81.0,8.0,2.5,0.030307070437746345,-23.833992094861966,7.0,2.1105794120443453,0.0,800.7052885087011,23.28373016580225,0.03683583232937205,0.03434709845472897,0.02432596721855915,0.06119967261669779,0.0,0.8333333333333334,-0.06897354151914077,72.33546301298615,0.0,0.0,0.0
36,3163245,3186245,1,74.13636363636364,74.0,1.983922985708654,72.0,81.0,9.0,1.0,0.02676045719533439,-11.546683586314728,8.0,1.6618979396776332,0.0,809.8705273772456,20.60775243722916,0.03422045220818628,0.032800299079639224,0.01948429330910941,0.04932749066116294,0.0,0.9090909090909091,0.04391391375534856,71.6833277451374,0.0,0.0,0.0
36,3163245,3196245,1,73.90625,73.0,1.7385226307126405,72.0,81.0,9.0,1.0,0.023523350605836997,-5.770211623641048,8.0,1.4591203713417602,0.0,812.2654396266508,18.127464667218828,0.030419879470654006,0.03166495652584126,0.01852450647403013,0.04609656062730637,0.0,0.9375,0.15997437926859295,71.7244023261343,0.0,0.0,0.0
36,3163245,3199245,1,73.8,73.0,1.7204650534085253,72.0,81.0,9.0,1.0,0.023312534599031508,-5.377433982395274,7.0,1.4450727642986174,0.0,813.4277584437228,18.014203100955292,0.02913453310689152,0.030789007494541394,0.018211932601935935,0.04522951795700381,0.0,0.9428571428571428,0.20030355031230299,71.71074104102065,0.0,0.0,0.0
36,3172245,3199245,1,73.32142857142857,73.0,0.9278843611976128,72.0,76.0,4.0,1.0,0.012655022948627939,-1.8883415435138697,2.0,1.0183501544346312,0.0,818.4442502034426,10.241745930914988,0.029656226774860243,0.03166495652584126,0.018936275276695173,0.044362475286701265,0.0,0.9285714285714286,0.5104839107079493,71.20961993411096,0.0,0.0,0.0
36,3182245,3199245,1,73.16666666666667,73.0,0.8333333333333334,72.0,75.0,3.0,0.0,0.011389521640091115,-0.9287925696594507,1.0,1.0,0.0,820.150972890699,9.256419185914849,0.02348152677093897,0.02314083351159216,0.012872875054999578,0.038786558381734226,0.0,1.0,0.3894147581620392,71.48801883850884,0.0,0.0,0.0
36,3192245,3199245,1,72.875,73.0,0.5994789404140899,72.0,74.0,2.0,0.25,0.008226126112028678,-0.7142857142852983,1.0,0.8451542547285166,0.0,823.383314821671,6.771374877726967,0.01903628464503009,0.018588034310887368,0.005845511135759214,0.026645135180198322,0.0,1.0,0.2648901894549158,71.5136458810053,0.0,0.0,0.0
36,4502400,4505400,1,114.5,114.5,0.5,114.0,115.0,1.0,1.0,0.004366812227074236,23.999999999998806,1.0,0.5773502691896257,0.0,524.0274599542333,2.2883295194507696,0.004055767621294183,0.0038229410684694934,0.0021475920779100814,0.006445667802747068,0.0,1.0,0.9043146907635333,114.03749043866522,0.0,0.0,0.0
36,4502400,4510400,1,115.77777777777777,116.0,1.314684396244359,114.0,118.0,4.0,2.0,0.011355239506909053,29.999999999999428,4.0,0.7071067811865476,0.0,518.3009111499817,5.878310954273557,0.031587297170039406,0.00711736947619419,0.03868958379007544,0.07848040055967108,0.0,0.6666666666666666,0.785299815358096,112.23265165768495,0.0,0.0,0.0
36,4502400,4510400,1,115.77777777777777,116.0,1.314684396244359,114.0,118.0,4.0,2.0,0.011355239506909053,29.999999999999428,4.0,0.7071067811865476,0.0,518.3009111499817,5.878310954273557,0.031587297170039406,0.00711736947619419,0.03868958379007544,0.07848040055967108,0.0,0.6666666666666666,0.785299815358096,112.23265165768495,0.0,0.0,0.0
36,4502400,4510400,1,115.77777777777777,116.0,1.314684396244359,114.0,118.0,4.0,2.0,0.011355239506909053,29.999999999999428,4.0,0.7071067811865476,0.0,518.3009111499817,5.878310954273557,0.031587297170039406,0.00711736947619419,0.03868958379007544,0.07848040055967108,0.0,0.6666666666666666,0.785299815358096,112.23265165768495,0.0,0.0,0.0
36,4502400,4510400,1,115.77777777777777,116.0,1.314684396244359,114.0,118.0,4.0,2.0,0.011355239506909053,29.999999999999428,4.0,0.7071067811865476,0.0,518.3009111499817,5.878310954273557,0.031587297170039406,0.00711736947619419,0.03868958379007544,0.07848040055967108,0.0,0.6666666666666666,0.785299815358096,112.23265165768495,0.0,0.0,0.0
37,424615,468952,1,82.51162790697674,81.0,3.8055778708777224,78.0,91.0,13.0,4.5,0.046121716022475216,-15.014725684591644,10.0,0.9511897312113419,0.0,728.6456283924806,32.01190365827434,0.172729266611642,0.13954707971555175,0.14347523080028413,0.41884215392743446,0.4883720930232558,0.3023255813953488,-0.40256219368770074,70.35863285426224,0.0,0.0,0.0
37,434952,478952,1,80.2,80.0,2.1457969252574776,76.0,86.0,10.0,2.0,0.026755572634133137,-8.07905138339912,8.0,1.02247471629109,0.0,748.6566741033446,19.710021277187458,0.19197389239724566,0.15313182030118155,0.1507479919562956,0.4181210082165634,0.5333333333333333,0.2,-0.09568902604326067,67.28335285826209,0.0,0.0,0.0
37,444952,488952,1,79.11111111111111,79.0,1.5666272650679613,76.0,82.0,6.0,2.0,0.019802872732600636,-4.8379446640315775,4.0,1.0,0.0,758.7251181766312,15.05956191434905,0.19108034485918432,0.13759124483807647,0.1511353647913959,0.43905112970194726,0.4888888888888889,0.15555555555555556,-0.07852466959680308,66.41962605844532,0.0,0.0,0.0
37,454952,499188,1,78.56818181818181,78.0,1.4365002811873167,76.0,82.0,6.0,2.25,0.018283486367440538,-2.761654035686577,2.0,1.0996828295383152,0.0,763.9227502710052,13.940722053399519,0.21358450648788843,0.12905332387286414,0.20287760430317064,0.45717811463227376,0.4318181818181818,0.1590909090909091,0.13947393715108494,64.74059399914226,0.0,0.0,0.0
37,464952,509188,1,78.65116279069767,78.0,1.5534465946199751,76.0,82.0,6.0,2.5,0.01975109508239472,0.5487573904057235,1.0,1.123345344008138,0.0,763.1589742412627,15.028141992292097,0.2079014813652993,0.13401602620718853,0.19407520489517222,0.44727498830705376,0.4418604651162791,0.13953488372093023,0.14691793227897784,65.11388884281996,0.0,0.0,0.0
37,474952,514188,1,78.73684210526316,78.5,1.4811839241547673,76.0,81.0,5.0,2.0,0.01881182791373033,4.033965395903427,3.0,0.9725975251592747,0.0,762.3020763821634,14.35432568409048,0.22998528694342585,0.15033390005664515,0.20873233899526383,0.4490756671199225,0.5,0.13157894736842105,0.23108936715607473,64.01445849887206,0.0,0.0,0.0
37,484952,514188,1,78.78571428571429,79.0,1.5665508713900937,76.0,81.0,5.0,3.0,0.019883691930608623,8.643843283317205,3.0,0.9229582069908973,0.0,761.8618845420026,15.215700537350392,0.26176506234820246,0.19281620987215942,0.22705937876712795,0.46823029320515536,0.5714285714285714,0.10714285714285714,0.23694954187168438,62.440874800488196,0.0,0.0,0.0
37,495188,514188,1,79.47368421052632,80.0,1.1862555441668048,77.0,81.0,4.0,1.5,0.014926394264350523,7.990407673860712,0.0,0.8819171036881969,0.0,755.1362016718446,11.34445838106523,0.22771893300432336,0.15814800520841313,0.1840316966564613,0.4486594481664399,0.5263157894736842,0.10526315789473684,0.32317459285823663,64.73280005224652,0.0,0.0,0.0
37,505188,514188,1,80.44444444444444,80.0,0.4969039949999533,80.0,81.0,1.0,1.0,0.006176983363259088,-7.235294117646926,1.0,0.6123724356957945,0.0,745.8847736625515,4.600962916666223,0.2724179984829129,0.2121803102002021,0.21740318846554735,0.4546957417593459,0.6666666666666666,0.2222222222222222,0.017591972143850644,63.22171215776363,0.0,0.0,0.0
37,1172830,1178835,1,84.42857142857143,84.0,0.4948716593053935,84.0,85.0,1.0,1.0,0.005861424052686556,-8.565615850879226,1.0,0.7071067811865476,0.0,710.6842737094839,4.158585372314259,0.015267420945157404,0.018172227870409677,0.005878715809665757,0.021229937127233874,0.0,1.0,0.3338494922778961,83.1589487526086,0.0,0.0,0.0
37,1172830,1188846,1,84.11764705882354,84.0,0.47058823529411764,83.0,85.0,2.0,0.0,0.0055944055944055935,-3.9665136303657813,2.0,0.5,0.0,713.3089947531104,3.9829966266894967,0.026955750464169863,0.018172227870409677,0.03395965197637609,0.03731844081339248,0.058823529411764705,0.9411764705882353,-0.5833027951782036,81.90970937238876,0.0,0.0,0.0
37,1172830,1198985,1,84.23076923076923,84.0,0.9730085108210398,82.0,87.0,5.0,1.0,0.011551699215226956,1.1266825292455958,2.0,0.848528137423857,0.0,712.4232970974559,8.184902599447327,0.025884275536521024,0.017195854606815227,0.03139612548668535,0.043332900683966266,0.038461538461538464,0.9230769230769231,-0.4856492103287272,82.10552714312527,0.0,0.0,0.0
37,1172830,1208985,1,85.25,84.5,1.8465433171800283,82.0,88.0,6.0,3.25,0.02166033216633464,7.423780402891758,3.0,0.7745966692414834,0.0,704.1395703697576,15.110637351054235,0.020969034817967733,0.01185095332826134,0.028151389134743306,0.034875259775553,0.027777777777777776,0.9444444444444444,-0.45428051402343606,83.4991043731307,0.0,0.0,0.0
37,1174831,1218985,1,85.38095238095238,85.0,1.7586843154875607,82.0,88.0,6.0,3.0,0.020598087353730494,4.8424595327503015,1.0,0.7489830503797116,0.0,703.0295354022381,14.405856086511811,0.019375294421299667,0.011091477543075566,0.026432568724077767,0.03080795476972911,0.023809523809523808,0.9523809523809523,-0.46008834074702193,83.75811425704919,0.0,0.0,0.0
37,1184842,1228985,1,85.57142857142857,86.0,1.840585532389304,82.0,88.0,6.0,3.0,0.02150934678919053,1.6340958152633571,1.0,0.8971499589146108,0.0,701.4947338774551,15.164849156822434,0.021371459580607863,0.010194847938947243,0.03172880864504299,0.03851793296550918,0.023809523809523808,0.9285714285714286,-0.3416080907893964,83.78090827656926,0.0,0.0,0.0
37,1194985,1238985,1,86.0,86.0,1.6107745325136584,82.0,88.0,6.0,2.0,0.018729936424577424,-3.32498356138663,0.0,0.8819171036881969,0.0,697.9215252884716,13.196218694989785,0.013680154836837793,0.008315089560586176,0.02111374753203609,0.022087866876230433,0.0,0.972972972972973,-0.06890403981347203,84.83938408939512,0.0,0.0,0.0
37,1204985,1248985,1,85.3030303030303,86.0,2.066835503633931,79.0,88.0,9.0,2.0,0.02422933272466065,-6.040361543262539,8.0,1.1989578808281798,0.0,703.8012322336451,17.612245454965205,0.015290119760538652,0.009427405200975288,0.022273226576602096,0.029774623427898116,0.0,0.9696969696969697,0.08591673319737857,84.01837922262993,0.0,0.0,0.0
37,1214985,1258985,1,83.29032258064517,85.0,2.714281802317759,78.0,87.0,9.0,5.0,0.03258820134463614,-8.571106724456063,6.0,1.2909944487358056,0.0,721.1498175561231,23.880751414167793,0.01601909274615478,0.009427405200975288,0.023054507622896975,0.03088660395000558,0.0,0.967741935483871,0.16846254720461076,81.97712343724102,0.0,0.0,0.0
37,1224985,1261985,1,82.57692307692308,82.5,3.0656041809214116,78.0,87.0,9.0,5.0,0.037124223895648206,-13.513136074015915,8.0,1.296148139681572,0.0,727.5974632574915,27.00137728126143,0.012729728335977908,0.009994432966876682,0.009642089791381559,0.02925660707202235,0.0,1.0,0.12585802497363824,81.53895433938303,0.0,0.0,0.0
37,1238985,1261985,1,81.22222222222223,80.0,2.6782157318208775,78.0,86.0,8.0,4.75,0.03297392829875225,-18.69680995598059,7.0,1.475286612233465,0.0,739.4967827527026,23.74095440813245,0.012004150962028731,0.008398314954665781,0.010638282257195408,0.030763233322706987,0.0,1.0,0.028491780987194848,80.2587836670541,0.0,0.0,0.0
37,1247985,1261985,1,79.61538461538461,80.0,0.737820234355803,78.0,81.0,3.0,1.0,0.009267307291425546,-3.412652350551259,1.0,0.9574271077563381,0.0,753.6881687319857,7.012307110014212,0.01156935465591058,0.007292448853671171,0.010765298124326783,0.030128858946842068,0.0,1.0,-0.01747897895985382,78.70482063235902,0.0,0.0,0.0
37,1254985,1261985,1,79.5,79.5,0.8660254037844386,78.0,81.0,3.0,1.0,0.010893401305464637,-12.857142857142811,2.0,1.0690449676496976,0.0,754.8065653287173,8.22436293766002,0.01201571509725773,0.007777130747790052,0.01088918536602555,0.028675105822142537,0.0,1.0,-0.0409474757098505,78.5560923748697,0.0,0.0,0.0
37,2271615,2279250,0,82.66666666666667,83.0,0.9428090415820634,81.0,84.0,3.0,1.0,0.011404948083653992,-14.81636901105384,0.0,1.0,0.0,725.9009799252069,8.288932767219164,0.09074446208112943,0.025464768328532946,0.10661305490434504,0.22456952115379297,0.3333333333333333,0.5555555555555556,-0.44381996292344655,75.78921510996214,0.0,0.0,0.0
37,2271615,2289250,0,81.89473684210526,82.0,1.1650496642725607,80.0,84.0,4.0,2.0,0.014226184846515845,-8.456520602292343,0.0,1.2018504251546631,0.0,732.7957222864193,10.397994241361175,0.0877370736265645,0.06954959599417711,0.08483190369509432,0.20430558284315425,0.21052631578947367,0.42105263157894735,-0.23876458899598513,75.28909221514765,0.0,0.0,0.0
37,2271615,2299250,0,81.74074074074075,82.0,1.1735540383522118,80.0,84.0,4.0,1.5,0.014357027202315232,-4.716285968265726,3.0,1.0919284281983377,0.0,734.1792428888781,10.5292506780978,0.06616775021462427,0.026276949310978043,0.07876244788245063,0.18021759823732938,0.14814814814814814,0.5925925925925926,-0.06872338790095102,76.66780459668375,0.0,0.0,0.0
37,2271615,2309250,0,81.16216216216216,81.0,1.551172416462891,78.0,84.0,6.0,2.0,0.019112014455253738,-6.101265228106279,5.0,1.0671873729054748,0.0,739.5326488113196,14.230966961761979,0.05204066697665379,0.017367038089185542,0.07131772075809664,0.1436696845581923,0.10810810810810811,0.7027027027027027,0.15027238874251803,77.14736198877686,0.0,0.0,0.0
37,2274618,2319250,0,80.72727272727273,81.0,1.6006197146962737,78.0,84.0,6.0,2.25,0.019827496465832217,-3.5720774228421024,1.0,1.151338957626657,0.0,743.5363466927204,14.785816956243416,0.060073643732158934,0.026080555767253308,0.07550883014062511,0.15742220094794146,0.11363636363636363,0.6590909090909091,0.14118302887918707,76.15251374711991,0.0,0.0,0.0
37,2285250,2329250,0,81.14634146341463,81.0,2.1133833192618994,78.0,85.0,7.0,4.0,0.02604409861428851,2.747768802676045,2.0,1.118033988749895,0.0,739.9050910797538,19.2121423278408,0.05704508795862474,0.026276949310978043,0.07249922906397153,0.12872062288546188,0.07317073170731707,0.6829268292682927,0.33415286027587593,76.76715249689603,0.0,0.0,0.0
37,2295250,2331250,0,81.11428571428571,81.0,2.264905278012162,78.0,85.0,7.0,4.0,0.027922396875810378,7.249272161429518,1.0,1.071008320943125,0.0,740.2715800448261,20.579981693294368,0.057782529279972294,0.02588416222352857,0.0769943154282884,0.1331169487640576,0.08571428571428572,0.7142857142857143,0.34212739966803285,76.68332901045343,0.0,0.0,0.0
37,2305250,2331250,0,81.28,81.0,2.5848791074245616,78.0,85.0,7.0,5.0,0.031802154372841555,16.070120089558227,4.0,1.118033988749895,0.0,738.9363279192739,23.503733959977897,0.07545526777159245,0.04181325540249656,0.08470043841152479,0.20764329875199286,0.12,0.6,0.33714007859875184,75.5772949705449,0.0,0.0,0.0
37,2315250,2359250,0,82.65217391304348,83.0,1.7841986546681037,78.0,85.0,7.0,2.0,0.021586832749798203,-0.6710950899735693,2.0,1.087114613009218,0.0,726.2800859256762,16.050471220434808,0.0750399946750154,0.04181325540249656,0.08698502198187663,0.2300430121487513,0.13043478260869565,0.6086956521739131,0.08114565415202823,76.88288279733187,0.0,0.0,0.0
37,2325250,2361250,0,82.58823529411765,83.0,1.4166581857402702,80.0,85.0,5.0,2.0,0.017153268630758257,-4.491623535821284,3.0,0.9682458365518543,0.0,726.7109690653134,12.55021831139169,0.05531928534677694,0.04181325540249656,0.06716016621601877,0.10572851019337977,0.058823529411764705,0.6470588235294118,0.37199001128105225,78.25900316696973,0.0,0.0,0.0
37,2352250,2361250,0,81.8,82.0,1.2489995996796797,80.0,84.0,4.0,1.75,0.015268943761365278,-22.545454545454128,3.0,1.0,0.0,733.6672279516828,11.19367966946911,0.027001750181747514,0.015695876132470678,0.021618413293789135,0.0521401036545417,0.0,0.8,-0.5186144725892521,79.64932872365985,0.0,0.0,0.0
37,2352250,2361250,0,81.8,82.0,1.2489995996796797,80.0,84.0,4.0,1.75,0.015268943761365278,-22.545454545454128,3.0,1.0,0.0,733.6672279516828,11.19367966946911,0.027001750181747514,0.015695876132470678,0.021618413293789135,0.0521401036545417,0.0,0.8,-0.5186144725892521,79.64932872365985,0.0,0.0,0.0
37,2355250,2361250,0,81.14285714285714,81.0,0.832993127835043,80.0,82.0,2.0,1.5,0.01026576037824877,-14.999999999999677,1.0,1.0801234497346435,0.0,739.514776100142,7.613475538560441,0.029760143805931942,0.01594295502308535,0.02259827080883725,0.058337858062088584,0.0,0.7142857142857143,-0.6017812356099377,78.79782261037798,0.0,0.0,0.0
37,3484524,3489530,0,78.66666666666667,79.0,0.9428090415820634,77.0,80.0,3.0,0.75,0.011984860698077075,-30.81732427695578,3.0,0.7745966692414834,0.0,762.8220935182961,9.198091206009593,0.011000351295324437,0.011226159172996599,0.004537734559864835,0.015608353076980695,0.0,1.0,-0.3166282233552996,77.81072139675969,0.0,0.0,0.0
37,3484524,3499070,0,77.6,77.0,1.451436070471816,76.0,80.0,4.0,3.0,0.018704073073090414,-7.15288363103649,0.0,0.8451542547285166,0.0,773.4648873223158,14.383881756858596,0.09207930612115721,0.01462159609512863,0.19641664764418543,0.2755504873997402,0.13333333333333333,0.8,-0.4409761764197505,71.05711056426787,0.0,0.0,0.0
37,3484524,3509070,0,78.84,79.0,2.0333224043422136,76.0,82.0,6.0,3.0,0.025790492191047863,7.629128393898015,0.0,0.8660254037844386,0.0,761.5412264256124,19.63358310339203,0.06377632204149301,0.018791737044975436,0.15614318613733089,0.07120944954473221,0.08,0.88,-0.40614624066671845,74.11332473418675,0.0,0.0,0.0
37,3484524,3519070,0,79.17142857142858,79.0,1.8896063730041661,76.0,82.0,6.0,2.0,0.02386727645440123,5.471867969894367,2.0,0.8401680504168059,0.0,758.283427952313,18.20138904792025,0.05007908904221359,0.01659511005883276,0.13395902260691606,0.042646208484458735,0.05714285714285714,0.9142857142857143,-0.40974770187805365,75.39568152303798,0.0,0.0,0.0
37,3485525,3529070,0,79.56818181818181,80.0,1.9352909961216225,76.0,83.0,7.0,2.0,0.024322423258883574,5.319980097352399,1.0,0.8490761052804039,0.0,754.5206510950702,18.523839581673826,0.0437959654876005,0.01848437075105025,0.12011823698021515,0.03798756610732648,0.045454545454545456,0.9318181818181818,-0.40215048041672513,76.22963150754487,0.0,0.0,0.0
37,3495523,3539070,0,80.31818181818181,80.0,1.426577711497747,76.0,83.0,7.0,2.0,0.017761578750962327,1.82357957454441,3.0,0.8760375907831331,0.0,747.2675872433751,13.445216176734455,0.026696704374204662,0.020126937120546938,0.0569252661918412,0.027567540240170423,0.022727272727272728,0.9772727272727273,-0.480875163303445,78.22970647123836,0.0,0.0,0.0
37,3505070,3549070,0,79.55555555555556,80.0,1.8921540406584887,75.0,83.0,8.0,2.0,0.023784059170288266,-4.498023715414991,3.0,0.8918825850158447,0.0,754.6229847773166,18.213763578320115,0.021746625364376042,0.018932565908709967,0.017691411600458305,0.037378017495665904,0.0,0.9555555555555556,-0.43356192725793397,77.86231300463986,0.0,0.0,0.0
37,3515070,3556070,0,79.5,80.0,2.362907813126304,75.0,86.0,11.0,4.0,0.02972211085693464,-5.323717689004078,7.0,1.259113121867347,0.0,755.3828821400405,22.419712072220342,0.027649567222210084,0.019492781877655414,0.028721037950089685,0.05601255539895254,0.023809523809523808,0.8571428571428571,-0.48016030751350186,77.36100178088199,0.0,0.0,0.0
37,3525070,3556070,0,78.96875,79.0,2.3649045303140674,75.0,86.0,11.0,4.0,0.029947346644262032,-4.871700879765444,5.0,1.3319885691653277,0.0,760.466400491809,22.46425289878557,0.0321024523908311,0.02069141783472564,0.03137534297528638,0.08561511861972972,0.03125,0.8125,-0.45123988649535707,76.51251076583678,0.0,0.0,0.0
37,3535070,3556070,0,78.27272727272727,77.0,2.525898907172692,75.0,86.0,11.0,2.0,0.03227048545749084,0.8808582721625963,5.0,1.558387444947959,0.0,767.3175772912441,23.790489516403493,0.03821912987401516,0.022596007305774754,0.03610961473637057,0.08997846710070154,0.045454545454545456,0.7272727272727273,-0.37923011850142624,75.39133601037138,0.0,0.0,0.0
37,3545070,3556070,0,78.0,77.0,2.972092416687835,75.0,86.0,11.0,2.25,0.03810374893189532,41.11888111888132,11.0,1.8829377433825436,0.0,770.284195442447,27.666298633128797,0.0554670291650183,0.046101787856840715,0.041346341532064214,0.09151837330727447,0.08333333333333333,0.5,-0.41071277049099525,73.90093469969017,0.0,0.0,0.0
37,4726544,4729548,1,87.5,87.5,0.5,87.0,88.0,1.0,1.0,0.005714285714285714,23.968839312247034,1.0,0.5773502691896257,0.0,685.7366771159875,3.9184952978056344,0.07221729124969234,0.08298111744471298,0.03223283170160171,0.09964961154621474,0.0,0.25,-0.3339398255377534,81.6065929117939,0.0,0.0,0.0
37,4726544,4735555,1,86.0,86.0,1.4142135623730951,84.0,88.0,4.0,2.0,0.01644434374852436,-20.3392464575428,1.0,1.0,0.0,697.8631680127033,11.479161581573733,0.05748776178265906,0.057817275622005185,0.0338849778368063,0.0998420585256665,0.0,0.5,0.30493381071410053,81.32481822297932,0.0,0.0,0.0
37,4726544,4735555,1,86.0,86.0,1.4142135623730951,84.0,88.0,4.0,2.0,0.01644434374852436,-20.3392464575428,1.0,1.0,0.0,697.8631680127033,11.479161581573733,0.05748776178265906,0.057817275622005185,0.0338849778368063,0.0998420585256665,0.0,0.5,0.30493381071410053,81.32481822297932,0.0,0.0,0.0
37,4726544,4735555,1,86.0,86.0,1.4142135623730951,84.0,88.0,4.0,2.0,0.01644434374852436,-20.3392464575428,1.0,1.0,0.0,697.8631680127033,11.479161581573733,0.05748776178265906,0.057817275622005185,0.0338849778368063,0.0998420585256665,0.0,0.5,0.30493381071410053,81.32481822297932,0.0,0.0,0.0
37,4726544,4768719,1,86.25,86.5,1.1989578808281798,84.0,88.0,4.0,1.25,0.013900960937138317,0.7336950329156325,1.0,0.9309493362512627,0.0,695.7875754369693,9.741464767928587,0.054815282320141934,0.04804294013872072,0.050786814343346746,0.10163647250833385,0.0625,0.5625,0.026603048422495414,81.76787106296652,0.0,0.0,0.0
37,4735555,4776719,1,86.35714285714286,86.0,0.6102859818083951,85.0,87.0,2.0,1.0,0.007067000616474385,0.26831733684480297,1.0,0.7337993857053428,0.0,694.8238798326066,4.924153624280814,0.05445818299092849,0.03917674017728914,0.06347383061953331,0.159045938588865,0.14285714285714285,0.6428571428571429,-0.5742160904688732,81.89717169456097,0.0,0.0,0.0
37,4760661,4787719,1,86.57894736842105,87.0,0.7480352843974681,85.0,88.0,3.0,1.0,0.008639921217964678,1.5318962437492374,0.0,0.8819171036881969,0.0,693.0608128802681,5.983553573911282,0.05400973927233679,0.032188923764683276,0.05702265988908466,0.12045555020184653,0.10526315789473684,0.5789473684210527,-0.3188553289816696,82.14245480140733,0.0,0.0,0.0
37,4760661,4787719,1,86.57894736842105,87.0,0.7480352843974681,85.0,88.0,3.0,1.0,0.008639921217964678,1.5318962437492374,0.0,0.8819171036881969,0.0,693.0608128802681,5.983553573911282,0.05400973927233679,0.032188923764683276,0.05702265988908466,0.12045555020184653,0.10526315789473684,0.5789473684210527,-0.3188553289816696,82.14245480140733,0.0,0.0,0.0
37,4764719,4787719,1,86.55555555555556,86.5,0.7617394000445605,85.0,88.0,3.0,1.0,0.008800583569192612,2.1710939134073697,1.0,0.8744746321952062,0.0,693.2500151284056,6.091946469843818,0.05344825101728384,0.03193674103889953,0.058534068454469755,0.1303648528962369,0.1111111111111111,0.6111111111111112,-0.3275770672989584,82.16403176138118,0.0,0.0,0.0
37,4774719,4813719,1,87.11111111111111,87.0,0.7370277311900889,86.0,88.0,2.0,1.0,0.008460777526416836,1.5831485587584042,1.0,1.0606601717798212,0.0,688.8248969243356,5.837309761170746,0.048998263911943424,0.05274361341031615,0.028282038790626997,0.08041846541128585,0.0,0.4444444444444444,0.42385298267374794,83.04218806450143,0.0,0.0,0.0
37,4784719,4813719,1,87.0,87.0,0.8944271909999159,86.0,88.0,2.0,2.0,0.01028077231034386,2.9508196721310616,2.0,1.224744871391589,0.0,689.7280746518918,7.09121835017059,0.05716892466327148,0.06565464238439667,0.03148567746171586,0.09052770511217599,0.0,0.4,0.6876678814821537,82.29526802228997,0.0,0.0,0.0
37,5640580,5649091,0,82.4,82.0,1.019803902718557,81.0,84.0,3.0,1.0,0.012376260955322294,-16.674339809663493,2.0,1.224744871391589,0.0,728.2665310875715,8.984847334918268,0.10499153379445322,0.045537725391096476,0.10030309773703673,0.22924222409095313,0.4,0.6,-0.6728435368288493,74.57070708681808,0.0,0.0,0.0
37,5640580,5655091,0,82.71428571428571,83.0,1.0301575072754257,81.0,84.0,3.0,1.5,0.012454408550825528,1.5387722923703788,1.0,1.35400640077266,0.0,725.5014194269476,9.059091691927328,0.1127535640276975,0.057521681127534564,0.09449056468768038,0.22379398457183317,0.42857142857142855,0.42857142857142855,-0.5519229641113558,74.3329775686316,0.0,0.0,0.0
37,5640580,5669091,0,84.58333333333333,84.0,2.3614378858841256,81.0,88.0,7.0,4.25,0.027918477468580796,11.624670751925889,4.0,1.5954480704349312,0.0,709.9124006218323,19.80382718904045,0.11126646432309768,0.06856781654424345,0.08996113788238569,0.2129967309313429,0.4166666666666667,0.4166666666666667,-0.1774385062775566,76.1143578510266,0.0,0.0,0.0
37,5640580,5679091,0,85.77272727272727,87.0,2.2549303190568115,81.0,88.0,7.0,3.75,0.02628959566467931,9.179549865139329,5.0,1.3273676061682242,0.0,700.0169689633834,18.79132926050354,0.09889752140642788,0.05449874345841199,0.09545479304256738,0.22464767396269852,0.3181818181818182,0.45454545454545453,-0.26148156552453,78.0534359227153,0.0,0.0,0.0
37,5649091,5681091,0,86.7,87.0,1.9519221295943134,81.0,89.0,8.0,2.0,0.02251351937248343,10.804604539099817,8.0,1.2977713690461004,0.0,692.4048004619447,16.142569529191988,0.09743962567135578,0.05449874345841199,0.0949851380233721,0.2273607686780641,0.3,0.45,-0.5096926680275731,79.00206806088445,0.0,0.0,0.0
37,5655091,5697091,0,87.05263157894737,87.0,1.3562209186026448,84.0,89.0,5.0,1.5,0.015579321314056984,0.6837606837607135,0.0,1.699673171197595,0.0,689.4078640273054,10.891736283743663,0.07941714935121387,0.0486884595270177,0.08888712194735228,0.21559440441712865,0.21052631578947367,0.5263157894736842,-0.13413029919769243,80.64781223021197,0.0,0.0,0.0
37,5665091,5702091,0,86.72222222222223,87.0,1.7576991132840416,83.0,89.0,6.0,2.0,0.020268151210193944,-6.784348016176614,4.0,1.4552137502179978,0.0,692.1540822517353,14.30610274732474,0.07713884566062544,0.02635101700621771,0.09233721223584526,0.21688772863792435,0.2222222222222222,0.6111111111111112,0.028450564769381327,80.51164673114559,0.0,0.0,0.0
37,5675091,5717091,0,86.36363636363636,88.0,2.42234774444986,83.0,89.0,6.0,4.5,0.02804823704099838,-9.753387533875316,5.0,1.70293863659264,0.0,695.291174500817,19.765141682381884,0.033421277005332,0.017107270466319394,0.03963263127209125,0.07094680244368791,0.0,0.8181818181818182,-0.0708559875932594,83.57060018534025,0.0,0.0,0.0
37,5697091,5729091,0,83.42857142857143,83.0,0.4948716593053935,83.0,84.0,1.0,1.0,0.00593168084783862,0.4358180519171172,1.0,0.7071067811865476,0.0,719.2033439881977,4.25879224875549,0.040253860514404514,0.02485279604472429,0.03535187898200695,0.08707081405704105,0.0,0.7142857142857143,0.30787005267294293,80.20020361887057,0.0,0.0,0.0
37,5697091,5729091,0,83.42857142857143,83.0,0.4948716593053935,83.0,84.0,1.0,1.0,0.00593168084783862,0.4358180519171172,1.0,0.7071067811865476,0.0,719.2033439881977,4.25879224875549,0.040253860514404514,0.02485279604472429,0.03535187898200695,0.08707081405704105,0.0,0.7142857142857143,0.30787005267294293,80.20020361887057,0.0,0.0,0.0
37,5717091,5729091,0,83.5,83.5,0.5,83.0,84.0,1.0,1.0,0.005988023952095809,2.911051212938034,0.0,0.816496580927726,0.0,718.5886402753872,4.302925989672929,0.05819445881432993,0.05554323184924157,0.037367175478278114,0.09916382276705589,0.0,0.5,0.4684268298998989,78.90799210341628,0.0,0.0,0.0
37,5717091,5729091,0,83.5,83.5,0.5,83.0,84.0,1.0,1.0,0.005988023952095809,2.911051212938034,0.0,0.816496580927726,0.0,718.5886402753872,4.302925989672929,0.05819445881432993,0.05554323184924157,0.037367175478278114,0.09916382276705589,0.0,0.5,0.4684268298998989,78.90799210341628,0.0,0.0,0.0
37,8153616,8157615,0,88.8,89.0,0.4,88.0,89.0,1.0,0.0,0.0045045045045045045,-11.983182752375331,1.0,0.5,0.0,675.6894790602656,3.0643513789581447,0.15582159441141938,0.02203984590416431,0.2598942597668712,0.43023776971064676,0.2,0.6,0.17547040706796407,76.82846594090478,0.0,0.0,0.0
37,8153616,8166741,0,89.0,89.0,0.7844645405527362,88.0,91.0,3.0,0.0,0.00881420832081726,5.231369672832059,2.0,0.816496580927726,0.0,674.2092537252433,5.894421543972698,0.16674710207507484,0.08979761455269973,0.18190327658688155,0.3387893524013017,0.46153846153846156,0.23076923076923078,-0.21073536436280127,76.28045515751644,0.0,0.0,0.0
37,8153616,8178741,0,88.75,89.0,0.7664854858377946,88.0,91.0,3.0,1.0,0.008636456178454025,-1.5656136580571585,1.0,0.8271701918685112,0.0,676.1062907130324,5.784392855045623,0.12299385464208952,0.05344691906694897,0.16003171221631246,0.33848459654194496,0.3,0.45,-0.010552212760227069,79.02981804676536,0.0,0.0,0.0
37,8153616,8188741,0,88.34782608695652,89.0,1.4328049611551374,83.0,91.0,8.0,1.0,0.01621777269024024,-5.293991209583321,6.0,1.1677484162422844,0.0,679.3185967544911,11.39766467460663,0.117383412115198,0.05570272273289308,0.15043947736186516,0.309884407510905,0.2608695652173913,0.43478260869565216,0.05470370878590977,79.06670631499243,0.0,0.0,0.0
37,8154617,8198741,0,86.09375,88.0,3.5913035150903077,78.0,91.0,13.0,7.0,0.04171387022972408,-13.34146242339411,11.0,1.121634751658949,0.0,698.1670077497888,30.035306309891073,0.09365364910839945,0.04127748245716719,0.1339088411781153,0.19298257009136338,0.1875,0.53125,0.3252455989061629,78.72122044322522,0.0,0.0,0.0
37,8164741,8208741,0,83.24242424242425,82.0,4.24285712077264,78.0,91.0,13.0,8.0,0.05096988896450568,-18.44355370319182,10.0,1.0897247358851685,0.0,722.632009121491,36.23336439962685,0.03948282375881225,0.0324784672778461,0.032482234586280724,0.09172145239582294,0.0,0.7272727272727273,0.34799712112518477,80.08061541740175,0.0,0.0,0.0
37,8174741,8218741,0,81.02631578947368,80.0,3.7026792725017175,75.0,88.0,13.0,4.0,0.04569724337611733,-15.810750532088852,13.0,1.0,0.0,742.0072054611344,33.01968255478711,0.03608124263179716,0.024421731591320404,0.033927114660455976,0.09457071172272491,0.0,0.8157894736842105,0.3564706056607082,78.20459675889417,0.0,0.0,0.0
37,8188741,8228741,0,78.09756097560975,78.0,3.1219512195121952,72.0,83.0,11.0,5.0,0.03997501561524048,-13.923344947735051,9.0,0.85146931829632,0.0,769.5171354838712,31.221989032781963,0.030911337846036804,0.021930773586384913,0.02762586144402575,0.06059613331449027,0.0,0.8536585365853658,0.19383706565570546,75.75584641331528,0.0,0.0,0.0
37,8194741,8238741,0,77.31111111111112,78.0,2.7065535462586787,72.0,81.0,9.0,5.0,0.035008597177821364,-6.260869565217356,2.0,0.9293203772845852,0.0,777.0495854995586,27.561400172372576,0.03762044822710126,0.025195698325143935,0.03939916482372775,0.07973575744070427,0.044444444444444446,0.8222222222222222,0.0232695501161071,74.50808360919102,0.0,0.0,0.0
37,8204741,8242741,0,77.12820512820512,78.0,2.830053792906229,72.0,81.0,9.0,5.5,0.03669285170323901,-1.0931174089068028,2.0,0.9459053029269173,0.0,778.9829938611679,28.829115793965254,0.03767004011979626,0.023483307646306628,0.04166102012768882,0.09550462984778112,0.05128205128205128,0.8461538461538461,-0.005010644062006249,74.32825671569054,0.0,0.0,0.0
37,8214741,8242741,0,76.20689655172414,75.0,2.6958372807851125,72.0,81.0,9.0,5.0,0.03537524033609424,12.827586206896541,3.0,0.9819805060619657,0.0,788.3059165423435,27.590291894360735,0.03912176294058327,0.025195698325143935,0.04391305084716273,0.09550462984778108,0.06896551724137931,0.8275862068965517,0.04670507625683303,73.33779280694522,0.0,0.0,0.0
37,8224741,8242741,0,77.0,77.0,2.7338039817306425,73.0,81.0,8.0,5.5,0.03550394781468367,27.894736842105406,7.0,0.97182531580755,0.0,780.2031362671062,27.676030502130292,0.05027912182150611,0.03173151060063507,0.050294828790569804,0.11754836464277668,0.10526315789473684,0.7368421052631579,-0.14575140098954806,73.31384429165685,0.0,0.0,0.0
37,8234741,8242741,0,79.66666666666667,80.0,0.9428090415820634,78.0,81.0,3.0,1.0,0.011834423116092846,15.99999999999974,3.0,1.0606601717798212,0.0,753.2436959300533,8.925528558062137,0.04414385214747893,0.025602165425959982,0.05517130091840083,0.08314168555306184,0.1111111111111111,0.7777777777777778,-0.08823756164008519,76.29855455531069,0.0,0.0,0.0
37,8915806,8949083,1,85.42857142857143,85.0,1.7612611437054218,84.0,89.0,5.0,2.0,0.020616769240698916,-0.36712338435497194,0.0,2.449489742783178,0.0,702.6334749320107,14.181291224424255,0.1119704080657027,0.04007979941707984,0.12928043631083197,0.2743636577963017,0.2857142857142857,0.5714285714285714,-0.4346034537315839,76.82629934116352,0.0,0.0,0.0
37,8915806,8959083,1,82.29411764705883,81.0,3.0051858292811295,79.0,89.0,10.0,4.0,0.036517626231436166,-8.635252723136412,5.0,1.6770509831248424,0.0,730.0460032832307,26.134243224185262,0.1258417731409504,0.09031411809129525,0.13165712463911086,0.35076625411546347,0.23529411764705882,0.35294117647058826,-0.015121217785991826,73.09563351648346,0.0,0.0,0.0
37,8942083,8969083,1,82.20833333333333,81.0,2.985788096224438,79.0,89.0,10.0,4.25,0.03631977410511227,0.540827147401846,2.0,1.4446302370292303,0.0,730.7972773731605,26.012281159800576,0.13562645406504356,0.08936791576521227,0.1250882470917211,0.3674291216939141,0.25,0.25,0.03271557790661376,72.39029439571756,0.0,0.0,0.0
38,5506062,5550062,0,81.45454545454545,79.0,5.297746285212169,75.0,90.0,15.0,10.0,0.06503929591220296,-21.299822590183407,12.0,1.118033988749895,0.0,739.662934201498,47.02111389370982,0.01996037290729212,0.012437702576165444,0.02091779033591767,0.055224254283795945,0.0,0.8484848484848485,-0.3019608944561995,79.86050009214344,0.0,0.0,0.0
38,5516062,5560062,0,79.3529411764706,79.0,3.2073660894624907,75.0,87.0,12.0,5.0,0.0404189944557912,-4.550830295666265,5.0,1.1934162828797101,0.0,757.3250848825827,29.95312035865336,0.022965150646189807,0.014068329044711357,0.02187337563995111,0.05731936629149202,0.0,0.7941176470588235,-0.23421693247555864,77.57149999327413,0.0,0.0,0.0
38,5529062,5568062,0,79.30555555555556,79.0,2.8069303562239227,75.0,85.0,10.0,5.0,0.03539386788933843,8.024719029169715,3.0,1.082325538564332,0.0,757.514915180893,26.782327599326592,0.02141492114147379,0.013228995050421133,0.02184110115764951,0.05700441683869256,0.0,0.8055555555555556,-0.27210267178491004,77.64284025430948,0.0,0.0,0.0
38,5536062,5568062,0,79.1,78.0,2.981610303175114,75.0,85.0,10.0,5.75,0.037694188409293485,16.38090091481062,6.0,1.0827805840074194,0.0,759.6044990197885,28.424588341521737,0.025074116445951495,0.015226184051464987,0.022128310255433995,0.05845013455316224,0.0,0.7666666666666667,-0.2451563094058505,77.1651519933492,0.0,0.0,0.0
39,1043573,1088416,1,83.83720930232558,84.0,2.332083932413335,80.0,91.0,11.0,2.0,0.027816812508675008,4.575530585857213,9.0,0.7071067811865476,0.0,716.2101812132919,19.338982271957295,0.017251541889991822,0.012488788360866946,0.01808207461990907,0.03260059039798391,0.0,0.9302325581395349,0.3414744634245453,82.41541629571886,0.0,0.0,0.0
39,1053666,1092416,1,84.97297297297297,84.0,3.3650548084889205,80.0,92.0,12.0,3.0,0.039601471982853076,10.148467924996536,8.0,0.7453559924999299,0.0,707.181711618636,27.163529897458805,0.015143987896060935,0.010099478522724662,0.017421782338022943,0.026808697068158763,0.0,0.9459459459459459,0.13012453705220173,83.70534031244564,0.0,0.0,0.0
39,1063666,1092416,1,85.25925925925925,84.0,3.892943212880271,80.0,92.0,12.0,6.5,0.0456600637479441,20.578944278081135,8.0,0.7844645405527362,0.0,705.1730707304247,31.496428640084602,0.016329791955593337,0.010099478522724662,0.019472212057235334,0.029029634332201,0.0,0.9259259259259259,0.11330680265627423,83.88936340752717,0.0,0.0,0.0
39,1075416,1118416,1,85.94736842105263,86.0,4.751439496123102,75.0,92.0,17.0,8.0,0.05528312947111999,0.08619000979431608,5.0,4.089281382128433,0.05555555555555555,700.300470895692,39.85524449995752,0.021175537602096332,0.01088349538883007,0.02531796946979729,0.059529824750041066,0.0,0.8421052631578947,-0.22677671560534265,84.16512661757693,0.0,0.0,0.0
39,1084416,1128416,1,80.42105263157895,75.0,9.432953377298256,70.0,92.0,22.0,19.5,0.11729457733551497,-30.747406639004083,16.0,4.096068575814836,0.05555555555555555,756.350119020715,87.6723889903429,0.01746955496633933,0.008769320340804168,0.02553642228139355,0.059529824750041066,0.0,0.8421052631578947,0.1282078890159883,79.04025455998975,0.0,0.0,0.0
39,1118416,1130416,1,71.5,71.0,1.3228756555322954,70.0,75.0,5.0,1.0,0.018501757420032103,-16.46046261430862,4.0,0.8528028654224418,0.0,839.4410603652354,15.149575891912699,0.01290647326535139,0.007678397729167636,0.018603813812270453,0.0246091652212925,0.0,0.9166666666666666,0.6975501295796296,70.58894566000974,0.0,0.0,0.0
39,1118416,1130416,1,71.5,71.0,1.3228756555322954,70.0,75.0,5.0,1.0,0.018501757420032103,-16.46046261430862,4.0,0.8528028654224418,0.0,839.4410603652354,15.149575891912699,0.01290647326535139,0.007678397729167636,0.018603813812270453,0.0246091652212925,0.0,0.9166666666666666,0.6975501295796296,70.58894566000974,0.0,0.0,0.0
39,1118416,1130416,1,71.5,71.0,1.3228756555322954,70.0,75.0,5.0,1.0,0.018501757420032103,-16.46046261430862,4.0,0.8528028654224418,0.0,839.4410603652354,15.149575891912699,0.01290647326535139,0.007678397729167636,0.018603813812270453,0.0246091652212925,0.0,0.9166666666666666,0.6975501295796296,70.58894566000974,0.0,0.0,0.0
39,1124416,1130416,1,70.71428571428571,71.0,0.4517539514526256,70.0,71.0,1.0,0.5,0.006388439717511877,6.428571428571676,0.0,0.5773502691896257,0.0,848.5196895659672,5.4537700376574385,0.008558986427983918,0.006587475117531103,0.007812357307008731,0.016447456063046248,0.0,1.0,-0.4353985395372421,70.1141794043546,0.0,0.0,0.0
39,1699431,1707758,1,77.0,77.0,1.699673171197595,75.0,79.0,4.0,4.0,0.022073677548020715,32.605718057379136,4.0,1.5811388300841898,0.0,779.6006939244782,17.212488366856906,0.04263615536441553,0.027472719455956147,0.040652088982066036,0.08852476697356335,0.0,0.6666666666666666,0.6107914982543104,73.85126595105217,0.0,0.0,0.0
39,1699431,1717758,1,76.88888888888889,77.0,1.286204100310025,75.0,79.0,4.0,1.75,0.016728088009812465,2.100554726993638,1.0,1.2602520756252087,0.0,780.5645535159194,13.017915373364115,0.028000517393092204,0.01757374988341679,0.032849609811353195,0.07541134855792775,0.0,0.8333333333333334,0.5437634149201845,74.7946013528004,0.0,0.0,0.0
39,1699431,1727758,1,76.65,77.0,1.4239030865898141,74.0,79.0,5.0,1.5,0.01857668736581623,-3.1518243246933544,1.0,1.2354415362426845,0.0,783.048638704868,14.525063249243571,0.0301892202687416,0.01757374988341679,0.03431575366935406,0.07929903583505896,0.0,0.8,0.285520616813553,74.40380707925154,0.0,0.0,0.0
39,1699431,1735758,1,76.52173913043478,76.0,1.3790218719264093,74.0,79.0,5.0,1.5,0.01802130855358376,-2.8653566191123185,0.0,1.243163121016122,0.0,784.3443540225397,14.066373901437336,0.039507453505722295,0.017720977641784815,0.056525522304464206,0.0878508515106652,0.043478260869565216,0.782608695652174,0.10943043708496275,73.61345882837726,0.0,0.0,0.0
39,1703758,1747758,1,76.58620689655173,77.0,1.326578211149748,74.0,79.0,5.0,1.0,0.01732137241032989,-2.8070368005108555,4.0,1.1019463300386794,0.0,783.6661559880563,13.585763500236945,0.04394606994891732,0.027102870821230866,0.050959968244066456,0.08674996226162202,0.034482758620689655,0.6896551724137931,0.08409976027077097,73.36222540719874,0.0,0.0,0.0
39,1713758,1757758,1,74.3103448275862,75.0,2.627486648489482,69.0,78.0,9.0,4.0,0.03535828900519489,-7.941854610023048,6.0,1.0,0.0,808.4581441458298,29.242708996685344,0.04368164729971388,0.02805019973529793,0.04922109214990291,0.08630825883579102,0.034482758620689655,0.6551724137931034,-0.003040284552300346,71.20020268618033,0.0,0.0,0.0
39,1727758,1767758,1,73.76470588235294,74.0,2.532829428424822,69.0,78.0,9.0,4.75,0.034336603096668236,-6.371894918687082,2.0,1.1009637651263606,0.0,814.3662702106536,28.23688841960417,0.05809521379468364,0.047715873757805866,0.05900439141949251,0.08963167227923478,0.058823529411764705,0.5294117647058824,-0.004396974091381123,69.7146201217639,0.0,0.0,0.0
39,1735758,1777758,1,73.8048780487805,74.0,2.391239215370955,69.0,78.0,9.0,4.0,0.0323994738368173,-2.0335874026300966,2.0,1.140175425099138,0.0,813.8164933988421,26.621035150527742,0.053518858694118494,0.04446256607569777,0.05274753672608976,0.10290695228731972,0.04878048780487805,0.5609756097560976,-0.009348638318886104,70.05558319123475,0.0,0.0,0.0
39,1743758,1787758,1,73.63157894736842,74.0,2.388801203770572,69.0,78.0,9.0,3.0,0.032442618207034216,4.781322856402711,0.0,1.115008180796555,0.0,815.7310991031903,26.624203251376528,0.05486021502965568,0.041507734851618405,0.055027614108161295,0.1172162357365767,0.05263157894736842,0.5789473684210527,0.017398971629605145,69.80221445293431,0.0,0.0,0.0
39,1753758,1788758,1,73.62068965517241,74.0,2.4970851021009204,69.0,78.0,9.0,3.0,0.033918251972331004,12.13112944617665,5.0,1.2392393980641052,0.0,815.9335756636334,27.883375087182344,0.06605723571867436,0.06427516907109218,0.05812111145615036,0.11849963555235839,0.06896551724137931,0.4482758620689655,0.020074976965687413,69.05885274118663,0.0,0.0,0.0
39,1763758,1788758,1,75.10526315789474,75.0,1.5524085477634344,72.0,78.0,6.0,1.5,0.02066977043272968,3.58561523093198,1.0,1.224744871391589,0.0,799.2216699119139,16.59443330743938,0.05780717391530764,0.03855290362753905,0.05159458601239907,0.11849963555235839,0.05263157894736842,0.5789473684210527,0.3315701353558132,71.0009016859891,0.0,0.0,0.0
39,1773758,1788758,1,75.22222222222223,75.0,2.0427529234278037,72.0,78.0,6.0,4.0,0.027156242704357802,12.01138519924088,3.0,1.3693063937629153,0.0,798.2291174071995,21.82185736484324,0.04512104532121118,0.03855290362753905,0.03926675065176656,0.10598837075510359,0.0,0.6666666666666666,0.5915587717245806,71.97465074402282,0.0,0.0,0.0
39,2917109,2925440,1,78.9,79.0,1.0440306508910548,77.0,80.0,3.0,2.0,0.01323232764120475,-3.766223796094834,0.0,1.4142135623730951,0.0,760.5900428685239,10.109851077564622,0.029002019968843985,0.021458771043959247,0.024919565261139913,0.06282322088036439,0.0,0.8,0.1520470795017226,76.67623432108417,0.0,0.0,0.0
39,2917109,2925440,1,78.9,79.0,1.0440306508910548,77.0,80.0,3.0,2.0,0.01323232764120475,-3.766223796094834,0.0,1.4142135623730951,0.0,760.5900428685239,10.109851077564622,0.029002019968843985,0.021458771043959247,0.024919565261139913,0.06282322088036439,0.0,0.8,0.1520470795017226,76.67623432108417,0.0,0.0,0.0
39,2917109,2925440,1,78.9,79.0,1.0440306508910548,77.0,80.0,3.0,2.0,0.01323232764120475,-3.766223796094834,0.0,1.4142135623730951,0.0,760.5900428685239,10.109851077564622,0.029002019968843985,0.021458771043959247,0.024919565261139913,0.06282322088036439,0.0,0.8,0.1520470795017226,76.67623432108417,0.0,0.0,0.0
39,2917109,2925440,1,78.9,79.0,1.0440306508910548,77.0,80.0,3.0,2.0,0.01323232764120475,-3.766223796094834,0.0,1.4142135623730951,0.0,760.5900428685239,10.109851077564622,0.029002019968843985,0.021458771043959247,0.024919565261139913,0.06282322088036439,0.0,0.8,0.1520470795017226,76.67623432108417,0.0,0.0,0.0
39,2985467,2988467,1,89.75,89.5,0.82915619758885,89.0,91.0,2.0,1.25,0.009238509165335376,-42.0000000000003,2.0,0.816496580927726,0.0,668.5804831872247,6.148960991693693,0.02213717259188945,0.02604314399536689,0.011251594036764073,0.03150097380023062,0.0,1.0,0.40071446502444513,87.80621858455258,0.0,0.0,0.0
39,2985467,2989467,1,89.4,89.0,1.019803902718557,88.0,91.0,3.0,1.0,0.011407202491259026,-41.99999999999989,3.0,0.8660254037844386,0.0,671.2280229134161,7.634503482803813,0.018791552791316647,0.024164992224419292,0.012085171992754391,0.030989591223956888,0.0,1.0,0.6227093916156498,87.75102203690157,0.0,0.0,0.0
39,2985467,2989467,1,89.4,89.0,1.019803902718557,88.0,91.0,3.0,1.0,0.011407202491259026,-41.99999999999989,3.0,0.8660254037844386,0.0,671.2280229134161,7.634503482803813,0.018791552791316647,0.024164992224419292,0.012085171992754391,0.030989591223956888,0.0,1.0,0.6227093916156498,87.75102203690157,0.0,0.0,0.0
39,2985467,2989467,1,89.4,89.0,1.019803902718557,88.0,91.0,3.0,1.0,0.011407202491259026,-41.99999999999989,3.0,0.8660254037844386,0.0,671.2280229134161,7.634503482803813,0.018791552791316647,0.024164992224419292,0.012085171992754391,0.030989591223956888,0.0,1.0,0.6227093916156498,87.75102203690157,0.0,0.0,0.0
39,2985467,2989467,1,89.4,89.0,1.019803902718557,88.0,91.0,3.0,1.0,0.011407202491259026,-41.99999999999989,3.0,0.8660254037844386,0.0,671.2280229134161,7.634503482803813,0.018791552791316647,0.024164992224419292,0.012085171992754391,0.030989591223956888,0.0,1.0,0.6227093916156498,87.75102203690157,0.0,0.0,0.0
39,5511175,5518175,1,87.75,87.5,1.3919410907075054,86.0,90.0,4.0,2.25,0.015862576532279262,-29.999999999999638,2.0,1.1952286093343936,0.0,683.9323296579138,10.821661685600471,0.031570433350809946,0.015808274903662156,0.029964503369901554,0.08007547838688721,0.0,0.75,0.11395438442938419,85.06447758003794,0.0,0.0,0.0
39,5511175,5528178,1,87.0,87.0,1.4907119849998598,85.0,90.0,5.0,2.0,0.017134620517239768,-7.428709262136134,0.0,1.3284223283101428,0.0,689.856376773186,11.74411693798724,0.044657830169422943,0.02715067278356073,0.04064221529584386,0.08559220350043367,0.05555555555555555,0.6111111111111112,0.09584218994517818,83.28085760472433,0.0,0.0,0.0
4,1279364,1291364,1,93.0909090909091,93.0,0.51425947722658,92.0,94.0,2.0,0.0,0.005524271728019903,4.076281287246842,1.0,0.5477225575051661,0.0,644.5509073004522,3.558493660505803,0.019735746497702995,0.011024137924509252,0.022281969337089255,0.03855237591394047,0.0,0.9090909090909091,-0.20208412170488813,91.2892476414906,0.0,0.0,0.0
4,1686713,1693713,0,93.75,94.0,0.4330127018922193,93.0,94.0,1.0,0.25,0.0046188021535170055,8.571428571428735,1.0,0.3779644730092272,0.0,640.0137268359643,2.9719471646686046,0.03468576429871624,0.023787820275462293,0.0294127413673615,0.08376724048800217,0.0,0.75,-0.42058845748325013,90.60721934600248,0.0,0.0,0.0
4,1686713,1703713,0,94.0,94.0,0.6324555320336759,93.0,95.0,2.0,0.0,0.006728250340783786,6.1361457334611655,2.0,0.4714045207910317,0.0,638.3267709424556,4.295259794964649,0.02913870262765848,0.02033300320788643,0.02868097243607735,0.08362974195789026,0.0,0.8,-0.5420445177399125,91.33851419637955,0.0,0.0,0.0
4,1686713,1704713,0,94.0909090909091,94.0,0.668042657122685,93.0,95.0,2.0,0.5,0.0070999702689367485,5.817208727871462,2.0,0.4472135954999579,0.0,637.7133324357252,4.531569216786116,0.026720842727106665,0.016982691988500245,0.028395017030276946,0.0835609926928343,0.0,0.8181818181818182,-0.587091396718702,91.6421535195401,0.0,0.0,0.0
4,1686713,1723713,0,93.52380952380952,94.0,1.1388819755334665,92.0,95.0,3.0,2.0,0.01217745493187515,-1.307931990480764,2.0,0.8366600265340756,0.0,641.6431996406523,7.829403696166985,0.020052089365310118,0.013045996671827776,0.022773441725587713,0.03800621861474253,0.0,0.9047619047619048,0.0487176050412317,91.68532715030392,0.0,0.0,0.0
4,1689713,1723713,0,93.55555555555556,94.0,1.2120791238484128,92.0,95.0,3.0,2.75,0.012955715100517476,-2.1603486017063407,1.0,0.8744746321952062,0.0,641.4381521926729,8.33529599535687,0.012478924505556967,0.009013703501691743,0.009516514457686696,0.023926990631379548,0.0,1.0,0.18335799690431057,92.40247208231352,0.0,0.0,0.0
4,1702713,1723713,0,93.38461538461539,93.0,1.3888823142513684,92.0,95.0,3.0,3.0,0.014872710119660452,-4.189742354924184,0.0,1.0,0.0,642.6459521358447,9.536641607933674,0.01104675094475251,0.00825283991046407,0.009619462136372402,0.022017904443753167,0.0,1.0,0.15322356716326566,92.36429007595741,0.0,0.0,0.0
4,1714713,1750713,0,91.9090909090909,92.0,3.3426866019727703,82.0,95.0,13.0,1.5,0.036369488250940135,-17.163434903047044,10.0,4.147288270665544,0.1,653.760713884899,25.915758028077743,0.01493072737720333,0.008606347151347643,0.011809832969620408,0.03707339447589743,0.0,1.0,-0.4137752338696231,90.55700889715256,0.0,0.0,0.0
4,1719713,1750713,0,91.83333333333333,93.5,4.524623986832743,82.0,95.0,13.0,2.5,0.04926995266968504,-23.3950762016412,10.0,5.865151319446072,0.2,655.0830479194163,35.03524550963861,0.02025759037495843,0.016714467167389863,0.013594327791564768,0.03753980654531998,0.0,1.0,-0.4724273620030457,90.00994866363439,0.0,0.0,0.0
4,5021498,5032846,0,99.16666666666667,99.0,0.6871842709362768,98.0,101.0,3.0,0.0,0.00692958928675237,8.394039706987536,3.0,0.5222329678670935,0.0,605.0708132037693,4.155808561879611,0.035552825784179516,0.025641550374675054,0.02807950769755311,0.07332314189525091,0.0,0.6666666666666666,0.5991614950691462,95.76205500822427,0.0,0.0,0.0
4,5021498,5036846,0,99.6,99.0,1.083205120618128,98.0,102.0,4.0,1.5,0.010875553419860722,12.02797177333687,4.0,0.5345224838248488,0.0,602.4802576296045,6.493695135147414,0.04342490967841095,0.028601115164036798,0.046464172262139045,0.07845188109984406,0.06666666666666667,0.6666666666666666,0.3935310595857131,95.45488043859068,0.0,0.0,0.0
4,5021498,5036846,0,99.6,99.0,1.083205120618128,98.0,102.0,4.0,1.5,0.010875553419860722,12.02797177333687,4.0,0.5345224838248488,0.0,602.4802576296045,6.493695135147414,0.04342490967841095,0.028601115164036798,0.046464172262139045,0.07845188109984406,0.06666666666666667,0.6666666666666666,0.3935310595857131,95.45488043859068,0.0,0.0,0.0
4,5021498,5036846,0,99.6,99.0,1.083205120618128,98.0,102.0,4.0,1.5,0.010875553419860722,12.02797177333687,4.0,0.5345224838248488,0.0,602.4802576296045,6.493695135147414,0.04342490967841095,0.028601115164036798,0.046464172262139045,0.07845188109984406,0.06666666666666667,0.6666666666666666,0.3935310595857131,95.45488043859068,0.0,0.0,0.0
4,5029846,5036846,0,100.42857142857143,101.0,1.049781318335648,99.0,102.0,3.0,1.5,0.010453014549572596,24.041095890410748,3.0,0.7071067811865476,0.0,597.5049605800915,6.258315810979,0.05961998943080411,0.03129465692987266,0.057824775311294596,0.12395603724692732,0.14285714285714285,0.5714285714285714,0.26289518503204723,94.77791324276417,0.0,0.0,0.0
4,6368031,6374031,0,98.4,98.0,1.3564659966250536,97.0,100.0,3.0,3.0,0.013785223542937536,-34.47761194029843,3.0,1.118033988749895,0.0,609.8716600042078,8.38321508897283,0.017726984837393378,0.006429919902019853,0.01675188178962411,0.03852597685330858,0.0,1.0,-0.8535789818478283,96.68604789497824,0.0,0.0,0.0
4,6368031,6383031,0,98.14285714285714,98.0,0.832993127835043,97.0,100.0,3.0,0.0,0.008487557343297382,-5.403491019478994,2.0,0.6793662204867574,0.0,611.3973129752637,5.137364275753703,0.028970216175196677,0.01667706219464623,0.027425402850092907,0.07225874790408511,0.0,0.8571428571428571,-0.3735311469301946,95.37968699197698,0.0,0.0,0.0
4,6368031,6394031,0,97.8,98.0,1.514375558880073,93.0,100.0,7.0,0.0,0.015484412667485408,-11.50969529085904,7.0,1.4880476182856899,0.0,613.6482447984182,9.775823644917269,0.027538899499563136,0.01589847972112726,0.027031288365284123,0.06858046634107229,0.0,0.8666666666666667,-0.026729134180225447,95.17887843236983,0.0,0.0,0.0
4,6368031,6400031,0,96.28571428571429,98.0,2.7280353499814294,92.0,100.0,8.0,5.0,0.028332711349955495,-14.541323836424002,7.0,1.3228756555322954,0.0,623.6537753368785,17.945784630884148,0.028674742789559515,0.0174556446681652,0.025324886127229964,0.058869449195843845,0.0,0.8095238095238095,-0.06151032367632087,93.60170934556704,0.0,0.0,0.0
4,6372031,6400031,0,95.89473684210526,98.0,2.5730329603326982,92.0,98.0,6.0,5.0,0.026831847555609918,-14.37169650468884,5.0,1.3123346456686351,0.0,626.143646424971,17.05453023367218,0.03131122089853739,0.021617474634815094,0.025200166967617663,0.06375427787529973,0.0,0.7894736842105263,0.09448575555548298,92.98331570421223,0.0,0.0,0.0
4,6380031,6424031,0,93.82352941176471,93.0,2.4067379465269156,91.0,98.0,7.0,2.0,0.025651752408123864,-6.60458452722062,7.0,1.4361406616345072,0.0,639.9091429806291,16.012963618185413,0.03285962289357742,0.023205959343078408,0.022295407475176936,0.05928458102539526,0.0,0.7058823529411765,0.2110380181569611,90.83860704024441,0.0,0.0,0.0
4,6394031,6425031,0,92.5,92.5,0.7319250547113999,91.0,94.0,3.0,1.0,0.007912703294177295,-0.5749944283485714,1.0,0.8320502943378437,0.0,648.6892679912455,5.133708675259872,0.02871352871109507,0.02241171698894675,0.020095420947941593,0.05883626608949439,0.0,0.7142857142857143,0.15650246769260834,89.918133103485,0.0,0.0,0.0
4,6400031,6425031,0,92.5,92.5,0.8660254037844386,91.0,94.0,3.0,1.0,0.009362436797669606,-2.923588039867126,1.0,0.8451542547285166,0.0,648.7055177224076,6.074529421404703,0.0325505598523737,0.023394429768152064,0.020277844900644708,0.059103370819858676,0.0,0.625,0.27408578543171624,89.58399094105857,0.0,0.0,0.0
4,6419031,6425031,0,92.42857142857143,92.0,0.9035079029052513,91.0,94.0,3.0,1.0,0.009775201422467943,-23.57142857142833,2.0,0.816496580927726,0.0,649.211835922383,6.334071212024947,0.029343261403904964,0.023205959343078408,0.019688536198995243,0.059218214812696346,0.0,0.7142857142857143,0.20620460602841387,89.79373052144877,0.0,0.0,0.0
4,6420031,6425031,0,92.16666666666667,92.0,0.6871842709362769,91.0,93.0,2.0,0.75,0.00745588720726521,-18.85714285714346,1.0,0.7745966692414834,0.0,651.0308298527093,4.862718242803212,0.030303321605684833,0.02010801827962108,0.021113807286505963,0.05933305880553402,0.0,0.6666666666666666,0.41626259820964073,89.45585706064574,0.0,0.0,0.0
4,7580142,7584146,0,97.0,97.0,0.8944271909999159,96.0,98.0,2.0,2.0,0.009220898876287792,-35.960406569032116,2.0,0.7071067811865476,0.0,618.609299389859,5.704315669838777,0.014921186791466978,0.014380698668043758,0.002831912713934835,0.01815760706647349,0.0,1.0,-0.7466435455095054,95.57392363307746,0.0,0.0,0.0
4,7580142,7593620,0,95.91666666666667,96.0,1.2555432644432802,94.0,98.0,4.0,1.25,0.013089938465090671,-10.023392387264764,2.0,0.7385489458759964,0.0,625.6500113639157,8.175487217830444,0.028522324714453023,0.02324067748954138,0.016531495521420934,0.047600468253324764,0.0,0.9166666666666666,-0.6105395815952854,93.25676687989817,0.0,0.0,0.0
4,7580142,7603620,0,96.42105263157895,97.0,1.2275688199674317,94.0,98.0,4.0,1.0,0.012731336014946072,2.0026440842196256,1.0,0.7071067811865476,0.0,622.3722861810523,7.9766313891911835,0.031592554602301634,0.026668286034282205,0.018560825239232998,0.051461325519444996,0.0,0.8947368421052632,-0.29269208736767677,93.46815484602938,0.0,0.0,0.0
4,7580142,7606620,0,96.68181818181819,97.0,1.3275528969554755,94.0,99.0,5.0,2.0,0.013731153612139379,4.005820020771998,0.0,0.7559289460184544,0.0,620.710174519044,8.579382465890312,0.032657292624552164,0.028413845085714536,0.01914244959512494,0.06415771990958603,0.0,0.8636363636363636,-0.19353509330182617,93.6243019560694,0.0,0.0,0.0
4,7580142,7606620,0,96.68181818181819,97.0,1.3275528969554755,94.0,99.0,5.0,2.0,0.013731153612139379,4.005820020771998,0.0,0.7559289460184544,0.0,620.710174519044,8.579382465890312,0.032657292624552164,0.028413845085714536,0.01914244959512494,0.06415771990958603,0.0,0.8636363636363636,-0.19353509330182617,93.6243019560694,0.0,0.0,0.0
40,4540521,4550322,1,91.3,91.0,0.6403124237432849,90.0,92.0,2.0,1.0,0.0070132795590721235,-0.3828844694079018,0.0,0.9428090415820634,0.0,657.2065615543877,4.621424668645491,0.01911032944721834,0.015430029236790667,0.013987004402327027,0.030135159818023217,0.0,0.9,-0.017504169904923195,89.58794485924068,0.0,0.0,0.0
40,4605322,4615322,1,90.72727272727273,91.0,0.4453617714151233,90.0,91.0,1.0,0.5,0.004908797079725807,-5.454545454545195,1.0,0.5477225575051661,0.0,661.3386613386615,3.2627236001107565,0.010461906546151721,0.006409509460393742,0.007454675622448762,0.021027732942271848,0.0,1.0,-0.10907518663543148,89.78791990030241,0.0,0.0,0.0
40,4605322,4625322,1,89.04761904761905,90.0,1.9142620230706457,86.0,91.0,5.0,4.0,0.021497060152130244,-17.922077922077996,5.0,0.6708203932499369,0.0,674.1107569812351,14.606472923359965,0.007930850341224184,0.006054837184854381,0.006422825276887455,0.02013859268685077,0.0,1.0,0.35546499149726857,88.34695258853615,0.0,0.0,0.0
40,4605322,4628322,1,88.375,88.5,2.54644359843292,83.0,91.0,8.0,4.25,0.028814071835167415,-20.94782608695656,8.0,0.7801894976054939,0.0,679.4996409198849,19.949871984329977,0.010362075333391446,0.006214947570876489,0.010902730842065772,0.022108777382131548,0.0,1.0,-0.21526365571965014,87.46864332852032,0.0,0.0,0.0
40,4605322,4628322,1,88.375,88.5,2.54644359843292,83.0,91.0,8.0,4.25,0.028814071835167415,-20.94782608695656,8.0,0.7801894976054939,0.0,679.4996409198849,19.949871984329977,0.010362075333391446,0.006214947570876489,0.010902730842065772,0.022108777382131548,0.0,1.0,-0.21526365571965014,87.46864332852032,0.0,0.0,0.0
40,4611322,4628322,1,87.5,87.5,2.362907813126304,83.0,91.0,8.0,3.75,0.027004660721443474,-26.31578947368416,8.0,0.9074852129730301,0.0,686.2193014462932,18.709565447319076,0.010521684172360558,0.0060006850524847565,0.012062028924712647,0.025335744011112767,0.0,1.0,-0.2599834967349873,86.58893853590527,0.0,0.0,0.0
40,4621322,4628322,1,85.375,86.0,1.4947825928876748,83.0,87.0,4.0,1.75,0.01750843447013382,-34.99999999999954,4.0,1.0690449676496976,0.0,702.9998857641045,12.454472457386064,0.014280248723614001,0.006678472692945109,0.015389169951068205,0.03639054092814277,0.0,1.0,-0.32451545802233606,84.17298878434951,0.0,0.0,0.0
40,4907414,4914884,1,81.625,81.5,1.1110243021644486,80.0,84.0,4.0,1.0,0.013611323763117288,21.967298944468762,4.0,1.0690449676496976,0.0,735.2037359659312,9.906709602774582,0.01860470747227132,0.01944769913018876,0.009190719058071855,0.029073752994999816,0.0,1.0,-0.14734376929419196,80.13412799019684,0.0,0.0,0.0
40,4907414,4924884,1,83.66666666666667,84.5,2.0548046676563256,80.0,87.0,7.0,3.0,0.024559418338521818,20.761343527292432,5.0,1.0571882797418488,0.0,717.5674294046288,17.754547473478638,0.034624794953830286,0.024339034669465177,0.03427065610194839,0.07788851101104426,0.0,0.7777777777777778,0.38585962603332274,80.86667463870346,0.0,0.0,0.0
40,4907414,4927884,1,83.85714285714286,85.0,1.9829202679673343,80.0,87.0,7.0,3.0,0.023646408646969916,15.768718759256927,4.0,1.0488088481701516,0.0,715.9074388149933,17.125874059917617,0.031329145814811624,0.02243293522374343,0.032924231631498865,0.06220984316846537,0.0,0.8095238095238095,0.3041203634028152,81.30977699742084,0.0,0.0,0.0
40,4907414,4944884,1,83.95652173913044,85.0,1.9219161830695952,80.0,87.0,7.0,3.0,0.02289180331983464,7.590207768644384,5.0,1.02247471629109,0.0,715.0356922172701,16.606353987175037,0.031183583096346213,0.02243293522374343,0.03172533818834783,0.06048305633436538,0.0,0.8260869565217391,0.29482411970880346,81.41762835966925,0.0,0.0,0.0
40,4910884,4954884,1,83.35714285714286,84.0,2.5664634604602403,77.0,87.0,10.0,3.0,0.030788764735598426,-5.14670326079841,5.0,1.1385500851066221,0.0,720.5002792827079,22.94096078355583,0.036578507173926245,0.019205022815716365,0.043107825448526295,0.11617818444496075,0.03571428571428571,0.7857142857142857,0.09283544744234953,80.415658129362,0.0,0.0,0.0
40,4920884,4964884,1,81.21428571428571,81.0,3.6090871704742233,76.0,87.0,11.0,7.0,0.04443906806212764,-12.992125984252024,9.0,1.0363754503432017,0.0,740.2422446151224,32.77278746881694,0.0338578854181004,0.019205022815716365,0.040217710748157616,0.07072569202319905,0.03571428571428571,0.8928571428571429,0.13274455399018137,78.55459329542377,0.0,0.0,0.0
40,4943884,4974884,1,78.33333333333333,78.0,3.3598941782277736,73.0,85.0,12.0,3.5,0.04289226610503541,-16.01454365161346,1.0,2.370799370501944,0.034482758620689655,767.3319001772753,32.07443409649747,0.03178349132092726,0.01881711189369024,0.038572650112134496,0.055792515961108256,0.03333333333333333,0.9,0.1566605566662968,75.92032048608193,0.0,0.0,0.0
40,4943884,4984884,1,77.6,77.0,3.2078029864690882,73.0,85.0,12.0,3.0,0.04133766735140578,-11.857417626862665,11.0,2.665063620734804,0.05128205128205128,774.4673535750691,30.786083420145115,0.029385060277049742,0.016457500807501253,0.03650241046564498,0.06100152195265592,0.025,0.875,0.20891880072836858,75.38481273384194,0.0,0.0,0.0
40,4950884,4993884,1,76.45454545454545,76.0,2.0610516452281153,73.0,84.0,11.0,3.0,0.026957869319273804,-4.854122621564507,5.0,2.5380820445990864,0.046511627906976744,785.3312958715796,20.470750614556007,0.02413078009145605,0.015846911313685902,0.02732423151154042,0.04904298794818939,0.0,0.9090909090909091,0.09758666277181641,74.65310772879805,0.0,0.0,0.0
40,4960884,4993884,1,75.88235294117646,76.0,1.8592330152093066,73.0,84.0,11.0,1.0,0.024501520355471484,-2.20015278838822,1.0,2.8337789310923727,0.06060606060606061,791.1483390426519,18.418269305311895,0.021705539716171326,0.014578698431330216,0.02463538564049726,0.0460394363409302,0.0,0.9117647058823529,0.06304249248363542,74.27027650477112,0.0,0.0,0.0
40,4970884,4993884,1,75.83333333333333,76.0,1.972026594366539,73.0,84.0,11.0,1.0,0.026004746299338976,-2.9739130434781895,1.0,3.342740349395726,0.08695652173913043,791.7097972793717,19.29146206421131,0.022218046482211568,0.014578698431330216,0.027203838603162774,0.04898206669445767,0.0,0.875,0.0769915829720024,74.1850856520297,0.0,0.0,0.0
40,4980884,4993884,1,75.35714285714286,75.0,0.8112726208286106,74.0,77.0,3.0,1.0,0.010765703025213789,6.461538461538701,2.0,0.7844645405527362,0.0,796.3007729925023,8.568880453305173,0.013338232425237271,0.012810088038547628,0.009001262310710205,0.024426414683473823,0.0,1.0,0.20907406578093837,74.36524197531706,0.0,0.0,0.0
40,4990884,4993884,1,76.0,76.0,0.7071067811865476,75.0,77.0,2.0,0.5,0.009304036594559837,35.999999999999474,2.0,0.816496580927726,0.0,789.5420369104579,7.346881931509298,0.01934000544210622,0.020545114101926484,0.008403910947386633,0.02781006527297136,0.0,1.0,0.7415138118358728,74.55804696592618,0.0,0.0,0.0
40,7520327,7523310,0,86.5,86.5,0.5,86.0,87.0,1.0,1.0,0.005780346820809248,0.14538719740449896,0.0,0.816496580927726,0.0,693.6647955092221,4.009623095428992,0.07271669148541957,0.02076552803590582,0.09184310212473956,0.168726179919932,0.25,0.75,-0.5656512274482483,80.6363886071551,0.0,0.0,0.0
40,7520327,7523310,0,86.5,86.5,0.5,86.0,87.0,1.0,1.0,0.005780346820809248,0.14538719740449896,0.0,0.816496580927726,0.0,693.6647955092221,4.009623095428992,0.07271669148541957,0.02076552803590582,0.09184310212473956,0.168726179919932,0.25,0.75,-0.5656512274482483,80.6363886071551,0.0,0.0,0.0
40,7520327,7523310,0,86.5,86.5,0.5,86.0,87.0,1.0,1.0,0.005780346820809248,0.14538719740449896,0.0,0.816496580927726,0.0,693.6647955092221,4.009623095428992,0.07271669148541957,0.02076552803590582,0.09184310212473956,0.168726179919932,0.25,0.75,-0.5656512274482483,80.6363886071551,0.0,0.0,0.0
40,7520327,7523310,0,86.5,86.5,0.5,86.0,87.0,1.0,1.0,0.005780346820809248,0.14538719740449896,0.0,0.816496580927726,0.0,693.6647955092221,4.009623095428992,0.07271669148541957,0.02076552803590582,0.09184310212473956,0.168726179919932,0.25,0.75,-0.5656512274482483,80.6363886071551,0.0,0.0,0.0
40,7521329,7565213,0,84.6,86.0,2.5768197453450252,81.0,87.0,6.0,5.0,0.030458862238120867,-7.34613097954702,6.0,2.1213203435596424,0.0,709.8865642492298,21.89009087790722,0.09483909221066716,0.03922330761683616,0.08635450768160392,0.20373125494091993,0.4,0.6,-0.12347645675973001,77.2716288648208,0.0,0.0,0.0
40,7564213,7575213,0,81.83333333333333,82.0,0.9860132971832694,80.0,83.0,3.0,2.0,0.012049042328105126,-0.4195804195803013,2.0,0.7385489458759964,0.0,733.304264936893,8.856730777503858,0.03991447355589706,0.013914532382993085,0.049717278888316375,0.1166251255994442,0.08333333333333333,0.75,-0.24501823711974915,78.69236885751899,0.0,0.0,0.0
40,7564213,7585213,0,81.18181818181819,81.0,1.192261549873091,79.0,83.0,4.0,1.75,0.014686312484438972,-5.623941276115103,3.0,0.7867957924694432,0.0,739.241309138682,10.866129410054638,0.038341123933830164,0.015460479160821558,0.04506987009075504,0.11904206223725905,0.045454545454545456,0.7272727272727273,-0.06466280380005397,78.18414999711753,0.0,0.0,0.0
40,7564213,7595213,0,80.1875,81.0,2.098176291449315,75.0,83.0,8.0,2.25,0.026165877368035103,-10.55718475073322,7.0,0.9332565252573828,0.0,748.7721626431454,20.108571327157954,0.030266943126767993,0.012849772114973986,0.03970516265590185,0.07686932365489199,0.03125,0.8125,0.17446742426607423,77.83177023678749,0.0,0.0,0.0
40,7564213,7605213,0,79.35714285714286,80.0,2.3986248895031954,75.0,83.0,8.0,3.75,0.030225696177357996,-9.952191880722756,5.0,0.9499679070317291,0.0,756.7732122037355,23.089039979928884,0.04587309637360256,0.013405141438593298,0.11412540266713686,0.07728059056619899,0.047619047619047616,0.7857142857142857,-0.09713146078592111,75.87645492775466,0.0,0.0,0.0
41,993249,1037744,1,76.83720930232558,79.0,3.5629242794801033,71.0,82.0,11.0,6.5,0.04636977724504977,-14.245631176389493,7.0,0.9880235200593537,0.0,782.5848040580516,36.96258924663998,0.04995777782770304,0.02055935456619815,0.09050125294710415,0.11929716734987383,0.023255813953488372,0.7441860465116279,0.1355376645684482,73.18123730774866,0.0,0.0,0.0
41,1003744,1047744,1,75.28888888888889,74.0,3.3837666206773007,70.0,81.0,11.0,6.0,0.04494377152611527,-12.964426877470265,7.0,1.0975178606954215,0.0,798.5238098676318,35.47259663269214,0.04325744079837933,0.02055935456619815,0.04860094686788101,0.11678731508937507,0.044444444444444446,0.7333333333333333,-0.2192126788508909,72.16712380337509,0.0,0.0,0.0
41,1013744,1057744,1,74.42105263157895,73.5,3.0576184312163814,70.0,83.0,13.0,3.75,0.041085396176174856,-3.766856506062165,3.0,1.4425952589278397,0.0,807.5382115648615,32.03246871464634,0.049149544656476384,0.02641716729448345,0.05067260406207396,0.12300567134285541,0.05263157894736842,0.6842105263157895,-0.05513145462103033,70.93464702970125,0.0,0.0,0.0
41,1023744,1067744,1,75.83783783783784,74.0,4.9511861178614,70.0,85.0,15.0,11.0,0.065286488368094,19.657708348757374,13.0,1.3844373104863459,0.0,794.3844088816531,49.39526952723284,0.05954415527371954,0.018685527987232376,0.14164975443420205,0.125846814584557,0.08108108108108109,0.8108108108108109,0.11708578061295621,71.57591069741319,0.0,0.0,0.0
41,1033744,1068744,1,77.42857142857143,74.5,5.368084065158839,70.0,86.0,16.0,10.0,0.06932949899651637,26.281354201087535,11.0,1.551582227085438,0.0,778.5834299631632,53.053956345333965,0.07116796746846911,0.016504580334705185,0.16097046633108653,0.14289532438152003,0.10714285714285714,0.75,0.029001916511487418,72.28424839062471,0.0,0.0,0.0
41,1043744,1068744,1,79.83333333333333,83.0,5.294126724756198,70.0,86.0,16.0,9.5,0.06631473976730101,35.981308411214975,13.0,1.7656860023298393,0.0,755.040090021251,52.43606325198343,0.07817681071281965,0.015640439351003607,0.19427502804264743,0.11758105217202401,0.1111111111111111,0.7777777777777778,0.009798924291984827,74.0447508609954,0.0,0.0,0.0
41,1057744,1068744,1,83.81818181818181,84.0,0.9359663764533637,83.0,86.0,3.0,1.0,0.01116662705096204,12.57676902536716,3.0,0.7071067811865476,0.0,715.9234054558169,7.904847255655497,0.08931623790853777,0.009346515129362732,0.24382092000995526,0.03436859824771778,0.09090909090909091,0.9090909090909091,-0.27707950277451443,76.94568289839395,0.0,0.0,0.0
41,1063744,1068744,1,84.6,84.0,0.8,84.0,86.0,2.0,1.0,0.009456264775413713,21.6279069767445,2.0,0.7071067811865476,0.0,709.2827828805941,6.654397235946948,0.009366598842133927,0.009002764574803842,0.0035345517595466807,0.01306300626134187,0.0,1.0,-0.0710950435995621,83.81493908857938,0.0,0.0,0.0
41,2200009,2203016,1,93.5,93.5,0.5,93.0,94.0,1.0,1.0,0.0053475935828877,23.943730739637385,1.0,0.5773502691896257,0.0,641.7295813315031,3.431708991077528,0.3509514681321355,0.06838244533239435,0.5290395336989585,0.9192042993439853,0.25,0.5,0.6391151154888695,69.21048032115898,0.0,0.0,0.0
41,2200009,2203016,1,93.5,93.5,0.5,93.0,94.0,1.0,1.0,0.0053475935828877,23.943730739637385,1.0,0.5773502691896257,0.0,641.7295813315031,3.431708991077528,0.3509514681321355,0.06838244533239435,0.5290395336989585,0.9192042993439853,0.25,0.5,0.6391151154888695,69.21048032115898,0.0,0.0,0.0
41,2200009,2203016,1,93.5,93.5,0.5,93.0,94.0,1.0,1.0,0.0053475935828877,23.943730739637385,1.0,0.5773502691896257,0.0,641.7295813315031,3.431708991077528,0.3509514681321355,0.06838244533239435,0.5290395336989585,0.9192042993439853,0.25,0.5,0.6391151154888695,69.21048032115898,0.0,0.0,0.0
41,2200009,2238242,1,91.6,91.0,1.6852299546352716,89.0,94.0,5.0,2.75,0.01839770692833266,-5.400765258055415,2.0,1.632993161855452,0.0,655.2430940052111,12.027801424991889,0.1731271698127844,0.04539868916624687,0.3657817578369474,0.22879729374299837,0.1,0.5,0.46924310242399303,78.08190139745732,0.0,0.0,0.0
41,2233242,2247355,1,90.66666666666667,91.0,0.9428090415820634,89.0,92.0,3.0,1.0,0.010398629135096286,-0.4745465094415045,0.0,1.0,0.0,661.8364645721754,6.901200451870145,0.11746957991938893,0.03393856692655451,0.21465848926137251,0.2702370283220376,0.13333333333333333,0.6,0.46848320633216817,81.1356911149269,0.0,0.0,0.0
41,2233242,2257355,1,91.08,91.0,1.2302845199383758,89.0,94.0,5.0,2.0,0.013507735177189019,5.157423862893431,4.0,0.8660254037844386,0.0,658.8811928015725,8.860163063218067,0.10579545592216727,0.04129264716866876,0.1795959028244153,0.2830764624047215,0.12,0.52,0.31919895680367166,82.36604655247451,0.0,0.0,0.0
41,2233242,2265436,1,91.23333333333333,91.0,1.2023125864580955,89.0,94.0,5.0,2.0,0.013178435364904225,4.200574879769404,3.0,0.9284766908852593,0.0,657.7684502944329,8.657994378700133,0.12127218204186822,0.06712745512913046,0.17806058709130118,0.38342775719623734,0.16666666666666666,0.43333333333333335,0.3378809026179134,81.36591168006582,0.0,0.0,0.0
41,2234242,2265436,1,91.27586206896552,91.0,1.200475530036497,89.0,94.0,5.0,2.0,0.013152168632813908,4.12857423606879,2.0,0.9258200997725514,0.0,657.4616152471145,8.64414783219296,0.12471869279929951,0.06776194714387278,0.1801180590411723,0.38347410977084084,0.1724137931034483,0.41379310344827586,0.3257317266219273,81.15439234124408,0.0,0.0,0.0
41,2243355,2265436,1,91.4,91.5,1.2806248474865698,89.0,94.0,5.0,2.0,0.014011212773376035,7.524091445190783,2.0,0.8583950752789521,0.0,656.5839247817897,9.192467202488285,0.10397845978718456,0.07054002305832702,0.12042236648571457,0.19598688980238227,0.15,0.4,0.3929672810283867,82.79147042200381,0.0,0.0,0.0
41,2253355,2265436,1,92.4,92.0,0.8,91.0,94.0,3.0,1.0,0.008658008658008658,-2.2869720550278574,1.0,1.0,0.0,649.3991967866218,5.607556395590235,0.1579165176029026,0.11980911026642403,0.1495179167847653,0.39431521835047517,0.3,0.3,0.06657083536472379,79.79849893780322,0.0,0.0,0.0
41,3053887,3058173,0,94.0,94.0,0.6324555320336759,93.0,95.0,2.0,0.0,0.006728250340783786,-22.914552102127256,2.0,0.7071067811865476,0.0,638.3267709424556,4.295259794964649,0.05117241125134446,0.01464564034774283,0.07313929883323851,0.1280740605757946,0.2,0.8,0.013382290446463461,89.42396032645094,0.0,0.0,0.0
41,3053887,3063173,0,93.8,94.0,0.6,93.0,95.0,2.0,0.75,0.006396588486140725,-5.70515805878661,1.0,0.7453559924999299,0.0,639.6850052378717,4.089279829272666,0.06684574866239835,0.030581261943556065,0.06908118267840758,0.18541736865588984,0.2,0.6,0.07567580769158205,87.92273870670206,0.0,0.0,0.0
41,3053887,3075173,0,94.6470588235294,94.0,1.280678885710426,93.0,97.0,4.0,2.0,0.013531100719128181,8.025975430889533,2.0,0.7905694150420949,0.0,634.0494278911423,8.522280751010733,0.05186907521417354,0.017099026557664893,0.06037725970456446,0.14060072733246148,0.11764705882352941,0.6470588235294118,-0.24291925075207968,89.97988538094259,0.0,0.0,0.0
41,3053887,3075173,0,94.6470588235294,94.0,1.280678885710426,93.0,97.0,4.0,2.0,0.013531100719128181,8.025975430889533,2.0,0.7905694150420949,0.0,634.0494278911423,8.522280751010733,0.05186907521417354,0.017099026557664893,0.06037725970456446,0.14060072733246148,0.11764705882352941,0.6470588235294118,-0.24291925075207968,89.97988538094259,0.0,0.0,0.0
41,3053887,3075173,0,94.6470588235294,94.0,1.280678885710426,93.0,97.0,4.0,2.0,0.013531100719128181,8.025975430889533,2.0,0.7905694150420949,0.0,634.0494278911423,8.522280751010733,0.05186907521417354,0.017099026557664893,0.06037725970456446,0.14060072733246148,0.11764705882352941,0.6470588235294118,-0.24291925075207968,89.97988538094259,0.0,0.0,0.0
41,3069173,3075173,0,95.85714285714286,96.0,0.989743318610787,94.0,97.0,3.0,1.0,0.010325191103242188,23.571428571429248,3.0,0.9128709291752769,0.0,625.9986031101004,6.504588526218448,0.030473827430995228,0.011118451252930015,0.03546150316732455,0.0742555051437757,0.0,0.7142857142857143,-0.17336823206334662,93.02239446111682,0.0,0.0,0.0
41,4191969,4197986,0,79.28571428571429,79.0,0.6998542122237652,78.0,80.0,2.0,1.0,0.008826990064083525,14.956960229702904,1.0,0.7071067811865476,0.0,756.8159688412853,6.708308570814853,0.031149907112198675,0.029987800236687828,0.015357180002409147,0.04688277537124923,0.0,0.8571428571428571,0.1478893904891472,76.89057986511293,0.0,0.0,0.0
41,4191969,4208021,0,81.52941176470588,81.0,2.329292926261568,78.0,86.0,8.0,3.0,0.028569970957032217,21.257343253584533,2.0,1.0606601717798212,0.0,736.5253893898688,20.821392482309708,0.045126694830450426,0.034254293624693476,0.04463032065953387,0.09375785759275138,0.058823529411764705,0.7058823529411765,0.20408180618200658,78.0091180982917,0.0,0.0,0.0
41,4191969,4218226,0,82.29629629629629,82.0,2.5793311624415036,78.0,87.0,9.0,4.5,0.03134200782444672,14.163846919608345,8.0,1.0,0.0,729.7838820409858,22.694225377032634,0.04862656993087628,0.026938820174934024,0.06493337335755425,0.108373303892928,0.07407407407407407,0.7407407407407407,0.19529223712102226,78.48007923518581,0.0,0.0,0.0
41,4191969,4228226,0,82.91891891891892,83.0,2.5295911257940737,78.0,87.0,9.0,4.0,0.03050680301642136,9.372903064317681,4.0,0.9428090415820634,0.0,724.2751258913155,22.19127479067901,0.052053447072714296,0.034254293624693476,0.06059425720552263,0.12398512875679062,0.08108108108108109,0.7027027027027027,0.20580139566636294,78.81626085598278,0.0,0.0,0.0
41,4193975,4238226,0,83.68888888888888,84.0,2.5194551635200124,78.0,89.0,11.0,3.0,0.030105013902921023,7.841606676742422,11.0,0.9414688716912718,0.0,717.5953126798403,21.746452035131295,0.0688082786687023,0.03616912771087454,0.08155324404721287,0.16791686789840618,0.15555555555555556,0.6222222222222222,0.2606702343601432,78.30112337184643,0.0,0.0,0.0
41,4204014,4247253,0,85.04651162790698,85.0,2.381649695719462,80.0,90.0,10.0,3.5,0.028004084472501193,7.19452470742893,1.0,0.9128709291752769,0.0,706.0511587354724,19.824089776602648,0.06936636572878639,0.03616912771087454,0.08403153732069163,0.1945706091443141,0.16279069767441862,0.627906976744186,0.15334237320026603,79.52981723896536,0.0,0.0,0.0
41,4214226,4257519,0,85.88372093023256,86.0,1.8070829934941777,83.0,90.0,7.0,2.5,0.021041042166328093,2.205309118136868,1.0,0.9128709291752769,0.0,698.9260990473318,14.59846685204703,0.0707024912764533,0.035365489941522985,0.0837741087288676,0.1945706091443141,0.16279069767441862,0.6511627906976745,-0.07171135441313947,80.21249752379397,0.0,0.0,0.0
41,4224226,4267519,0,85.27906976744185,85.0,2.2342532324605484,81.0,90.0,9.0,3.0,0.026199315242924348,-2.216510229852884,1.0,0.9385906354489059,0.0,704.0535999953804,18.375217001728736,0.05761821610296162,0.022463807585269047,0.07750694295147526,0.16089819448553855,0.13953488372093023,0.6976744186046512,0.12181246277219494,80.63313251323551,0.0,0.0,0.0
41,4234226,4277519,0,84.65116279069767,85.0,2.9639988774613615,79.0,90.0,11.0,5.0,0.035014272453527076,-12.364217892615162,6.0,0.9511897312113419,0.0,709.6680061075464,25.056893953099948,0.039741835809194395,0.017387601360882556,0.06152919665631697,0.09649346070177842,0.06976744186046512,0.8372093023255814,0.2990384681626929,81.41555901212406,0.0,0.0,0.0
41,4244226,4281519,0,83.43243243243244,83.0,2.5631541015197126,79.0,89.0,10.0,4.0,0.030721315761655123,-12.296402749741294,3.0,0.927960727138337,0.0,719.8227317866357,22.078248063527276,0.020890538957756395,0.013477676833033178,0.022741998518634027,0.047917401914524926,0.0,0.9459459459459459,0.09920256743693083,81.72515000247719,0.0,0.0,0.0
41,4253269,4281519,0,82.55172413793103,82.0,2.0775683215713197,79.0,86.0,7.0,4.0,0.025166867721624173,-11.858619799491416,2.0,0.8451542547285166,0.0,727.2773001033555,18.29307668980276,0.015962484153499372,0.012297256785447987,0.013384045033931693,0.039235935776288686,0.0,1.0,-0.17547007544747584,81.25469731957001,0.0,0.0,0.0
41,4263519,4281519,0,81.3157894736842,81.0,1.3397812696166165,79.0,84.0,5.0,1.5,0.016476274513084605,-5.052631578947278,1.0,0.8498365855987975,0.0,738.0642877679038,12.153622592113505,0.016688479160582616,0.012297256785447987,0.013606311126241147,0.039235935776288686,0.0,1.0,-0.3074728847826693,79.98102775869131,0.0,0.0,0.0
41,4273519,4281519,0,80.55555555555556,80.0,1.2570787221094177,79.0,83.0,4.0,1.0,0.015605115171013461,16.99999999999949,2.0,0.8660254037844386,0.0,745.0075229546516,11.53204868873776,0.02138285313731943,0.0148184850908499,0.01546628957974754,0.047874620946698115,0.0,1.0,-0.28714977963021365,78.86910898114058,0.0,0.0,0.0
41,5012203,5017218,0,89.66666666666667,89.5,1.247219128924647,88.0,92.0,4.0,1.0,0.01390950701402952,-23.928215353938693,2.0,1.2649110640673518,0.0,669.2733391560944,9.229112873875566,0.1807413471824675,0.14895410509029405,0.16527076744889752,0.37533482710650623,0.5,0.5,-0.4567248196029655,75.94098985407166,0.0,0.0,0.0
41,5012203,5027593,0,90.6875,90.5,1.4456291882775472,88.0,93.0,5.0,2.25,0.01594077671429411,12.181689733911583,0.0,0.9660917830792959,0.0,661.7813866575824,10.584283733286783,0.2907504420797182,0.1485084350842982,0.45444843064435086,0.5014108951266206,0.5,0.375,0.12890911249759215,70.2595149639306,0.0,0.0,0.0
41,5012203,5037593,0,91.53846153846153,92.0,1.6226940853637681,88.0,94.0,6.0,3.0,0.017726910176242845,10.625956957815394,2.0,0.8944271909999159,0.0,655.6702354594426,11.73822183697814,0.238064260925909,0.10932779349359707,0.37116495906589614,0.44673705653349677,0.4230769230769231,0.2692307692307692,-0.04087241827002186,73.93676114194818,0.0,0.0,0.0
41,5012203,5045593,0,91.6969696969697,92.0,1.5072521352055621,88.0,94.0,6.0,2.0,0.01643731674216244,6.309267372386751,0.0,0.9013878188659973,0.0,654.5082542843741,10.89805952619266,0.24179630321933018,0.12014541135089889,0.35882070651216635,0.4677414870425012,0.45454545454545453,0.30303030303030304,0.0123720719921425,73.84219896552058,0.0,0.0,0.0
41,5014209,5057593,0,92.0,92.0,1.5245734893157248,88.0,94.0,6.0,1.0,0.016571450970823097,5.213160995591343,4.0,0.816496580927726,0.0,652.3560193958208,10.991010648623297,0.22912001702145243,0.12014541135089889,0.3421873199996252,0.43973557969716187,0.43243243243243246,0.2972972972972973,-0.08054426966125289,74.85029836463421,0.0,0.0,0.0
41,5023593,5062593,0,92.6969696969697,93.0,0.7171005797696504,91.0,94.0,3.0,1.0,0.007735965718338823,0.8130841121494966,0.0,0.75,0.0,647.3090833450119,5.007187469882178,0.2395038935891492,0.12941910112633032,0.3533094967623169,0.46364780152263046,0.45454545454545453,0.24242424242424243,-0.1726607893167323,74.78554135764207,0.0,0.0,0.0
41,5033593,5062593,0,92.8695652173913,93.0,0.7404081028663652,91.0,94.0,3.0,0.5,0.007972559160077903,-0.3419689119171331,1.0,0.7071067811865476,0.0,646.1086299179698,5.169826821434611,0.18420253430424882,0.09700818255463718,0.22289311661872388,0.46364780152263046,0.391304347826087,0.34782608695652173,-0.07857957942619036,78.4237176725472,0.0,0.0,0.0
41,5043593,5087681,0,90.3157894736842,93.0,4.292620737706038,83.0,94.0,11.0,5.0,0.04752901749208317,-16.309518101937833,9.0,1.986062547968831,0.05555555555555555,665.917563093756,33.28620338141692,0.18749765615803082,0.127199387705354,0.23316456810034117,0.42510811713382124,0.42105263157894735,0.42105263157894735,0.20356271281237406,76.05555177758185,0.0,0.0,0.0
41,5053593,5095459,0,88.0952380952381,84.0,4.709713992982122,83.0,94.0,11.0,9.0,0.05346161829871598,-17.08465233729374,10.0,1.8439088914585775,0.05,683.0227417982633,36.3216924643119,0.10839585195229699,0.02396943112771627,0.1400554406243595,0.2885960001333817,0.2857142857142857,0.5714285714285714,0.3861770274497372,79.47994206227825,0.0,0.0,0.0
43,4389736,4396757,1,83.85714285714286,84.0,1.8070158058105026,80.0,86.0,6.0,1.5,0.021548740444077542,8.3357205906157,1.0,2.1984843263788196,0.0,715.843159903356,15.810301986752249,0.06267195741775211,0.05647652763781594,0.04658451669398312,0.1151125219713496,0.0,0.42857142857142855,-0.416306967929069,78.91159851522964,0.0,0.0,0.0
43,4455002,4471002,1,83.0,83.0,2.0,81.0,85.0,4.0,4.0,0.024096385542168676,15.929203539822899,4.0,2.309401076758503,0.0,723.3115468409586,17.42919389978215,0.02664335898922532,0.009811213251258123,0.030857044786407148,0.059605075102787994,0.0,0.75,0.5454879381508995,80.84599123274617,0.0,0.0,0.0
43,4455002,4471002,1,83.0,83.0,2.0,81.0,85.0,4.0,4.0,0.024096385542168676,15.929203539822899,4.0,2.309401076758503,0.0,723.3115468409586,17.42919389978215,0.02664335898922532,0.009811213251258123,0.030857044786407148,0.059605075102787994,0.0,0.75,0.5454879381508995,80.84599123274617,0.0,0.0,0.0
43,4455002,4471002,1,83.0,83.0,2.0,81.0,85.0,4.0,4.0,0.024096385542168676,15.929203539822899,4.0,2.309401076758503,0.0,723.3115468409586,17.42919389978215,0.02664335898922532,0.009811213251258123,0.030857044786407148,0.059605075102787994,0.0,0.75,0.5454879381508995,80.84599123274617,0.0,0.0,0.0
43,7641479,7644494,0,92.0,92.0,0.7071067811865476,91.0,93.0,2.0,0.5,0.0076859432737668215,-23.91382465493105,1.0,1.0,0.0,652.2124439375491,5.013312063761284,0.024850319198873826,0.025948373578606052,0.003155195732488532,0.027592448632775518,0.0,1.0,0.8800371509583266,89.76920656268757,0.0,0.0,0.0
43,7641479,7653089,0,90.875,90.5,1.2686114456365274,89.0,93.0,4.0,2.0,0.013959960887334552,-19.490173432794027,3.0,0.8451542547285166,0.0,660.3758848901228,9.190685267967732,0.027621464527547587,0.027534683243688726,0.006026848034075697,0.03335558891277633,0.0,1.0,-0.45253187323104294,88.43236847118611,0.0,0.0,0.0
43,7641479,7659089,0,90.88888888888889,91.0,1.1967032904743342,89.0,93.0,4.0,2.0,0.013166662120133262,-6.735272039216729,1.0,1.0606601717798212,0.0,660.2608598290713,8.671166656190987,0.04106048435950805,0.0276790967164057,0.03843364479342178,0.06250289023733888,0.0,0.8888888888888888,-0.034401996741592014,87.30413866856783,0.0,0.0,0.0
43,7641479,7659089,0,90.88888888888889,91.0,1.1967032904743342,89.0,93.0,4.0,2.0,0.013166662120133262,-6.735272039216729,1.0,1.0606601717798212,0.0,660.2608598290713,8.671166656190987,0.04106048435950805,0.0276790967164057,0.03843364479342178,0.06250289023733888,0.0,0.8888888888888888,-0.034401996741592014,87.30413866856783,0.0,0.0,0.0
43,7641479,7681089,0,91.0,91.0,1.1832159566199232,89.0,93.0,4.0,2.0,0.013002373149669486,0.2471431472359716,0.0,1.0540925533894598,0.0,659.452165150512,8.576485399606641,0.037985524489173146,0.027534683243688726,0.03761022401865955,0.051744171140107195,0.0,0.9,-0.10109895921828575,87.6698160552712,0.0,0.0,0.0
44,486031,527031,1,86.53846153846153,87.0,1.4472990555559062,84.0,88.0,4.0,0.0,0.01672434464197936,-5.309720865676243,3.0,1.0408329997330663,0.0,693.5306073237109,11.796345910321213,0.07152794898538682,0.014721096457416882,0.1554453787973244,0.0861707446400378,0.07692307692307693,0.7692307692307693,0.14794957294588737,80.76173992512604,0.0,0.0,0.0
44,525031,540031,1,81.76923076923077,81.0,1.309952797378954,80.0,84.0,4.0,1.0,0.016020118876694637,-12.926957435628177,3.0,0.8660254037844386,0.0,733.958227860667,11.60408545418867,0.042622207384398654,0.01594167606713768,0.07807715520055494,0.03920563743324941,0.07692307692307693,0.9230769230769231,-0.21382186109305215,78.42651939513478,0.0,0.0,0.0
44,525031,548031,1,82.23809523809524,82.0,1.3418097908195592,80.0,85.0,5.0,2.0,0.016316158429189775,1.390966198025556,1.0,0.806225774829855,0.0,729.7819847347739,11.836438066158124,0.06023459968488608,0.0246162200898709,0.07671856790558086,0.1688142315152165,0.19047619047619047,0.7619047619047619,0.14139566936267972,77.56594178546649,0.0,0.0,0.0
44,525031,548031,1,82.23809523809524,82.0,1.3418097908195592,80.0,85.0,5.0,2.0,0.016316158429189775,1.390966198025556,1.0,0.806225774829855,0.0,729.7819847347739,11.836438066158124,0.06023459968488608,0.0246162200898709,0.07671856790558086,0.1688142315152165,0.19047619047619047,0.7619047619047619,0.14139566936267972,77.56594178546649,0.0,0.0,0.0
44,526031,548031,1,82.15,82.0,1.3143439428094914,80.0,85.0,5.0,2.0,0.01599931762397433,3.4515965534718394,1.0,0.8271701918685112,0.0,730.5567982572268,11.597382183605099,0.06251588365094195,0.02621228880895818,0.07791492929694492,0.16903123730783956,0.2,0.75,0.19045243302017545,77.31649122996825,0.0,0.0,0.0
44,536031,548031,1,82.3076923076923,82.0,1.2015768732164085,81.0,85.0,4.0,2.0,0.01459859752505917,17.472527472527503,4.0,0.7071067811865476,0.0,729.1257690213627,10.53699454010544,0.0854518544965866,0.037908615513069316,0.08820196055070305,0.17055027785620097,0.3076923076923077,0.6153846153846154,0.20955280271072396,75.8280452207299,0.0,0.0,0.0
44,6265859,6270859,1,105.33333333333333,105.0,0.47140452079103173,105.0,106.0,1.0,0.75,0.004475359374598403,-13.714285714287096,1.0,0.4472135954999579,0.0,569.6316262354,2.541264263024431,0.05737533547074638,0.052304942229295874,0.04445704523579912,0.10628774877676633,0.0,0.5,0.777971161813407,99.61773251164274,0.0,0.0,0.0
44,6265859,6280859,1,106.8125,106.0,1.8445443204217133,105.0,111.0,6.0,3.0,0.01726899305251458,20.735294117647516,5.0,0.6831300510639732,0.0,561.8971275215259,9.562929234701281,0.03723537414664636,0.02201242145846276,0.04015705780385007,0.09604242286931544,0.0,0.75,-0.3659432009405079,102.97807292571052,0.0,0.0,0.0
6,2290054,2333054,0,88.13333333333334,88.0,3.263263533472111,83.0,95.0,12.0,3.75,0.03702643948720247,2.818637479541651,4.0,1.4142135623730951,0.0,681.714890882685,25.0925164569951,0.09035865739029086,0.03916937265442613,0.12266905871900459,0.17101258295337593,0.13333333333333333,0.5333333333333333,-0.011420589951990514,80.82967263659398,0.0,0.0,0.0
6,2300054,2333054,0,87.71428571428571,87.0,3.7688302737922625,83.0,95.0,12.0,6.0,0.04296712038525381,19.24256383258752,4.0,1.61245154965971,0.0,685.2783942018881,28.865430020018508,0.10128113445353477,0.035733120186464296,0.14380711912407249,0.3212675654574949,0.19047619047619047,0.6190476190476191,0.01626358252446281,79.64749687445641,0.0,0.0,0.0
7,3040140,3050140,0,99.11111111111111,99.0,1.0999438818457408,98.0,102.0,4.0,0.0,0.011098088493959268,-16.42458100558675,4.0,1.224744871391589,0.0,605.4543029332945,6.590601448676998,0.010085283828973854,0.00527565835142345,0.011913416949890012,0.025620438946181653,0.0,1.0,0.8435023171248547,98.12152765497817,0.0,0.0,0.0
9,463781,493552,1,107.23809523809524,107.0,1.2688488185213551,106.0,111.0,5.0,0.0,0.011832071575909616,6.132796797727292,4.0,1.0,0.0,559.5789002595561,6.443616535602625,0.06489572425637648,0.016988392671586267,0.13165141787675416,0.1131836514345775,0.09523809523809523,0.7619047619047619,-0.09019857663156546,100.70290714424671,0.0,0.0,0.0
9,474552,493552,1,107.58333333333333,107.0,1.552328000849763,106.0,111.0,5.0,0.0,0.014429075143452486,13.636363636363647,4.0,1.2792042981336627,0.0,557.8206490743963,7.862524725363182,0.09276850592780354,0.02489509606004794,0.16627260583699835,0.28711200637012857,0.16666666666666666,0.75,-0.19667045982077647,98.45025067042066,0.0,0.0,0.0
9,1075135,1098359,1,104.0,104.0,0.0,104.0,104.0,0.0,0.0,0.0,-8.915602493155989e-14,0.0,0.0,0.0,576.9230769230769,0.0,0.07761851744247991,0.027256720606791966,0.0732739234789904,0.16811307957786792,0.4,0.6,0.0,96.50910625294745,0.0,0.0,0.0
9,1075135,1098359,1,104.0,104.0,0.0,104.0,104.0,0.0,0.0,0.0,-8.915602493155989e-14,0.0,0.0,0.0,576.9230769230769,0.0,0.07761851744247991,0.027256720606791966,0.0732739234789904,0.16811307957786792,0.4,0.6,0.0,96.50910625294745,0.0,0.0,0.0
9,1075135,1116359,1,103.66666666666667,104.0,0.7453559924999299,102.0,104.0,2.0,0.0,0.007189929188102217,-2.784443561877995,2.0,0.8944271909999159,0.0,578.8084464555053,4.215814437216809,0.07438621893359403,0.042740723497978264,0.0672789862185079,0.16689206965358588,0.3333333333333333,0.5,0.10742788492630106,96.48919991691939,0.0,0.0,0.0
9,1095359,1124360,1,103.0,103.0,1.0,102.0,104.0,2.0,2.0,0.009708737864077669,-4.681247867722053,2.0,0.7559289460184544,0.0,582.579185520362,5.656108597285083,0.0718574785766539,0.05599619639002827,0.05698130429438883,0.1644500498050218,0.25,0.375,0.4099162287302724,96.09486527702941,0.0,0.0,0.0
9,1095359,1124360,1,103.0,103.0,1.0,102.0,104.0,2.0,2.0,0.009708737864077669,-4.681247867722053,2.0,0.7559289460184544,0.0,582.579185520362,5.656108597285083,0.0718574785766539,0.05599619639002827,0.05698130429438883,0.1644500498050218,0.25,0.375,0.4099162287302724,96.09486527702941,0.0,0.0,0.0
9,1116359,1142393,1,102.4,102.0,0.8,102.0,104.0,2.0,0.0,0.0078125,5.191517787856535,2.0,1.0,0.0,585.972850678733,4.524886877828067,0.040480361391568624,0.05376766639089198,0.0211850192902365,0.05930036143566272,0.0,0.4,-0.7570968627149931,98.41608145592222,0.0,0.0,0.0
9,1116359,1142393,1,102.4,102.0,0.8,102.0,104.0,2.0,0.0,0.0078125,5.191517787856535,2.0,1.0,0.0,585.972850678733,4.524886877828067,0.040480361391568624,0.05376766639089198,0.0211850192902365,0.05930036143566272,0.0,0.4,-0.7570968627149931,98.41608145592222,0.0,0.0,0.0
9,2343448,2348448,1,99.5,99.5,0.5,99.0,100.0,1.0,1.0,0.005025125628140704,-5.142857142857742,0.0,0.6324555320336759,0.0,603.030303030303,3.0303030303030027,0.01116822247909003,0.013370553837536277,0.00538323595434999,0.015585968916456045,0.0,1.0,-0.38869242472017546,98.40103534509319,0.0,0.0,0.0
9,2343448,2358448,1,100.6875,100.5,1.260890062614501,99.0,103.0,4.0,1.25,0.012522806332608327,9.794117647059045,0.0,0.7302967433402214,0.0,595.9961608668004,7.426652096599197,0.013004267655672426,0.010372665090883738,0.01398110652647332,0.016395431144460827,0.0,0.9375,0.05237995157806295,99.39494157612415,0.0,0.0,0.0
9,2343448,2368448,1,99.84615384615384,100.0,1.5112986695683461,98.0,103.0,5.0,2.0,0.015136273269944916,-5.579487179487224,2.0,0.6324555320336759,0.0,601.0611453771434,9.028832987560108,0.01654598345251618,0.011612174791195726,0.01991869213297405,0.02275848295255426,0.0,0.9230769230769231,-0.2000077835317376,98.22099095512068,0.0,0.0,0.0
