subject,window_start_ms,window_end_ms,label,hr_mean,hr_std,hr_min,hr_max,hr_delta_abs,rmssd,pnn50,motion_mean,motion_std,temp_mean,temp_spread
1,492488,552325,0,97.94117647058823,1.8620225636875782,95.0,100.0,4.0,1.2747548783981961,0.0,0.04120455079952294,0.05797340758440171,0.0,0.0
1,504325,554325,0,96.0909090909091,1.928473039599675,93.0,100.0,3.0,1.449137674618944,0.0,0.05976654163790845,0.06114208129025492,0.0,0.0
1,521325,554325,0,95.85714285714286,2.2314999074019015,93.0,100.0,7.0,1.35400640077266,0.0,0.061124264515010907,0.07389345514956659,0.0,0.0
1,521325,576325,0,96.0,2.1213203435596424,93.0,100.0,3.0,1.9639610121239315,0.0,0.05759963803803554,0.0697472101041594,0.0,0.0
1,541325,577325,0,95.5,1.5,93.0,98.0,2.0,1.8516401995451028,0.0,0.04149488754221215,0.03751447394081385,0.0,0.0
1,541325,577325,0,95.5,1.5,93.0,98.0,2.0,1.8516401995451028,0.0,0.04149488754221215,0.03751447394081385,0.0,0.0
1,541325,577325,0,95.5,1.5,93.0,98.0,2.0,1.8516401995451028,0.0,0.04149488754221215,0.03751447394081385,0.0,0.0
1,550325,577325,0,95.14285714285714,1.2453996981544782,93.0,97.0,0.0,1.8257418583505538,0.0,0.04310584101723584,0.03984497899703895,0.0,0.0
1,3109754,3118764,0,95.8,0.7483314773547882,95.0,97.0,0.0,0.6666666666666666,0.0,0.03662316916460277,0.056340366542976784,0.0,0.0
1,3109754,3126745,0,96.88235294117646,1.4504503536397593,95.0,99.0,2.0,0.7905694150420949,0.0,0.03862167617719637,0.04944532104826716,0.0,0.0
1,3109754,3135745,0,97.17391304347827,1.3721507685269132,95.0,99.0,1.0,0.7687061147858074,0.0,0.031219259259093655,0.044386656725208584,0.0,0.0
1,3109754,3143745,0,97.38709677419355,1.235951229720517,95.0,99.0,1.0,0.6582805886043833,0.0,0.02521659768238768,0.039642665379967544,0.0,0.0
1,3109754,3151745,0,97.43589743589743,1.1276222270408216,95.0,99.0,0.0,0.6069769786668839,0.0,0.022884326771030902,0.035725458920976734,0.0,0.0
1,3109754,3159745,0,97.31914893617021,1.168858016580457,94.0,99.0,3.0,0.6756639246921762,0.0,0.025252635465085806,0.03374812752630855,0.0,0.0
1,3109754,3167745,0,96.76363636363637,1.736910908518981,93.0,99.0,4.0,0.6666666666666666,0.0,0.022918754559268048,0.03173228446966282,0.0,0.0
1,3116761,3175745,0,96.28571428571429,2.2968478844019327,92.0,99.0,4.0,0.6875516509523286,0.0,0.023090476340113998,0.031369099047589964,0.0,0.0
1,3124745,3183745,0,95.54385964912281,2.636253158773591,91.0,99.0,6.0,0.6546536707079771,0.0,0.013360610104208468,0.01272446818920271,0.0,0.0
1,3132745,3191745,0,95.23333333333333,2.438350991050213,91.0,98.0,2.0,0.6638357975446149,0.0,0.012384702960546463,0.012620918746584104,0.0,0.0
1,3140745,3198745,0,94.83050847457628,2.233432733563272,91.0,98.0,4.0,0.6695340634119862,0.0,0.012833949094966976,0.012897480197820742,0.0,0.0
1,3148745,3198745,0,94.33333333333333,1.986885104453867,91.0,98.0,4.0,0.7211102550927979,0.0,0.013000382553394344,0.013623470859119299,0.0,0.0
1,3156745,3198745,0,93.76744186046511,1.6115456873553873,91.0,97.0,3.0,0.7400128699009549,0.0,0.010540282664279933,0.01052481260261141,0.0,0.0
1,3164745,3198745,0,93.54285714285714,1.5370260178643163,91.0,97.0,0.0,0.6859943405700354,0.0,0.008273108435437649,0.006517319355494973,0.0,0.0
1,3172745,3198745,0,93.74074074074075,1.6463785756216938,91.0,97.0,1.0,0.6504436355879909,0.0,0.007838567068016082,0.00665325427318972,0.0,0.0
1,3180745,3198745,0,94.36842105263158,1.5630781478860527,91.0,97.0,2.0,0.7453559924999299,0.0,0.008165487870630981,0.006899793452560981,0.0,0.0
1,3188745,3198745,0,95.36363636363636,0.8813963377120598,94.0,97.0,2.0,0.6324555320336759,0.0,0.01038159496134909,0.008282598753628684,0.0,0.0
1,3598207,3608229,0,92.63636363636364,0.4810456929208347,92.0,93.0,0.0,0.6324555320336759,0.0,0.013581685549585222,0.01673327013906003,0.0,0.0
1,3598207,3616241,0,92.82352941176471,0.6169463812765597,92.0,94.0,1.0,0.6614378277661477,0.0,0.013143255640797505,0.014359271681360614,0.0,0.0
1,3598207,3624020,0,92.5,0.9746794344808963,90.0,94.0,3.0,0.6882472016116853,0.0,0.014411410299406091,0.01385171808237915,0.0,0.0
1,3598207,3632020,0,92.14285714285714,1.0251928638862375,90.0,94.0,2.0,0.7200822998230956,0.0,0.016940658824761822,0.015813136972611396,0.0,0.0
1,3598207,3640020,0,91.36111111111111,1.7662385924421702,88.0,94.0,5.0,0.6969320524371696,0.0,0.01787053791782523,0.018013514981269543,0.0,0.0
1,3598207,3648020,0,91.06818181818181,1.7888255069220353,88.0,94.0,1.0,0.6988362419217079,0.0,0.01866418872611334,0.02013045217410696,0.0,0.0
1,3598207,3656020,0,91.11538461538461,1.6944915978392834,88.0,94.0,3.0,0.7001400420140049,0.0,0.01848611334980767,0.019594435058951074,0.0,0.0
1,3605224,3664020,0,90.9245283018868,1.600106796008618,88.0,94.0,1.0,0.6650621717611762,0.0,0.03148093188930811,0.049769388145928614,0.0,0.0
1,3613236,3672020,0,91.05454545454545,1.7100577536039998,88.0,94.0,0.0,0.7453559924999299,0.0,0.03315369574191726,0.04937799866582273,0.0,0.0
1,3623020,3680020,0,91.29310344827586,1.8846807164853037,88.0,95.0,1.0,0.7374684055082001,0.0,0.03631508777304316,0.04806815151883773,0.0,0.0
10,501078,519078,0,81.36363636363636,0.9791208740244554,80.0,83.0,3.0,0.9486832980505138,0.0,0.012406485777643866,0.005032967244360472,0.0,0.0
10,512078,519078,0,81.125,0.9270248108869579,80.0,83.0,3.0,0.6546536707079771,0.0,0.011626582483811264,0.005696872859909324,0.0,0.0
10,1010618,1016645,0,76.85714285714286,2.166535841157586,75.0,81.0,6.0,1.2909944487358056,0.0,0.008816649059024345,0.004492602119504325,0.0,0.0
10,1010618,1020650,0,76.9090909090909,2.0650575802910085,74.0,81.0,3.0,1.5811388300841898,0.0,0.01731281240576057,0.018418700175343104,0.0,0.0
10,1010618,1028684,0,77.5,2.7838821814150108,74.0,84.0,3.0,2.354878881270658,0.09090909090909091,0.01640955872014964,0.01788721179771606,0.0,0.0
10,1010618,1039064,0,78.4375,2.9148059540902547,74.0,84.0,1.0,2.1756225162774294,0.06666666666666667,0.014015713229051395,0.016292465774176933,0.0,0.0
10,1010618,1049064,0,78.27777777777777,2.804867902525409,74.0,84.0,3.0,2.5552713681145263,0.11764705882352941,0.012706609002049908,0.015817595145724977,0.0,0.0
10,1010618,1057064,0,77.38461538461539,2.7883952246756705,74.0,84.0,7.0,2.1633307652783933,0.08,0.012869724306201206,0.014316921951328778,0.0,0.0
10,1010618,1065064,0,77.11764705882354,2.6207846364641725,74.0,84.0,4.0,2.0,0.06060606060606061,0.031309715179807227,0.08707769184117971,0.0,0.0
10,1013633,1073064,0,77.1025641025641,2.3836502044496615,74.0,84.0,2.0,1.8353258709644942,0.05263157894736842,0.041134528855905926,0.08589635528546793,0.0,0.0
10,1028684,1075064,0,77.48484848484848,2.463321385806252,74.0,84.0,4.0,1.5612494995995996,0.03125,0.04900414368440924,0.09275314270847036,0.0,0.0
10,1036064,1089064,0,78.65,3.387845923296985,74.0,85.0,4.0,1.585187847802434,0.02564102564102564,0.04642518638043637,0.08480698572988044,0.0,0.0
10,1038064,1097064,0,79.67391304347827,4.0002953577155145,74.0,86.0,4.0,1.4907119849998598,0.022222222222222223,0.0451375432678973,0.07916261753993976,0.0,0.0
10,1048064,1100064,0,79.82608695652173,4.135237482408576,74.0,86.0,10.0,1.2292725943057183,0.0,0.058040109294090626,0.1112469901248087,0.0,0.0
10,1054064,1100064,0,80.325,4.185615247487519,74.0,86.0,11.0,1.2299676877139956,0.0,0.06606347050828973,0.11720438746334423,0.0,0.0
10,1062064,1100064,0,81.71875,3.4571879378332904,76.0,86.0,7.0,1.2572371141874243,0.0,0.07791151933487792,0.12825974941060828,0.0,0.0
10,1070064,1100064,0,83.16666666666667,2.7028791233711424,78.0,86.0,8.0,1.318760946791574,0.0,0.06767239635293566,0.11391298807177123,0.0,0.0
10,1082064,1100064,0,84.66666666666667,0.7453559924999299,83.0,86.0,1.0,0.8043996665398437,0.0,0.06036215339689556,0.12820896677379992,0.0,0.0
10,1086064,1100064,0,84.85714285714286,0.6388765649999399,84.0,86.0,2.0,0.7844645405527362,0.0,0.06912474168561832,0.14391720343603215,0.0,0.0
10,1094064,1100064,0,85.0,0.5773502691896257,84.0,86.0,1.0,1.0,0.0,0.11577442227985947,0.21002189409773164,0.0,0.0
10,3519081,3528637,1,82.22222222222223,0.7856742013183862,81.0,83.0,1.0,1.2747548783981961,0.0,0.05615555557929714,0.06831244569508868,0.0,0.0
10,3519081,3536637,1,81.82352941176471,0.9843059135695006,80.0,83.0,1.0,1.14564392373896,0.0,0.05200303834618117,0.054396462012429585,0.0,0.0
10,3519081,3541637,1,82.04545454545455,1.0214638661020106,80.0,84.0,3.0,1.0465362369445672,0.0,0.06468293410046745,0.06794759669187357,0.0,0.0
10,3519081,3541637,1,82.04545454545455,1.0214638661020106,80.0,84.0,3.0,1.0465362369445672,0.0,0.06468293410046745,0.06794759669187357,0.0,0.0
10,3519081,3541637,1,82.04545454545455,1.0214638661020106,80.0,84.0,3.0,1.0465362369445672,0.0,0.06468293410046745,0.06794759669187357,0.0,0.0
10,3519081,3541637,1,82.04545454545455,1.0214638661020106,80.0,84.0,3.0,1.0465362369445672,0.0,0.06468293410046745,0.06794759669187357,0.0,0.0
10,3519081,3541637,1,82.04545454545455,1.0214638661020106,80.0,84.0,3.0,1.0465362369445672,0.0,0.06468293410046745,0.06794759669187357,0.0,0.0
10,3525107,3541637,1,82.0,1.0606601717798212,80.0,84.0,2.0,0.8944271909999159,0.0,0.08387449118870544,0.07044731527303637,0.0,0.0
10,3533637,3541637,1,82.44444444444444,0.8314794192830981,81.0,84.0,3.0,0.9354143466934853,0.0,0.08658652952495777,0.07284753457317644,0.0,0.0
10,4745461,4752493,0,73.875,0.5994789404140899,73.0,75.0,1.0,0.6546536707079771,0.0,0.00896347748970057,0.007806179851105451,0.0,0.0
10,4745461,4760540,0,75.25,2.0463381929681126,73.0,80.0,5.0,0.8563488385776752,0.0,0.011611760088015063,0.01369522305720443,0.0,0.0
10,4745461,4768555,0,76.5,2.4324199198877374,73.0,80.0,4.0,0.7223151185146152,0.0,0.009480346928831986,0.011668203980339307,0.0,0.0
10,4745461,4776555,0,76.9375,2.262983373778959,73.0,80.0,2.0,0.672021505032247,0.0,0.008536604089004408,0.01034550794632338,0.0,0.0
10,4745461,4784555,0,76.8,2.0518284528683193,73.0,80.0,1.0,0.6201736729460423,0.0,0.008111419719039711,0.009437759907823527,0.0,0.0
10,4745461,4792555,0,76.79166666666667,1.8814703174792726,73.0,80.0,2.0,0.5834599659915782,0.0,0.008013975364321961,0.008739468762974573,0.0,0.0
10,4745461,4800555,0,76.98214285714286,1.81748522718079,73.0,80.0,2.0,0.6030226891555273,0.0,0.007670249260396951,0.008198690772821279,0.0,0.0
10,4749479,4808555,0,77.18333333333334,1.5967849643024015,73.0,80.0,4.0,0.582222509739582,0.0,0.007151757442308309,0.007647743853324282,0.0,0.0
10,4757525,4816555,0,77.65,1.029967637032025,76.0,80.0,1.0,0.5042194840896107,0.0,0.005850267800301936,0.0029288829848211706,0.0,0.0
10,4765555,4824555,0,77.63333333333334,0.9826268648655784,76.0,79.0,0.0,0.4509876168016973,0.0,0.005817170727963732,0.0030048720239917066,0.0,0.0
10,4773555,4832555,0,77.63333333333334,0.9826268648655784,76.0,79.0,0.0,0.4509876168016973,0.0,0.0056148813367439395,0.0030351050815545263,0.0,0.0
10,4781555,4834555,0,77.72222222222223,0.9702360664762768,76.0,79.0,2.0,0.4343722427630694,0.0,0.005718202657276953,0.0030625295697803896,0.0,0.0
10,4789555,4834555,0,77.97826086956522,0.7937015766751602,77.0,79.0,1.0,0.4472135954999579,0.0,0.005340909270701929,0.0029390760906258646,0.0,0.0
10,4797555,4834555,0,78.05263157894737,0.7929746933325982,77.0,79.0,1.0,0.43495883620084,0.0,0.005208233896264017,0.0024853283538062427,0.0,0.0
10,4805555,4834555,0,78.2,0.7483314773547884,77.0,79.0,1.0,0.41522739926869984,0.0,0.005078380010846228,0.002676726296985609,0.0,0.0
10,4813555,4834555,0,78.54545454545455,0.49792959773196926,78.0,79.0,0.0,0.3086066999241838,0.0,0.004727837536968356,0.002783094009261829,0.0,0.0
10,4821555,4834555,0,78.78571428571429,0.410325903324145,78.0,79.0,1.0,0.2773500981126146,0.0,0.004865136760716799,0.0024918055761466206,0.0,0.0
10,4829555,4834555,0,78.5,0.5,78.0,79.0,1.0,0.4472135954999579,0.0,0.005054430065307573,0.0032633841994645376,0.0,0.0
10,5446866,5456928,0,76.27272727272727,0.44536177141512323,76.0,77.0,0.0,0.7745966692414834,0.0,0.011426136644655055,0.010131402795422512,0.0,0.0
10,5446866,5464953,0,76.63157894736842,0.7405919620773836,76.0,78.0,1.0,0.7071067811865476,0.0,0.008480710096373517,0.00869289311474456,0.0,0.0
10,5446866,5472881,0,77.2,1.2649110640673515,76.0,80.0,4.0,0.7071067811865476,0.0,0.008002723040847067,0.007719275024947198,0.0,0.0
10,5446866,5480881,0,77.93939393939394,1.7222148167736753,76.0,81.0,4.0,0.6614378277661477,0.0,0.008226904604719172,0.007675733621231291,0.0,0.0
10,5446866,5488881,0,78.78048780487805,2.353121384427773,76.0,83.0,7.0,0.6519202405202649,0.0,0.007572412087636137,0.007098673897749971,0.0,0.0
10,5446866,5496881,0,79.38775510204081,2.5620171145265656,76.0,83.0,6.0,0.6123724356957945,0.0,0.006975518455877202,0.006697322870506401,0.0,0.0
10,5446866,5504881,0,79.7719298245614,2.561643824343015,76.0,83.0,6.0,0.5976143046671968,0.0,0.006739761629066005,0.006284971584365568,0.0,0.0
10,5453913,5512881,0,80.55172413793103,2.260396774699639,76.0,83.0,5.0,0.5773502691896257,0.0,0.005875510751140939,0.004272983665453024,0.0,0.0
10,5461938,5520881,0,81.10344827586206,1.657684874720264,77.0,83.0,5.0,0.6622661785325219,0.0,0.005864912078961844,0.00415024867244973,0.0,0.0
10,5469881,5528881,0,81.56666666666666,1.2297244497131143,79.0,84.0,2.0,0.6638357975446149,0.0,0.0062654385244695745,0.004254558132941832,0.0,0.0
10,5477881,5535881,0,81.69491525423729,1.0931874912947186,80.0,84.0,0.0,0.6432675209026769,0.0,0.006001363329853828,0.0036602128970403846,0.0,0.0
10,5485881,5535881,0,81.84313725490196,1.0169649003835246,80.0,84.0,3.0,0.648074069840786,0.0,0.00587877236306909,0.0033029897572464622,0.0,0.0
10,5493881,5535881,0,81.62790697674419,0.9650462288951827,80.0,84.0,2.0,0.6900655593423543,0.0,0.006155303882049701,0.003327791216783765,0.0,0.0
10,5501881,5535881,0,81.51428571428572,1.0245954901166348,80.0,84.0,2.0,0.7276068751089989,0.0,0.006514471036232546,0.0034208919526286003,0.0,0.0
10,5509881,5535881,0,81.37037037037037,1.1270462262742917,80.0,84.0,2.0,0.8320502943378437,0.0,0.006699140293770996,0.003788307791371826,0.0,0.0
10,5517881,5535881,0,81.3157894736842,1.1263649767911947,80.0,84.0,0.0,0.8819171036881969,0.0,0.006371085692245647,0.0038586274215620673,0.0,0.0
10,5525881,5535881,0,80.9090909090909,0.28747978728803447,80.0,81.0,1.0,0.31622776601683794,0.0,0.007558559245176363,0.0031936647650569927,0.0,0.0
10,7207857,7216881,0,75.7,1.4177446878757822,74.0,77.0,3.0,0.7453559924999299,0.0,0.018999991564018274,0.03255214515706623,0.0,0.0
10,7207857,7224873,0,77.44444444444444,3.201080064641763,74.0,84.0,7.0,1.1631599960755994,0.0,0.014177708917345362,0.02520485493300933,0.0,0.0
10,7207857,7232193,0,79.28,4.005196624386873,74.0,84.0,7.0,0.9789450103725609,0.0,0.011523161098151779,0.021881492801236396,0.0,0.0
10,7207857,7240193,0,80.39393939393939,4.007110301205081,74.0,84.0,6.0,0.8660254037844386,0.0,0.01049562464380221,0.019214641016192247,0.0,0.0
10,7207857,7248193,0,80.90243902439025,3.7403852550289622,74.0,84.0,6.0,0.7745966692414834,0.0,0.009757010748993785,0.017431797071771327,0.0,0.0
10,7207857,7256193,0,81.12244897959184,3.4619367769208202,74.0,84.0,5.0,0.7216878364870323,0.0,0.011784845811183284,0.01813730583597045,0.0,0.0
10,7207857,7264193,0,81.49122807017544,3.3567047699933745,74.0,85.0,7.0,0.7196229171289245,0.0,0.013008741180710633,0.018210523982675433,0.0,0.0
10,7213874,7272193,0,82.61016949152543,3.246990518757291,74.0,87.0,12.0,0.6948083337796512,0.0,0.012294953846119451,0.012652699775347545,0.0,0.0
10,7221873,7280193,0,83.38983050847457,1.7371020983483332,79.0,87.0,2.0,0.6695340634119862,0.0,0.013224449423897095,0.013379478495835302,0.0,0.0
11,404049,463494,0,62.79661016949152,1.1165877350508884,60.0,65.0,1.0,0.682288239221013,0.0,0.011309152704961075,0.011587461302668663,0.0,0.0
11,413044,471494,0,62.39655172413793,1.0329010897069075,60.0,65.0,3.0,0.6622661785325219,0.0,0.009290950909358277,0.010520481827780396,0.0,0.0
11,420494,479494,0,62.016666666666666,0.8658650138573691,60.0,64.0,3.0,0.5966005392134929,0.0,0.007664613471965972,0.006812407469485793,0.0,0.0
11,428494,487494,0,61.95,0.8251262529657707,60.0,64.0,1.0,0.5966005392134929,0.0,0.006649197625056321,0.004490827682727983,0.0,0.0
11,436494,492494,0,62.0,0.9551338658818386,60.0,65.0,5.0,0.5509731650193397,0.0,0.006177237200701841,0.003133653733809216,0.0,0.0
11,444494,492494,0,62.10204081632653,0.952866737137041,61.0,65.0,3.0,0.47871355387816905,0.0,0.006126601600564205,0.0031898051539042895,0.0,0.0
11,452494,492494,0,62.09756097560975,1.0313353420422426,61.0,65.0,2.0,0.5,0.0,0.005885873731305814,0.0031205404726001927,0.0,0.0
11,460494,492494,0,62.03030303030303,1.1142288673242566,61.0,65.0,3.0,0.5303300858899106,0.0,0.006070368648706795,0.003160016273888918,0.0,0.0
11,468494,492494,0,62.08,1.26237870704476,61.0,65.0,4.0,0.5773502691896257,0.0,0.006035986208203107,0.002779135283503508,0.0,0.0
11,476494,492494,0,62.588235294117645,1.2394886768062046,61.0,65.0,4.0,0.7071067811865476,0.0,0.006268776237107174,0.002910222047236349,0.0,0.0
11,484494,492494,0,63.55555555555556,0.6849348892187752,63.0,65.0,2.0,0.8660254037844386,0.0,0.005183770996715187,0.0029228287770691015,0.0,0.0
11,990101,999098,0,68.0,1.0,67.0,70.0,2.0,0.6666666666666666,0.0,0.013884515270754691,0.0023887170763590916,0.0,0.0
11,990101,1007089,0,68.0,0.8819171036881969,67.0,70.0,1.0,0.8043996665398437,0.0,0.012009432013111504,0.0038271555527711956,0.0,0.0
11,990101,1012089,0,68.0,0.7801894976054939,67.0,70.0,2.0,0.7385489458759964,0.0,0.011260566780944002,0.00394193646025042,0.0,0.0
11,990101,1023520,0,68.0,0.672021505032247,67.0,70.0,2.0,0.6324555320336759,0.0,0.010875946776287117,0.00401303572278207,0.0,0.0
11,990101,1031520,0,67.82051282051282,0.7115095859236722,67.0,70.0,3.0,0.6282808624375432,0.0,0.010572179421356916,0.0037653535859569105,0.0,0.0
11,990101,1039520,0,67.17021276595744,1.6414724699562477,63.0,70.0,7.0,0.6426845869171515,0.0,0.010464423353084397,0.0036055864388551116,0.0,0.0
11,990101,1047520,0,66.58181818181818,2.0862398458027003,63.0,70.0,6.0,0.6085806194501846,0.0,0.010477314630074867,0.003478290422698891,0.0,0.0
11,996097,1055520,0,66.15789473684211,1.9893530085001103,63.0,69.0,1.0,0.5824823725107175,0.0,0.010250669391380612,0.0032807785794889653,0.0,0.0
11,1004098,1063520,0,66.08771929824562,1.9401636913612987,63.0,69.0,1.0,0.5824823725107175,0.0,0.009621087482574689,0.0028824960451453215,0.0,0.0
11,1012089,1071520,0,65.98245614035088,1.8495255728341686,63.0,68.0,1.0,0.5175491695067657,0.0,0.009581210028405491,0.0029888447910125997,0.0,0.0
11,1020520,1079520,0,65.68333333333334,1.7367754284561054,63.0,68.0,4.0,0.552344770738994,0.0,0.009589963738024735,0.002963909238731419,0.0,0.0
11,1028520,1079520,0,65.38461538461539,1.6658775252082856,63.0,68.0,3.0,0.5423261445466404,0.0,0.009922056530166963,0.00286954995891028,0.0,0.0
11,1036520,1079520,0,65.27272727272727,1.7236804750780492,63.0,68.0,1.0,0.5057805388588732,0.0,0.009872414341729602,0.003041157301687433,0.0,0.0
11,1044520,1079520,0,65.77777777777777,1.4927809825049334,63.0,68.0,1.0,0.560611910581388,0.0,0.00972146125148333,0.003052534578390479,0.0,0.0
11,1052520,1079520,0,66.32142857142857,1.1666059265043625,64.0,68.0,1.0,0.5773502691896257,0.0,0.009333822840349407,0.002932203590665986,0.0,0.0
11,1060520,1079520,0,66.35,1.2359207094308275,64.0,68.0,4.0,0.5619514869490163,0.0,0.00919078889604635,0.0033174433488290665,0.0,0.0
11,1068520,1079520,0,65.66666666666667,1.1055415967851332,64.0,67.0,3.0,0.5222329678670935,0.0,0.009328977099213372,0.0040110111095366455,0.0,0.0
11,1076520,1079520,0,64.5,0.5,64.0,65.0,1.0,0.5773502691896257,0.0,0.009167425999707938,0.00392987459915585,0.0,0.0
11,2293868,2303277,0,63.285714285714285,0.45175395145262565,63.0,64.0,1.0,0.7071067811865476,0.0,0.007999426832713883,0.003435050657080093,0.0,0.0
11,2293868,2311277,0,62.8,0.9797958971132712,61.0,64.0,2.0,0.6546536707079771,0.0,0.007476009280899442,0.00302398922446427,0.0,0.0
11,2293868,2319277,0,63.04347826086956,1.2675982380098478,61.0,65.0,2.0,0.7385489458759964,0.0,0.007405310092398443,0.0033268417245067025,0.0,0.0
11,2293868,2327277,0,63.61290322580645,1.47402060113495,61.0,66.0,3.0,0.6582805886043833,0.0,0.012743699986105726,0.024015771374909033,0.0,0.0
11,2293868,2335277,0,64.3076923076923,1.9235896752319028,61.0,68.0,3.0,0.6688560540599386,0.0,0.011731484282765586,0.021696210014950215,0.0,0.0
11,2293868,2343277,0,65.04255319148936,2.449120092174753,61.0,71.0,8.0,0.6915640748081247,0.0,0.012705519561112343,0.021183139479678835,0.0,0.0
11,2293868,2351277,0,66.49090909090908,4.314342791087452,61.0,80.0,17.0,0.8498365855987975,0.0,0.012007828244024972,0.019686078407135574,0.0,0.0
11,2303277,2359277,0,68.64912280701755,5.957425642268987,61.0,80.0,15.0,0.8762745818846641,0.0,0.011717103075356575,0.019404962193446788,0.0,0.0
11,2308277,2367277,0,70.15,6.180142932543443,61.0,80.0,10.0,0.9566892062149209,0.0,0.011274378130728329,0.01902642046663819,0.0,0.0
11,2316277,2375277,0,71.01666666666667,5.405218671699498,64.0,80.0,1.0,0.9829047232134223,0.0,0.01116298363922378,0.019045473943339494,0.0,0.0
11,2324277,2382277,0,70.84745762711864,5.757275601349952,61.0,80.0,4.0,1.0170952554312156,0.0,0.010779129237405198,0.019299189490468716,0.0,0.0
11,2332277,2382277,0,71.54901960784314,5.878887868316845,61.0,80.0,7.0,1.0677078252031311,0.0,0.007862386921597617,0.008739288584140272,0.0,0.0
11,2340277,2382277,0,72.37209302325581,6.046422181807105,61.0,80.0,8.0,1.1126972805283737,0.0,0.008446216279550578,0.009346466308980728,0.0,0.0
11,2348277,2382277,0,72.65714285714286,6.6243829131166505,61.0,80.0,15.0,1.0981267472114393,0.0,0.005888648575621891,0.003483527769200904,0.0,0.0
11,2356277,2382277,0,71.0,6.649979114420001,61.0,80.0,19.0,1.0190493307301363,0.0,0.005839680873729501,0.0036469591328353243,0.0,0.0
11,2364277,2382277,0,67.63157894736842,4.922670716248388,61.0,77.0,16.0,1.1547005383792515,0.0,0.004691283917188395,0.0031126784079732717,0.0,0.0
11,2372277,2382277,0,64.0,2.174229226018436,61.0,68.0,7.0,0.8366600265340756,0.0,0.005214845508420686,0.0034336290333367263,0.0,0.0
11,2931266,2935263,0,67.8,0.4,67.0,68.0,1.0,0.5,0.0,0.015074240786657426,0.001908048295778648,0.0,0.0
11,2931266,2944038,0,67.46153846153847,0.7457969011409736,66.0,68.0,0.0,0.5773502691896257,0.0,0.014014742737338772,0.0074416862470094705,0.0,0.0
11,2931266,2952038,0,67.52380952380952,0.7939681905015746,66.0,69.0,0.0,0.7745966692414834,0.0,0.01246725706969584,0.00733788276635368,0.0,0.0
11,2931266,2960038,0,67.37931034482759,0.9252695079309473,66.0,69.0,2.0,0.7559289460184544,0.0,0.010435859675174408,0.007294549327536895,0.0,0.0
11,2931266,2968038,0,66.48648648648648,2.0875644883597317,60.0,69.0,8.0,0.8498365855987975,0.0,0.009464518842465674,0.007035920521599713,0.0,0.0
11,2931266,2976038,0,65.08888888888889,3.5828121929395826,57.0,69.0,11.0,0.8918825850158447,0.0,0.008536749743016282,0.006739355783737285,0.0,0.0
11,2931266,2984038,0,63.660377358490564,4.742196753223111,55.0,69.0,11.0,0.8879535677396304,0.0,0.00800566647637643,0.006488210878339198,0.0,0.0
11,2932266,2992038,0,62.65,5.019379111669756,55.0,69.0,10.0,0.8635755391767456,0.0,0.007304173781731578,0.0062736067731558294,0.0,0.0
11,2941038,3000038,0,61.28333333333333,5.006967367800815,55.0,69.0,11.0,0.8537057803025782,0.0,0.0057987339373329165,0.004713633264624238,0.0,0.0
11,2949038,3008038,0,59.85,4.534405510464776,55.0,69.0,11.0,0.8130294884889123,0.0,0.004774163951801407,0.003719743322413801,0.0,0.0
11,2957038,3016038,0,58.483333333333334,3.1701296853949406,55.0,66.0,8.0,0.759125277171481,0.0,0.004526723514618796,0.003307096840948126,0.0,0.0
12,551716,611352,0,73.24561403508773,1.8569991048981391,70.0,77.0,1.0,0.7196229171289245,0.0,0.016087711578508666,0.012786657311210441,0.0,0.0
12,560711,619352,0,73.17857142857143,1.8718510973398084,70.0,77.0,0.0,0.7385489458759964,0.0,0.0164004367596468,0.012754273066339385,0.0,0.0
12,568352,627352,0,73.05,1.8204852832875817,70.0,77.0,3.0,0.7478783550139053,0.0,0.013763091723089172,0.008397694649266955,0.0,0.0
12,576352,635352,0,72.63333333333334,1.5912957683040012,70.0,76.0,2.0,0.6888949638271721,0.0,0.013602858092011401,0.008351014272919302,0.0,0.0
12,584352,640352,0,72.14035087719299,1.0992596630049505,70.0,75.0,3.0,0.7196229171289245,0.0,0.012957383913027897,0.007486743227924397,0.0,0.0
12,592352,640352,0,71.89795918367346,0.9090227531151056,70.0,74.0,1.0,0.6922186552431729,0.0,0.012425492209078647,0.007513428980380658,0.0,0.0
12,600352,640352,0,72.1219512195122,0.8022870343121232,71.0,74.0,0.0,0.6708203932499369,0.0,0.012593191937334988,0.007965791617701593,0.0,0.0
12,608352,640352,0,72.24242424242425,0.8176204583776995,71.0,74.0,0.0,0.6614378277661477,0.0,0.010093507007890065,0.004476359125032419,0.0,0.0
12,616352,640352,0,72.44,0.8039900496896714,71.0,74.0,1.0,0.67700320038633,0.0,0.009488432023216893,0.004107263576673971,0.0,0.0
12,624352,640352,0,72.05882352941177,0.5391265523477459,71.0,73.0,0.0,0.7071067811865476,0.0,0.010320018971291953,0.003296219224854967,0.0,0.0
12,632352,640352,0,72.0,0.6666666666666666,71.0,73.0,1.0,0.7905694150420949,0.0,0.010530316488429956,0.003843083733504677,0.0,0.0
12,1858332,1867329,0,73.9,0.7000000000000001,73.0,75.0,1.0,0.5773502691896257,0.0,0.0032516000173741745,0.0012829182200300333,0.0,0.0
12,1858332,1875329,0,75.38888888888889,1.8299632324445116,73.0,78.0,3.0,0.6416889479197478,0.0,0.0035264252469347957,0.0017881311028908847,0.0,0.0
12,1858332,1882749,0,75.86363636363636,1.960877691829363,73.0,79.0,5.0,0.6546536707079771,0.0,0.0035252476614707276,0.0018523137448050483,0.0,0.0
12,1858332,1890749,0,75.9,1.8502252115170559,73.0,79.0,0.0,0.7427813527082074,0.0,0.004001311368483002,0.003215234539839284,0.0,0.0
12,1858332,1898749,0,75.47368421052632,1.8458608333421245,73.0,79.0,0.0,0.6974858324629157,0.0,0.004249055075820304,0.00316494329038007,0.0,0.0
12,1858332,1906749,0,75.65217391304348,1.8084029863552538,73.0,79.0,3.0,0.7149203529842405,0.0,0.004590722833721151,0.0031239096936088646,0.0,0.0
12,1858332,1914749,0,75.5,1.7612074982385952,73.0,79.0,1.0,0.7397092748646287,0.0,0.004539946557007475,0.0029502959292714674,0.0,0.0
12,1864332,1922749,0,75.46428571428571,1.7419640568938854,73.0,79.0,1.0,0.7507571935295483,0.0,0.004560917736195644,0.0031263855734857994,0.0,0.0
12,1872328,1930749,0,75.41071428571429,1.677336171628413,73.0,79.0,2.0,0.7135060680126757,0.0,0.004700300307258689,0.003232458247442569,0.0,0.0
12,1880749,1938749,0,75.33898305084746,1.55803189075002,73.0,79.0,3.0,0.7071067811865476,0.0,0.004865553806992659,0.0032804912050611716,0.0,0.0
12,1887749,1946749,0,75.01666666666667,1.2713728363029033,73.0,78.0,0.0,0.6638357975446149,0.0,0.00485235179429815,0.0033336482732609575,0.0,0.0
12,1895749,1946749,0,75.11538461538461,1.3251102443809397,73.0,78.0,1.0,0.7001400420140049,0.0,0.004630322694396723,0.002788929463122653,0.0,0.0
12,1903749,1946749,0,75.20454545454545,1.324241557450656,73.0,78.0,2.0,0.6819943394704735,0.0,0.004535419115669888,0.002938661381994784,0.0,0.0
12,1911749,1946749,0,74.91666666666667,1.1873172373979173,73.0,77.0,0.0,0.6324555320336759,0.0,0.004206109877159827,0.003000856665363104,0.0,0.0
12,1919749,1946749,0,75.28571428571429,1.0301575072754257,73.0,77.0,2.0,0.6085806194501846,0.0,0.004406498001462619,0.0031738667939079043,0.0,0.0
12,1927749,1946749,0,75.6,0.9695359714832658,74.0,77.0,0.0,0.6488856845230502,0.0,0.004421820592306348,0.0030034061955313777,0.0,0.0
12,1935749,1946749,0,75.16666666666667,0.7993052538854533,74.0,76.0,1.0,0.674199862463242,0.0,0.0045497732441049194,0.003187454834926025,0.0,0.0
12,1943749,1946749,0,75.75,0.4330127018922193,75.0,76.0,1.0,0.5773502691896257,0.0,0.0031721322289710798,0.0031478146790617106,0.0,0.0
12,2508761,2514767,0,72.85714285714286,0.34992710611188255,72.0,73.0,1.0,0.408248290463863,0.0,0.007053710792628884,0.005883891055143547,0.0,0.0
12,2508761,2522772,0,73.33333333333333,0.6992058987801011,72.0,75.0,2.0,0.5345224838248488,0.0,0.005253344263228447,0.004761873467551389,0.0,0.0
12,2508761,2530825,0,73.54545454545455,0.655554777357089,72.0,75.0,2.0,0.4364357804719847,0.0,0.00461307036529025,0.0046708916835375815,0.0,0.0
12,2508761,2538825,0,73.46666666666667,0.618241233033047,72.0,75.0,1.0,0.41522739926869984,0.0,0.003945774842543217,0.004296133749011768,0.0,0.0
12,2508761,2546825,0,73.26315789473684,0.7139294719079231,72.0,75.0,1.0,0.43495883620084,0.0,0.005381322721737106,0.00835554614838398,0.0,0.0
12,2508761,2554825,0,73.26086956521739,0.7642780796194323,72.0,75.0,3.0,0.4944132324730442,0.0,0.005032898796633607,0.007696887112367181,0.0,0.0
12,2508761,2562825,0,73.38888888888889,0.8258927081843616,72.0,75.0,2.0,0.5494422557947561,0.0,0.005149940921868352,0.007902661023286107,0.0,0.0
12,2511762,2570825,0,73.38983050847457,0.8237357884896858,72.0,75.0,1.0,0.572351471472339,0.0,0.004776642769934995,0.007441325938847703,0.0,0.0
12,2519771,2578825,0,73.33898305084746,0.8946198793489254,72.0,75.0,2.0,0.6158817620514397,0.0,0.004511647116877972,0.007355048114121576,0.0,0.0
12,2528825,2586825,0,73.20338983050847,0.8787445014790318,72.0,75.0,0.0,0.6432675209026769,0.0,0.004663841794666674,0.007306150569142441,0.0,0.0
12,2535825,2594825,0,73.2,0.8717797887081346,72.0,75.0,0.0,0.6377928041432807,0.0,0.004813132541910977,0.007163501468795111,0.0,0.0
12,2543825,2597825,0,73.27272727272727,0.9036199010755767,72.0,75.0,1.0,0.6804138174397717,0.0,0.005063212240732862,0.007385236534749756,0.0,0.0
12,2551825,2597825,0,73.42553191489361,0.8689607598579636,72.0,75.0,0.0,0.6915640748081247,0.0,0.00402435854113885,0.004327859970990111,0.0,0.0
12,2559825,2597825,0,73.23076923076923,0.7666623788577465,72.0,74.0,0.0,0.6882472016116853,0.0,0.0035819142711387263,0.002308863679316057,0.0,0.0
12,2567825,2597825,0,73.12903225806451,0.7927874662867423,72.0,74.0,0.0,0.6324555320336759,0.0,0.00370958188945388,0.0023747453990717996,0.0,0.0
12,2575825,2597825,0,73.30434782608695,0.7480282840906632,72.0,74.0,1.0,0.6396021490668313,0.0,0.0037866529193233455,0.0024607260207781664,0.0,0.0
12,2583825,2597825,0,73.66666666666667,0.47140452079103173,73.0,74.0,0.0,0.5345224838248488,0.0,0.004115977585617237,0.002292947198957106,0.0,0.0
12,2591825,2597825,0,73.42857142857143,0.4948716593053935,73.0,74.0,1.0,0.7071067811865476,0.0,0.004016518846000338,0.002581250384370329,0.0,0.0
12,3161193,3171200,0,77.63636363636364,1.4316377952748744,76.0,80.0,3.0,0.7071067811865476,0.0,0.004083960833977885,0.0026382450996186974,0.0,0.0
12,3161193,3179197,0,77.78947368421052,1.195559651747426,76.0,80.0,2.0,0.6666666666666666,0.0,0.003694167761353561,0.0023932740216048294,0.0,0.0
12,3161193,3187612,0,77.5,1.224744871391589,76.0,80.0,4.0,0.659380473395787,0.0,0.0038519101064719338,0.002359108844576157,0.0,0.0
12,3161193,3195612,0,77.0625,1.3448396744593758,75.0,80.0,5.0,0.6475761258027333,0.0,0.00389465414105022,0.002436987938141339,0.0,0.0
12,3161193,3203612,0,76.725,1.3962002005443201,75.0,80.0,5.0,0.6602252917735247,0.0,0.004010589919579434,0.0025138273764696664,0.0,0.0
12,3161193,3211612,0,76.54166666666667,1.3533651474093096,75.0,80.0,5.0,0.6358107573397419,0.0,0.0041415342061736785,0.002590606874429094,0.0,0.0
12,3161193,3219612,0,76.28571428571429,1.4232042032265197,74.0,80.0,4.0,0.6324555320336759,0.0,0.0050479057275413025,0.005959248098854712,0.0,0.0
12,3168198,3227612,0,75.85964912280701,1.1613452044516046,74.0,79.0,1.0,0.6123724356957945,0.0,0.005106581242260125,0.005892824073766967,0.0,0.0
12,3176195,3235612,0,75.28070175438596,1.3733604063705913,72.0,79.0,7.0,0.6123724356957945,0.0,0.005439891777952986,0.006060984892925469,0.0,0.0
12,3184612,3243612,0,74.51666666666667,1.678210025261704,70.0,77.0,7.0,0.5966005392134929,0.0,0.005573923250200096,0.005917771771280073,0.0,0.0
12,3192612,3249612,0,73.93103448275862,1.8275862068965518,70.0,76.0,4.0,0.6212607441973955,0.0,0.0056977557135010175,0.006211690076466714,0.0,0.0
12,3200612,3249612,0,73.7,1.857417562100671,70.0,76.0,4.0,0.6060915267313265,0.0,0.006025602220118862,0.006548867376265793,0.0,0.0
12,3208612,3249612,0,73.38095238095238,1.8510277833882676,70.0,76.0,4.0,0.6246950475544243,0.0,0.006118079724237588,0.007018934999383765,0.0,0.0
12,3216612,3249612,0,73.0,1.8149704259460602,70.0,76.0,3.0,0.6276459144608478,0.0,0.005320534955295174,0.0038091032569807187,0.0,0.0
12,3224612,3249612,0,72.3076923076923,1.4876215081395165,70.0,75.0,3.0,0.6633249580710799,0.0,0.005431359387398049,0.004119781568026505,0.0,0.0
12,3232612,3249612,0,71.5,0.8975274678557507,70.0,73.0,1.0,0.6416889479197478,0.0,0.004790007729015258,0.003779676650598459,0.0,0.0
12,3240612,3249612,0,70.9,0.7000000000000001,70.0,72.0,1.0,0.7453559924999299,0.0,0.004680293490103181,0.004647273365499817,0.0,0.0
12,3812620,3819624,0,78.875,0.5994789404140899,78.0,80.0,2.0,0.5345224838248488,0.0,0.007550639853791883,0.010764133715037904,0.0,0.0
12,3812620,3827637,0,78.3125,0.7680128579652817,77.0,80.0,3.0,0.4472135954999579,0.0,0.004642135138750163,0.00819900357969207,0.0,0.0
12,3812620,3835111,0,77.91304347826087,0.9741459348873077,76.0,80.0,3.0,0.5640760748177662,0.0,0.004463533394761213,0.007048338592014924,0.0,0.0
12,3812620,3843111,0,77.06451612903226,1.7215050405324301,74.0,80.0,6.0,0.5773502691896257,0.0,0.004348993192356656,0.006332434187403399,0.0,0.0
12,3812620,3851111,0,76.84615384615384,1.6257299983740878,74.0,80.0,3.0,0.5848976518656018,0.0,0.0042395691211940265,0.005705259802231956,0.0,0.0
12,3812620,3859111,0,76.65957446808511,1.5611860704548208,74.0,80.0,3.0,0.6079187588743288,0.0,0.004012210450046727,0.005377214268254565,0.0,0.0
12,3812620,3867111,0,76.65454545454546,1.4549999289994588,74.0,80.0,3.0,0.5931710140017395,0.0,0.004221396769766978,0.005217048383119926,0.0,0.0
12,3816623,3875111,0,76.72881355932203,1.4241323076338988,74.0,79.0,1.0,0.6017216678143155,0.0,0.0038370452377398793,0.003927816483725163,0.0,0.0
12,3824636,3883111,0,76.47457627118644,1.3322077025849886,74.0,79.0,3.0,0.6297235299224025,0.0,0.0035031675571017143,0.002890966917664022,0.0,0.0
12,3832111,3891111,0,76.16666666666667,1.4510532573119277,74.0,79.0,1.0,0.6243640832675886,0.0,0.003665707321910537,0.0029665911487863905,0.0,0.0
12,3840111,3899111,0,76.16666666666667,1.380418616056577,74.0,79.0,3.0,0.5674803065350239,0.0,0.004309464325523172,0.005683396069718316,0.0,0.0
12,3848111,3901111,0,76.46296296296296,1.3569159334609162,74.0,79.0,3.0,0.5987408170800917,0.0,0.0042173317908990975,0.005860238272935025,0.0,0.0
12,3856111,3901111,0,76.54347826086956,1.4250327492671642,74.0,79.0,4.0,0.5962847939999439,0.0,0.004289639767304758,0.006236439666069922,0.0,0.0
12,3864111,3901111,0,76.60526315789474,1.531072442925143,74.0,79.0,3.0,0.5927489783638191,0.0,0.004159612128139796,0.00657439949579609,0.0,0.0
12,3872111,3901111,0,76.36666666666666,1.5595583420386114,74.0,79.0,0.0,0.5872202195147035,0.0,0.00438842191070588,0.007342963266454256,0.0,0.0
12,3880111,3901111,0,75.77272727272727,1.3118972445147101,74.0,79.0,3.0,0.5773502691896257,0.0,0.005310870707654074,0.008352749533739181,0.0,0.0
12,3888111,3901111,0,76.35714285714286,1.171515676204052,74.0,79.0,5.0,0.6201736729460423,0.0,0.005606160413347862,0.010211641619011448,0.0,0.0
12,3896111,3901111,0,77.33333333333333,0.9428090415820634,76.0,79.0,3.0,0.7745966692414834,0.0,0.009208069232647657,0.014655304700693157,0.0,0.0
13,2252704,2311960,1,83.17543859649123,3.774907025775225,79.0,92.0,10.0,1.0350983390135313,0.0,0.05696730133280352,0.06503621484032353,0.0,0.0
13,2260960,2319960,1,82.0677966101695,2.6544775526036464,79.0,90.0,9.0,1.042212500669477,0.0,0.05468915788079742,0.057844272775121865,0.0,0.0
13,2268960,2327960,1,81.1864406779661,1.7512666241477275,78.0,86.0,6.0,1.0827805840074194,0.0,0.08220027720368016,0.12407633431353267,0.0,0.0
13,2276960,2335960,1,80.67796610169492,1.8080861495721476,78.0,86.0,0.0,1.1295406451144276,0.0,0.07152866972354718,0.12218235864808734,0.0,0.0
14,1709849,1740996,1,103.28571428571429,1.5319721849662298,101.0,106.0,0.0,0.769800358919501,0.0,0.04961289077094622,0.10511964839763324,0.0,0.0
14,1717868,1740996,1,103.52380952380952,1.5620209016054025,101.0,106.0,4.0,0.6324555320336759,0.0,0.05886465343824001,0.11846895071741066,0.0,0.0
14,1725890,1740996,1,104.33333333333333,1.0110500592068732,102.0,106.0,3.0,0.7071067811865476,0.0,0.07906865010728062,0.134914073491956,0.0,0.0
14,1733996,1740996,1,104.875,0.5994789404140899,104.0,106.0,0.0,0.7559289460184544,0.0,0.05082034433044265,0.07629367968246802,0.0,0.0
14,5474602,5481602,1,105.5,0.5,105.0,106.0,1.0,0.6546536707079771,0.0,0.050765566855667674,0.07727165714404295,0.0,0.0
14,5474602,5489602,1,103.4375,2.3443749166888814,99.0,106.0,7.0,0.7745966692414834,0.0,0.033332570435307164,0.059625371604496935,0.0,0.0
14,5474602,5493602,1,102.8,2.4819347291981715,99.0,106.0,7.0,0.8885233166386386,0.0,0.06907980111537429,0.11385401573811725,0.0,0.0
14,5474602,5493602,1,102.8,2.4819347291981715,99.0,106.0,7.0,0.8885233166386386,0.0,0.06907980111537429,0.11385401573811725,0.0,0.0
14,5474602,5513602,1,100.84615384615384,4.185067848841675,94.0,106.0,12.0,1.1661903789690602,0.0,0.054465803135161354,0.10337179208103349,0.0,0.0
14,5474602,5521602,1,99.20588235294117,4.707812104331329,93.0,106.0,12.0,1.044465935734187,0.0,0.04270641735551278,0.0928589680253426,0.0,0.0
14,5474602,5529602,1,98.47619047619048,4.515782351866961,93.0,106.0,10.0,0.9877295966495896,0.0,0.036260383851315636,0.08465125904179385,0.0,0.0
14,5478602,5537602,1,97.52173913043478,3.7051030052851655,93.0,106.0,10.0,0.9428090415820634,0.0,0.029059133694974423,0.07456410756633676,0.0,0.0
14,5486602,5545602,1,96.06521739130434,2.2106675552189077,93.0,101.0,5.0,0.9067647005823629,0.0,0.03536950612012028,0.07568410124487167,0.0,0.0
14,5508602,5553602,1,95.34782608695652,1.1650226962586314,93.0,98.0,3.0,0.6146362971528592,0.0,0.02349723342913224,0.03007367869837548,0.0,0.0
14,5508602,5555602,1,95.41666666666667,1.1873172373979173,93.0,98.0,2.0,0.618852747755276,0.0,0.02660307026456334,0.033048044846677796,0.0,0.0
14,5510602,5555602,1,95.45652173913044,1.1924859262523893,93.0,98.0,2.0,0.5962847939999439,0.0,0.02759075445742941,0.03340368536522248,0.0,0.0
14,5518602,5555602,1,95.76315789473684,1.0621282142426616,94.0,98.0,3.0,0.5927489783638191,0.0,0.03208577079028093,0.035104829713558855,0.0,0.0
14,5526602,5555602,1,96.16666666666667,0.7781745019952501,95.0,98.0,1.0,0.6158817620514397,0.0,0.03921403212693076,0.03623712253232792,0.0,0.0
14,5534602,5555602,1,96.0909090909091,0.8479435502808012,95.0,98.0,0.0,0.6172133998483676,0.0,0.049706552324595796,0.03689460311949491,0.0,0.0
14,5542602,5555602,1,96.07142857142857,0.8835226340609272,95.0,98.0,2.0,0.6793662204867574,0.0,0.054171771031858364,0.03639457176673059,0.0,0.0
14,5550602,5555602,1,96.83333333333333,0.6871842709362769,96.0,98.0,1.0,0.7745966692414834,0.0,0.05120231981959541,0.03756955454329868,0.0,0.0
14,6065182,6073742,1,104.71428571428571,1.385051387833237,103.0,107.0,4.0,0.816496580927726,0.0,0.04035333196750196,0.05524141534385473,0.0,0.0
14,6065182,6081742,1,102.58333333333333,2.984915781428719,98.0,107.0,9.0,1.1677484162422844,0.0,0.037265728478511714,0.04391025282716467,0.0,0.0
14,6065182,6089742,1,100.7,3.3331666624997918,96.0,107.0,11.0,1.0513149660756937,0.0,0.048140423827202475,0.06512734425266564,0.0,0.0
14,6065182,6097742,1,99.60714285714286,3.3310153505059263,96.0,107.0,10.0,0.9428090415820634,0.0,0.04836152140193093,0.058560969596847,0.0,0.0
14,6065182,6105742,1,99.30555555555556,3.0167996696687673,96.0,107.0,9.0,0.8783100656536799,0.0,0.04892358772982478,0.05906629928453637,0.0,0.0
14,6065182,6113742,1,98.93181818181819,2.8635461746259434,96.0,107.0,9.0,0.9021937088963173,0.0,0.050417629812707275,0.06556630384216339,0.0,0.0
14,6065182,6119742,1,98.98,2.7017771928861936,96.0,107.0,9.0,0.9147320339189784,0.0,0.04881200486798107,0.06231464726536693,0.0,0.0
14,6070742,6129742,1,98.73584905660377,1.982479326273766,96.0,104.0,4.0,0.9405399431259602,0.0,0.049234126143248784,0.06362740328484096,0.0,0.0
14,6078742,6137742,1,98.3859649122807,1.641077801216641,95.0,102.0,5.0,0.8964214570007952,0.0,0.04635284285235055,0.06225125939912987,0.0,0.0
14,6086742,6145742,1,97.80701754385964,2.1311276686400302,94.0,102.0,5.0,0.8762745818846641,0.0,0.04410021637901984,0.06280891620623034,0.0,0.0
15,4212773,4272664,1,82.38636363636364,4.222321146924828,74.0,87.0,12.0,1.0115610777177464,0.0,0.07688245126533277,0.08669067178578167,0.0,0.0
15,4220791,4280664,1,83.45652173913044,2.763948984452832,76.0,87.0,5.0,1.043498389499902,0.0,0.0738223578602579,0.08581141866194464,0.0,0.0
15,4229664,4288664,1,84.46511627906976,1.6332139410306454,81.0,87.0,4.0,1.1338934190276817,0.0,0.08026063570396931,0.10097932594456328,0.0,0.0
15,4237664,4296664,1,84.97560975609755,1.893349140982961,81.0,90.0,6.0,1.224744871391589,0.0,0.10100908915026066,0.10446234160556811,0.0,0.0
15,4245664,4301664,1,85.19444444444444,2.1320236141651963,81.0,90.0,0.0,1.1952286093343936,0.0,0.10924370148610014,0.10802649121557147,0.0,0.0
15,4253664,4301664,1,84.89285714285714,2.3043326538483626,81.0,90.0,2.0,1.2765694770084508,0.0,0.09584299558990236,0.10750455762021012,0.0,0.0
15,4262664,4301664,1,84.88461538461539,2.3911201603645464,81.0,90.0,4.0,1.2649110640673518,0.0,0.10165739178008026,0.10939546216322502,0.0,0.0
15,4269664,4301664,1,84.96,2.4079867109267856,81.0,90.0,4.0,1.2909944487358056,0.0,0.10084880711905711,0.11148570666043575,0.0,0.0
15,4277664,4301664,1,85.52941176470588,2.659448130695839,81.0,90.0,5.0,1.346291201783626,0.0,0.13138539350220566,0.12140229423654844,0.0,0.0
15,4286664,4301664,1,87.08333333333333,1.2555432644432802,86.0,90.0,1.0,1.1677484162422844,0.0,0.16967970997793222,0.12402952165091899,0.0,0.0
15,4293664,4301664,1,88.2,1.16619037896906,87.0,90.0,0.0,1.7320508075688772,0.0,0.1652487681060038,0.10013040780434856,0.0,0.0
15,6089200,6096291,0,70.75,0.6614378277661477,70.0,72.0,1.0,0.6546536707079771,0.0,0.010944459980604393,0.009243084198568988,0.0,0.0
15,6089200,6104291,0,72.125,1.7275343701356567,70.0,75.0,2.0,0.8944271909999159,0.0,0.006736005354070286,0.007817979646431085,0.0,0.0
15,6089200,6111309,0,72.78260869565217,1.768234731101109,70.0,75.0,3.0,0.8257228238447705,0.0,0.008067918875618507,0.009873545977870941,0.0,0.0
15,6089200,6120072,0,73.06666666666666,1.671991493864594,70.0,75.0,1.0,0.7656414934887764,0.0,0.007107869773989098,0.008979125264847856,0.0,0.0
15,6089200,6128072,0,72.86842105263158,1.6249866822382035,70.0,75.0,0.0,1.0904995136125413,0.0,0.0067332702896811146,0.008152746430002562,0.0,0.0
15,6089200,6136072,0,72.54347826086956,1.6511724653702822,70.0,75.0,2.0,1.0327955589886444,0.0,0.0066948473724709745,0.007512854972371455,0.0,0.0
15,6089200,6144072,0,72.18518518518519,1.7540859609206843,70.0,75.0,2.0,0.9712858623572642,0.0,0.006402858735617533,0.0070851656959656385,0.0,0.0
15,6093218,6152072,0,71.86206896551724,1.9515535443904857,69.0,75.0,0.0,0.936585811581694,0.0,0.006056752220145718,0.006827656574414549,0.0,0.0
15,6101291,6160072,0,71.53448275862068,2.135217967080671,68.0,75.0,7.0,0.8685539504902852,0.0,0.0054140054943356344,0.0057026938793310646,0.0,0.0
15,6109299,6168072,0,70.8103448275862,1.969219139411602,68.0,75.0,6.0,0.8583950752789521,0.0,0.004841632269261433,0.003067770803627532,0.0,0.0
15,6117072,6176072,0,70.13333333333334,1.564892612574067,68.0,75.0,5.0,0.8537057803025782,0.0,0.004910301262712324,0.003006357028058988,0.0,0.0
16,1071052,1130333,1,48.78947368421053,2.2535495752044086,45.0,54.0,3.0,0.7440238091428449,0.0,0.009796407494461777,0.007864717178323925,0.0,0.0
16,1079077,1138333,1,48.05263157894737,2.3502224801859057,45.0,54.0,9.0,0.6943650748294136,0.0,0.007694793354121034,0.007184508208496984,0.0,0.0
16,1087106,1146333,1,47.280701754385966,1.8987935778805527,45.0,52.0,3.0,0.6681531047810609,0.0,0.00695393132286293,0.007986762374703436,0.0,0.0
16,1095137,1154333,1,47.08771929824562,1.7994219515730645,45.0,52.0,0.0,0.7559289460184544,0.0,0.005154262932534442,0.006302159054163859,0.0,0.0
16,1106333,1159333,1,46.851851851851855,1.532456360413126,45.0,50.0,0.0,0.6729265849104531,0.0,0.0047492403673750115,0.006360494991874161,0.0,0.0
16,1111333,1159333,1,46.673469387755105,1.489935693750529,45.0,50.0,1.0,0.6922186552431729,0.0,0.004977764773444357,0.006623517205328159,0.0,0.0
16,1119333,1159333,1,46.63414634146341,1.5889265829173007,45.0,50.0,3.0,0.689202437604511,0.0,0.005304506481264566,0.007152324587659053,0.0,0.0
16,1127333,1159333,1,46.81818181818182,1.7136624867392354,45.0,50.0,3.0,0.7288689868556626,0.0,0.005279950592676938,0.00790199143112823,0.0,0.0
16,1135333,1159333,1,47.16,1.8260339536821324,45.0,50.0,4.0,0.7637626158259734,0.0,0.0059847493983391006,0.008925049178234334,0.0,0.0
16,1143333,1159333,1,48.0,1.6087993330796875,46.0,50.0,3.0,0.82915619758885,0.0,0.004286258401322692,0.006567698705773067,0.0,0.0
16,1151333,1159333,1,49.333333333333336,0.4714045207910317,49.0,50.0,1.0,0.7905694150420949,0.0,0.0018532804158577078,0.0009881341263717788,0.0,0.0
16,2389504,2394512,0,60.5,0.5,60.0,61.0,1.0,0.7745966692414834,0.0,0.010916405170299128,0.004917873440226077,0.0,0.0
16,2389504,2402538,0,60.857142857142854,0.6388765649999398,60.0,62.0,2.0,0.6793662204867574,0.0,0.009421714814774816,0.004039442585600928,0.0,0.0
16,2389504,2410811,0,61.31818181818182,0.8194434716963611,60.0,63.0,2.0,0.6172133998483676,0.0,0.007082928052074844,0.004574348407159594,0.0,0.0
16,2389504,2418811,0,61.3,0.7371114795831994,60.0,63.0,1.0,0.5570860145311556,0.0,0.00684015053249117,0.004276227608107534,0.0,0.0
16,2389504,2426811,0,61.44736842105263,0.7144143137104331,60.0,63.0,2.0,0.5198752449100363,0.0,0.006648021001384192,0.004081163893244667,0.0,0.0
16,2389504,2434811,0,61.41304347826087,0.8741725766470914,58.0,63.0,2.0,0.6324555320336759,0.0,0.006292426490408642,0.003920539854226696,0.0,0.0
16,2389504,2442811,0,60.111111111111114,3.331480966792211,49.0,63.0,11.0,0.764791252811745,0.0,0.006313696884465126,0.003804837595075516,0.0,0.0
16,2391510,2450811,0,58.583333333333336,5.03418866904644,48.0,63.0,13.0,0.7478783550139053,0.0,0.006298157895773379,0.0037621916155684246,0.0,0.0
16,2399529,2458811,0,56.95,5.967760607352364,48.0,63.0,12.0,0.7364596943186587,0.0,0.00548552969359528,0.003167519876062478,0.0,0.0
16,2407556,2466811,0,55.266666666666666,6.117915403868289,48.0,62.0,13.0,0.7478783550139053,0.0,0.005621173956084334,0.0031145897946430693,0.0,0.0
16,2415811,2474811,0,53.516666666666666,5.886401466279906,48.0,62.0,13.0,0.7478783550139053,0.0,0.005743443965347146,0.00317213736554098,0.0,0.0
16,2423811,2477811,0,52.0,5.339390499775317,47.0,62.0,15.0,0.7817359599705717,0.0,0.005833112537399972,0.003119694291143255,0.0,0.0
16,2431811,2477811,0,50.297872340425535,3.666495187836258,47.0,62.0,15.0,0.8469895538599198,0.0,0.005883399934775184,0.0032772198955031717,0.0,0.0
16,2439811,2477811,0,48.82051282051282,1.0590705860545326,47.0,52.0,5.0,0.6688560540599386,0.0,0.005847938773501226,0.0033106402074959953,0.0,0.0
16,2447811,2477811,0,48.516129032258064,0.7565186709392628,47.0,50.0,1.0,0.5477225575051661,0.0,0.005833597076433829,0.0032681333660822248,0.0,0.0
16,2455811,2477811,0,48.608695652173914,0.8203461853962264,47.0,50.0,1.0,0.5640760748177662,0.0,0.005503164057533254,0.0030540121885488302,0.0,0.0
16,2463811,2477811,0,48.46666666666667,0.8844332774281066,47.0,50.0,3.0,0.4629100498862757,0.0,0.006007677215450386,0.003319793983577179,0.0,0.0
16,2471811,2477811,0,47.714285714285715,0.6998542122237651,47.0,49.0,2.0,0.5773502691896257,0.0,0.006533460481718266,0.0022979784844669024,0.0,0.0
16,3603655,3610686,0,51.875,0.5994789404140899,51.0,53.0,1.0,0.8451542547285166,0.0,0.004102387540665671,0.0024728851772102167,0.0,0.0
16,3603655,3618717,0,51.6875,0.582961190818051,51.0,53.0,0.0,0.7302967433402214,0.0,0.0035132126098566772,0.0023132581327586117,0.0,0.0
16,3603655,3626749,0,52.5,2.29128784747792,50.0,60.0,9.0,1.1978241142570356,0.0,0.04493493213650329,0.08005720657312015,0.0,0.0
16,3603655,3634784,0,55.8125,6.1157455596190395,50.0,67.0,16.0,1.545023227719748,0.0,0.0364459211592931,0.07098733874094532,0.0,0.0
16,3603655,3642847,0,58.65,7.9295334036751495,50.0,73.0,22.0,1.5021352323976216,0.0,0.03811490165318489,0.0752418417742763,0.0,0.0
16,3603655,3650854,0,61.25,9.32626220233308,50.0,77.0,23.0,1.5367830450846256,0.0,0.041587176940206576,0.07306733257305996,0.0,0.0
16,3603655,3658920,0,63.125,9.790780101707933,50.0,77.0,24.0,1.572490786213793,0.0,0.04337144205336668,0.06878505771654843,0.0,0.0
16,3607674,3665936,0,65.08474576271186,9.544344559526161,50.0,77.0,21.0,1.5480800121886242,0.0,0.05566469729762069,0.07889213185982903,0.0,0.0
16,3615705,3674991,0,67.89830508474576,8.075270715416435,50.0,77.0,20.0,1.629469979408367,0.0,0.060218015405683924,0.07734321562375716,0.0,0.0
16,3623737,3682113,0,70.08474576271186,4.937878964107662,54.0,77.0,10.0,1.629469979408367,0.0,0.09009428620592261,0.1371564485197486,0.0,0.0
16,3631771,3690113,0,70.77966101694915,3.6409525509557015,63.0,77.0,6.0,1.4739110533215525,0.0,0.11293442450072,0.15435589873032782,0.0,0.0
17,2409572,2469398,1,88.91071428571429,2.8111816638095046,83.0,94.0,6.0,0.6875516509523286,0.0,0.020356994202114054,0.054624733694451484,0.0,0.0
17,2417581,2477398,1,87.94642857142857,3.481684951577442,82.0,94.0,6.0,0.7135060680126757,0.0,0.018609816042630324,0.05485365160990484,0.0,0.0
17,2425592,2485398,1,87.28571428571429,3.426338558631845,82.0,94.0,6.0,0.6875516509523286,0.0,0.011465491110683635,0.033256866922316726,0.0,0.0
17,2434398,2493398,1,86.82758620689656,2.7800888787236384,82.0,93.0,4.0,0.6753816335059705,0.0,0.007061402976173793,0.015826849985506427,0.0,0.0
17,2442398,2498398,1,86.63157894736842,2.531427576902141,82.0,90.0,2.0,0.5976143046671968,0.0,0.0047401949199067745,0.0033521880669007695,0.0,0.0
17,2450398,2498398,1,86.24489795918367,2.5033089305622207,82.0,90.0,0.0,0.6123724356957945,0.0,0.004747780108501843,0.003508649930871107,0.0,0.0
17,2458398,2498398,1,85.78048780487805,2.4645010885988543,82.0,90.0,2.0,0.6324555320336759,0.0,0.004551260060660353,0.0036543360524748498,0.0,0.0
17,2466398,2498398,1,85.87878787878788,2.6486998040499583,82.0,90.0,7.0,0.5303300858899106,0.0,0.0048490751558571965,0.00375520462533751,0.0,0.0
17,2474398,2498398,1,86.8,2.4,82.0,90.0,8.0,0.5773502691896257,0.0,0.004841590809571344,0.0038798520572472734,0.0,0.0
17,2482398,2498398,1,88.23529411764706,1.164646463130784,86.0,90.0,4.0,0.5,0.0,0.004006367571075888,0.0028865635958930007,0.0,0.0
17,2490398,2498398,1,89.11111111111111,0.5665577237325317,88.0,90.0,2.0,0.5,0.0,0.0033391028989925623,0.002588088961975519,0.0,0.0
17,4149517,4156527,1,86.625,0.6959705453537527,86.0,88.0,2.0,0.5345224838248488,0.0,0.026905707083616483,0.02584435884909506,0.0,0.0
17,4149517,4164741,1,87.75,1.3919410907075054,86.0,90.0,3.0,0.6831300510639732,0.0,0.018549198850083933,0.021182053672896547,0.0,0.0
17,4149517,4172741,1,88.16666666666667,1.4043582955293932,86.0,90.0,1.0,0.6915640748081247,0.0,0.01465568441300584,0.018367768514788368,0.0,0.0
19,1969726,2029478,1,79.53333333333333,2.5460208605237744,74.0,84.0,6.0,1.089238577156585,0.0,0.06527680502776761,0.09812346146017815,0.0,0.0
19,1978478,2037478,1,80.05084745762711,2.493542363607185,74.0,84.0,3.0,1.0747894741730137,0.0,0.06336112462665573,0.0984916086188044,0.0,0.0
19,1986478,2045478,1,80.03389830508475,2.4353755962362134,74.0,84.0,0.0,1.0339078862458586,0.0,0.07037276927070624,0.10177589437711344,0.0,0.0
19,1994478,2053478,1,80.33898305084746,2.607747059920936,74.0,84.0,2.0,1.0339078862458586,0.0,0.07811609774844767,0.11414973378994814,0.0,0.0
19,2002478,2057478,1,80.8,2.692751212219408,74.0,85.0,10.0,1.0363754503432017,0.0,0.08172576179343258,0.11742095509913114,0.0,0.0
19,2010478,2057478,1,81.68085106382979,1.7023935962465973,78.0,85.0,7.0,0.966841563388569,0.0,0.07187352587828293,0.11501244368843157,0.0,0.0
19,2018478,2057478,1,81.95,1.5960889699512366,79.0,85.0,4.0,0.9336995618478525,0.0,0.05410793396494642,0.08181311355023659,0.0,0.0
19,2026478,2057478,1,81.90625,1.7021929789245402,79.0,85.0,1.0,0.9332565252573828,0.0,0.057413036225277644,0.08957227168274322,0.0,0.0
19,2034478,2057478,1,81.58333333333333,1.8008485654145259,79.0,85.0,5.0,0.9555330859059091,0.0,0.0679107152699265,0.10116224317042183,0.0,0.0
19,2042478,2057478,1,82.6875,1.0439558180306292,81.0,85.0,4.0,1.0954451150103321,0.0,0.08674432909634956,0.11884119910098803,0.0,0.0
19,2050478,2057478,1,83.25,0.82915619758885,82.0,85.0,2.0,1.0690449676496976,0.0,0.03259162007725232,0.017447459726181825,0.0,0.0
19,3935670,3941691,1,74.71428571428571,0.6998542122237653,73.0,75.0,2.0,0.816496580927726,0.0,0.021096905110746918,0.00869814672543097,0.0,0.0
19,3935670,3949707,1,75.0,0.7302967433402214,73.0,76.0,3.0,0.8017837257372732,0.0,0.030884198439210676,0.04371718043908031,0.0,0.0
19,3935670,3957657,1,75.8695652173913,1.5963095435378973,73.0,80.0,5.0,1.02247471629109,0.0,0.02728473620962631,0.0366201383433053,0.0,0.0
21,406738,414790,1,99.5,1.118033988749895,98.0,101.0,1.0,0.8451542547285166,0.0,0.1355913828156073,0.20414847425796456,0.0,0.0
21,3851207,3866250,0,94.9,1.3,93.0,97.0,1.0,1.2909944487358056,0.0,0.00988911674687767,0.004001886446939567,0.0,0.0
21,3851207,3874183,0,95.0,1.0954451150103321,93.0,97.0,2.0,1.0690449676496976,0.0,0.011037806186593278,0.004044250177850816,0.0,0.0
21,3851207,3882183,0,95.1304347826087,0.9465887416120542,93.0,97.0,2.0,0.9045340337332909,0.0,0.012430722304273377,0.004370753929274964,0.0,0.0
21,3851207,3890183,0,94.6774193548387,1.3047579623326893,91.0,97.0,6.0,0.8563488385776752,0.0,0.012273257862998632,0.004490719732301454,0.0,0.0
21,3851207,3898183,0,93.25641025641026,3.1026700554063624,86.0,97.0,11.0,0.8735890880367281,0.0,0.012901778508530656,0.004322935897580956,0.0,0.0
21,3851207,3906183,0,91.70212765957447,4.466970479004622,83.0,97.0,14.0,0.8340576562282991,0.0,0.013090093734102191,0.004400512209969475,0.0,0.0
21,3859235,3914183,0,90.52830188679245,4.696862756981618,83.0,96.0,9.0,0.7205766921228921,0.0,0.01319598303890225,0.004193347185927241,0.0,0.0
21,3863240,3922183,0,89.50877192982456,4.859870791068291,83.0,96.0,9.0,0.6943650748294136,0.0,0.013658941737271363,0.00393980781416788,0.0,0.0
21,3872183,3930183,0,88.42372881355932,4.434851916318994,83.0,96.0,8.0,0.6695340634119862,0.0,0.013721917879444167,0.0040247173760048355,0.0,0.0
21,3879183,3938183,0,87.33333333333333,3.6453928305312844,83.0,96.0,9.0,0.676481425202546,0.0,0.013882739496197633,0.003976455853280484,0.0,0.0
21,3887183,3939183,0,86.18867924528301,2.2575375111163805,83.0,93.0,6.0,0.6793662204867574,0.0,0.013856965754439407,0.003921657060985911,0.0,0.0
21,3895183,3939183,0,85.4,1.1234866364235143,83.0,87.0,0.0,0.6030226891555273,0.0,0.013970046656053543,0.0038144921002013867,0.0,0.0
21,3903183,3939183,0,85.32432432432432,1.14027151944481,83.0,87.0,3.0,0.6009252125773316,0.0,0.01343160255836884,0.0038508374453542263,0.0,0.0
21,3911183,3939183,0,85.62068965517241,0.9252695079309474,84.0,87.0,1.0,0.5669467095138409,0.0,0.014049860795193136,0.003458260958899989,0.0,0.0
21,3919183,3939183,0,86.04761904761905,0.5753831415997416,85.0,87.0,2.0,0.5477225575051661,0.0,0.014077568434676311,0.0036154333232595952,0.0,0.0
21,3927183,3939183,0,86.23076923076923,0.5756395979652217,85.0,87.0,2.0,0.5773502691896257,0.0,0.014564257531965441,0.002740775693512893,0.0,0.0
21,3935183,3939183,0,86.4,0.4898979485566356,86.0,87.0,1.0,0.5,0.0,0.01309723998193888,0.003149099794641522,0.0,0.0
21,4500074,4506092,0,85.14285714285714,1.124858267715973,84.0,87.0,3.0,0.7071067811865476,0.0,0.009672137659238638,0.005139612524865403,0.0,0.0
21,4500074,4514110,0,85.2,1.16619037896906,84.0,87.0,0.0,0.6546536707079771,0.0,0.007610950423012928,0.00511904321722227,0.0,0.0
21,4500074,4519125,0,85.65,1.2757350822173072,84.0,87.0,0.0,0.5619514869490163,0.0,0.006517942010124897,0.00489421211032031,0.0,0.0
21,4500074,4529870,0,85.96296296296296,1.2317251220974734,84.0,87.0,1.0,0.5188745216627708,0.0,0.005623374367357004,0.004560678668398111,0.0,0.0
21,4500074,4537870,0,85.82857142857142,1.1584648532979023,84.0,87.0,3.0,0.5144957554275266,0.0,0.0050463514635526495,0.004241198429976443,0.0,0.0
21,4500074,4545870,0,85.32558139534883,1.5053537053657915,82.0,87.0,5.0,0.5563486402641868,0.0,0.0086932368409865,0.016730518603892762,0.0,0.0
21,4500074,4553870,0,84.88235294117646,1.756188596146908,81.0,87.0,3.0,0.648074069840786,0.0,0.01153787909958811,0.016994970627039693,0.0,0.0
21,4503084,4561870,0,84.71428571428571,1.665986255670086,81.0,87.0,0.0,0.6605782590758164,0.0,0.014762753833450173,0.018518860077645978,0.0,0.0
21,4511107,4569870,0,84.48214285714286,1.8515540907627863,81.0,87.0,3.0,0.7006490497453707,0.0,0.01911427842565524,0.020078071415980215,0.0,0.0
21,4519125,4577870,0,83.98214285714286,1.6849233919483384,81.0,87.0,3.0,0.7006490497453707,0.0,0.02286564389166403,0.019787669039810326,0.0,0.0
21,4526870,4585870,0,83.81666666666666,1.4661931053658048,81.0,87.0,1.0,0.7248611789946813,0.0,0.02655306737948319,0.01982820594769747,0.0,0.0
21,4534870,4588870,0,83.61818181818182,1.368355470707402,81.0,87.0,2.0,0.7453559924999299,0.0,0.029574011515689134,0.018676924821672505,0.0,0.0
21,4542870,4588870,0,83.53191489361703,1.4269602244346566,81.0,87.0,4.0,0.7518094115561123,0.0,0.03399691469785806,0.016517075362840965,0.0,0.0
21,4550870,4588870,0,83.74358974358974,1.4450259285749099,81.0,87.0,5.0,0.7071067811865476,0.0,0.03325881475170111,0.01291453224162718,0.0,0.0
21,4558870,4588870,0,83.80645161290323,1.5116612275948367,81.0,87.0,3.0,0.6582805886043833,0.0,0.03445589391030733,0.01299586137999722,0.0,0.0
21,4566870,4588870,0,83.78260869565217,1.7183541604669132,81.0,87.0,5.0,0.6396021490668313,0.0,0.03362029768534826,0.014215057308175839,0.0,0.0
21,4574870,4588870,0,84.73333333333333,1.339983416149452,83.0,87.0,3.0,0.5976143046671968,0.0,0.030548525934039717,0.016302313097067745,0.0,0.0
21,4582870,4588870,0,85.85714285714286,1.124858267715973,84.0,87.0,3.0,0.7071067811865476,0.0,0.03528687896919285,0.02087397424632845,0.0,0.0
21,5734409,5738421,1,89.8,0.4,89.0,90.0,0.0,0.7071067811865476,0.0,0.014169026627000545,0.007681461804264685,0.0,0.0
21,5734409,5746444,1,89.53846153846153,0.4985185152621431,89.0,90.0,0.0,0.5773502691896257,0.0,0.017759043373878926,0.008642560051456324,0.0,0.0
21,5734409,5754168,1,89.21052631578948,0.6942582083301537,88.0,90.0,1.0,0.6236095644623235,0.0,0.0166722352429956,0.008121372142873035,0.0,0.0
21,5734409,5762168,1,89.22222222222223,0.7856742013183862,88.0,91.0,1.0,0.6504436355879909,0.0,0.014387166333818483,0.007791313659972205,0.0,0.0
21,5734409,5770168,1,89.02857142857142,0.9406901504659616,87.0,91.0,3.0,0.6642111641550714,0.0,0.012915318523913177,0.00738544717741886,0.0,0.0
21,5734409,5778168,1,88.3953488372093,1.644434374852436,84.0,91.0,6.0,0.6900655593423543,0.0,0.012421705602594089,0.0072048117651852235,0.0,0.0
21,5734409,5786168,1,87.43137254901961,2.7242908914444555,81.0,91.0,8.0,0.6928203230275509,0.0,0.011791771370626924,0.007043747021481658,0.0,0.0
21,5735412,5794168,1,86.6896551724138,3.074965077187304,81.0,91.0,6.0,0.6753816335059705,0.0,0.013403963490029935,0.0127706208675984,0.0,0.0
21,5743435,5802168,1,86.10344827586206,2.898808644541657,81.0,91.0,3.0,0.6882472016116853,0.0,0.012700652147353005,0.012665689693398301,0.0,0.0
21,5751168,5810168,1,85.65,2.6509432283623124,81.0,91.0,4.0,0.6888949638271721,0.0,0.011526114701474558,0.01210183627332533,0.0,0.0
21,5759168,5818168,1,85.26666666666667,2.448582356294261,81.0,91.0,2.0,0.7130740328122925,0.0,0.011903429384940096,0.012423720525156879,0.0,0.0
21,5767168,5823168,1,84.94736842105263,2.12273452101813,81.0,90.0,2.0,0.7071067811865476,0.0,0.01225267534022511,0.012751389846046684,0.0,0.0
21,5775168,5823168,1,84.61224489795919,2.0880253979475367,81.0,90.0,4.0,0.7071067811865476,0.0,0.01268923081054854,0.013506882479380486,0.0,0.0
21,5783168,5823168,1,84.7560975609756,2.195121951219512,81.0,90.0,9.0,0.689202437604511,0.0,0.013659968341516494,0.014464516117172041,0.0,0.0
21,5791168,5823168,1,85.48484848484848,1.794287435525753,82.0,90.0,8.0,0.75,0.0,0.013864997766248947,0.015598047523868976,0.0,0.0
21,5799168,5823168,1,86.08,1.547126368465097,84.0,90.0,5.0,0.7905694150420949,0.0,0.011852115122294133,0.007261743384005651,0.0,0.0
21,5807168,5823168,1,86.29411764705883,1.77448272105863,84.0,90.0,4.0,0.7905694150420949,0.0,0.010991280957936568,0.007119313829892181,0.0,0.0
21,5815168,5823168,1,87.55555555555556,1.4989708403591155,85.0,90.0,5.0,0.7905694150420949,0.0,0.011884713610768935,0.005170999581358878,0.0,0.0
21,6714977,6721977,1,91.0,0.6324555320336759,90.0,92.0,0.0,1.224744871391589,0.0,0.12551873521551551,0.11355132159263007,0.0,0.0
21,6714977,6725977,1,90.88888888888889,0.7370277311900889,90.0,92.0,1.0,1.0606601717798212,0.0,0.12424862892077823,0.10140231356835704,0.0,0.0
21,6714977,6725977,1,90.88888888888889,0.7370277311900889,90.0,92.0,1.0,1.0606601717798212,0.0,0.12424862892077823,0.10140231356835704,0.0,0.0
21,6714977,6745977,1,92.14285714285714,1.8070158058105024,90.0,95.0,4.0,1.0377490433255416,0.0,0.10377117323077759,0.10052606827997604,0.0,0.0
21,6714977,6748977,1,92.3529411764706,1.7129670327718869,90.0,95.0,2.0,1.0,0.0,0.10641344710728223,0.10400877824957112,0.0,0.0
22,1013168,1072760,0,80.45614035087719,2.347601803099424,76.0,86.0,5.0,1.1726039399558574,0.0,0.056450164177762455,0.09251158264044897,0.0,0.0
22,1021412,1080760,0,81.25454545454545,2.9493801001577618,76.0,89.0,11.0,1.239772978023411,0.0,0.057604601351141003,0.09397929422437135,0.0,0.0
22,1029412,1088760,0,82.69090909090909,2.9718236046559166,78.0,89.0,8.0,1.2171612389003692,0.0,0.053550328180410896,0.09424503693040395,0.0,0.0
22,1037412,1096760,0,83.27272727272727,2.7990553306073913,79.0,89.0,4.0,1.2765694770084508,0.0,0.04826122228935248,0.09348774448598174,0.0,0.0
22,1045412,1101760,0,83.65384615384616,2.6376316254769123,79.0,89.0,3.0,1.2909944487358056,0.0,0.04877766217223805,0.09634714670620549,0.0,0.0
22,1053412,1101760,0,83.88636363636364,2.604331262016038,79.0,89.0,0.0,1.034295625950562,0.0,0.041510319280636955,0.09481865504330445,0.0,0.0
22,1061412,1101760,0,84.66666666666667,2.1213203435596424,81.0,89.0,2.0,1.01418510567422,0.0,0.02858963591091735,0.0818061541012814,0.0,0.0
22,1069760,1101760,0,85.06666666666666,1.9988885800753267,82.0,89.0,1.0,1.0339078862458586,0.0,0.005401826784890917,0.004001413887824051,0.0,0.0
22,1080760,1101760,0,85.13636363636364,2.0067036413312835,82.0,89.0,6.0,0.9759000729485332,0.0,0.004715469320776978,0.004161120548377124,0.0,0.0
22,1085760,1101760,0,84.41176470588235,1.647058823529412,82.0,87.0,4.0,1.0606601717798212,0.0,0.003447970650221812,0.002487898551076628,0.0,0.0
22,1093760,1101760,0,83.77777777777777,1.1331154474650633,82.0,86.0,1.0,1.0606601717798212,0.0,0.002818611814003589,0.0014572845888393613,0.0,0.0
22,1685823,1688829,0,81.5,0.5,81.0,82.0,1.0,0.5773502691896257,0.0,0.01464865779531923,0.002157641172135143,0.0,0.0
22,1685823,1696848,0,80.58333333333333,0.759202798262025,80.0,82.0,1.0,0.5222329678670935,0.0,0.016276776637540066,0.01652255122230134,0.0,0.0
22,1685823,1705049,0,81.4,1.2409673645990855,80.0,84.0,0.0,0.6488856845230502,0.0,0.013206593283457094,0.014395336563645448,0.0,0.0
22,1685823,1713049,0,81.32142857142857,1.103681224311603,80.0,84.0,0.0,0.6666666666666666,0.0,0.011329885848680162,0.012931405709796253,0.0,0.0
22,1685823,1721049,0,81.55555555555556,1.2347839317162705,80.0,84.0,2.0,0.7559289460184544,0.0,0.009635359485417149,0.011862743789294312,0.0,0.0
22,1685823,1729049,0,80.6590909090909,2.2657848511576595,75.0,84.0,6.0,0.777593185920953,0.0,0.01126751994908161,0.01989764318788144,0.0,0.0
22,1685823,1737055,0,80.4423076923077,2.256728925632625,75.0,84.0,0.0,0.816496580927726,0.0,0.01765314097123549,0.033024958147798385,0.0,0.0
22,1685823,1744539,0,80.16949152542372,2.3154056083727785,75.0,84.0,4.0,0.8905635565617213,0.0,0.0312635624797005,0.057827038671939585,0.0,0.0
22,1693844,1752539,0,79.61016949152543,2.674531158993135,74.0,84.0,4.0,1.0,0.0,0.04140817642894579,0.0741393285766925,0.0,0.0
22,1701863,1760539,0,79.03389830508475,2.5839537547346505,74.0,84.0,5.0,1.0085838484282528,0.0,0.04170647082287487,0.07398934274017603,0.0,0.0
22,1710049,1768539,0,78.88135593220339,2.4844243323439685,74.0,84.0,3.0,1.025536024687107,0.0,0.041560271126854766,0.0740170477497411,0.0,0.0
22,1718049,1774539,0,79.08771929824562,2.986993452640766,74.0,86.0,3.0,1.026436275942851,0.0,0.04306304222965548,0.07485022493375305,0.0,0.0
22,1726049,1774539,0,79.0204081632653,3.0804836349572584,74.0,86.0,10.0,1.0408329997330663,0.0,0.049566953602482214,0.07883307779477974,0.0,0.0
22,1734049,1774539,0,79.46341463414635,3.147570189268415,74.0,86.0,7.0,1.08397416943394,0.0,0.05449432442743016,0.08371260931912282,0.0,0.0
22,1741539,1774539,0,79.29411764705883,3.37403068228235,74.0,86.0,10.0,0.9847319278346619,0.0,0.05078553159182968,0.08835545512702078,0.0,0.0
22,1749539,1774539,0,79.8076923076923,3.6376157742001918,74.0,86.0,11.0,0.8717797887081347,0.0,0.021915003228997396,0.06258768991195002,0.0,0.0
22,1757539,1774539,0,81.44444444444444,3.113094605804866,77.0,86.0,9.0,0.8043996665398437,0.0,0.007646721955393963,0.0043214916967270435,0.0,0.0
22,1765539,1774539,0,83.8,1.9899748742132397,81.0,86.0,5.0,0.8819171036881969,0.0,0.007471192442533319,0.0043781816196322414,0.0,0.0
22,3584012,3587012,0,93.0,0.7071067811865476,92.0,94.0,1.0,1.2909944487358056,0.0,0.1477679908820802,0.07400934636170914,0.0,0.0
22,3584012,3587012,0,93.0,0.7071067811865476,92.0,94.0,1.0,1.2909944487358056,0.0,0.1477679908820802,0.07400934636170914,0.0,0.0
22,3584012,3587012,0,93.0,0.7071067811865476,92.0,94.0,1.0,1.2909944487358056,0.0,0.1477679908820802,0.07400934636170914,0.0,0.0
22,3584012,3587012,0,93.0,0.7071067811865476,92.0,94.0,1.0,1.2909944487358056,0.0,0.1477679908820802,0.07400934636170914,0.0,0.0
22,3584012,3587012,0,93.0,0.7071067811865476,92.0,94.0,1.0,1.2909944487358056,0.0,0.1477679908820802,0.07400934636170914,0.0,0.0
22,3584012,3587012,0,93.0,0.7071067811865476,92.0,94.0,1.0,1.2909944487358056,0.0,0.1477679908820802,0.07400934636170914,0.0,0.0
22,3584012,3587012,0,93.0,0.7071067811865476,92.0,94.0,1.0,1.2909944487358056,0.0,0.1477679908820802,0.07400934636170914,0.0,0.0
22,4798179,4808179,0,88.8,1.469693845669907,86.0,91.0,2.0,1.247219128924647,0.0,0.10103897426138617,0.1243006322059577,0.0,0.0
22,4798179,4815179,0,89.11764705882354,1.2779741754353195,86.0,91.0,0.0,1.0606601717798212,0.0,0.11213046451357415,0.11882000701079164,0.0,0.0
22,4798179,4824179,0,89.15,1.388344337691482,86.0,92.0,3.0,1.3572417850765923,0.0,0.09779932568631938,0.11485963319017374,0.0,0.0
22,4798179,4832179,0,89.03571428571429,1.3223934701124012,86.0,92.0,0.0,1.186342028003479,0.0,0.07414031011445109,0.10420718166467265,0.0,0.0
22,4798179,4832179,0,89.03571428571429,1.3223934701124012,86.0,92.0,0.0,1.186342028003479,0.0,0.07414031011445109,0.10420718166467265,0.0,0.0
22,4798179,4832179,0,89.03571428571429,1.3223934701124012,86.0,92.0,0.0,1.186342028003479,0.0,0.07414031011445109,0.10420718166467265,0.0,0.0
22,4798179,4832179,0,89.03571428571429,1.3223934701124012,86.0,92.0,0.0,1.186342028003479,0.0,0.07414031011445109,0.10420718166467265,0.0,0.0
22,4805179,4832179,0,89.23809523809524,1.1507662831994832,88.0,92.0,1.0,1.118033988749895,0.0,0.06064164459792018,0.08404328197579729,0.0,0.0
22,4813179,4832179,0,89.14285714285714,1.355261854357877,88.0,92.0,2.0,1.3008872711759818,0.0,0.030068901936530338,0.03468843625863644,0.0,0.0
22,4823179,4832179,0,88.6,1.0198039027185568,88.0,91.0,3.0,0.5773502691896257,0.0,0.016593287869608155,0.01201574918358963,0.0,0.0
22,4829179,4832179,0,89.5,1.118033988749895,88.0,91.0,3.0,1.0,0.0,0.015183667675285834,0.006429927817750243,0.0,0.0
22,6871805,6880827,0,83.2,0.6,82.0,84.0,0.0,0.6666666666666666,0.0,0.01898143667711613,0.016439034553773532,0.0,0.0
22,6871805,6888850,0,84.83333333333333,1.9790570145063195,82.0,88.0,4.0,0.7669649888473704,0.0,0.02723276733065831,0.035293042446694595,0.0,0.0
22,6871805,6896884,0,85.88461538461539,2.3423676890130944,82.0,90.0,3.0,0.7745966692414834,0.0,0.04593239911628677,0.0847859953686345,0.0,0.0
22,6871805,6901892,0,86.09677419354838,2.2194861176476874,82.0,90.0,4.0,0.8563488385776752,0.0,0.04161772079340917,0.07857110232611954,0.0,0.0
22,6871805,6912941,0,86.675,2.3171911876234987,82.0,91.0,7.0,0.8320502943378437,0.0,0.043601223771717476,0.07279623841117071,0.0,0.0
22,6871805,6914941,0,86.92857142857143,2.5297549019510917,82.0,92.0,8.0,0.8263938705413374,0.0,0.0460763878190395,0.07204783690628694,0.0,0.0
22,6871805,6927119,0,87.17391304347827,2.5478409259101933,82.0,92.0,6.0,0.9189365834726815,0.0,0.04898173544844819,0.07073050560053076,0.0,0.0
22,6877818,6927119,0,87.775,2.1504360023027886,83.0,92.0,7.0,0.9473309334313419,0.0,0.05291696890998031,0.07465085368366846,0.0,0.0
23,1084786,1144291,0,78.55932203389831,2.2343329224085147,75.0,84.0,1.0,1.0586263057247414,0.0,0.03239021744014105,0.04001281114108383,0.0,0.0
23,1092795,1152291,0,78.44067796610169,2.1883449859768684,75.0,84.0,3.0,1.0085838484282528,0.0,0.030107018547632747,0.040194245585901976,0.0,0.0
23,1100808,1160291,0,78.41379310344827,2.1011858947009827,75.0,84.0,6.0,0.9911892555667041,0.0,0.030153558419465924,0.04043033735967972,0.0,0.0
23,1110291,1168291,0,79.05084745762711,2.2879472615526084,75.0,84.0,1.0,0.9913418283769,0.0,0.025388751112138685,0.031205385731582134,0.0,0.0
23,1117291,1173291,0,78.94736842105263,2.312597481162678,75.0,84.0,4.0,0.9636241116594315,0.0,0.020811128722667476,0.010815144679525641,0.0,0.0
23,1125291,1173291,0,78.36734693877551,1.8810969178453734,75.0,83.0,3.0,0.8539125638299665,0.0,0.02091668281651093,0.011418082905696405,0.0,0.0
23,1133291,1173291,0,78.46341463414635,1.9518291730480541,77.0,83.0,0.0,0.5916079783099616,0.0,0.020646685288855327,0.012280653991636834,0.0,0.0
23,1141291,1173291,0,78.81818181818181,2.021918462740882,77.0,83.0,0.0,0.6614378277661477,0.0,0.020901004912029092,0.013501000144075995,0.0,0.0
23,1149291,1173291,0,79.4,2.0,77.0,83.0,0.0,0.7637626158259734,0.0,0.023020325004962993,0.014334361068155537,0.0,0.0
23,1157291,1173291,0,80.17647058823529,1.9474053361466883,77.0,83.0,3.0,0.82915619758885,0.0,0.025192224765287527,0.01643819874796561,0.0,0.0
23,1165291,1173291,0,79.11111111111111,1.6629588385661962,77.0,82.0,5.0,0.7905694150420949,0.0,0.028268290972314966,0.021526899429449565,0.0,0.0
23,4595797,4599799,1,74.8,0.4,74.0,75.0,1.0,0.5,0.0,0.009941673077830365,0.01222356128975314,0.0,0.0
23,4595797,4608146,1,74.6923076923077,0.910166120476864,74.0,77.0,2.0,0.7071067811865476,0.0,0.010252427425538026,0.01116667519325766,0.0,0.0
23,4595797,4616146,1,75.6,1.4628738838327793,74.0,78.0,2.0,0.7254762501100116,0.0,0.021393865251371706,0.032968141935037866,0.0,0.0
23,4595797,4624146,1,75.85714285714286,1.3552618543578767,74.0,78.0,2.0,0.769800358919501,0.0,0.04169963071243831,0.05350251394328541,0.0,0.0
23,4595797,4632146,1,75.69444444444444,1.350297178081848,73.0,78.0,0.0,0.9856107606091623,0.0,0.05774449001989837,0.06467336551548043,0.0,0.0
23,4595797,4632146,1,75.69444444444444,1.350297178081848,73.0,78.0,0.0,0.9856107606091623,0.0,0.05774449001989837,0.06467336551548043,0.0,0.0
23,4595797,4632146,1,75.69444444444444,1.350297178081848,73.0,78.0,0.0,0.9856107606091623,0.0,0.05774449001989837,0.06467336551548043,0.0,0.0
23,4596797,4653146,1,75.71052631578948,1.3358989627891633,73.0,78.0,2.0,1.0134234194190634,0.0,0.05585489565434876,0.06365239340204425,0.0,0.0
23,4605146,4664146,1,75.85714285714286,1.2904674046441387,73.0,78.0,0.0,1.1114378604524227,0.0,0.06363184810014398,0.06368157273581228,0.0,0.0
23,4613146,4672729,1,74.97222222222223,1.9647746705851132,70.0,78.0,6.0,1.121223821162776,0.0,0.06691246926129243,0.06281933466071797,0.0,0.0
23,4621146,4680729,1,73.88888888888889,2.038215147538238,70.0,78.0,3.0,1.1588171308956141,0.0,0.058901985657998486,0.06115215609048573,0.0,0.0
23,4629146,4684729,1,73.53125,1.8537862437454864,70.0,77.0,3.0,1.031753909143192,0.0,0.035524446329970955,0.035712255977101766,0.0,0.0
23,4649146,4684729,1,73.17857142857143,1.6914400337449458,70.0,77.0,2.0,1.0540925533894598,0.0,0.028516167963945443,0.03177941115504884,0.0,0.0
23,4649146,4684729,1,73.17857142857143,1.6914400337449458,70.0,77.0,2.0,1.0540925533894598,0.0,0.028516167963945443,0.03177941115504884,0.0,0.0
23,4653146,4684729,1,73.03846153846153,1.675175518490967,70.0,77.0,4.0,1.019803902718557,0.0,0.028819624123642147,0.03252888154213158,0.0,0.0
23,4661146,4684729,1,72.79166666666667,1.4713702985841313,70.0,75.0,2.0,0.9780192938436515,0.0,0.030815141010105948,0.03306619345512455,0.0,0.0
23,4669729,4684729,1,72.3125,1.4456291882775472,70.0,75.0,0.0,1.0954451150103321,0.0,0.022429642082494088,0.022567328921207476,0.0,0.0
23,4677729,4684729,1,73.0,1.5,71.0,75.0,2.0,1.0690449676496976,0.0,0.022192101310537435,0.030955951325048036,0.0,0.0
23,5011288,5024288,1,79.85714285714286,0.832993127835043,79.0,81.0,2.0,0.816496580927726,0.0,0.04217729015941361,0.0387963499257555,0.0,0.0
23,5011288,5032288,1,79.91666666666667,1.114924013354971,78.0,82.0,1.0,1.4459976109624424,0.0,0.02703585732456322,0.034672044152018265,0.0,0.0
23,5011288,5040288,1,78.6,1.9078784028338913,75.0,82.0,2.0,1.2565617248750864,0.0,0.02098046632096016,0.028077288393811958,0.0,0.0
23,5011288,5048288,1,77.78571428571429,2.1440472885433763,74.0,82.0,4.0,1.3052600138300812,0.0,0.018332818571185853,0.025137666317241496,0.0,0.0
23,5011288,5056288,1,77.0,2.5298221281347035,72.0,82.0,6.0,1.212678125181665,0.0,0.01713640211657848,0.022916053613175797,0.0,0.0
23,5011288,5064288,1,76.48780487804878,2.688021769833376,72.0,82.0,4.0,1.3601470508735443,0.0,0.021437670614271702,0.026095661316263154,0.0,0.0
23,5017288,5072288,1,76.2127659574468,2.5510629425228695,72.0,82.0,5.0,1.3269776053940743,0.0,0.021858776540869335,0.025345705909351545,0.0,0.0
23,5023288,5080288,1,75.70588235294117,2.3118969178378586,72.0,82.0,6.0,1.3114877048604001,0.0,0.016393368040247373,0.0185365856038919,0.0,0.0
23,5029288,5084288,1,75.34615384615384,1.9892462370747308,72.0,82.0,7.0,1.2287407869720235,0.0,0.016402485078097526,0.018673685394910686,0.0,0.0
23,5037288,5084288,1,74.72727272727273,1.2497933713515927,72.0,77.0,1.0,1.2667482633857043,0.0,0.01806847899120597,0.019762560739726428,0.0,0.0
23,5045288,5084288,1,74.41666666666667,1.114924013354971,72.0,77.0,0.0,1.3309502512973848,0.0,0.01859066721034343,0.02098242054182974,0.0,0.0
23,5053288,5084288,1,74.24137931034483,1.103448275862069,72.0,76.0,1.0,1.2955969390869324,0.0,0.02097290129162457,0.022394795406969766,0.0,0.0
23,5062288,5084288,1,74.63636363636364,0.8813963377120597,72.0,76.0,0.0,1.3451854182690985,0.0,0.020593850242842666,0.024455107674437454,0.0,0.0
23,5069288,5084288,1,74.625,0.5994789404140899,74.0,76.0,0.0,0.9660917830792959,0.0,0.009894341828052707,0.009249163352985439,0.0,0.0
23,5077288,5084288,1,74.625,0.6959705453537527,74.0,76.0,1.0,1.1338934190276817,0.0,0.008366126087921978,0.01013734911705469,0.0,0.0
23,5834131,5840139,1,71.14285714285714,1.8070158058105026,69.0,74.0,5.0,0.9128709291752769,0.0,0.05031630626239453,0.08176807549241895,0.0,0.0
23,5834131,5847988,1,73.78571428571429,3.0042486921161555,69.0,78.0,9.0,0.9198662110077999,0.0,0.061799495145678285,0.06414238822137533,0.0,0.0
23,5834131,5855988,1,75.4090909090909,3.256588997835994,69.0,80.0,9.0,0.9511897312113419,0.0,0.06759479417563292,0.06367524823587391,0.0,0.0
23,5834131,5863988,1,75.7,2.8884828774519913,69.0,80.0,6.0,0.982607368881035,0.0,0.058069102440678096,0.058172306289309465,0.0,0.0
23,5834131,5871988,1,75.44736842105263,2.6427394919213403,69.0,80.0,4.0,0.9299811099505543,0.0,0.057712991033919636,0.05504891576463934,0.0,0.0
23,5834131,5879988,1,74.78260869565217,2.8277587028711477,69.0,80.0,1.0,0.9067647005823629,0.0,0.05798815392283108,0.05421947227766835,0.0,0.0
23,5834131,5887988,1,74.85185185185185,2.7582026313942025,69.0,80.0,9.0,0.9615239476408232,0.0,0.055322646046880454,0.051378878110122234,0.0,0.0
23,5837135,5895988,1,75.52542372881356,2.599582314581402,70.0,81.0,4.0,1.0504514628777804,0.0,0.05671122045133456,0.04965470214692008,0.0,0.0
23,5844988,5903988,1,75.98333333333333,2.539630331804655,70.0,81.0,2.0,1.0415112878465909,0.0,0.05277620277262502,0.047057100020512256,0.0,0.0
23,5852988,5911988,1,75.38333333333334,2.8230696453014086,70.0,81.0,10.0,1.0735652625161434,0.0,0.05145279022563744,0.04469723149082857,0.0,0.0
23,5860988,5919988,1,74.86440677966101,2.9599451845511022,69.0,81.0,2.0,1.3261299671054765,0.017241379310344827,0.05439533248206277,0.0562447087723414,0.0,0.0
23,5868988,5923988,1,74.83636363636364,3.0615720047870614,69.0,81.0,1.0,1.3810892105173393,0.018518518518518517,0.05223766366011786,0.05663893789197748,0.0,0.0
23,5876988,5923988,1,75.14893617021276,3.1889351481183312,69.0,81.0,4.0,1.4744195615489712,0.021739130434782608,0.055192513919378614,0.05990157006432514,0.0,0.0
23,5884988,5923988,1,75.76923076923077,3.075640758435662,69.0,81.0,2.0,1.504379571363837,0.02631578947368421,0.05259346395529919,0.061888617338071945,0.0,0.0
23,5892988,5923988,1,75.06451612903226,2.9831298120508114,69.0,79.0,2.0,1.570562531918633,0.03333333333333333,0.055654860749036035,0.06665625082730196,0.0,0.0
23,5900988,5923988,1,74.65217391304348,3.3180493962328543,69.0,79.0,4.0,1.7056057308448835,0.045454545454545456,0.06338226490487739,0.074859371506741,0.0,0.0
23,5908988,5923988,1,73.6,3.282275633357645,69.0,79.0,4.0,1.889822365046136,0.07142857142857142,0.05528112748380249,0.07588683632735112,0.0,0.0
23,5917988,5923988,1,76.85714285714286,1.4568627181693672,75.0,79.0,3.0,1.0801234497346435,0.0,0.0895627393520763,0.09688905976335757,0.0,0.0
23,7075084,7080090,1,76.66666666666667,2.357022603955158,73.0,80.0,7.0,1.4832396974191326,0.0,0.013477671291043922,0.002779824140268451,0.0,0.0
23,7075084,7088102,1,73.28571428571429,3.3896601479156208,69.0,80.0,9.0,1.3301243435223524,0.0,0.017345054845868176,0.00998263313698312,0.0,0.0
23,7075084,7096111,1,73.77272727272727,2.93771429673755,69.0,80.0,4.0,1.2344267996967353,0.0,0.028325649128936235,0.036180949136570176,0.0,0.0
23,7075084,7104123,1,74.0,2.556038601690775,69.0,80.0,6.0,1.1141720290623112,0.0,0.029519771987120837,0.034693817424441185,0.0,0.0
23,7075084,7112132,1,74.44736842105263,2.488895003400131,69.0,80.0,2.0,1.0904995136125413,0.0,0.028392448422276634,0.03174802266798085,0.0,0.0
23,7075084,7120150,1,74.67391304347827,2.341073219385827,69.0,80.0,4.0,1.0749676997731399,0.0,0.038691928328573655,0.054573140040490346,0.0,0.0
23,7075084,7128585,1,75.0,2.355243047186586,69.0,80.0,2.0,1.0561177090573832,0.0,0.04200281774196312,0.05469844144940434,0.0,0.0
23,7077086,7136585,1,74.91525423728814,2.109607848474795,69.0,78.0,0.0,1.0827805840074194,0.0,0.048296554084986565,0.06386961872814344,0.0,0.0
23,7085097,7144585,1,75.2542372881356,1.9097716638648508,69.0,78.0,6.0,1.1295406451144276,0.0,0.050862426698409104,0.06427980190676989,0.0,0.0
23,7093108,7152585,1,75.83050847457628,1.166663246735798,73.0,78.0,2.0,1.1141720290623112,0.0,0.05863386144080925,0.07074217722952567,0.0,0.0
23,7101118,7160585,1,75.98305084745763,1.1570202146356618,73.0,78.0,1.0,1.0907131485472215,0.0,0.057705012777432604,0.06889787116292195,0.0,0.0
24,4823753,4857753,0,96.25,1.479019945774904,94.0,98.0,1.0,2.6457513110645907,0.0,0.13706976951973135,0.11847621964185064,0.0,0.0
24,4823753,4859753,0,96.5,1.2583057392117916,94.0,98.0,1.0,2.04939015319192,0.0,0.1657577394195238,0.12603068839243925,0.0,0.0
24,4823753,4859753,0,96.5,1.2583057392117916,94.0,98.0,1.0,2.04939015319192,0.0,0.1657577394195238,0.12603068839243925,0.0,0.0
24,4823753,4859753,0,96.5,1.2583057392117916,94.0,98.0,1.0,2.04939015319192,0.0,0.1657577394195238,0.12603068839243925,0.0,0.0
24,4849753,4859753,0,96.6,1.3564659966250534,94.0,98.0,3.0,2.0615528128088303,0.0,0.18859919263504757,0.1262144579278649,0.0,0.0
24,4849753,4859753,0,96.6,1.3564659966250534,94.0,98.0,3.0,2.0615528128088303,0.0,0.18859919263504757,0.1262144579278649,0.0,0.0
24,4849753,4859753,0,96.6,1.3564659966250534,94.0,98.0,3.0,2.0615528128088303,0.0,0.18859919263504757,0.1262144579278649,0.0,0.0
24,4854753,4859753,0,97.25,0.4330127018922193,97.0,98.0,1.0,0.5773502691896257,0.0,0.15991226218791155,0.12568974439124647,0.0,0.0
24,6641824,6649847,0,102.75,1.0897247358851685,102.0,105.0,3.0,0.6546536707079771,0.0,0.06565245810927522,0.06266691438364666,0.0,0.0
24,6641824,6657847,0,102.375,1.0532687216470449,101.0,105.0,2.0,0.6324555320336759,0.0,0.045426543487386256,0.05550969612682077,0.0,0.0
24,6641824,6665847,0,102.375,0.9042722672587794,101.0,105.0,3.0,0.5516772843673705,0.0,0.03545519996759045,0.04799547780722495,0.0,0.0
24,6641824,6673847,0,102.0625,1.0588171466310885,100.0,105.0,5.0,0.5388159060803247,0.0,0.029652748119844058,0.04291932690243343,0.0,0.0
24,6641824,6681847,0,101.4,1.6552945357246849,98.0,105.0,7.0,0.5773502691896257,0.0,0.027948107131001036,0.039856922570453125,0.0,0.0
24,6641824,6687847,0,100.43478260869566,3.1804578144133213,90.0,105.0,13.0,1.2202003478482084,0.022222222222222223,0.03276206279831284,0.041972149765883364,0.0,0.0
24,6641824,6687847,0,100.43478260869566,3.1804578144133213,90.0,105.0,13.0,1.2202003478482084,0.022222222222222223,0.03276206279831284,0.041972149765883364,0.0,0.0
24,6646847,6687847,0,100.14285714285714,3.1590491982137117,90.0,103.0,10.0,1.2493900951088486,0.024390243902439025,0.03243730246764346,0.04221154930770496,0.0,0.0
24,6654847,6713847,0,99.35897435897436,3.3853922962254375,90.0,103.0,5.0,1.5303938261630223,0.02631578947368421,0.027747081309460606,0.031780581912897905,0.0,0.0
24,6662847,6721847,0,98.55555555555556,3.0590888662080453,90.0,102.0,1.0,1.6818357317441643,0.02857142857142857,0.03436049559647591,0.03832649675030066,0.0,0.0
24,6670847,6729847,0,97.84848484848484,2.6414093130110188,90.0,101.0,2.0,1.8027756377319946,0.03125,0.0449802750091956,0.04174082052795662,0.0,0.0
24,6678847,6730847,0,97.34615384615384,2.7307692307692304,90.0,101.0,1.0,2.009975124224178,0.04,0.05431459390811418,0.042590920130881296,0.0,0.0
24,6686847,6730847,0,97.5,2.7131367660166177,90.0,101.0,9.0,1.697749375254331,0.0,0.06646871698567487,0.043602171333417365,0.0,0.0
24,6707847,6730847,0,98.3125,1.4882351124738322,96.0,101.0,2.0,1.1547005383792515,0.0,0.06040505434695054,0.042422577685683936,0.0,0.0
24,6707847,6730847,0,98.3125,1.4882351124738322,96.0,101.0,2.0,1.1547005383792515,0.0,0.06040505434695054,0.042422577685683936,0.0,0.0
24,6710847,6730847,0,98.4,1.4966629547095764,96.0,101.0,3.0,1.164964745021435,0.0,0.06221407303397453,0.04321218184228898,0.0,0.0
24,6721847,6730847,0,99.57142857142857,0.7284313590846836,99.0,101.0,2.0,1.0,0.0,0.06665065211864597,0.03352958308959203,0.0,0.0
24,6726847,6730847,0,99.25,0.4330127018922193,99.0,100.0,1.0,0.5773502691896257,0.0,0.06222795346964556,0.021520106344573464,0.0,0.0
24,7496275,7532293,1,89.0,2.5495097567963922,86.0,92.0,5.0,3.0,0.0,0.017485211476301925,0.01406742585065999,0.0,0.0
24,7496275,7544293,1,87.16666666666667,3.337497399083464,83.0,92.0,8.0,2.5298221281347035,0.0,0.025359843627566044,0.020105015756597875,0.0,0.0
24,7496275,7553293,1,83.07692307692308,4.445594854399967,79.0,92.0,11.0,1.8027756377319946,0.0,0.05031227907273693,0.042488728015599844,0.0,0.0
24,7521428,7561293,1,81.52631578947368,2.325339161513108,79.0,87.0,5.0,1.0274023338281628,0.0,0.07661729812160185,0.093330483704161,0.0,0.0
24,7521428,7567293,1,81.125,2.368411915187052,77.0,87.0,10.0,1.06321906614239,0.0,0.08702988682909145,0.10891658256027291,0.0,0.0
24,7521428,7567293,1,81.125,2.368411915187052,77.0,87.0,10.0,1.06321906614239,0.0,0.08702988682909145,0.10891658256027291,0.0,0.0
24,7532293,7584293,1,81.0,2.039607805437114,77.0,86.0,4.0,1.6072751268321592,0.041666666666666664,0.08721767450481382,0.10658189144572282,0.0,0.0
24,7543293,7584293,1,80.79166666666667,1.8022940628235142,77.0,84.0,2.0,1.5879984667608413,0.043478260869565216,0.0908155223304657,0.10728190749488149,0.0,0.0
24,7543293,7584293,1,80.79166666666667,1.8022940628235142,77.0,84.0,2.0,1.5879984667608413,0.043478260869565216,0.0908155223304657,0.10728190749488149,0.0,0.0
24,7550293,7584293,1,80.63157894736842,1.7535085525218614,77.0,83.0,3.0,1.6832508230603465,0.05555555555555555,0.09862814457466682,0.11809508847550969,0.0,0.0
24,7558293,7584293,1,81.18181818181819,1.9455395053666085,77.0,83.0,1.0,2.1213203435596424,0.1,0.12468039318506617,0.1423840372892713,0.0,0.0
24,7566293,7584293,1,80.0,2.5495097567963922,77.0,83.0,4.0,3.559026084010437,0.3333333333333333,0.06715634629912959,0.03290614080795968,0.0,0.0
24,8892632,8894638,0,93.75,0.82915619758885,93.0,95.0,2.0,0.816496580927726,0.0,0.15655849553710943,0.10631452911149418,0.0,0.0
24,8892632,8894638,0,93.75,0.82915619758885,93.0,95.0,2.0,0.816496580927726,0.0,0.15655849553710943,0.10631452911149418,0.0,0.0
24,8892632,8894638,0,93.75,0.82915619758885,93.0,95.0,2.0,0.816496580927726,0.0,0.15655849553710943,0.10631452911149418,0.0,0.0
24,8892632,8921756,0,88.0909090909091,4.58167387940151,82.0,95.0,6.0,4.266145801540309,0.1,0.0740092423237187,0.08990042470518884,0.0,0.0
24,8892632,8921756,0,88.0909090909091,4.58167387940151,82.0,95.0,6.0,4.266145801540309,0.1,0.0740092423237187,0.08990042470518884,0.0,0.0
24,8892632,8921756,0,88.0909090909091,4.58167387940151,82.0,95.0,6.0,4.266145801540309,0.1,0.0740092423237187,0.08990042470518884,0.0,0.0
25,448063,486063,1,89.80952380952381,1.219642711891971,87.0,91.0,0.0,1.0,0.0,0.15074561462491784,0.14055375715676297,0.0,0.0
25,456063,515413,1,89.23529411764706,1.476458870354251,87.0,91.0,4.0,1.118033988749895,0.0,0.15626621614220368,0.07788649582359003,0.0,0.0
25,464063,521413,1,87.4,1.6653327995729061,85.0,91.0,2.0,1.0690449676496976,0.0,0.14687413627427925,0.12558869956261812,0.0,0.0
25,480063,521413,1,87.38461538461539,1.7775723089678988,85.0,91.0,6.0,0.7071067811865476,0.0,0.15064676297096422,0.13404635273831414,0.0,0.0
25,480063,521413,1,87.38461538461539,1.7775723089678988,85.0,91.0,6.0,0.7071067811865476,0.0,0.15064676297096422,0.13404635273831414,0.0,0.0
25,512413,521413,1,86.6,1.1135528725660042,85.0,88.0,3.0,0.5773502691896257,0.0,0.1361783658264441,0.136647683575054,0.0,0.0
25,512413,521413,1,86.6,1.1135528725660042,85.0,88.0,3.0,0.5773502691896257,0.0,0.1361783658264441,0.136647683575054,0.0,0.0
25,512413,521413,1,86.6,1.1135528725660042,85.0,88.0,3.0,0.5773502691896257,0.0,0.1361783658264441,0.136647683575054,0.0,0.0
25,512413,521413,1,86.6,1.1135528725660042,85.0,88.0,3.0,0.5773502691896257,0.0,0.1361783658264441,0.136647683575054,0.0,0.0
25,1185496,1202496,1,87.33333333333333,3.543381937578217,85.0,95.0,8.0,4.560701700396552,0.2,0.0969525321839828,0.03237725012076968,0.0,0.0
25,1185496,1202496,1,87.33333333333333,3.543381937578217,85.0,95.0,8.0,4.560701700396552,0.2,0.0969525321839828,0.03237725012076968,0.0,0.0
25,1185496,1202496,1,87.33333333333333,3.543381937578217,85.0,95.0,8.0,4.560701700396552,0.2,0.0969525321839828,0.03237725012076968,0.0,0.0
25,1185496,1227496,1,88.0,3.6645015252516173,85.0,95.0,3.0,4.636809247747852,0.16666666666666666,0.09325225993647754,0.03131586218318783,0.0,0.0
25,1185496,1229496,1,88.88888888888889,3.6345393852880283,85.0,95.0,3.0,4.0155946010522525,0.125,0.08497055529459725,0.03381824807746435,0.0,0.0
25,1185496,1229496,1,88.88888888888889,3.6345393852880283,85.0,95.0,3.0,4.0155946010522525,0.125,0.08497055529459725,0.03381824807746435,0.0,0.0
25,1198496,1229496,1,88.125,3.0998991919093113,85.0,92.0,7.0,2.0354009783964297,0.0,0.09004884261804547,0.03247356034764411,0.0,0.0
25,1200496,1229496,1,89.16666666666667,2.91070819942883,85.0,92.0,7.0,2.4083189157584592,0.0,0.08710523924798408,0.03345587848281056,0.0,0.0
25,6464206,6473197,0,105.75,0.82915619758885,105.0,107.0,1.0,1.2909944487358056,0.0,0.044389036157834454,0.05258088235835243,0.0,0.0
25,6464206,6479197,0,105.75,0.6614378277661477,105.0,107.0,1.0,1.0,0.0,0.02696401336256843,0.04115591648828711,0.0,0.0
25,6464206,6479197,0,105.75,0.6614378277661477,105.0,107.0,1.0,1.0,0.0,0.02696401336256843,0.04115591648828711,0.0,0.0
25,6464206,6479197,0,105.75,0.6614378277661477,105.0,107.0,1.0,1.0,0.0,0.02696401336256843,0.04115591648828711,0.0,0.0
25,6464206,6479197,0,105.75,0.6614378277661477,105.0,107.0,1.0,1.0,0.0,0.02696401336256843,0.04115591648828711,0.0,0.0
25,6464206,6479197,0,105.75,0.6614378277661477,105.0,107.0,1.0,1.0,0.0,0.02696401336256843,0.04115591648828711,0.0,0.0
25,6464206,6479197,0,105.75,0.6614378277661477,105.0,107.0,1.0,1.0,0.0,0.02696401336256843,0.04115591648828711,0.0,0.0
25,6473197,6531197,0,100.625,7.034513131695753,90.0,107.0,13.0,5.542047068934521,0.14285714285714285,0.012238927357736943,0.009425597759045069,0.0,0.0
25,6525197,6533197,0,92.4,1.624807680927192,90.0,94.0,3.0,2.179449471770337,0.0,0.023956451269520708,0.026120284201636562,0.0,0.0
25,6525197,6542197,0,91.33333333333333,2.808716591058786,86.0,94.0,5.0,4.0743097574926725,0.2,0.03600960583823328,0.035985419004530214,0.0,0.0
25,6525197,6542197,0,91.33333333333333,2.808716591058786,86.0,94.0,5.0,4.0743097574926725,0.2,0.03600960583823328,0.035985419004530214,0.0,0.0
25,6525197,6542197,0,91.33333333333333,2.808716591058786,86.0,94.0,5.0,4.0743097574926725,0.2,0.03600960583823328,0.035985419004530214,0.0,0.0
25,6525197,6542197,0,91.33333333333333,2.808716591058786,86.0,94.0,5.0,4.0743097574926725,0.2,0.03600960583823328,0.035985419004530214,0.0,0.0
25,6525197,6542197,0,91.33333333333333,2.808716591058786,86.0,94.0,5.0,4.0743097574926725,0.2,0.03600960583823328,0.035985419004530214,0.0,0.0
25,6531197,6542197,0,91.75,3.344772040064913,86.0,94.0,8.0,4.69041575982343,0.3333333333333333,0.0514492964093317,0.034970851737485195,0.0,0.0
26,5976368,6035080,1,93.37777777777778,4.822580631841969,85.0,100.0,6.0,1.243163121016122,0.0,0.0534392775656268,0.06899566682847331,0.0,0.0
27,2507324,2566351,0,69.62711864406779,3.1617325495267847,65.0,75.0,6.0,0.7878385971583354,0.0,0.0034331672126286005,0.0023790712668117276,0.0,0.0
27,2515357,2574351,0,68.52542372881356,3.8635889708544475,61.0,75.0,11.0,0.8200084103858011,0.0,0.002836057840512225,0.0017050217317228166,0.0,0.0
27,2523351,2582351,0,66.91666666666667,3.942468206029765,61.0,75.0,14.0,0.8025383458814721,0.0,0.0029427468580052805,0.0016825997313004552,0.0,0.0
27,2531351,2590351,0,65.28333333333333,3.168026024023302,61.0,71.0,9.0,0.7702079842374077,0.0,0.002840145522315453,0.0016936072577655081,0.0,0.0
27,2539351,2596351,0,64.74137931034483,2.8861162594428196,61.0,70.0,2.0,0.7008766440504623,0.0,0.002662486230434602,0.001659805352031756,0.0,0.0
27,2547351,2596351,0,64.4,2.9189039038652846,61.0,70.0,0.0,0.6388765649999399,0.0,0.0026677044392480905,0.0016012639479724305,0.0,0.0
27,2555351,2596351,0,64.07142857142857,3.04249942006378,61.0,70.0,4.0,0.6246950475544243,0.0,0.0025154846445907915,0.0014567887691958673,0.0,0.0
27,2563351,2596351,0,62.85294117647059,1.8807437974997843,61.0,68.0,3.0,0.6276459144608478,0.0,0.002491771025816717,0.001504502110262872,0.0,0.0
27,2571351,2596351,0,62.11538461538461,1.2504437082314506,61.0,65.0,3.0,0.5291502622129182,0.0,0.002238669620774085,0.001466814088029712,0.0,0.0
27,2579351,2596351,0,62.388888888888886,1.37997137204158,61.0,65.0,3.0,0.5423261445466404,0.0,0.0022200601742352077,0.0014282811066865725,0.0,0.0
27,2587351,2596351,0,63.3,1.1874342087037917,62.0,65.0,3.0,0.5773502691896257,0.0,0.002083711799674285,0.001515111314720794,0.0,0.0
27,3209855,3214877,0,67.5,0.5,67.0,68.0,0.0,0.6324555320336759,0.0,0.011607820665546434,0.005897190253772161,0.0,0.0
27,3209855,3223265,0,69.21428571428571,2.1104695289563082,67.0,73.0,5.0,0.7337993857053428,0.0,0.00793688764383065,0.0064474053520155155,0.0,0.0
27,3209855,3231265,0,71.27272727272727,3.2218263903035185,67.0,76.0,7.0,0.7237468644557459,0.0,0.013528274964470703,0.0297030341720164,0.0,0.0
27,3209855,3239265,0,72.43333333333334,3.489826484066062,67.0,79.0,11.0,0.9649012813540153,0.0,0.03094518027212632,0.09255135246367083,0.0,0.0
27,3209855,3247265,0,73.76315789473684,4.068066982618312,67.0,80.0,9.0,0.9153348228041135,0.0,0.02487313187883454,0.08307383889570957,0.0,0.0
27,3209855,3255265,0,73.80434782608695,3.7568463024039964,67.0,80.0,3.0,0.9309493362512627,0.0,0.021226327401418287,0.07593035226052391,0.0,0.0
27,3209855,3263265,0,72.98148148148148,4.029937692472754,67.0,80.0,1.0,0.900733453756982,0.0,0.01878339077156786,0.0703398368505954,0.0,0.0
27,3211869,3271265,0,72.46666666666667,4.12903001792054,67.0,80.0,1.0,0.873333764609373,0.0,0.01716729792402799,0.06690899425200539,0.0,0.0
27,3219890,3279265,0,72.43333333333334,4.152776848755005,67.0,80.0,4.0,0.8437205738748232,0.0,0.0163084630090471,0.06698374134621843,0.0,0.0
27,3228265,3287265,0,71.58333333333333,4.484386493403776,67.0,80.0,8.0,0.8025383458814721,0.0,0.016205709469721157,0.0670062501102413,0.0,0.0
27,3236265,3295287,0,70.73333333333333,4.422920101270452,67.0,80.0,6.0,0.759125277171481,0.0,0.005229715069344246,0.0059748412510236375,0.0,0.0
27,3244265,3298297,0,69.61818181818182,3.3384313632216767,67.0,79.0,8.0,0.6382847385042254,0.0,0.00587639797252673,0.007228452544832134,0.0,0.0
27,3252265,3298297,0,68.44680851063829,1.7960774119493859,67.0,74.0,3.0,0.6079187588743288,0.0,0.00647186382783914,0.007617804885043129,0.0,0.0
27,3260265,3298297,0,67.8974358974359,1.1501364867695283,67.0,71.0,4.0,0.45883146774112354,0.0,0.006741239557630112,0.008196413856425076,0.0,0.0
27,3268265,3298297,0,68.06451612903226,1.2164327506428905,67.0,71.0,3.0,0.48304589153964794,0.0,0.007260089216971919,0.00900320509097052,0.0,0.0
27,3276265,3298297,0,68.04347826086956,1.3980813209403067,67.0,71.0,3.0,0.4767312946227962,0.0,0.008487142837520197,0.01004877780964144,0.0,0.0
27,3284265,3298297,0,68.46666666666667,1.5434449203720302,67.0,71.0,4.0,0.5345224838248488,0.0,0.011649936389867834,0.011141374170846808,0.0,0.0
27,3292274,3298297,0,70.0,0.7559289460184544,69.0,71.0,2.0,0.5773502691896257,0.0,0.015490739880150912,0.009283556269919087,0.0,0.0
27,4764098,4767119,0,76.25,0.4330127018922193,76.0,77.0,0.0,0.816496580927726,0.0,0.030665209433624028,0.04913783223395349,0.0,0.0
27,4764098,4775007,0,75.72727272727273,0.616575453011388,75.0,77.0,1.0,0.7071067811865476,0.0,0.034319204837714584,0.03987258372357055,0.0,0.0
27,4764098,4783007,0,75.10526315789474,1.020564180508701,73.0,77.0,3.0,0.6236095644623235,0.0,0.0731217541696907,0.118710917484991,0.0,0.0
27,4764098,4791007,0,75.44444444444444,1.5234788000891208,73.0,80.0,4.0,0.7844645405527362,0.0,0.07178382647730415,0.10901652539331344,0.0,0.0
27,4764098,4799007,0,76.37142857142857,2.3674665698133257,73.0,81.0,0.0,0.9074852129730301,0.0,0.06502817780138913,0.0973244816459895,0.0,0.0
27,4764098,4807007,0,76.44186046511628,2.1599130643723363,73.0,81.0,0.0,0.8728715609439694,0.0,0.05730120032267449,0.08950936179964228,0.0,0.0
27,4764098,4815007,0,76.27450980392157,2.0299563539454466,73.0,81.0,1.0,0.812403840463596,0.0,0.059428482971845664,0.09326310151000108,0.0,0.0
27,4764098,4823007,0,76.0677966101695,1.9732482622303988,73.0,81.0,0.0,0.8094272134003795,0.0,0.06704002359292636,0.09366663340941982,0.0,0.0
27,4772007,4831007,0,76.53333333333333,2.261759393824983,73.0,81.0,4.0,0.9742446008949094,0.0,0.07467336628095332,0.09558263258173112,0.0,0.0
27,4780007,4839007,0,76.26666666666667,2.7378012264508094,69.0,81.0,5.0,1.0969912627311462,0.0,0.07081838280125856,0.07474294187857114,0.0,0.0
27,4788007,4847007,0,75.9,3.1764760348537187,69.0,81.0,8.0,1.1349606130700478,0.0,0.07658739051519031,0.07814257046558006,0.0,0.0
27,4796007,4853007,0,74.77586206896552,3.3064362701496663,68.0,81.0,11.0,1.2067064062468522,0.0,0.07449194720315759,0.07609460564998437,0.0,0.0
27,4804007,4853007,0,74.34,3.3082321563034234,68.0,81.0,7.0,1.1866605518454392,0.0,0.08186062203330335,0.07917807788442638,0.0,0.0
27,4812007,4853007,0,74.0,3.498298906339371,68.0,81.0,5.0,1.2783373347686495,0.0,0.09188301334636961,0.0821834628942248,0.0,0.0
27,4820007,4853007,0,73.82352941176471,3.8613513958297196,68.0,81.0,5.0,1.403458930534474,0.0,0.0802094365633988,0.06559010188439919,0.0,0.0
27,4828007,4853007,0,72.84615384615384,3.748767055695755,68.0,81.0,9.0,1.4,0.0,0.08693139783990213,0.07113897282636146,0.0,0.0
27,4836007,4853007,0,70.61111111111111,1.3391078659104387,68.0,73.0,2.0,1.2366938848016846,0.0,0.08260175740960934,0.0690100185102411,0.0,0.0
27,4844007,4853007,0,70.1,1.2206555615733703,68.0,72.0,2.0,1.3333333333333333,0.0,0.08256434230603736,0.06528053403950493,0.0,0.0
27,6509377,6518959,0,81.0,1.6733200530681511,79.0,84.0,4.0,0.9428090415820634,0.0,0.07910470687302226,0.08349707014917905,0.0,0.0
27,6509377,6526959,0,83.55555555555556,3.1836775070876446,79.0,88.0,8.0,0.8401680504168059,0.0,0.08778637645045446,0.08025557291886548,0.0,0.0
27,6509377,6534959,0,84.76923076923077,3.226187227001657,79.0,88.0,7.0,0.7745966692414834,0.0,0.08720306963030808,0.0766034091439701,0.0,0.0
27,6509377,6542959,0,84.94117647058823,2.848541179483118,79.0,88.0,5.0,0.7177405625652734,0.0,0.1021434861327336,0.09827448833792021,0.0,0.0
27,6509377,6550959,0,84.73809523809524,2.6100494778153136,79.0,88.0,4.0,0.6984302957695782,0.0,0.10644322390164351,0.09984110259309811,0.0,0.0
27,6509377,6558959,0,84.66,2.405077961314352,79.0,88.0,4.0,0.6700593942604899,0.0,0.10480164412307269,0.09695612537607289,0.0,0.0
27,6509377,6566959,0,84.56896551724138,2.252294377813029,79.0,88.0,5.0,0.6622661785325219,0.0,0.10287581907260292,0.09335487507211546,0.0,0.0
27,6515959,6574959,0,85.01666666666667,1.5757714160231346,81.0,88.0,3.0,0.6243640832675886,0.0,0.10613773762331347,0.09143843918080753,0.0,0.0
27,6523959,6582959,0,85.08333333333333,1.40584098990209,83.0,88.0,2.0,0.552344770738994,0.0,0.11284498532845184,0.09227160315571557,0.0,0.0
27,6531959,6586959,0,84.83928571428571,1.1918890425689457,83.0,88.0,0.0,0.6605782590758164,0.0,0.11153484538639735,0.09213121924433659,0.0,0.0
27,6539959,6586959,0,84.52083333333333,0.9126331714087297,83.0,88.0,3.0,0.6684373647831918,0.0,0.1199800135468544,0.0951420576194898,0.0,0.0
27,6547959,6586959,0,84.525,0.9483538369195328,83.0,88.0,5.0,0.6979824404521128,0.0,0.10362596338816055,0.08133743162666472,0.0,0.0
27,6555959,6586959,0,84.625,0.9921567416492215,83.0,88.0,4.0,0.7184212081070996,0.0,0.10484595585135406,0.07195928530312536,0.0,0.0
27,6563959,6586959,0,84.83333333333333,1.0671873729054748,83.0,88.0,5.0,0.8075728530872482,0.0,0.10726297666109942,0.0723034736179293,0.0,0.0
27,6571959,6586959,0,85.0625,1.1439378261076953,84.0,88.0,4.0,0.8944271909999159,0.0,0.10699819010834252,0.07774201829451204,0.0,0.0
27,6579959,6586959,0,85.875,1.0532687216470449,85.0,88.0,3.0,1.2535663410560174,0.0,0.08686121189878851,0.046547262482493815,0.0,0.0
27,7918610,7927108,0,75.11111111111111,0.5665577237325317,74.0,76.0,2.0,0.7071067811865476,0.0,0.05706533904488758,0.0781707575898988,0.0,0.0
27,7918610,7935108,0,74.88235294117646,0.6758308995927093,74.0,76.0,0.0,0.7071067811865476,0.0,0.06670367476304215,0.0749380752509997,0.0,0.0
27,7918610,7943108,0,75.12,0.8158431221748456,74.0,77.0,3.0,0.7359800721939872,0.0,0.06183237672336985,0.06338688506287729,0.0,0.0
27,7918610,7951108,0,75.48484848484848,1.3054944986992736,74.0,79.0,0.0,0.82915619758885,0.0,0.05160910672547632,0.05832277727928161,0.0,0.0
27,7918610,7959108,0,75.0,1.592666118762391,72.0,79.0,1.0,0.8215838362577492,0.0,0.0507373543432218,0.05840266881268762,0.0,0.0
27,7918610,7967108,0,75.24489795918367,1.6846317619174647,72.0,79.0,3.0,0.9013878188659973,0.0,0.04991396861662932,0.054534423178770886,0.0,0.0
27,7918610,7975108,0,75.12280701754386,1.6337469090277639,72.0,79.0,1.0,0.9354143466934853,0.0,0.047389935746337895,0.05188412561502004,0.0,0.0
27,7924108,7983108,0,75.05,1.6064972248134552,72.0,79.0,0.0,0.9205746178983234,0.0,0.04276573835941249,0.04347851380590965,0.0,0.0
27,7932108,7991108,0,75.0,1.66332999331662,72.0,79.0,2.0,1.0084389681792214,0.0,0.04211425201596657,0.06244718262917305,0.0,0.0
27,7940108,7999108,0,74.88333333333334,1.7803713719958045,71.0,79.0,3.0,1.0814303146406286,0.0,0.03995690094481027,0.06311644659293794,0.0,0.0
27,7948108,8007108,0,74.63333333333334,1.5488346873985255,71.0,79.0,1.0,1.0656421633639424,0.0,0.04111098765185663,0.06343131154717035,0.0,0.0
28,1018974,1078777,1,82.93023255813954,5.132637695508867,77.0,91.0,4.0,1.3627702877384937,0.0,0.021006539332579417,0.044956363214693054,0.0,0.0
28,1030777,1086777,1,83.06521739130434,5.070812360580825,77.0,91.0,2.0,1.1737877907772674,0.0,0.02024506920275184,0.0436408332442605,0.0,0.0
28,1035777,1094777,1,82.89795918367346,4.568056336365783,77.0,91.0,3.0,1.14564392373896,0.0,0.020936523655940335,0.042774700533506224,0.0,0.0
28,1048777,1102777,1,82.95918367346938,4.655298423865397,77.0,91.0,5.0,0.924211375534118,0.0,0.014414617345220499,0.0385124758040008,0.0,0.0
28,1056777,1107777,1,83.40384615384616,4.772757690929989,77.0,91.0,4.0,0.9074852129730301,0.0,0.013806887340759926,0.0374712604578952,0.0,0.0
28,1059777,1107777,1,83.48979591836735,4.886977484902353,77.0,91.0,8.0,0.8416254115301732,0.0,0.014545251984831056,0.03847720312461933,0.0,0.0
28,1067777,1107777,1,84.46341463414635,4.716848684344809,77.0,91.0,11.0,0.8215838362577492,0.0,0.016924163852861725,0.04163907635160588,0.0,0.0
28,1075777,1107777,1,86.0909090909091,3.728381209892705,77.0,91.0,11.0,0.8477912478906585,0.0,0.010675634267902821,0.015311884647120527,0.0,0.0
28,1083777,1107777,1,87.92,1.6951696080333671,86.0,91.0,2.0,0.6454972243679028,0.0,0.009705630549586959,0.013245626028030479,0.0,0.0
28,1091777,1107777,1,88.70588235294117,1.485803640037069,86.0,91.0,2.0,0.7071067811865476,0.0,0.0063048786448117716,0.00400784171696384,0.0,0.0
28,1099777,1107777,1,89.22222222222223,1.227262335243029,88.0,91.0,2.0,0.7071067811865476,0.0,0.00500513375233848,0.003251963283228672,0.0,0.0
28,3702004,3726004,1,91.85714285714286,1.355261854357877,89.0,93.0,3.0,1.0801234497346435,0.0,0.024357629953473292,0.024651018123904633,0.0,0.0
28,3702004,3728004,1,91.77777777777777,1.227262335243029,89.0,93.0,2.0,1.0,0.0,0.035160379711381785,0.0369069743449732,0.0,0.0
28,3702004,3728004,1,91.77777777777777,1.227262335243029,89.0,93.0,2.0,1.0,0.0,0.035160379711381785,0.0369069743449732,0.0,0.0
28,3702004,3746004,1,91.6,1.2806248474865698,89.0,93.0,1.0,1.0,0.0,0.03184565683241746,0.036397785230003005,0.0,0.0
28,3702004,3746004,1,91.6,1.2806248474865698,89.0,93.0,1.0,1.0,0.0,0.03184565683241746,0.036397785230003005,0.0,0.0
28,3718004,3746004,1,91.88888888888889,0.9938079899999066,90.0,93.0,1.0,0.7905694150420949,0.0,0.027240195556932464,0.035495012288262226,0.0,0.0
28,3718004,3746004,1,91.88888888888889,0.9938079899999066,90.0,93.0,1.0,0.7905694150420949,0.0,0.027240195556932464,0.035495012288262226,0.0,0.0
28,3726004,3746004,1,91.25,0.82915619758885,90.0,92.0,2.0,0.816496580927726,0.0,0.03926309480077233,0.04716755195111854,0.0,0.0
28,7067171,7070171,1,89.25,1.0897247358851685,88.0,91.0,3.0,1.2909944487358056,0.0,0.05766082959415854,0.05923696011357545,0.0,0.0
28,7067171,7078171,1,88.16666666666667,1.3437096247164249,87.0,91.0,4.0,1.1281521496355325,0.0,0.0749279753835585,0.061488223030651365,0.0,0.0
29,1058775,1114775,1,81.58333333333333,3.491060010942235,77.0,87.0,2.0,1.927248223318863,0.02857142857142857,0.06994662922177448,0.12020974081952412,0.0,0.0
29,1077775,1125775,1,81.41463414634147,3.2757468688953866,77.0,87.0,3.0,1.6507574019219178,0.025,0.0663999173356129,0.11306093393720736,0.0,0.0
29,1077775,1131775,1,81.27659574468085,3.085326477842419,77.0,87.0,3.0,1.553397398691291,0.021739130434782608,0.059363167678649055,0.10719648898781554,0.0,0.0
29,1082775,1131775,1,81.76190476190476,2.9016376641108805,77.0,87.0,4.0,1.6379642332078845,0.024390243902439025,0.060741725879766215,0.11261313656306016,0.0,0.0
29,1091775,1131775,1,82.5,2.7143409989946967,78.0,87.0,1.0,1.7320508075688772,0.030303030303030304,0.03299218750775527,0.05973051968921406,0.0,0.0
29,1098775,1131775,1,82.70370370370371,2.991528963897581,78.0,87.0,3.0,1.9115036368906426,0.038461538461538464,0.0332097925569662,0.06570094504250776,0.0,0.0
29,1106775,1131775,1,81.21052631578948,2.1662226976059658,78.0,87.0,6.0,2.260776661041756,0.05555555555555555,0.03927311713278921,0.07705830108251698,0.0,0.0
29,1114775,1131775,1,80.71428571428571,0.6998542122237652,80.0,82.0,0.0,0.6793662204867574,0.0,0.021271613462872478,0.015440251245644064,0.0,0.0
29,1122775,1131775,1,80.4,0.4898979485566356,80.0,81.0,0.0,0.6666666666666666,0.0,0.022165432473104728,0.018109158199436974,0.0,0.0
29,1910440,1917498,1,80.75,0.82915619758885,80.0,82.0,1.0,1.2909944487358056,0.0,0.08219660729683038,0.12439250586572381,0.0,0.0
29,1910440,1917498,1,80.75,0.82915619758885,80.0,82.0,1.0,1.2909944487358056,0.0,0.08219660729683038,0.12439250586572381,0.0,0.0
29,1910440,1932498,1,81.25,0.82915619758885,80.0,82.0,1.0,1.0,0.0,0.17901987055008012,0.19712349336325552,0.0,0.0
29,1910440,1941498,1,81.7,1.1874342087037917,80.0,84.0,2.0,1.1547005383792515,0.0,0.14560574473055038,0.18856224736217056,0.0,0.0
29,1910440,1950498,1,80.66666666666667,2.494438257849294,74.0,84.0,7.0,1.5811388300841898,0.0,0.10134500273954669,0.16625898048951784,0.0,0.0
29,1910440,1955498,1,79.2,3.3555923471125033,74.0,84.0,6.0,1.5217718205053643,0.0,0.07873466479985539,0.14928229399893478,0.0,0.0
29,1910440,1965498,1,79.45454545454545,3.2991358748407373,74.0,84.0,1.0,2.104417123236605,0.047619047619047616,0.07205829440370924,0.14389313657611205,0.0,0.0
29,1917498,1974498,1,79.41666666666667,3.1611794563984428,74.0,84.0,3.0,2.032347111742651,0.043478260869565216,0.059347257401483576,0.1298180583256886,0.0,0.0
29,1927498,1982498,1,79.16129032258064,2.783555097394145,74.0,84.0,1.0,1.816590212458495,0.03333333333333333,0.047536852525453775,0.11635208648217019,0.0,0.0
29,1931498,1990498,1,79.16216216216216,2.520333670675625,74.0,84.0,2.0,1.6832508230603465,0.027777777777777776,0.028145107832138524,0.09418869851834072,0.0,0.0
29,1940498,1998498,1,79.23255813953489,2.331156109049613,74.0,84.0,4.0,1.558387444947959,0.023809523809523808,0.011786250964963342,0.013889890779056537,0.0,0.0
29,1949498,1998498,1,78.86842105263158,2.178496012240155,74.0,82.0,4.0,1.4886961463697743,0.02702702702702703,0.011859451103824881,0.014592784617285285,0.0,0.0
29,1955498,1998498,1,79.625,1.3635890143294642,75.0,82.0,5.0,1.4919136877222163,0.03225806451612903,0.011554439009615926,0.015397167618483297,0.0,0.0
29,1965498,1998498,1,79.7,1.0376254944182253,78.0,82.0,2.0,0.8304547985373997,0.0,0.01201782755270411,0.015792156127851415,0.0,0.0
29,1971498,1998498,1,79.55555555555556,0.9558139185602917,78.0,81.0,0.0,0.7337993857053428,0.0,0.01103396945798976,0.015546063786025466,0.0,0.0
29,1979498,1998498,1,79.85,0.8529361054615989,78.0,81.0,2.0,0.7254762501100116,0.0,0.008604116742849844,0.00999030196798781,0.0,0.0
29,1987498,1998498,1,80.0,0.816496580927726,79.0,81.0,1.0,0.674199862463242,0.0,0.0061339261846641594,0.009264248697183668,0.0,0.0
29,1995498,1998498,1,80.75,0.4330127018922193,80.0,81.0,1.0,0.5773502691896257,0.0,0.011254151894307935,0.013949272091320476,0.0,0.0
29,3189058,3195073,0,84.5,0.7637626158259734,83.0,85.0,0.0,1.0954451150103321,0.0,0.12250793806692888,0.1676530160155312,0.0,0.0
29,3189058,3195073,0,84.5,0.7637626158259734,83.0,85.0,0.0,1.0954451150103321,0.0,0.12250793806692888,0.1676530160155312,0.0,0.0
3,482310,532310,0,102.6086956521739,1.2419875527900608,98.0,105.0,7.0,1.0660035817780522,0.0,0.08420467049121318,0.07578499156116433,0.0,0.0
3,495310,548310,0,102.42307692307692,1.1493502151910717,98.0,104.0,1.0,1.2165525060596438,0.0,0.06992926785384343,0.07255342551938868,0.0,0.0
3,498310,557310,0,102.42857142857143,1.083267920578793,98.0,104.0,1.0,1.1385500851066221,0.0,0.06462635210208838,0.07127425827163131,0.0,0.0
3,506310,557310,0,102.3,1.187434208703792,98.0,103.0,1.0,1.2773327473170102,0.0,0.0522243295912419,0.05158429785718789,0.0,0.0
3,514310,557310,0,102.16666666666667,1.4624940645653535,98.0,103.0,0.0,1.651445647689541,0.0,0.05142129380281785,0.06154201496499933,0.0,0.0
3,532310,557310,0,102.1,1.5779733838059498,98.0,103.0,5.0,1.2018504251546631,0.0,0.026236100678626268,0.020544849359762918,0.0,0.0
3,532310,557310,0,102.1,1.5779733838059498,98.0,103.0,5.0,1.2018504251546631,0.0,0.026236100678626268,0.020544849359762918,0.0,0.0
3,542310,557310,0,102.55555555555556,0.8314794192830981,101.0,103.0,2.0,0.7071067811865476,0.0,0.025603796983563614,0.02156366706471899,0.0,0.0
3,547310,557310,0,103.0,0.0,103.0,103.0,0.0,0.0,0.0,0.024907357573861758,0.023306608966357195,0.0,0.0
3,554310,557310,0,103.0,0.0,103.0,103.0,0.0,0.0,0.0,0.0232141471403518,0.010817233306002502,0.0,0.0
3,7527661,7533858,0,92.57142857142857,1.049781318335648,92.0,95.0,3.0,0.9128709291752769,0.0,0.08588859117351717,0.10426561290190134,0.0,0.0
3,7527661,7541858,0,96.26666666666667,3.767698973585278,92.0,102.0,10.0,1.0,0.0,0.07244206003102192,0.0814490138094589,0.0,0.0
3,7527661,7549858,0,98.73913043478261,4.560867492849862,92.0,104.0,12.0,0.8528028654224418,0.0,0.06455148038054087,0.07366933496067136,0.0,0.0
3,7527661,7557858,0,100.09677419354838,4.55330322286294,92.0,104.0,12.0,0.7302967433402214,0.0,0.07161136481747796,0.07158551873319836,0.0,0.0
3,7527661,7565858,0,101.15384615384616,4.565974839258494,92.0,106.0,14.0,0.6882472016116853,0.0,0.06384311035061552,0.06768990727001577,0.0,0.0
3,7527661,7573858,0,102.0,4.5616346454202,92.0,107.0,14.0,0.659380473395787,0.0,0.056317331759332456,0.06419385831142577,0.0,0.0
3,7527661,7581858,0,102.41818181818182,4.355522759944746,92.0,107.0,11.0,0.6526300069150406,0.0,0.05452142515086252,0.06048992678386015,0.0,0.0
30,487740,546088,0,85.48275862068965,3.3074700160777377,76.0,88.0,12.0,0.5298129428260175,0.0,0.22341742076384224,0.2075878977711754,0.0,0.0
30,496088,554825,0,86.7719298245614,2.4135403409786935,80.0,92.0,12.0,0.5,0.0,0.2306813828876649,0.1698740913799417,0.0,0.0
30,504088,562825,0,88.42105263157895,2.608672233491843,84.0,96.0,12.0,0.5,0.0,0.26245149017243513,0.18574036090215043,0.0,0.0
30,512088,570825,0,90.42105263157895,4.205040285686626,87.0,100.0,13.0,0.5175491695067657,0.0,0.2520533466223451,0.1963883406719053,0.0,0.0
30,520088,570825,0,90.93877551020408,4.316121479184027,87.0,100.0,12.0,0.5400617248673217,0.0,0.2509057721956971,0.19508323048020615,0.0,0.0
30,528088,570825,0,91.51219512195122,4.4999834754141705,87.0,100.0,12.0,0.5916079783099616,0.0,0.25556082743830216,0.20907106226634206,0.0,0.0
30,536088,570825,0,92.36363636363636,4.63071551391347,87.0,100.0,13.0,0.6373774391990981,0.0,0.2711309736483687,0.21877381136486043,0.0,0.0
30,544088,570825,0,93.88,4.329618920875139,88.0,100.0,12.0,0.7071067811865476,0.0,0.268736103372322,0.24252371601945988,0.0,0.0
30,551825,570825,0,95.3,3.64828726939094,89.0,100.0,11.0,0.7608859102526822,0.0,0.21864564263782768,0.20805321516400072,0.0,0.0
30,559825,570825,0,97.83333333333333,2.229848026709942,94.0,100.0,6.0,0.7385489458759964,0.0,0.11928454745459871,0.14564347955419119,0.0,0.0
30,567825,570825,0,100.0,0.0,100.0,100.0,0.0,0.0,0.0,0.005064503236767952,0.004113792487061156,0.0,0.0
30,1027823,1035091,1,86.14285714285714,0.3499271061118826,86.0,87.0,1.0,0.408248290463863,0.0,0.031020661611329343,0.044313841628003864,0.0,0.0
30,1027823,1043091,1,88.0,1.96638416050035,86.0,91.0,3.0,0.9636241116594315,0.0,0.06236609498940046,0.10273378009233049,0.0,0.0
30,1027823,1051091,1,88.04347826086956,1.7062101626390074,86.0,91.0,1.0,0.8790490729915326,0.0,0.054326781412617375,0.08513775678563008,0.0,0.0
30,1027823,1059091,1,87.96774193548387,1.5130373418785261,86.0,91.0,1.0,0.8366600265340756,0.0,0.046721460673792,0.07501941705323133,0.0,0.0
30,1027823,1067091,1,86.97435897435898,2.5569129973985456,81.0,91.0,2.0,1.025978352085154,0.0,0.040157699014709655,0.06812607195179739,0.0,0.0
30,1027823,1075091,1,86.48936170212765,2.5671603686823454,81.0,91.0,1.0,0.9440891630699332,0.0,0.06303672647949224,0.1755063066605757,0.0,0.0
30,1027823,1083091,1,86.84905660377359,2.6592396871619424,81.0,91.0,3.0,1.0469736606781692,0.0,0.05797144977798076,0.16588688313289235,0.0,0.0
30,1031831,1090091,1,87.05357142857143,2.6553157120410833,81.0,91.0,5.0,1.1200649331826502,0.0,0.0968204358170369,0.22163420966265232,0.0,0.0
30,1040091,1098091,1,87.3076923076923,3.1533770758107127,81.0,96.0,2.0,1.3431014736897027,0.0,0.0895733146358331,0.22558846542237668,0.0,0.0
30,1048091,1107091,1,87.02127659574468,3.1856684505275004,81.0,96.0,0.0,1.5322617553657476,0.0,0.09291819920567418,0.23695501126005392,0.0,0.0
30,1056091,1115091,1,86.70212765957447,3.2935455487324563,81.0,96.0,4.0,1.5603789952109879,0.0,0.09368394049492673,0.23675325612565823,0.0,0.0
30,1064091,1116091,1,86.725,3.435021833991743,81.0,96.0,2.0,1.5689290811054724,0.0,0.10746021819004659,0.25413191196547374,0.0,0.0
30,1072091,1116091,1,87.65625,3.1584150989855657,83.0,96.0,1.0,1.7133253838567097,0.0,0.13051906208710137,0.27940617252318206,0.0,0.0
30,1081091,1116091,1,88.0,3.1749015732775088,83.0,96.0,8.0,1.7795130420052185,0.0,0.11125431336133071,0.23178114378419223,0.0,0.0
30,1088091,1116091,1,87.83333333333333,3.5939764421413036,83.0,96.0,4.0,2.0291986247835694,0.0,0.03195607244314462,0.033222081275188296,0.0,0.0
30,1097091,1116091,1,87.0,3.2071349029490928,83.0,94.0,11.0,1.593255013631383,0.0,0.024423509620958007,0.01616154124198026,0.0,0.0
30,1105091,1116091,1,85.91666666666667,1.9346977943739831,83.0,88.0,5.0,0.7977240352174656,0.0,0.02581621069273919,0.01705961478072866,0.0,0.0
30,1112091,1116091,1,83.8,0.7483314773547882,83.0,85.0,2.0,1.0,0.0,0.032507547302635935,0.023246331774320343,0.0,0.0
30,1840231,1854231,0,88.75,1.0897247358851685,87.0,90.0,0.0,2.160246899469287,0.0,0.1825952500766227,0.2373549767392981,0.0,0.0
30,1840231,1867231,0,85.75,2.3139072294858036,83.0,90.0,4.0,1.954016841836789,0.0,0.17286295787596795,0.15731262939172333,0.0,0.0
30,1840231,1875231,0,85.3,1.9000000000000001,83.0,90.0,4.0,1.5217718205053643,0.0,0.13915694597198144,0.1418772775662837,0.0,0.0
30,1840231,1883231,0,85.03571428571429,1.679331135072678,83.0,90.0,4.0,1.3052600138300812,0.0,0.10441923956781998,0.13235321716369725,0.0,0.0
30,1840231,1891231,0,84.88888888888889,1.577229951842043,83.0,90.0,6.0,1.218898800440088,0.0,0.08855041693461878,0.12119993479273283,0.0,0.0
30,1840231,1899231,0,84.46153846153847,2.146507644764754,78.0,90.0,11.0,1.266989801811655,0.0,0.08256722169126116,0.11828668105536916,0.0,0.0
30,1854231,1907231,0,82.04545454545455,4.714361739575173,71.0,89.0,17.0,1.2104198771788934,0.0,0.06027001065573012,0.08225182012425278,0.0,0.0
30,1860231,1915231,0,80.01960784313725,6.095611394895966,68.0,86.0,14.0,1.0,0.0,0.05259724046895519,0.07879667391735216,0.0,0.0
30,1864231,1917231,0,79.48979591836735,6.237223508998842,68.0,86.0,10.0,1.118033988749895,0.0,0.04713270539375954,0.0768362221396983,0.0,0.0
30,1872231,1917231,0,78.41463414634147,6.278012773031465,68.0,86.0,9.0,1.2144957801491119,0.0,0.01902825191856004,0.024038614243394932,0.0,0.0
30,1880231,1917231,0,77.0,6.2182527020592095,68.0,86.0,9.0,1.334634781503914,0.0,0.01825796074553543,0.021415771524017035,0.0,0.0
30,1888231,1917231,0,74.52,5.044759657307769,68.0,84.0,9.0,1.4577379737113252,0.0,0.016190485178469983,0.02138900957291889,0.0,0.0
30,1897231,1917231,0,72.76190476190476,3.3080675110396958,68.0,81.0,6.0,1.51657508881031,0.0,0.010773913039698959,0.0117919296786348,0.0,0.0
30,1904231,1917231,0,71.07142857142857,1.7914194577120646,68.0,75.0,3.0,1.4411533842457842,0.0,0.010709080139056512,0.013774585096052961,0.0,0.0
30,1912231,1917231,0,70.66666666666667,2.5603819159562025,68.0,75.0,7.0,1.8439088914585775,0.0,0.0037971687547883443,0.004821313676696454,0.0,0.0
30,2234688,2243437,1,88.0,0.7559289460184544,87.0,89.0,2.0,1.1547005383792515,0.0,0.021819664499394147,0.023111256091768465,0.0,0.0
30,2234688,2251437,1,86.53333333333333,1.6275407487644937,84.0,89.0,4.0,0.9258200997725514,0.0,0.019388232263130002,0.02632570167438283,0.0,0.0
30,2234688,2257437,1,85.9047619047619,1.743143354068869,83.0,89.0,4.0,0.9486832980505138,0.0,0.031985354450008406,0.04753972213806503,0.0,0.0
30,2234688,2267437,1,85.14285714285714,2.0995626366712954,81.0,89.0,8.0,0.90267093384844,0.0,0.026067908576658323,0.04258424095805143,0.0,0.0
30,2234688,2275437,1,83.80555555555556,3.134214809028858,78.0,89.0,11.0,0.8783100656536799,0.0,0.022265422038644716,0.03834894184389463,0.0,0.0
30,2234688,2283437,1,83.11363636363636,3.2628480942192843,78.0,89.0,6.0,0.8892118276421005,0.0,0.020553484576999872,0.03527612728117113,0.0,0.0
30,2234688,2289437,1,83.32,3.1205127783747337,78.0,89.0,3.0,0.8689660757568884,0.0,0.02092129320788551,0.03513434367578177,0.0,0.0
30,2240437,2299437,1,83.22641509433963,2.8193503161287317,78.0,89.0,4.0,0.8320502943378437,0.0,0.018149979843100034,0.03358754697612133,0.0,0.0
30,2248437,2307437,1,83.47272727272727,3.0561684000159737,78.0,90.0,5.0,0.8050764858994133,0.0,0.017651850735952077,0.033044229614559224,0.0,0.0
30,2256437,2315437,1,84.16363636363636,3.626987913174518,78.0,90.0,4.0,0.7200822998230956,0.0,0.010083631683991578,0.014397860896695418,0.0,0.0
30,2264437,2323437,1,84.6896551724138,3.7929467052253902,78.0,90.0,5.0,0.7132825035177587,0.0,0.010069052646334457,0.014500236065791032,0.0,0.0
30,2272437,2324437,1,85.37254901960785,3.7045853109394646,78.0,90.0,10.0,0.7211102550927979,0.0,0.00979358638002743,0.01518378519049878,0.0,0.0
30,2280437,2324437,1,86.62790697674419,2.4780267451111597,80.0,90.0,9.0,0.7071067811865476,0.0,0.00944627900786011,0.015544360940305898,0.0,0.0
30,2288437,2324437,1,87.48571428571428,1.6796501093370366,85.0,90.0,4.0,0.6416889479197478,0.0,0.006928115541395875,0.007593406224926999,0.0,0.0
30,2296437,2324437,1,87.79310344827586,1.6687660182845327,85.0,90.0,4.0,0.5976143046671968,0.0,0.007042465045826369,0.00817478365159737,0.0,0.0
30,2304437,2324437,1,88.71428571428571,0.764875162105191,87.0,90.0,1.0,0.5916079783099616,0.0,0.007449814907832217,0.009475568395801718,0.0,0.0
30,2312437,2324437,1,88.46153846153847,0.7457969011409736,87.0,89.0,0.0,0.5773502691896257,0.0,0.008412032492829681,0.011420623535778423,0.0,0.0
30,2320437,2324437,1,87.8,0.7483314773547882,87.0,89.0,1.0,0.8660254037844386,0.0,0.004959454128429863,0.006503683985220502,0.0,0.0
30,3136815,3154802,0,95.5,2.598076211353316,91.0,97.0,6.0,3.4641016151377544,0.3333333333333333,0.04002898419570062,0.044868891534729526,0.0,0.0
30,3136815,3162802,0,93.91666666666667,2.32588095615881,91.0,97.0,0.0,1.954016841836789,0.09090909090909091,0.01704722630634642,0.03080409180254446,0.0,0.0
30,3136815,3170802,0,92.85,2.2643983748448506,91.0,97.0,2.0,1.5559732104309982,0.05263157894736842,0.012074224671749133,0.024677284600559204,0.0,0.0
30,3136815,3178802,0,93.57142857142857,2.290174220268771,91.0,97.0,5.0,1.3743685418725535,0.037037037037037035,0.013180102670954078,0.02401614305104891,0.0,0.0
30,3136815,3186802,0,94.30555555555556,2.4700364869599762,91.0,98.0,6.0,1.2421180068162376,0.02857142857142857,0.01939690341814114,0.03171312596870484,0.0,0.0
30,3136815,3193802,0,94.76744186046511,2.5042959304133587,91.0,98.0,6.0,1.1952286093343936,0.023809523809523808,0.022418864253867146,0.03068696345228586,0.0,0.0
30,3152802,3202802,0,95.31914893617021,2.6983555510617343,91.0,100.0,1.0,0.872278375988647,0.0,0.01889694240360179,0.026100495192152875,0.0,0.0
30,3152802,3210802,0,95.38181818181818,2.5189529505217347,91.0,100.0,3.0,0.8498365855987975,0.0,0.01779067631382483,0.024364567413406733,0.0,0.0
30,3159802,3218802,0,94.83928571428571,2.7824500105526586,90.0,100.0,3.0,0.8420753583206845,0.0,0.016997397850609424,0.024352430076735626,0.0,0.0
31,2601282,2661145,1,78.63793103448276,1.668142430267137,76.0,83.0,2.0,1.0429378208913578,0.0,0.044887961691834344,0.05732448159867285,0.0,0.0
31,2611145,2669145,1,78.27118644067797,1.9470143024778819,73.0,83.0,6.0,1.0504514628777804,0.0,0.043308730835117826,0.061232591681140015,0.0,0.0
31,2618145,2677145,1,78.05,1.707093045696885,73.0,82.0,0.0,1.089238577156585,0.0,0.03404660449408041,0.05057956961544645,0.0,0.0
31,2626145,2680145,1,78.05454545454545,1.8724624702458899,73.0,82.0,1.0,1.11388542532019,0.0,0.025357852662021296,0.037343704036637795,0.0,0.0
31,2634145,2689145,1,78.18,2.4387701818744625,73.0,86.0,7.0,1.2535663410560174,0.0,0.023595239288590263,0.03493398406538537,0.0,0.0
31,2642145,2689145,1,78.38095238095238,2.599930227565466,73.0,86.0,8.0,1.3251783128981585,0.0,0.025237604270433957,0.037518176165630204,0.0,0.0
31,2650145,2689145,1,78.6470588235294,2.806320103970956,73.0,86.0,7.0,1.4459976109624424,0.0,0.024251615446220974,0.04033911624764902,0.0,0.0
31,2658145,2689145,1,79.0,3.1008683647302115,73.0,86.0,7.0,1.5620499351813308,0.0,0.029641541108858797,0.044660045339611036,0.0,0.0
31,2666145,2689145,1,79.5,3.5784850922639815,73.0,86.0,8.0,1.6449566416599486,0.0,0.022301121593611972,0.026034109822083217,0.0,0.0
31,2674145,2689145,1,81.9,2.3,79.0,86.0,4.0,1.699673171197595,0.0,0.024017872904232566,0.027972588139159475,0.0,0.0
31,3999076,4005076,1,87.28571428571429,0.880630571852711,86.0,88.0,2.0,0.5773502691896257,0.0,0.02437164425256828,0.019851876631886627,0.0,0.0
31,3999076,4013076,1,87.93333333333334,0.9285592184789411,86.0,89.0,0.0,0.7559289460184544,0.0,0.017801084088557247,0.015231874896142219,0.0,0.0
31,3999076,4021076,1,87.95,0.804673846971554,86.0,89.0,0.0,0.6488856845230502,0.0,0.01599858317025869,0.01403038046275664,0.0,0.0
31,3999076,4024076,1,87.8695652173913,0.7969696860792764,86.0,89.0,1.0,0.6396021490668313,0.0,0.01834455833602469,0.015735197469876203,0.0,0.0
31,3999076,4034076,1,88.23076923076923,1.249852062251686,86.0,91.0,3.0,1.0,0.0,0.02926538556361176,0.0383918438631446,0.0,0.0
31,3999076,4045076,1,88.35483870967742,1.206123812634833,86.0,91.0,1.0,0.983192080250175,0.0,0.028184648908422545,0.03560127033261365,0.0,0.0
31,3999076,4048076,1,88.41176470588235,1.166131035388177,86.0,91.0,1.0,0.937436866561092,0.0,0.030116723650057034,0.03505729480474778,0.0,0.0
31,4002076,4048076,1,88.45161290322581,1.2138637240146313,86.0,91.0,1.0,0.983192080250175,0.0,0.02952340012132244,0.03580028967033335,0.0,0.0
31,4010076,4067076,1,88.58333333333333,1.4409680388158819,84.0,91.0,5.0,1.4295028019803129,0.0,0.03620777406193879,0.039558681113950216,0.0,0.0
31,4021076,4067076,1,88.6875,1.7218721642444887,84.0,91.0,4.0,1.7511900715418263,0.0,0.04815838815138612,0.04359854030220266,0.0,0.0
31,4032076,4067076,1,89.08333333333333,1.8008485654145256,84.0,91.0,7.0,1.6236882817719773,0.0,0.05539960400585315,0.046814051677011574,0.0,0.0
31,4034076,4067076,1,88.7,1.7349351572897473,84.0,91.0,7.0,1.7950549357115013,0.0,0.051200121284534515,0.0494180018731302,0.0,0.0
31,4042076,4067076,1,88.25,1.6393596310755,84.0,89.0,5.0,1.9639610121239315,0.0,0.036726986325959846,0.022795981398252126,0.0,0.0
31,5304759,5316759,1,89.2,0.7483314773547882,88.0,90.0,0.0,0.9428090415820634,0.0,0.17049038447856557,0.06535899219266769,0.0,0.0
31,5304759,5323759,1,89.29411764705883,1.1764705882352942,87.0,92.0,4.0,0.9354143466934853,0.0,0.12179112439345824,0.08572258322523772,0.0,0.0
31,5304759,5329759,1,89.23809523809524,1.1086139739831253,87.0,92.0,1.0,1.02469507659596,0.0,0.1239406709992881,0.08222701442589589,0.0,0.0
32,1035743,1095740,1,87.24137931034483,2.860614503718088,82.0,95.0,1.0,0.964274111134126,0.0,0.05173426234316682,0.09857578639596762,0.0,0.0
32,1043783,1103740,1,87.6896551724138,2.7805165518095802,82.0,95.0,5.0,1.0,0.0,0.05067746510184884,0.09867044463720316,0.0,0.0
32,1052740,1111740,1,88.74137931034483,2.4604481287063744,84.0,95.0,6.0,1.0087337902782492,0.0,0.04734528541616251,0.09014832684335859,0.0,0.0
32,1060740,1119740,1,89.12068965517241,2.2672905462087267,85.0,95.0,1.0,1.0173926082384548,0.0,0.041939024505053,0.07942419851041962,0.0,0.0
33,1743649,1803084,1,93.36842105263158,3.1740813228030738,88.0,98.0,6.0,0.9863939238321437,0.0,0.06881630259032599,0.08605959467749069,0.0,0.0
33,1752084,1811084,1,94.54054054054055,2.9554767722076867,89.0,98.0,7.0,0.9574271077563381,0.0,0.05765775856698295,0.065775558165075,0.0,0.0
33,1760084,1811084,1,95.93103448275862,1.4605392127274048,92.0,98.0,4.0,0.9636241116594315,0.0,0.053048486956765284,0.0595942018349804,0.0,0.0
33,1775084,1811084,1,96.14285714285714,1.0367400503370114,95.0,98.0,1.0,0.7416198487095663,0.0,0.05605515461246508,0.06748342687304913,0.0,0.0
33,1776084,1831084,1,95.85714285714286,1.8331787195162055,89.0,98.0,6.0,1.7320508075688772,0.05,0.04998924369458845,0.06562803857137281,0.0,0.0
33,1784084,1831084,1,96.07692307692308,2.268904800577327,89.0,98.0,6.0,2.1984843263788196,0.08333333333333333,0.019579116959918392,0.027811772869730075,0.0,0.0
33,1801084,1831084,1,96.3,2.5317977802344322,89.0,98.0,9.0,2.4267032964268394,0.1111111111111111,0.011142004921644041,0.01159057024172417,0.0,0.0
33,1801084,1831084,1,96.3,2.5317977802344322,89.0,98.0,9.0,2.4267032964268394,0.1111111111111111,0.011142004921644041,0.01159057024172417,0.0,0.0
33,2433763,2443609,1,95.125,0.5994789404140899,94.0,96.0,1.0,0.6546536707079771,0.0,0.06283869946752187,0.059764305862368826,0.0,0.0
33,2433763,2451609,1,95.3125,0.8454843286542927,94.0,97.0,1.0,0.6831300510639732,0.0,0.05896398886298038,0.07105358436560467,0.0,0.0
33,2433763,2454609,1,95.57894736842105,0.9902572485382516,94.0,97.0,1.0,0.6236095644623235,0.0,0.0668067239687716,0.07627556569978201,0.0,0.0
33,2433763,2454609,1,95.57894736842105,0.9902572485382516,94.0,97.0,1.0,0.6236095644623235,0.0,0.0668067239687716,0.07627556569978201,0.0,0.0
33,2433763,2475609,1,95.76923076923077,0.9326427425370877,94.0,97.0,0.0,0.565685424949238,0.0,0.05032508089009761,0.07067998015678284,0.0,0.0
33,2433763,2483609,1,95.6470588235294,0.8705087404087496,94.0,97.0,1.0,0.5222329678670935,0.0,0.10531280329942823,0.3224594865404506,0.0,0.0
33,2433763,2491609,1,96.07142857142857,1.2419810814995214,94.0,99.0,1.0,0.6439209162167846,0.0,0.10070134863844886,0.29063477426919526,0.0,0.0
33,2441609,2493609,1,96.15384615384616,1.2514291632730696,94.0,99.0,1.0,0.6688560540599386,0.0,0.1046241677803086,0.30109625941868456,0.0,0.0
33,2448609,2503609,1,96.31428571428572,1.2597375820027774,93.0,99.0,2.0,0.7276068751089989,0.0,0.09958205287771717,0.31615839489176867,0.0,0.0
33,2469609,2515609,1,94.13888888888889,4.157675484221775,86.0,99.0,11.0,1.0,0.0,0.09076240833964598,0.311671577747517,0.0,0.0
33,2469609,2522609,1,93.02325581395348,4.5774389716532955,86.0,99.0,9.0,0.9636241116594315,0.0,0.07846957253611068,0.2866374851649249,0.0,0.0
33,2472609,2522609,1,92.75,4.630064794363034,86.0,99.0,8.0,0.9870962335856491,0.0,0.08370370295392121,0.29652672393868423,0.0,0.0
33,2480609,2522609,1,92.0,4.892596447695231,86.0,99.0,7.0,1.0924964014113612,0.0,0.103322040959439,0.3286052053524104,0.0,0.0
33,2488609,2522609,1,90.5,4.681523968396046,86.0,98.0,10.0,1.1420804814403216,0.0,0.030324381872033665,0.03461188324899912,0.0,0.0
33,2501609,2522609,1,88.27777777777777,3.0332519321597107,86.0,96.0,8.0,1.2833778958394957,0.0,0.020737143451358936,0.024409671422335428,0.0,0.0
33,2508609,2522609,1,87.0,0.9660917830792959,86.0,89.0,1.0,0.7071067811865476,0.0,0.01686580166655839,0.022057549141231238,0.0,0.0
33,2512609,2522609,1,86.81818181818181,0.8331955809010617,86.0,88.0,2.0,0.6324555320336759,0.0,0.021722037409120834,0.02395792574507603,0.0,0.0
33,2951865,2954876,1,95.75,0.82915619758885,95.0,97.0,2.0,0.816496580927726,0.0,0.017386702717632582,0.010834411933933235,0.0,0.0
33,2951865,2962929,1,94.81818181818181,1.1134044285378082,93.0,97.0,1.0,1.0488088481701516,0.0,0.04943668620012593,0.04567773640907503,0.0,0.0
33,2951865,2970929,1,95.57894736842105,1.2697197980857704,93.0,97.0,0.0,0.8819171036881969,0.0,0.08656386519553237,0.08484724343650421,0.0,0.0
33,2951865,2978929,1,96.33333333333333,1.5869840952317447,93.0,99.0,1.0,0.8086075400626399,0.0,0.07520857163935608,0.07522040483434848,0.0,0.0
33,2951865,2986929,1,96.85714285714286,1.7095171773316105,93.0,99.0,2.0,0.7276068751089989,0.0,0.06355357291597431,0.06993493224071079,0.0,0.0
33,2951865,2994929,1,97.25581395348837,1.7665236292867852,93.0,100.0,2.0,0.7237468644557459,0.0,0.0614662473757982,0.06517730400423721,0.0,0.0
33,2951865,3002929,1,97.27450980392157,1.6695476829339608,93.0,100.0,1.0,0.7071067811865476,0.0,0.055148862636993944,0.06198314048543309,0.0,0.0
33,2951865,3010929,1,97.10714285714286,1.697462091188021,93.0,100.0,3.0,0.7006490497453707,0.0,0.05054521593486726,0.06095947078357355,0.0,0.0
33,2959929,3018929,1,96.84210526315789,2.0156360163291334,93.0,100.0,0.0,0.7319250547113999,0.0,0.04375144553421942,0.059594334080422,0.0,0.0
33,2967929,3026929,1,96.64912280701755,2.2043913753677296,92.0,100.0,0.0,0.7071067811865476,0.0,0.03375057064855735,0.04947085218517728,0.0,0.0
33,2975929,3026929,1,96.51020408163265,2.3222301822978655,92.0,100.0,2.0,0.7071067811865476,0.0,0.023334827940396537,0.028081902468780617,0.0,0.0
33,2983929,3026929,1,96.1951219512195,2.4115526037674684,92.0,100.0,3.0,0.758287544405155,0.0,0.021559998386878332,0.02650667050872324,0.0,0.0
33,2991929,3026929,1,95.54545454545455,2.2440616462513474,92.0,100.0,3.0,0.8100925873009825,0.0,0.018865429737600383,0.02744891698366744,0.0,0.0
33,2999929,3026929,1,94.52,1.4729562111617576,92.0,97.0,1.0,0.8416254115301732,0.0,0.011731078478118145,0.015598389824186555,0.0,0.0
33,3007929,3026929,1,94.05,1.2439855304624727,92.0,96.0,0.0,0.9176629354822471,0.0,0.008453629900337906,0.012095734655928768,0.0,0.0
33,3015929,3026929,1,93.75,1.2332207155790618,92.0,96.0,3.0,0.7977240352174656,0.0,0.010813697920049723,0.014885694103196881,0.0,0.0
33,3023929,3026929,1,95.25,0.82915619758885,94.0,96.0,2.0,0.816496580927726,0.0,0.020142815053269366,0.022478372328037146,0.0,0.0
33,3720424,3723440,1,99.25,0.82915619758885,98.0,100.0,2.0,0.816496580927726,0.0,0.014420924342681763,0.003319326091105299,0.0,0.0
33,3720424,3728974,1,99.5,0.9574271077563381,98.0,101.0,1.0,1.1832159566199232,0.0,0.019823565604335236,0.008141872322564697,0.0,0.0
33,3720424,3738974,1,98.66666666666667,1.4907119849998598,96.0,101.0,2.0,1.118033988749895,0.0,0.021116028404136514,0.01032322386607905,0.0,0.0
33,3720424,3746974,1,97.29411764705883,1.9331384382535275,94.0,101.0,1.0,1.0897247358851685,0.0,0.017604722963129277,0.010321718072542651,0.0,0.0
33,3720424,3749974,1,97.5,1.857417562100671,94.0,101.0,1.0,1.0513149660756937,0.0,0.023298077317802163,0.023021313454952654,0.0,0.0
33,3720424,3761974,1,97.5,1.6466749714313573,94.0,101.0,1.0,1.0392304845413265,0.0,0.02819937806262187,0.024598144050486655,0.0,0.0
33,3720424,3768974,1,97.45161290322581,1.5205837095990546,94.0,101.0,1.0,0.983192080250175,0.0,0.046968920816753607,0.06683090455794256,0.0,0.0
33,3720424,3778974,1,98.02631578947368,1.842293223493383,94.0,101.0,2.0,1.0397504898200727,0.0,0.04283746402619741,0.061690318386256146,0.0,0.0
33,3728974,3786974,1,98.1219512195122,1.783325503456674,94.0,101.0,0.0,0.9486832980505138,0.0,0.05066449556221651,0.07254681195035846,0.0,0.0
33,3736974,3794974,1,97.97777777777777,1.8195101769296638,94.0,101.0,4.0,1.0660035817780522,0.0,0.05624091051973962,0.08327047691144092,0.0,0.0
33,3743974,3802974,1,97.69565217391305,2.1251042451912934,93.0,101.0,3.0,1.021980647783726,0.0,0.0727237259877515,0.1015560908389461,0.0,0.0
33,3756974,3808974,1,97.31111111111112,2.4387813188122576,93.0,101.0,0.0,1.0,0.0,0.07219208549193465,0.10226959521143757,0.0,0.0
33,3759974,3808974,1,97.30952380952381,2.5212250918390486,93.0,101.0,1.0,1.024099842693513,0.0,0.07465349015810992,0.1053390963742411,0.0,0.0
33,3767974,3808974,1,97.27777777777777,2.714274111179135,93.0,101.0,0.0,1.0690449676496976,0.0,0.07684068841985064,0.11263456808520855,0.0,0.0
33,3775974,3808974,1,97.0,2.747432819337753,93.0,101.0,4.0,1.0,0.0,0.06893690234374118,0.10862550862809131,0.0,0.0
33,3783974,3808974,1,95.8695652173913,2.2516534567346174,93.0,100.0,3.0,1.1078234188139946,0.0,0.08732095164763497,0.1204730508966927,0.0,0.0
33,3794974,3808974,1,94.46666666666667,1.2578641509408806,93.0,97.0,3.0,0.8864052604279183,0.0,0.09472922654909265,0.1320941025273873,0.0,0.0
33,3799974,3808974,1,94.2,1.4000000000000001,93.0,97.0,2.0,0.9428090415820634,0.0,0.05248294188290218,0.0891447720401045,0.0,0.0
33,6183219,6187237,1,92.6,1.019803902718557,91.0,94.0,3.0,0.8660254037844386,0.0,0.017328416586551487,0.008620011844819362,0.0,0.0
33,6183219,6194863,1,92.33333333333333,1.1547005383792515,91.0,94.0,0.0,1.0,0.0,0.023178056091656865,0.024010321719608884,0.0,0.0
33,6183219,6201863,1,92.6875,1.1021995055342748,91.0,94.0,0.0,1.0327955589886444,0.0,0.015832832249324077,0.02003955713676623,0.0,0.0
33,6183219,6201863,1,92.6875,1.1021995055342748,91.0,94.0,0.0,1.0327955589886444,0.0,0.015832832249324077,0.02003955713676623,0.0,0.0
33,6183219,6201863,1,92.6875,1.1021995055342748,91.0,94.0,0.0,1.0327955589886444,0.0,0.015832832249324077,0.02003955713676623,0.0,0.0
33,6183219,6226863,1,93.25,1.2332207155790618,91.0,95.0,1.0,0.8597269536210951,0.0,0.01560740422784016,0.017500268542679536,0.0,0.0
33,6183219,6228863,1,93.38461538461539,1.3031595650844165,91.0,96.0,2.0,0.938083151964686,0.0,0.014743704140309077,0.017110533684719726,0.0,0.0
33,6184222,6228863,1,93.36,1.3230268326832983,91.0,96.0,3.0,0.9354143466934853,0.0,0.014702147702532687,0.017448102393080697,0.0,0.0
33,6191863,6228863,1,93.57142857142857,1.2936264483053452,91.0,96.0,5.0,0.9746794344808963,0.0,0.014128296415013265,0.01851530829207959,0.0,0.0
33,6199863,6228863,1,94.07692307692308,1.0714144828603167,92.0,96.0,4.0,0.9128709291752769,0.0,0.011344490762602367,0.010217846496929221,0.0,0.0
33,6219863,6266863,1,94.07692307692308,0.9970370305242862,92.0,96.0,1.0,1.3844373104863459,0.0,0.01313554479700968,0.010675508044033739,0.0,0.0
33,6219863,6269863,1,93.9375,0.9662265521087692,92.0,96.0,0.0,1.2649110640673518,0.0,0.013749967491197935,0.009708393456987085,0.0,0.0
33,6223863,6269863,1,93.91666666666667,1.114924013354971,92.0,96.0,0.0,1.4770978917519928,0.0,0.015340434620953414,0.01051644764246221,0.0,0.0
33,6264863,6269863,1,93.0,0.5773502691896257,92.0,94.0,2.0,0.6324555320336759,0.0,0.014998081366719365,0.00770010581193859,0.0,0.0
33,6264863,6269863,1,93.0,0.5773502691896257,92.0,94.0,2.0,0.6324555320336759,0.0,0.014998081366719365,0.00770010581193859,0.0,0.0
33,6264863,6269863,1,93.0,0.5773502691896257,92.0,94.0,2.0,0.6324555320336759,0.0,0.014998081366719365,0.00770010581193859,0.0,0.0
33,6264863,6269863,1,93.0,0.5773502691896257,92.0,94.0,2.0,0.6324555320336759,0.0,0.014998081366719365,0.00770010581193859,0.0,0.0
33,6264863,6269863,1,93.0,0.5773502691896257,92.0,94.0,2.0,0.6324555320336759,0.0,0.014998081366719365,0.00770010581193859,0.0,0.0
33,7552387,7555394,1,88.0,0.0,88.0,88.0,0.0,0.0,0.0,0.01570645356908403,0.0035511467605960937,0.0,0.0
33,7552387,7562844,1,88.0909090909091,0.51425947722658,87.0,89.0,1.0,0.7071067811865476,0.0,0.032132197945740806,0.027479444157822278,0.0,0.0
33,7552387,7566844,1,88.6,0.9521904571390466,87.0,90.0,2.0,0.6546536707079771,0.0,0.030035003410181,0.025013725998787553,0.0,0.0
33,7552387,7566844,1,88.6,0.9521904571390466,87.0,90.0,2.0,0.6546536707079771,0.0,0.030035003410181,0.025013725998787553,0.0,0.0
33,7552387,7586844,1,89.0,1.8027756377319946,87.0,95.0,7.0,1.4375905768565218,0.0,0.029020404027162376,0.024536141942883886,0.0,0.0
33,7552387,7586844,1,89.0,1.8027756377319946,87.0,95.0,7.0,1.4375905768565218,0.0,0.029020404027162376,0.024536141942883886,0.0,0.0
33,7552387,7602844,1,89.11764705882354,1.8111534492165475,87.0,95.0,3.0,1.713913650100261,0.0,0.027537447710044145,0.024531525396000304,0.0,0.0
33,7552387,7607844,1,89.15789473684211,1.7248389061235727,87.0,95.0,1.0,1.6499158227686108,0.0,0.028356733245608057,0.025427959717861437,0.0,0.0
33,7559844,7613844,1,89.6923076923077,1.8557443202792028,87.0,95.0,2.0,1.9578900207451218,0.0,0.0240477948584237,0.023997846283102642,0.0,0.0
33,7586844,7613844,1,90.8,2.227105745132009,89.0,95.0,6.0,2.1213203435596424,0.0,0.017882899260943177,0.024692362415207305,0.0,0.0
33,7586844,7613844,1,90.8,2.227105745132009,89.0,95.0,6.0,2.1213203435596424,0.0,0.017882899260943177,0.024692362415207305,0.0,0.0
33,7586844,7613844,1,90.8,2.227105745132009,89.0,95.0,6.0,2.1213203435596424,0.0,0.017882899260943177,0.024692362415207305,0.0,0.0
33,7602844,7613844,1,89.75,0.82915619758885,89.0,91.0,2.0,0.816496580927726,0.0,0.018903270755708235,0.027512454672716548,0.0,0.0
33,7602844,7613844,1,89.75,0.82915619758885,89.0,91.0,2.0,0.816496580927726,0.0,0.018903270755708235,0.027512454672716548,0.0,0.0
33,8102639,8105660,1,90.0,0.7071067811865476,89.0,91.0,2.0,0.816496580927726,0.0,0.022463369572947832,0.012200290100362143,0.0,0.0
33,8102639,8115021,1,92.36363636363636,2.267266166061805,89.0,96.0,7.0,0.8366600265340756,0.0,0.010934606079185673,0.011736931742284422,0.0,0.0
33,8102639,8120021,1,93.875,2.9341736485763756,89.0,98.0,8.0,0.816496580927726,0.0,0.014757926287645488,0.014477273108821442,0.0,0.0
33,8102639,8131021,1,94.66666666666667,2.9331168751303798,89.0,98.0,8.0,0.7745966692414834,0.0,0.01194238236669429,0.013675169837540364,0.0,0.0
33,8102639,8134021,1,95.0,2.886751345948129,89.0,98.0,8.0,0.7801894976054939,0.0,0.012523520126274688,0.013561237683949925,0.0,0.0
33,8102639,8134021,1,95.0,2.886751345948129,89.0,98.0,8.0,0.7801894976054939,0.0,0.012523520126274688,0.013561237683949925,0.0,0.0
33,8102639,8155021,1,94.8076923076923,2.8557530432071645,89.0,98.0,3.0,1.1135528725660044,0.0,0.015717513368989865,0.017276832893530863,0.0,0.0
33,8103653,8158021,1,94.64285714285714,2.767338661115788,90.0,98.0,1.0,1.0715167512214394,0.0,0.028308545355220986,0.057148879280699436,0.0,0.0
33,8112021,8171021,1,95.29166666666667,2.4062274529968186,91.0,98.0,2.0,1.103354568734741,0.0,0.02938806179636187,0.061489098138371064,0.0,0.0
33,8120021,8179021,1,93.04166666666667,3.611084401610624,86.0,98.0,11.0,1.1978241142570356,0.0,0.036752495234726144,0.0607618380963572,0.0,0.0
33,8128021,8187021,1,91.61538461538461,4.019920809370436,85.0,98.0,10.0,1.1661903789690602,0.0,0.04993793206997755,0.07151022618568727,0.0,0.0
33,8154021,8192021,1,89.29166666666667,2.4062274529968186,85.0,93.0,4.0,0.9325048082403138,0.0,0.09894600968746825,0.11832085249787172,0.0,0.0
33,8154021,8192021,1,89.29166666666667,2.4062274529968186,85.0,93.0,4.0,0.9325048082403138,0.0,0.09894600968746825,0.11832085249787172,0.0,0.0
33,8154021,8192021,1,89.29166666666667,2.4062274529968186,85.0,93.0,4.0,0.9325048082403138,0.0,0.09894600968746825,0.11832085249787172,0.0,0.0
33,8170021,8192021,1,88.63157894736842,2.252729953582389,85.0,92.0,3.0,0.97182531580755,0.0,0.09807495702265859,0.12185642712860834,0.0,0.0
33,8170021,8192021,1,88.63157894736842,2.252729953582389,85.0,92.0,3.0,0.97182531580755,0.0,0.09807495702265859,0.12185642712860834,0.0,0.0
33,8176021,8192021,1,87.3076923076923,1.3234346564680965,85.0,89.0,0.0,0.9128709291752769,0.0,0.1332661775693089,0.13259343402630933,0.0,0.0
33,8186021,8192021,1,87.71428571428571,1.1605769149479943,86.0,89.0,3.0,0.9128709291752769,0.0,0.1874687406891215,0.14495178256458605,0.0,0.0
33,8784705,8794857,1,97.45454545454545,1.6160353486028343,95.0,100.0,4.0,0.7745966692414834,0.0,0.03406170946447809,0.022898480434043758,0.0,0.0
33,8784705,8802857,1,96.21052631578948,2.092063885721241,93.0,100.0,3.0,0.9128709291752769,0.0,0.07856710703921646,0.10064427817608289,0.0,0.0
34,608549,667902,1,82.05084745762711,2.452419965787922,78.0,87.0,2.0,0.7191949522280763,0.0,0.09947471289766739,0.1163988362127366,0.0,0.0
34,616568,675902,1,82.37288135593221,2.773349593717754,78.0,88.0,0.0,0.8709883407113854,0.0,0.10550249775607144,0.11359127043150617,0.0,0.0
34,624595,682912,1,82.65517241379311,2.5566122798703423,78.0,88.0,4.0,0.8785953702139588,0.0,0.1103237735425676,0.11979132130970425,0.0,0.0
34,633902,692041,1,83.15517241379311,2.4268734259218996,78.0,88.0,6.0,0.898341551894183,0.0,0.10323904476332685,0.11565881353416911,0.0,0.0
34,640902,697041,1,84.10714285714286,2.3274646800187306,80.0,90.0,8.0,0.9534625892455924,0.0,0.09891183902435523,0.11730425093965084,0.0,0.0
34,648902,697041,1,84.47916666666667,2.3093071050762295,80.0,90.0,8.0,1.0105823052798226,0.0,0.08467271613565582,0.10935835941928138,0.0,0.0
34,656902,697041,1,84.4,2.416609194718914,80.0,90.0,4.0,1.0377490433255416,0.0,0.09486588166901304,0.1156048415896315,0.0,0.0
34,664902,697041,1,84.28125,2.6602910437581824,80.0,90.0,6.0,1.1071614388213236,0.0,0.10098192235233079,0.12654014063100363,0.0,0.0
34,672902,697041,1,83.79166666666667,2.798499101701164,80.0,90.0,5.0,1.0834726777719228,0.0,0.11860860451326909,0.14120904109125315,0.0,0.0
34,680905,697041,1,84.9375,2.536452985962878,81.0,90.0,9.0,1.1254628677422756,0.0,0.09127435790513369,0.08719090667638839,0.0,0.0
34,689041,697041,1,86.66666666666667,1.9436506316151,84.0,90.0,5.0,1.2747548783981961,0.0,0.09705710128753188,0.09328676811597054,0.0,0.0
34,2392384,2396404,1,86.2,0.7483314773547882,85.0,87.0,1.0,0.8660254037844386,0.0,0.05160819730303891,0.06178800513597813,0.0,0.0
34,2392384,2404406,1,85.45454545454545,1.1570838237598051,83.0,87.0,1.0,1.140175425099138,0.0,0.06255215569999234,0.06665816676543956,0.0,0.0
34,2392384,2412406,1,85.0,1.1697953037312037,83.0,87.0,1.0,1.0801234497346435,0.0,0.07055683104435498,0.06018074094003679,0.0,0.0
34,2392384,2420406,1,83.70370370370371,2.4008457586136074,77.0,87.0,8.0,1.1435437497937313,0.0,0.08758708809017454,0.07016895512406515,0.0,0.0
34,2392384,2428406,1,81.85714285714286,4.029483179500511,74.0,87.0,10.0,1.212678125181665,0.0,0.10128899940092022,0.07666631859199682,0.0,0.0
34,2392384,2436406,1,81.34883720930233,3.851207729206409,74.0,87.0,3.0,1.185226520443204,0.0,0.10186768358183972,0.08522789221859133,0.0,0.0
34,2392384,2444406,1,81.62745098039215,3.613486634728539,74.0,87.0,0.0,1.1489125293076057,0.0,0.10319302721127831,0.08649072297676255,0.0,0.0
34,2393389,2452406,1,82.01724137931035,3.564631718223303,74.0,87.0,0.0,1.1547005383792515,0.0,0.10524891901914936,0.08250274860035148,0.0,0.0
34,2401406,2460406,1,82.08333333333333,3.5085213726329534,74.0,87.0,1.0,1.1571443517761548,0.0,0.11106420626230101,0.08150634042374122,0.0,0.0
34,2409406,2468406,1,82.08620689655173,3.6259813547204054,74.0,88.0,4.0,1.1697953037312037,0.0,0.11888343381883314,0.08584072969909488,0.0,0.0
34,2417406,2476406,1,82.59649122807018,4.008148056947783,74.0,89.0,4.0,1.2392393980641052,0.0,0.11618995031602368,0.08665672061789297,0.0,0.0
34,2425406,2481406,1,83.46296296296296,3.547106086829213,74.0,89.0,8.0,1.0988845115895123,0.0,0.11016706658089512,0.08338954918148475,0.0,0.0
34,2433406,2481406,1,84.69565217391305,2.0309514285437675,79.0,89.0,5.0,1.1055415967851334,0.0,0.10247276138749077,0.07718329986067654,0.0,0.0
34,2441406,2481406,1,85.36842105263158,1.4220269564322419,83.0,89.0,1.0,1.1740436015661335,0.0,0.11043662051825566,0.07046721304028158,0.0,0.0
34,2449406,2481406,1,85.63333333333334,1.4255603186895398,83.0,89.0,0.0,1.2317635241028795,0.0,0.11214072552271365,0.0745901868195751,0.0,0.0
34,2457406,2481406,1,85.72727272727273,1.482682402754554,84.0,89.0,1.0,1.2149857925879117,0.0,0.10085178070993846,0.07671968708518777,0.0,0.0
34,2465406,2481406,1,86.07142857142857,1.6675167899898216,84.0,89.0,2.0,1.1766968108291043,0.0,0.08940653396139112,0.054683957539341355,0.0,0.0
34,2473406,2481406,1,85.0,1.224744871391589,84.0,88.0,4.0,1.1952286093343936,0.0,0.1004799587308701,0.05955640341895908,0.0,0.0
34,3705397,3708395,0,90.5,1.5,89.0,93.0,3.0,1.9148542155126762,0.0,0.02371619906903931,0.011369468058631689,0.0,0.0
34,3705397,3716470,0,91.58333333333333,1.4409680388158819,89.0,94.0,2.0,1.348399724926484,0.0,0.35004152632513924,0.5253382825927593,0.0,0.0
34,3705397,3724478,0,92.35,2.329699551444349,89.0,97.0,3.0,1.3954814298487213,0.0,0.2998947126339102,0.43965569341736793,0.0,0.0
34,3705397,3732502,0,92.85714285714286,2.182958112848018,89.0,97.0,0.0,1.247219128924647,0.0,0.2156730368253699,0.39472415380307624,0.0,0.0
34,3705397,3739834,0,91.91176470588235,2.914140444946326,86.0,97.0,7.0,1.3371158468430429,0.0,0.19591669326269864,0.3618270468268181,0.0,0.0
34,3705397,3747834,0,90.45238095238095,4.0012044671834275,83.0,97.0,10.0,1.2493900951088486,0.0,0.20526108856247965,0.33075771580938645,0.0,0.0
34,3705397,3755834,0,89.36,4.4486402416918365,83.0,97.0,8.0,1.178030178747903,0.0,0.2140580302428318,0.3078494183450036,0.0,0.0
34,3705397,3763834,0,88.98275862068965,4.248697079431588,83.0,97.0,5.0,1.1470786693528088,0.0,0.23501323401446378,0.3088604721703974,0.0,0.0
34,3713470,3771834,0,88.70689655172414,4.097975196781501,83.0,97.0,2.0,1.0429378208913578,0.0,0.23562180987159156,0.3109275082652133,0.0,0.0
34,3721470,3779834,0,88.91379310344827,4.284231242183849,83.0,97.0,0.0,1.0087337902782492,0.0,0.18079658677177887,0.18773541756408865,0.0,0.0
34,3729493,3787837,0,88.91071428571429,4.579756644011486,83.0,99.0,3.0,1.0357254813546264,0.0,0.22692434016388477,0.26694799934334257,0.0,0.0
36,471326,531045,1,86.28813559322033,1.4267522376769461,84.0,88.0,1.0,0.3474041668898256,0.0,0.13253054964688776,0.1396839448470556,0.0,0.0
36,480045,539045,1,86.61666666666666,1.2395115525435365,85.0,88.0,3.0,0.34444748191358604,0.0,0.14459959698308994,0.13662759178544692,0.0,0.0
36,488045,547045,1,87.11666666666666,1.266118302353913,85.0,90.0,5.0,0.39056673294247163,0.0,0.15950969898770992,0.13554672799833262,0.0,0.0
36,496045,555045,1,88.1,2.0141168453361056,85.0,95.0,10.0,0.4871223004474547,0.0,0.22105130325583644,0.26820449180187905,0.0,0.0
36,504045,560045,1,89.12280701754386,2.8780486532505094,86.0,97.0,10.0,0.5,0.0,0.22110849735550483,0.268179410591457,0.0,0.0
36,512045,560045,1,89.3265306122449,3.053186726657641,86.0,97.0,9.0,0.5204164998665332,0.0,0.23504374319982246,0.28329239313598714,0.0,0.0
36,520045,560045,1,89.58536585365853,3.2757468688953866,86.0,97.0,9.0,0.570087712549569,0.0,0.26063862405575766,0.30093775336558043,0.0,0.0
36,528045,560045,1,90.0909090909091,3.458530396987578,86.0,97.0,10.0,0.6123724356957945,0.0,0.27404819959448345,0.32491450744330636,0.0,0.0
36,536045,560045,1,91.2,3.2619012860600183,87.0,97.0,10.0,0.6454972243679028,0.0,0.30277755314869675,0.3608487092661743,0.0,0.0
36,544045,560045,1,92.76470588235294,2.797675753080968,89.0,97.0,8.0,0.7071067811865476,0.0,0.35753561932182404,0.42135688922397574,0.0,0.0
36,552045,560045,1,95.11111111111111,1.4487116456005886,93.0,97.0,4.0,0.7071067811865476,0.0,0.47869867926689896,0.5347558467297029,0.0,0.0
36,1040386,1055386,1,86.14285714285714,0.832993127835043,85.0,88.0,2.0,1.0,0.0,0.021070072172741205,0.01280104565081367,0.0,0.0
36,1040386,1055386,1,86.14285714285714,0.832993127835043,85.0,88.0,2.0,1.0,0.0,0.021070072172741205,0.01280104565081367,0.0,0.0
36,1040386,1055386,1,86.14285714285714,0.832993127835043,85.0,88.0,2.0,1.0,0.0,0.021070072172741205,0.01280104565081367,0.0,0.0
36,1040386,1055386,1,86.14285714285714,0.832993127835043,85.0,88.0,2.0,1.0,0.0,0.021070072172741205,0.01280104565081367,0.0,0.0
36,1040386,1055386,1,86.14285714285714,0.832993127835043,85.0,88.0,2.0,1.0,0.0,0.021070072172741205,0.01280104565081367,0.0,0.0
36,1040386,1055386,1,86.14285714285714,0.832993127835043,85.0,88.0,2.0,1.0,0.0,0.021070072172741205,0.01280104565081367,0.0,0.0
36,1050386,1055386,1,85.83333333333333,0.37267799624996495,85.0,86.0,0.0,0.6324555320336759,0.0,0.023373264528822647,0.012411487938309452,0.0,0.0
36,1055386,1114386,1,85.75,0.4330127018922193,85.0,86.0,0.0,0.816496580927726,0.0,0.059945642816416296,0.06814862517623374,0.0,0.0
36,1108386,1115386,1,85.75,0.4330127018922193,85.0,86.0,0.0,0.816496580927726,0.0,0.07555512904008413,0.0626797131701873,0.0,0.0
36,1108386,1115386,1,85.75,0.4330127018922193,85.0,86.0,0.0,0.816496580927726,0.0,0.07555512904008413,0.0626797131701873,0.0,0.0
36,1108386,1115386,1,85.75,0.4330127018922193,85.0,86.0,0.0,0.816496580927726,0.0,0.07555512904008413,0.0626797131701873,0.0,0.0
36,1108386,1115386,1,85.75,0.4330127018922193,85.0,86.0,0.0,0.816496580927726,0.0,0.07555512904008413,0.0626797131701873,0.0,0.0
36,1108386,1115386,1,85.75,0.4330127018922193,85.0,86.0,0.0,0.816496580927726,0.0,0.07555512904008413,0.0626797131701873,0.0,0.0
36,1108386,1115386,1,85.75,0.4330127018922193,85.0,86.0,0.0,0.816496580927726,0.0,0.07555512904008413,0.0626797131701873,0.0,0.0
36,3163245,3171245,1,75.71428571428571,2.602981022612657,73.0,81.0,4.0,2.6457513110645907,0.0,0.027047758435016642,0.014785096361005041,0.0,0.0
36,3163245,3179245,1,74.53333333333333,2.246973272847029,72.0,81.0,8.0,1.927248223318863,0.0,0.035105775508456526,0.02222464665598883,0.0,0.0
36,3163245,3187245,1,74.08695652173913,1.954104787325586,72.0,81.0,8.0,1.6236882817719773,0.0,0.03284384832217764,0.020120202312989895,0.0,0.0
36,3163245,3195245,1,73.93548387096774,1.7585823445727753,72.0,81.0,8.0,1.4832396974191326,0.0,0.030578853469096882,0.018799420318002625,0.0,0.0
36,3163245,3199245,1,73.8,1.7204650534085253,72.0,81.0,7.0,1.4450727642986174,0.0,0.02913453310689152,0.018211932601935935,0.0,0.0
36,3163245,3199245,1,73.8,1.7204650534085253,72.0,81.0,7.0,1.4450727642986174,0.0,0.02913453310689152,0.018211932601935935,0.0,0.0
36,3163245,3199245,1,73.8,1.7204650534085253,72.0,81.0,7.0,1.4450727642986174,0.0,0.02913453310689152,0.018211932601935935,0.0,0.0
36,3168245,3199245,1,73.46875,1.089276566120836,72.0,77.0,0.0,1.2181424250644648,0.0,0.02970527253658883,0.01829097152784932,0.0,0.0
36,3176245,3199245,1,73.20833333333333,0.8154327412825387,72.0,75.0,0.0,0.9780192938436515,0.0,0.02805179056412464,0.01846238650309943,0.0,0.0
36,3184245,3199245,1,73.25,0.82915619758885,72.0,75.0,1.0,1.0,0.0,0.02219165688325785,0.0130806509502718,0.0,0.0
36,3192245,3199245,1,72.875,0.5994789404140899,72.0,74.0,1.0,0.8451542547285166,0.0,0.01903628464503009,0.005845511135759214,0.0,0.0
36,4502400,4506400,1,114.8,0.7483314773547882,114.0,116.0,2.0,0.7071067811865476,0.0,0.003543946009860165,0.002176595238946685,0.0,0.0
36,4502400,4510400,1,115.77777777777777,1.314684396244359,114.0,118.0,4.0,0.7071067811865476,0.0,0.031587297170039406,0.03868958379007544,0.0,0.0
36,4502400,4510400,1,115.77777777777777,1.314684396244359,114.0,118.0,4.0,0.7071067811865476,0.0,0.031587297170039406,0.03868958379007544,0.0,0.0
36,4502400,4510400,1,115.77777777777777,1.314684396244359,114.0,118.0,4.0,0.7071067811865476,0.0,0.031587297170039406,0.03868958379007544,0.0,0.0
36,4502400,4510400,1,115.77777777777777,1.314684396244359,114.0,118.0,4.0,0.7071067811865476,0.0,0.031587297170039406,0.03868958379007544,0.0,0.0
36,4502400,4510400,1,115.77777777777777,1.314684396244359,114.0,118.0,4.0,0.7071067811865476,0.0,0.031587297170039406,0.03868958379007544,0.0,0.0
36,4502400,4510400,1,115.77777777777777,1.314684396244359,114.0,118.0,4.0,0.7071067811865476,0.0,0.031587297170039406,0.03868958379007544,0.0,0.0
36,4503400,4510400,1,116.0,1.224744871391589,114.0,118.0,4.0,0.7559289460184544,0.0,0.035353231957288886,0.03945065268387945,0.0,0.0
37,424615,483952,1,81.41379310344827,3.8193449644139004,76.0,91.0,13.0,1.0513149660756937,0.0,0.17154654547557535,0.14983151469419606,0.0,0.0
37,433952,492188,1,79.8103448275862,2.381370921822309,76.0,86.0,9.0,1.0344928412495136,0.0,0.19290629928816863,0.15113830661244798,0.0,0.0
37,440952,500188,1,79.10169491525424,1.622875824215027,76.0,82.0,3.0,1.0586263057247414,0.0,0.20768307193349367,0.18385809965393077,0.0,0.0
37,448952,508188,1,78.86206896551724,1.4196681965682,76.0,82.0,1.0,1.0344928412495136,0.0,0.21204486009976364,0.18456022244289236,0.0,0.0
37,456952,514188,1,78.875,1.4646123329107554,76.0,82.0,1.0,1.0357254813546264,0.0,0.22775573356486303,0.20199785595334044,0.0,0.0
37,464952,514188,1,78.8125,1.5499495959546556,76.0,82.0,0.0,1.0718844015157447,0.0,0.2176450776647413,0.20466079569382042,0.0,0.0
37,472952,514188,1,78.65,1.509138827278657,76.0,81.0,2.0,1.0127393670836666,0.0,0.22493377287360627,0.20578865952196415,0.0,0.0
37,480952,514188,1,78.84375,1.5433197781082182,76.0,81.0,1.0,0.9672041516493516,0.0,0.244601675926514,0.22058554715652234,0.0,0.0
37,488952,514188,1,79.125,1.423390904378227,76.0,81.0,3.0,0.9555330859059091,0.0,0.25997973647656697,0.23805974116187442,0.0,0.0
37,497188,514188,1,79.52941176470588,1.1939872429520257,77.0,81.0,2.0,0.7905694150420949,0.0,0.21978311305398776,0.18577477987735913,0.0,0.0
37,505188,514188,1,80.44444444444444,0.4969039949999533,80.0,81.0,1.0,0.6123724356957945,0.0,0.2724179984829129,0.21740318846554735,0.0,0.0
37,1172830,1179836,1,84.375,0.4841229182759271,84.0,85.0,1.0,0.6546536707079771,0.0,0.015110852001115699,0.00551461548651678,0.0,0.0
37,1172830,1187845,1,84.1875,0.3903123748998999,84.0,85.0,1.0,0.4472135954999579,0.0,0.018818015562610747,0.009977483972774103,0.0,0.0
37,1172830,1195985,1,84.08695652173913,0.8295123490582136,82.0,86.0,0.0,0.7385489458759964,0.0,0.02817471173512192,0.03268332832535463,0.0,0.0
37,1172830,1203985,1,84.83870967741936,1.648005132186426,82.0,88.0,3.0,0.7958224257542215,0.0,0.022561842285272773,0.029745898510028748,0.0,0.0
37,1172830,1211985,1,85.35897435897436,1.8185254591279123,82.0,88.0,1.0,0.7779866052154991,0.0,0.020403394056530265,0.027135338142006294,0.0,0.0
37,1172830,1219985,1,85.28888888888889,1.7463895737234219,82.0,88.0,2.0,0.7687061147858074,0.0,0.018611028077783275,0.025717272325197143,0.0,0.0
37,1172830,1227985,1,85.28301886792453,1.741582001390842,82.0,88.0,1.0,0.820412654142367,0.0,0.020545442792514496,0.028472612201500533,0.0,0.0
37,1176833,1231985,1,85.28301886792453,1.741582001390842,82.0,88.0,1.0,0.820412654142367,0.0,0.020128466496347596,0.028589269752915418,0.0,0.0
37,1184842,1242985,1,85.5,1.711724276862369,82.0,88.0,1.0,0.8689660757568884,0.0,0.019842828808404423,0.029512485581908027,0.0,0.0
37,1192985,1250985,1,85.31914893617021,2.2794771981678066,79.0,88.0,3.0,1.1515584902738285,0.0,0.015325522551415184,0.022211635089724156,0.0,0.0
37,1200985,1259985,1,84.45652173913044,3.0123407173414996,78.0,88.0,8.0,1.1155467020454342,0.0,0.014286208629327762,0.019750541870170894,0.0,0.0
37,1208985,1261985,1,83.5,2.9410882339705484,78.0,88.0,9.0,1.1875421719907089,0.0,0.015509637598926979,0.020880006913078654,0.0,0.0
37,1218985,1261985,1,82.8125,2.8661548719495253,78.0,87.0,5.0,1.282638409811035,0.0,0.016377265521788982,0.02288366356162213,0.0,0.0
37,1224985,1261985,1,82.57692307692308,3.0656041809214116,78.0,87.0,8.0,1.296148139681572,0.0,0.012729728335977908,0.009642089791381559,0.0,0.0
37,1238985,1261985,1,81.22222222222223,2.6782157318208775,78.0,86.0,7.0,1.475286612233465,0.0,0.012004150962028731,0.010638282257195408,0.0,0.0
37,1240985,1261985,1,80.625,2.2043990110685496,78.0,85.0,6.0,1.5491933384829668,0.0,0.012880334037375405,0.010860676083089648,0.0,0.0
37,1248985,1261985,1,79.58333333333333,0.759202798262025,78.0,81.0,0.0,0.9534625892455924,0.0,0.01241001472028328,0.010787124696196793,0.0,0.0
37,1256985,1261985,1,79.16666666666667,0.6871842709362769,78.0,80.0,1.0,1.1832159566199232,0.0,0.011696327405609101,0.012495069618183224,0.0,0.0
37,2271615,2275620,0,83.2,0.7483314773547882,82.0,84.0,1.0,0.8660254037844386,0.0,0.07925794566298147,0.0859986482626323,0.0,0.0
37,2271615,2284250,0,82.07142857142857,1.1627728997214075,80.0,84.0,3.0,0.9198662110077999,0.0,0.09507400770043513,0.09586692625218232,0.0,0.0
37,2271615,2292250,0,81.95454545454545,1.106890514716902,80.0,84.0,1.0,1.1338934190276817,0.0,0.07825560555807737,0.0825111103162911,0.0,0.0
37,2271615,2300250,0,81.71428571428571,1.1605769149479943,80.0,84.0,2.0,1.0886621079036347,0.0,0.06409856015009309,0.07808694244038641,0.0,0.0
37,2271615,2308250,0,81.25,1.479019945774904,78.0,84.0,5.0,1.082325538564332,0.0,0.05332665897298684,0.07187705765760219,0.0,0.0
37,2271615,2316250,0,80.79545454545455,1.673042213434522,78.0,84.0,4.0,1.0783277320343843,0.0,0.05773774566936522,0.0761319416846836,0.0,0.0
37,2271615,2322250,0,81.12,1.850837648201484,78.0,85.0,1.0,1.1157499537009508,0.0,0.06147202995997998,0.07786777029636241,0.0,0.0
37,2272616,2331250,0,81.41071428571429,1.9528073721319934,78.0,85.0,1.0,1.087114613009218,0.0,0.06654722873192047,0.08023938466867164,0.0,0.0
37,2281250,2331250,0,81.19148936170212,2.017353415512095,78.0,85.0,2.0,1.103354568734741,0.0,0.061974989156816235,0.07318111331298552,0.0,0.0
37,2289250,2331250,0,81.25641025641026,2.192270205107595,78.0,85.0,0.0,1.025978352085154,0.0,0.05581564574843975,0.07413041881542508,0.0,0.0
37,2297250,2356250,0,81.26315789473684,2.255801999130193,78.0,85.0,1.0,1.0266713466606798,0.0,0.054963695040465416,0.0747772370374602,0.0,0.0
37,2305250,2361250,0,81.42857142857143,2.296403576846871,78.0,85.0,2.0,1.0846522890932808,0.0,0.061611405603065335,0.07574341274298123,0.0,0.0
37,2313250,2361250,0,82.22222222222223,1.968893905185483,78.0,85.0,2.0,1.0377490433255416,0.0,0.07021857750063737,0.0814465247826815,0.0,0.0
37,2321250,2361250,0,82.73684210526316,1.408325069501016,80.0,85.0,3.0,0.9128709291752769,0.0,0.06384375509616656,0.07839514100958467,0.0,0.0
37,2329250,2361250,0,82.15384615384616,1.2917581249035897,80.0,84.0,3.0,0.9574271077563381,0.0,0.03366773838825794,0.02867642273214102,0.0,0.0
37,2352250,2361250,0,81.8,1.2489995996796797,80.0,84.0,3.0,1.0,0.0,0.027001750181747514,0.021618413293789135,0.0,0.0
37,2352250,2361250,0,81.8,1.2489995996796797,80.0,84.0,3.0,1.0,0.0,0.027001750181747514,0.021618413293789135,0.0,0.0
37,2353250,2361250,0,81.55555555555556,1.0657403385139377,80.0,83.0,2.0,1.0,0.0,0.029765930903246092,0.021044649301244642,0.0,0.0
37,3484524,3492518,0,77.88888888888889,1.3698697784375504,76.0,80.0,4.0,0.7071067811865476,0.0,0.010467600065255454,0.004011099092384568,0.0,0.0
37,3484524,3500070,0,77.875,1.7633419974582356,76.0,82.0,2.0,0.9660917830792959,0.0,0.08763469626852546,0.19095706089570375,0.0,0.0
37,3484524,3508070,0,78.79166666666667,2.061131701005273,76.0,82.0,0.0,0.8846517369293828,0.0,0.06527637963000071,0.15918637671591976,0.0,0.0
37,3484524,3516070,0,78.96875,1.8283253095387593,76.0,82.0,1.0,0.7828813612588127,0.0,0.05353144577893555,0.13957050254914435,0.0,0.0
37,3484524,3524070,0,79.525,2.0123058912600738,76.0,83.0,2.0,0.8473185457363234,0.0,0.04574582726762946,0.12584482703656383,0.0,0.0
37,3484524,3532070,0,79.66666666666667,1.8856180831641265,76.0,83.0,1.0,0.8379305815963922,0.0,0.041231831477472364,0.11533781257807352,0.0,0.0
37,3484524,3540070,0,79.71428571428571,1.8294640678379566,76.0,83.0,3.0,0.8633970960424557,0.0,0.03777532036051777,0.10713400591420047,0.0,0.0
37,3489530,3548070,0,79.33898305084746,2.1121935701253394,75.0,83.0,1.0,0.9001915504970077,0.0,0.03916507085043054,0.10445289202142573,0.0,0.0
37,3497070,3556070,0,79.65,2.1277922830953213,75.0,86.0,9.0,1.1571443517761548,0.0,0.025634416815871766,0.02506052748285273,0.0,0.0
37,3505070,3556070,0,79.51923076923077,2.134788627758519,75.0,86.0,6.0,1.1547005383792515,0.0,0.02650658201892284,0.0267278501474546,0.0,0.0
37,3513070,3556070,0,79.47727272727273,2.310928939189492,75.0,86.0,7.0,1.2294827802684933,0.0,0.027511056410993974,0.028254673181783645,0.0,0.0
37,3521070,3556070,0,79.33333333333333,2.4608038433722332,75.0,86.0,4.0,1.2873006086935783,0.0,0.03008076152434936,0.03017379773966587,0.0,0.0
37,3529070,3556070,0,78.82142857142857,2.479250627401229,75.0,86.0,6.0,1.387777332977422,0.0,0.03386207570213279,0.03312094057490655,0.0,0.0
37,3537070,3556070,0,78.0,2.4899799195977463,75.0,86.0,5.0,1.6383560438182505,0.0,0.04108015697710622,0.03665947143292489,0.0,0.0
37,3545070,3556070,0,78.0,2.972092416687835,75.0,86.0,11.0,1.8829377433825436,0.0,0.0554670291650183,0.041346341532064214,0.0,0.0
37,3553070,3556070,0,81.0,3.391164991562634,77.0,86.0,9.0,3.1091263510296048,0.0,0.025280075780747636,0.017113068871961366,0.0,0.0
37,4726544,4732552,1,86.42857142857143,1.3997084244475304,84.0,88.0,3.0,1.0801234497346435,0.0,0.06082940447387093,0.03029873461575901,0.0,0.0
37,4726544,4735555,1,86.0,1.4142135623730951,84.0,88.0,1.0,1.0,0.0,0.05748776178265906,0.0338849778368063,0.0,0.0
37,4726544,4735555,1,86.0,1.4142135623730951,84.0,88.0,1.0,1.0,0.0,0.05748776178265906,0.0338849778368063,0.0,0.0
37,4726544,4735555,1,86.0,1.4142135623730951,84.0,88.0,1.0,1.0,0.0,0.05748776178265906,0.0338849778368063,0.0,0.0
37,4726544,4760661,1,86.0909090909091,1.378704626191191,84.0,88.0,0.0,1.0,0.0,0.058090376880898235,0.032364210276782,0.0,0.0
37,4726544,4771719,1,86.15789473684211,1.1361596392064686,84.0,88.0,1.0,0.9128709291752769,0.0,0.06175960737813927,0.05736245332529653,0.0,0.0
37,4726544,4776719,1,86.21739130434783,1.0614396187594524,84.0,88.0,0.0,0.8528028654224418,0.0,0.05604829971047397,0.05432635955092219,0.0,0.0
37,4729548,4787719,1,86.26923076923077,1.0582166532459696,84.0,88.0,1.0,0.9591663046625439,0.0,0.05446434573034186,0.05202910126922637,0.0,0.0
37,4760661,4787719,1,86.57894736842105,0.7480352843974681,85.0,88.0,0.0,0.8819171036881969,0.0,0.05400973927233679,0.05702265988908466,0.0,0.0
37,4760661,4787719,1,86.57894736842105,0.7480352843974681,85.0,88.0,0.0,0.8819171036881969,0.0,0.05400973927233679,0.05702265988908466,0.0,0.0
37,4760661,4787719,1,86.57894736842105,0.7480352843974681,85.0,88.0,0.0,0.8819171036881969,0.0,0.05400973927233679,0.05702265988908466,0.0,0.0
37,4760661,4813719,1,86.65,0.7921489758877429,85.0,88.0,1.0,0.8885233166386386,0.0,0.05459198442793979,0.05563673006915623,0.0,0.0
37,4768719,4813719,1,86.6,0.8793937305515279,85.0,88.0,2.0,0.9258200997725514,0.0,0.06596018406800559,0.05849876186793491,0.0,0.0
37,4776719,4813719,1,87.125,0.7806247497997998,86.0,88.0,1.0,1.1338934190276817,0.0,0.05379375330685014,0.026322755670595766,0.0,0.0
37,4784719,4813719,1,87.0,0.8944271909999159,86.0,88.0,2.0,1.224744871391589,0.0,0.05716892466327148,0.03148567746171586,0.0,0.0
37,5640580,5643583,0,82.75,0.82915619758885,82.0,84.0,1.0,1.2909944487358056,0.0,0.07120474146076827,0.0828743180277169,0.0,0.0
37,5640580,5650091,0,82.5,0.9574271077563381,81.0,84.0,0.0,1.4142135623730951,0.0,0.12195887784439131,0.09911296585336081,0.0,0.0
37,5640580,5655091,0,82.71428571428571,1.0301575072754257,81.0,84.0,1.0,1.35400640077266,0.0,0.1127535640276975,0.09449056468768038,0.0,0.0
37,5640580,5668091,0,84.36363636363636,2.3460887091934435,81.0,88.0,4.0,1.6733200530681511,0.0,0.10201725599105772,0.08832983595569108,0.0,0.0
37,5640580,5676091,0,85.42105263157895,2.2317278996962306,81.0,88.0,4.0,1.4142135623730951,0.0,0.1121056109723216,0.09618753907406548,0.0,0.0
37,5640580,5681091,0,86.04166666666667,2.3359360484016296,81.0,89.0,6.0,1.285369173834303,0.0,0.09306714496959119,0.09358827601056086,0.0,0.0
37,5640580,5681091,0,86.04166666666667,2.3359360484016296,81.0,89.0,6.0,1.285369173834303,0.0,0.09306714496959119,0.09358827601056086,0.0,0.0
37,5641581,5697091,0,86.08333333333333,2.2897719440056807,81.0,89.0,0.0,1.6418441381303657,0.0,0.09273987073902139,0.09387426989983336,0.0,0.0
37,5649091,5702091,0,86.26086956521739,2.1511855438005183,81.0,89.0,2.0,1.6236882817719773,0.0,0.08686050877263597,0.09272756622300134,0.0,0.0
37,5663091,5702091,0,86.8,1.6911534525287764,83.0,89.0,5.0,1.3954814298487213,0.0,0.0746667859709909,0.08833178944387447,0.0,0.0
37,5665091,5717091,0,86.52631578947368,1.9020327367992265,83.0,89.0,4.0,1.4142135623730951,0.0,0.07681294864920768,0.08988507784756601,0.0,0.0
37,5673091,5729091,0,85.8125,2.2698774746668597,83.0,89.0,3.0,1.5275252316519468,0.0,0.05182352616927058,0.07517137206656768,0.0,0.0
37,5681091,5729091,0,84.125,1.899835519196333,83.0,89.0,6.0,2.0,0.0,0.0363693215503236,0.03462893919625457,0.0,0.0
37,5697091,5729091,0,83.42857142857143,0.4948716593053935,83.0,84.0,1.0,0.7071067811865476,0.0,0.040253860514404514,0.03535187898200695,0.0,0.0
37,5697091,5729091,0,83.42857142857143,0.4948716593053935,83.0,84.0,1.0,0.7071067811865476,0.0,0.040253860514404514,0.03535187898200695,0.0,0.0
37,5717091,5729091,0,83.5,0.5,83.0,84.0,0.0,0.816496580927726,0.0,0.05819445881432993,0.037367175478278114,0.0,0.0
37,5717091,5729091,0,83.5,0.5,83.0,84.0,0.0,0.816496580927726,0.0,0.05819445881432993,0.037367175478278114,0.0,0.0
37,8153616,8163741,0,88.7,0.45825756949558394,88.0,89.0,0.0,0.4714045207910317,0.0,0.19710208742893748,0.19731571432644923,0.0,0.0
37,8153616,8166741,0,89.0,0.7844645405527362,88.0,91.0,2.0,0.816496580927726,0.0,0.16674710207507484,0.18190327658688155,0.0,0.0
37,8153616,8178741,0,88.75,0.7664854858377946,88.0,91.0,1.0,0.8271701918685112,0.0,0.12299385464208952,0.16003171221631246,0.0,0.0
37,8153616,8183741,0,88.5909090909091,0.8872373316337788,87.0,91.0,2.0,0.816496580927726,0.0,0.11852800303604318,0.15372258533218788,0.0,0.0
37,8153616,8195741,0,86.83333333333333,3.034065845619629,81.0,91.0,8.0,1.0827805840074194,0.0,0.09672823025007261,0.13774849701053488,0.0,0.0
37,8153616,8203741,0,85.13157894736842,4.286889760970613,78.0,91.0,10.0,1.0397504898200727,0.0,0.08295292792239539,0.1255463898850251,0.0,0.0
37,8153616,8211741,0,84.23913043478261,4.359820412180417,78.0,91.0,9.0,0.9775252199076787,0.0,0.07215100099788119,0.11659220376520076,0.0,0.0
37,8160741,8219741,0,82.4375,4.725402319732504,75.0,91.0,13.0,1.021054940485262,0.0,0.05164173225779064,0.061912592837775525,0.0,0.0
37,8172741,8227741,0,80.0,4.7207747548166585,72.0,89.0,14.0,0.9789450103725609,0.0,0.03419797897733018,0.031783656490148186,0.0,0.0
37,8176741,8235741,0,78.73584905660377,4.1031554511694255,72.0,88.0,8.0,1.0377490433255416,0.0,0.04198234826137962,0.04170781150954049,0.0,0.0
37,8188741,8242741,0,78.07272727272728,2.977824376374289,72.0,83.0,2.0,0.90267093384844,0.0,0.036613213798729644,0.03832657886129664,0.0,0.0
37,8192741,8242741,0,77.72549019607843,2.8081005468601785,72.0,82.0,1.0,0.9055385138137416,0.0,0.03501048468486892,0.03779047034398004,0.0,0.0
37,8200741,8242741,0,77.23255813953489,2.7180465737092057,72.0,81.0,3.0,0.9128709291752769,0.0,0.0362539674278989,0.03999235430254448,0.0,0.0
37,8208741,8242741,0,76.82857142857142,2.8333293317298676,72.0,81.0,1.0,0.985184366143778,0.0,0.039447555174749106,0.04343270296714462,0.0,0.0
37,8216741,8242741,0,76.11111111111111,2.7666443551086073,72.0,81.0,5.0,0.9805806756909202,0.0,0.04046462080113205,0.04500373102476863,0.0,0.0
37,8224741,8242741,0,77.0,2.7338039817306425,73.0,81.0,7.0,0.97182531580755,0.0,0.05027912182150611,0.050294828790569804,0.0,0.0
37,8232741,8242741,0,79.0909090909091,1.504813214295168,76.0,81.0,5.0,1.0488088481701516,0.0,0.047004100262115926,0.05422502731781817,0.0,0.0
37,8915806,8948083,1,85.66666666666667,1.7950549357115013,84.0,89.0,1.0,2.6457513110645907,0.0,0.11316564353009013,0.13960301918940826,0.0,0.0
37,8915806,8956083,1,82.85714285714286,3.020339215980853,79.0,89.0,5.0,1.8187062180825984,0.0,0.142987007462439,0.1382500032559172,0.0,0.0
37,8915806,8964083,1,81.86363636363636,2.849169808039058,79.0,89.0,1.0,1.558387444947959,0.0,0.1273798068317384,0.13224155568138893,0.0,0.0
38,5506062,5565062,0,81.35555555555555,4.662643768676764,75.0,90.0,7.0,1.1381803659589922,0.0,0.020687978064980652,0.019923081716389606,0.0,0.0
38,5514062,5568062,0,80.2439024390244,3.687688732201215,75.0,89.0,4.0,1.1832159566199232,0.0,0.020559476256777412,0.020858572581559955,0.0,0.0
38,5525062,5581062,0,79.65789473684211,3.147900852694276,75.0,88.0,4.0,1.2080808993852437,0.0,0.02132715204303046,0.021350020864760275,0.0,0.0
39,1043573,1092416,1,84.51063829787235,3.1411634951422256,80.0,92.0,10.0,0.6915640748081247,0.0,0.016357807592373493,0.017631729161283336,0.0,0.0
39,1051666,1092416,1,84.92307692307692,3.284654416389718,80.0,92.0,8.0,0.7254762501100116,0.0,0.016145771199808607,0.017512843074199817,0.0,0.0
39,1059666,1118416,1,84.78125,4.00573319599546,75.0,92.0,9.0,3.136671751621351,0.03225806451612903,0.01661207928390398,0.02072573909377917,0.0,0.0
39,1067666,1127416,1,81.59375,7.193136376956856,70.0,92.0,12.0,3.1724621556501282,0.03225806451612903,0.01637219778357126,0.02093126254353616,0.0,0.0
39,1076416,1130416,1,80.55172413793103,8.21095234468321,70.0,92.0,10.0,3.3166247903554,0.03571428571428571,0.016622581843253947,0.021834936012046918,0.0,0.0
39,1084416,1130416,1,79.52380952380952,9.389046544316301,70.0,92.0,16.0,3.8858718455450894,0.05,0.016345676557695987,0.024565668762592165,0.0,0.0
39,1092416,1130416,1,73.07692307692308,5.608531118017903,70.0,92.0,21.0,4.9749371855331,0.08333333333333333,0.011935658032279778,0.018187590626059517,0.0,0.0
39,1118416,1130416,1,71.5,1.3228756555322954,70.0,75.0,4.0,0.8528028654224418,0.0,0.01290647326535139,0.018603813812270453,0.0,0.0
39,1118416,1130416,1,71.5,1.3228756555322954,70.0,75.0,4.0,0.8528028654224418,0.0,0.01290647326535139,0.018603813812270453,0.0,0.0
39,1118416,1130416,1,71.5,1.3228756555322954,70.0,75.0,4.0,0.8528028654224418,0.0,0.01290647326535139,0.018603813812270453,0.0,0.0
39,1124416,1130416,1,70.71428571428571,0.4517539514526256,70.0,71.0,0.0,0.5773502691896257,0.0,0.008558986427983918,0.007812357307008731,0.0,0.0
39,1699431,1702435,1,75.25,0.4330127018922193,75.0,76.0,0.0,0.816496580927726,0.0,0.011800719706478,0.011334529549591434,0.0,0.0
39,1699431,1710758,1,77.08333333333333,1.4976833963009524,75.0,79.0,2.0,1.4142135623730951,0.0,0.03623345650928061,0.03736227730447572,0.0,0.0
39,1699431,1718758,1,76.78947368421052,1.3210421471590665,75.0,79.0,0.0,1.247219128924647,0.0,0.027025798839834254,0.03223978389465336,0.0,0.0
39,1699431,1718758,1,76.78947368421052,1.3210421471590665,75.0,79.0,0.0,1.247219128924647,0.0,0.027025798839834254,0.03223978389465336,0.0,0.0
39,1699431,1731758,1,76.5909090909091,1.3704375846983035,74.0,79.0,1.0,1.2535663410560174,0.0,0.041248603282289575,0.05718952008403933,0.0,0.0
39,1699431,1742758,1,76.60714285714286,1.2911591058946583,74.0,79.0,2.0,1.247219128924647,0.0,0.042450179926071745,0.05234061181966174,0.0,0.0
39,1699431,1750758,1,76.13888888888889,1.601263004592482,72.0,79.0,3.0,1.1588171308956141,0.0,0.03856508657857025,0.047512980943272755,0.0,0.0
39,1700431,1758758,1,75.11627906976744,2.669459507401254,69.0,79.0,3.0,1.164964745021435,0.0,0.04591510896158575,0.05634262466410722,0.0,0.0
39,1707758,1766758,1,74.47727272727273,2.632736533132885,69.0,79.0,4.0,1.0565410875907486,0.0,0.045624651842699086,0.054494592570838676,0.0,0.0
39,1715758,1774758,1,73.97727272727273,2.3692023625496295,69.0,78.0,4.0,1.0996828295383152,0.0,0.05663366586719853,0.05945635662256598,0.0,0.0
39,1727758,1779758,1,74.06521739130434,2.4173482948942167,69.0,78.0,4.0,1.1352924243950935,0.0,0.05967650541230775,0.05878010163316342,0.0,0.0
39,1731758,1788758,1,74.1086956521739,2.4426309841569815,69.0,78.0,1.0,1.1450376024878446,0.0,0.058273408208006576,0.058939694102484515,0.0,0.0
39,1739758,1788758,1,73.97674418604652,2.4635800390849547,69.0,78.0,3.0,1.123345344008138,0.0,0.05437207791570501,0.051989080557815204,0.0,0.0
39,1747758,1788758,1,73.42857142857143,2.3698790118088824,69.0,78.0,1.0,1.1757350641945108,0.0,0.057931512057303805,0.0561971226632895,0.0,0.0
39,1755758,1788758,1,73.85185185185185,2.429810291386181,69.0,78.0,5.0,1.255755978254962,0.0,0.06576286042950198,0.06020448243222935,0.0,0.0
39,1763758,1788758,1,75.10526315789474,1.5524085477634344,72.0,78.0,1.0,1.224744871391589,0.0,0.05780717391530764,0.05159458601239907,0.0,0.0
39,1771758,1788758,1,75.0,1.954016841836789,72.0,78.0,0.0,1.4142135623730951,0.0,0.06260343779588819,0.05666605894702868,0.0,0.0
39,2917109,2925440,1,78.9,1.0440306508910548,77.0,80.0,0.0,1.4142135623730951,0.0,0.029002019968843985,0.024919565261139913,0.0,0.0
39,2917109,2925440,1,78.9,1.0440306508910548,77.0,80.0,0.0,1.4142135623730951,0.0,0.029002019968843985,0.024919565261139913,0.0,0.0
39,2917109,2925440,1,78.9,1.0440306508910548,77.0,80.0,0.0,1.4142135623730951,0.0,0.029002019968843985,0.024919565261139913,0.0,0.0
39,2917109,2925440,1,78.9,1.0440306508910548,77.0,80.0,0.0,1.4142135623730951,0.0,0.029002019968843985,0.024919565261139913,0.0,0.0
39,2917109,2925440,1,78.9,1.0440306508910548,77.0,80.0,0.0,1.4142135623730951,0.0,0.029002019968843985,0.024919565261139913,0.0,0.0
39,2917109,2925440,1,78.9,1.0440306508910548,77.0,80.0,0.0,1.4142135623730951,0.0,0.029002019968843985,0.024919565261139913,0.0,0.0
39,2917109,2925440,1,78.9,1.0440306508910548,77.0,80.0,0.0,1.4142135623730951,0.0,0.029002019968843985,0.024919565261139913,0.0,0.0
39,2985467,2989467,1,89.4,1.019803902718557,88.0,91.0,3.0,0.8660254037844386,0.0,0.018791552791316647,0.012085171992754391,0.0,0.0
39,2985467,2989467,1,89.4,1.019803902718557,88.0,91.0,3.0,0.8660254037844386,0.0,0.018791552791316647,0.012085171992754391,0.0,0.0
39,2985467,2989467,1,89.4,1.019803902718557,88.0,91.0,3.0,0.8660254037844386,0.0,0.018791552791316647,0.012085171992754391,0.0,0.0
39,2985467,2989467,1,89.4,1.019803902718557,88.0,91.0,3.0,0.8660254037844386,0.0,0.018791552791316647,0.012085171992754391,0.0,0.0
39,2985467,2989467,1,89.4,1.019803902718557,88.0,91.0,3.0,0.8660254037844386,0.0,0.018791552791316647,0.012085171992754391,0.0,0.0
39,2985467,2989467,1,89.4,1.019803902718557,88.0,91.0,3.0,0.8660254037844386,0.0,0.018791552791316647,0.012085171992754391,0.0,0.0
39,2985467,2989467,1,89.4,1.019803902718557,88.0,91.0,3.0,0.8660254037844386,0.0,0.018791552791316647,0.012085171992754391,0.0,0.0
39,5511175,5519175,1,87.55555555555556,1.4229164972072998,86.0,90.0,3.0,1.1726039399558574,0.0,0.03121991779777526,0.028268195125045692,0.0,0.0
39,5511175,5527176,1,86.88235294117646,1.4504503536397593,85.0,90.0,3.0,1.14564392373896,0.0,0.04251354063952706,0.04081899270512123,0.0,0.0
39,5511175,5535196,1,87.64,1.7636326148038883,85.0,91.0,2.0,1.3228756555322954,0.0,0.04172090941430897,0.036161836712706556,0.0,0.0
4,1279364,1291364,1,93.0909090909091,0.51425947722658,92.0,94.0,1.0,0.5477225575051661,0.0,0.019735746497702995,0.022281969337089255,0.0,0.0
4,1287364,1291364,1,93.4,0.4898979485566356,93.0,94.0,1.0,0.5,0.0,0.03236803314671358,0.027399483111896085,0.0,0.0
4,1686713,1690713,0,93.6,0.4898979485566356,93.0,94.0,1.0,0.5,0.0,0.048809775224482356,0.028711076681467808,0.0,0.0
4,1686713,1693713,0,93.75,0.4330127018922193,93.0,94.0,1.0,0.3779644730092272,0.0,0.03468576429871624,0.0294127413673615,0.0,0.0
4,1686713,1704713,0,94.0909090909091,0.668042657122685,93.0,95.0,2.0,0.4472135954999579,0.0,0.026720842727106665,0.028395017030276946,0.0,0.0
4,1686713,1714713,0,93.91666666666667,0.8620067027323834,92.0,95.0,1.0,1.0,0.0,0.025181842492386447,0.02766118185745262,0.0,0.0
4,1686713,1722713,0,93.45,1.1169153951844337,92.0,95.0,2.0,0.8583950752789521,0.0,0.01985430010943843,0.02331822459034291,0.0,0.0
4,1686713,1723713,0,93.52380952380952,1.1388819755334665,92.0,95.0,2.0,0.8366600265340756,0.0,0.020052089365310118,0.022773441725587713,0.0,0.0
4,1686713,1723713,0,93.52380952380952,1.1388819755334665,92.0,95.0,2.0,0.8366600265340756,0.0,0.020052089365310118,0.022773441725587713,0.0,0.0
4,1687713,1723713,0,93.55,1.1608186766243898,92.0,95.0,2.0,0.8583950752789521,0.0,0.019621505956812675,0.02325226197437655,0.0,0.0
4,1702713,1750713,0,92.57142857142857,3.2230040493367076,82.0,95.0,13.0,3.7313639494261244,0.07692307692307693,0.01290579691126286,0.011439106234221397,0.0,0.0
4,1703713,1750713,0,92.38461538461539,3.2708140962260464,82.0,95.0,13.0,3.8837267325770144,0.08333333333333333,0.01289501231429633,0.011870852967080157,0.0,0.0
4,1714713,1750713,0,91.9090909090909,3.3426866019727703,82.0,95.0,10.0,4.147288270665544,0.1,0.01493072737720333,0.011809832969620408,0.0,0.0
4,1719713,1750713,0,91.83333333333333,4.524623986832743,82.0,95.0,10.0,5.865151319446072,0.2,0.02025759037495843,0.013594327791564768,0.0,0.0
4,5021498,5026500,0,98.83333333333333,0.3726779962499649,98.0,99.0,1.0,0.4472135954999579,0.0,0.027202222700550876,0.022618210257403338,0.0,0.0
4,5021498,5034846,0,99.3076923076923,0.8213137116947162,98.0,101.0,3.0,0.5,0.0,0.03348439797212842,0.02791323705034709,0.0,0.0
4,5021498,5036846,0,99.6,1.083205120618128,98.0,102.0,4.0,0.5345224838248488,0.0,0.04342490967841095,0.046464172262139045,0.0,0.0
4,5021498,5036846,0,99.6,1.083205120618128,98.0,102.0,4.0,0.5345224838248488,0.0,0.04342490967841095,0.046464172262139045,0.0,0.0
4,5021498,5036846,0,99.6,1.083205120618128,98.0,102.0,4.0,0.5345224838248488,0.0,0.04342490967841095,0.046464172262139045,0.0,0.0
4,5021498,5036846,0,99.6,1.083205120618128,98.0,102.0,4.0,0.5345224838248488,0.0,0.04342490967841095,0.046464172262139045,0.0,0.0
4,5021498,5036846,0,99.6,1.083205120618128,98.0,102.0,4.0,0.5345224838248488,0.0,0.04342490967841095,0.046464172262139045,0.0,0.0
4,5023500,5036846,0,99.76923076923077,1.0490908997681427,99.0,102.0,3.0,0.5,0.0,0.04761551623015976,0.04855025669945883,0.0,0.0
4,5031846,5036846,0,101.0,0.6324555320336759,100.0,102.0,2.0,0.7071067811865476,0.0,0.0745919165200177,0.06215685587754618,0.0,0.0
4,6368031,6379031,0,98.2,0.9797958971132711,97.0,100.0,2.0,0.816496580927726,0.0,0.024259346555377908,0.025969417334147083,0.0,0.0
4,6368031,6383031,0,98.14285714285714,0.832993127835043,97.0,100.0,2.0,0.6793662204867574,0.0,0.028970216175196677,0.027425402850092907,0.0,0.0
4,6368031,6395031,0,97.4375,2.0300477211139643,92.0,100.0,8.0,1.4605934866804429,0.0,0.02617643515054774,0.026699569805603004,0.0,0.0
4,6368031,6400031,0,96.28571428571429,2.7280353499814294,92.0,100.0,7.0,1.3228756555322954,0.0,0.028674742789559515,0.025324886127229964,0.0,0.0
4,6368031,6400031,0,96.28571428571429,2.7280353499814294,92.0,100.0,7.0,1.3228756555322954,0.0,0.028674742789559515,0.025324886127229964,0.0,0.0
4,6368031,6419031,0,96.18181818181819,2.7075041112428058,92.0,100.0,6.0,1.3093073414159542,0.0,0.02844329539881707,0.02476534911730437,0.0,0.0
4,6368031,6425031,0,95.32142857142857,2.928353650439239,91.0,100.0,8.0,1.2171612389003692,0.0,0.02884187244314588,0.024041751275561928,0.0,0.0
4,6376031,6425031,0,94.5,2.7094112074229506,91.0,98.0,6.0,1.2724180205607036,0.0,0.030564851239005545,0.02503255203980692,0.0,0.0
4,6394031,6425031,0,92.5,0.7319250547113999,91.0,94.0,1.0,0.8320502943378437,0.0,0.02871352871109507,0.020095420947941593,0.0,0.0
4,6394031,6425031,0,92.5,0.7319250547113999,91.0,94.0,1.0,0.8320502943378437,0.0,0.02871352871109507,0.020095420947941593,0.0,0.0
4,6400031,6425031,0,92.5,0.8660254037844386,91.0,94.0,1.0,0.8451542547285166,0.0,0.0325505598523737,0.020277844900644708,0.0,0.0
4,6419031,6425031,0,92.42857142857143,0.9035079029052513,91.0,94.0,2.0,0.816496580927726,0.0,0.029343261403904964,0.019688536198995243,0.0,0.0
4,6419031,6425031,0,92.42857142857143,0.9035079029052513,91.0,94.0,2.0,0.816496580927726,0.0,0.029343261403904964,0.019688536198995243,0.0,0.0
4,7580142,7587144,0,96.25,1.299038105676658,94.0,98.0,4.0,0.7559289460184544,0.0,0.01836591058086793,0.0064632714807401435,0.0,0.0
4,7580142,7594620,0,96.0,1.2403473458920846,94.0,98.0,1.0,0.7637626158259734,0.0,0.029311795891789852,0.016116674188107742,0.0,0.0
4,7580142,7602620,0,96.38888888888889,1.253390463630942,94.0,98.0,1.0,0.7276068751089989,0.0,0.032166695865160744,0.018904502956794675,0.0,0.0
4,7580142,7606620,0,96.68181818181819,1.3275528969554755,94.0,99.0,0.0,0.7559289460184544,0.0,0.032657292624552164,0.01914244959512494,0.0,0.0
4,7580142,7606620,0,96.68181818181819,1.3275528969554755,94.0,99.0,0.0,0.7559289460184544,0.0,0.032657292624552164,0.01914244959512494,0.0,0.0
40,4540521,4550322,1,91.3,0.6403124237432849,90.0,92.0,0.0,0.9428090415820634,0.0,0.01911032944721834,0.013987004402327027,0.0,0.0
40,4549322,4608322,1,91.16666666666667,0.3726779962499649,91.0,92.0,0.0,0.6324555320336759,0.0,0.009493526475718174,0.005197932242819,0.0,0.0
40,4605322,4616322,1,90.58333333333333,0.6400954789890507,89.0,91.0,2.0,0.6030226891555273,0.0,0.009786196167677874,0.007480882473854326,0.0,0.0
40,4605322,4624322,1,89.2,1.8330302779823358,86.0,91.0,5.0,0.6882472016116853,0.0,0.008211079809005107,0.0064549375765709195,0.0,0.0
40,4605322,4628322,1,88.375,2.54644359843292,83.0,91.0,8.0,0.7801894976054939,0.0,0.010362075333391446,0.010902730842065772,0.0,0.0
40,4605322,4628322,1,88.375,2.54644359843292,83.0,91.0,8.0,0.7801894976054939,0.0,0.010362075333391446,0.010902730842065772,0.0,0.0
40,4605322,4628322,1,88.375,2.54644359843292,83.0,91.0,8.0,0.7801894976054939,0.0,0.010362075333391446,0.010902730842065772,0.0,0.0
40,4605322,4628322,1,88.375,2.54644359843292,83.0,91.0,8.0,0.7801894976054939,0.0,0.010362075333391446,0.010902730842065772,0.0,0.0
40,4605322,4628322,1,88.375,2.54644359843292,83.0,91.0,8.0,0.7801894976054939,0.0,0.010362075333391446,0.010902730842065772,0.0,0.0
40,4613322,4628322,1,87.125,2.2325713874364688,83.0,91.0,7.0,0.9309493362512627,0.0,0.00916747751709799,0.012123909025155309,0.0,0.0
40,4621322,4628322,1,85.375,1.4947825928876748,83.0,87.0,4.0,1.0690449676496976,0.0,0.014280248723614001,0.015389169951068205,0.0,0.0
40,4907414,4911884,1,81.2,0.7483314773547882,80.0,82.0,2.0,0.7071067811865476,0.0,0.021064114683366168,0.008690523130150455,0.0,0.0
40,4907414,4919884,1,82.92307692307692,1.8998598515736105,80.0,86.0,5.0,1.0408329997330663,0.0,0.02991871568672557,0.030037129437129075,0.0,0.0
40,4907414,4927884,1,83.85714285714286,1.9829202679673343,80.0,87.0,4.0,1.0488088481701516,0.0,0.031329145814811624,0.032924231631498865,0.0,0.0
40,4907414,4927884,1,83.85714285714286,1.9829202679673343,80.0,87.0,4.0,1.0488088481701516,0.0,0.031329145814811624,0.032924231631498865,0.0,0.0
40,4907414,4943884,1,83.9090909090909,1.9519009594167172,80.0,87.0,5.0,1.0465362369445672,0.0,0.030626335201462365,0.03232808176501549,0.0,0.0
40,4907414,4951884,1,83.67857142857143,1.9466742964159494,80.0,87.0,0.0,1.0886621079036347,0.0,0.034157527662414124,0.039549420007902195,0.0,0.0
40,4907414,4959884,1,82.36111111111111,3.0106549469968393,77.0,87.0,2.0,1.0690449676496976,0.0,0.0344691519746586,0.038993436619389636,0.0,0.0
40,4909884,4967884,1,81.33333333333333,3.662335103823572,75.0,87.0,6.0,1.0121216546949479,0.0,0.03291605308584168,0.03709618576649284,0.0,0.0
40,4916884,4975884,1,80.16279069767442,4.302137016609409,73.0,87.0,12.0,2.5634797778466227,0.047619047619047616,0.033927500629648916,0.038976923184239655,0.0,0.0
40,4924884,4983884,1,78.37209302325581,3.7168582370245664,73.0,86.0,10.0,2.581988897471611,0.047619047619047616,0.027803327875574546,0.03569409068157729,0.0,0.0
40,4943884,4991884,1,77.25531914893617,3.0837120840462546,73.0,85.0,9.0,2.471577563454951,0.043478260869565216,0.02695894242384597,0.03426015333917344,0.0,0.0
40,4943884,4993884,1,77.22448979591837,3.025505902189184,73.0,85.0,8.0,2.4238399287081647,0.041666666666666664,0.026958484884214092,0.03355650929282074,0.0,0.0
40,4948884,4993884,1,76.73913043478261,2.426616741282752,73.0,84.0,7.0,2.4988886418655083,0.044444444444444446,0.023679265906033597,0.026837116124651353,0.0,0.0
40,4956884,4993884,1,76.07894736842105,1.855029847218643,73.0,84.0,0.0,2.681266340591548,0.05405405405405406,0.023351084289663232,0.02427034264865794,0.0,0.0
40,4964884,4993884,1,75.63333333333334,1.8345450541089352,73.0,84.0,1.0,3.0114723171965867,0.06896551724137931,0.021965380503238853,0.025315827975497224,0.0,0.0
40,4972884,4993884,1,75.81818181818181,2.059045755073841,73.0,84.0,0.0,3.491486243775878,0.09523809523809523,0.01783995782959157,0.020477275549241506,0.0,0.0
40,4980884,4993884,1,75.35714285714286,0.8112726208286106,74.0,77.0,2.0,0.7844645405527362,0.0,0.013338232425237271,0.009001262310710205,0.0,0.0
40,4988884,4993884,1,75.83333333333333,0.6871842709362768,75.0,77.0,1.0,0.7745966692414834,0.0,0.019388188350009553,0.007256853475775212,0.0,0.0
40,7520327,7523310,0,86.5,0.5,86.0,87.0,0.0,0.816496580927726,0.0,0.07271669148541957,0.09184310212473956,0.0,0.0
40,7520327,7523310,0,86.5,0.5,86.0,87.0,0.0,0.816496580927726,0.0,0.07271669148541957,0.09184310212473956,0.0,0.0
40,7520327,7523310,0,86.5,0.5,86.0,87.0,0.0,0.816496580927726,0.0,0.07271669148541957,0.09184310212473956,0.0,0.0
40,7520327,7523310,0,86.5,0.5,86.0,87.0,0.0,0.816496580927726,0.0,0.07271669148541957,0.09184310212473956,0.0,0.0
40,7520327,7523310,0,86.5,0.5,86.0,87.0,0.0,0.816496580927726,0.0,0.07271669148541957,0.09184310212473956,0.0,0.0
40,7520327,7568213,0,83.66666666666667,2.581988897471611,81.0,87.0,4.0,1.5811388300841898,0.0,0.05881203205320483,0.07596115185728951,0.0,0.0
40,7520327,7576213,0,82.76470588235294,2.339668447217805,79.0,87.0,7.0,1.25,0.0,0.04544753760946351,0.06350807701603016,0.0,0.0
40,7564213,7584213,0,81.28571428571429,1.1187942975686411,79.0,83.0,2.0,0.7745966692414834,0.0,0.03943752571690007,0.04584294172500343,0.0,0.0
40,7564213,7592213,0,80.6896551724138,1.4646041780410552,78.0,83.0,4.0,0.8864052604279183,0.0,0.0321217914298893,0.041233713742610235,0.0,0.0
40,7564213,7600213,0,79.62162162162163,2.431230934491786,75.0,83.0,7.0,0.927960727138337,0.0,0.029278980099485083,0.03777178678390361,0.0,0.0
40,7564213,7608213,0,79.08888888888889,2.528260027258292,75.0,83.0,7.0,0.9414688716912718,0.0,0.044299979160676344,0.11068815143095524,0.0,0.0
41,993249,1050744,1,76.0909090909091,3.5740108728161792,70.0,82.0,1.0,1.130388330520878,0.0,0.051841246871456775,0.08566449875321104,0.0,0.0
41,1001744,1060744,1,76.16981132075472,3.8887154063482137,70.0,84.0,2.0,1.3008872711759818,0.0,0.056997047894284544,0.12097168092014182,0.0,0.0
41,1009744,1068744,1,76.63461538461539,4.624470223936036,70.0,86.0,6.0,1.2833778958394957,0.0,0.055290981933458494,0.12187814975283502,0.0,0.0
41,1017744,1068744,1,76.0909090909091,4.828034523009535,70.0,86.0,8.0,1.363988678940947,0.0,0.05862409289680224,0.13122649049144933,0.0,0.0
41,1025744,1068744,1,76.33333333333333,5.196152422706631,70.0,86.0,15.0,1.4040757000349275,0.0,0.05964340249989743,0.14369001401557452,0.0,0.0
41,1033744,1068744,1,77.42857142857143,5.368084065158839,70.0,86.0,11.0,1.551582227085438,0.0,0.07116796746846911,0.16097046633108653,0.0,0.0
41,1041744,1068744,1,79.15,5.424711973920827,70.0,86.0,13.0,1.670171752907624,0.0,0.0824413950399545,0.18668900285969753,0.0,0.0
41,1050744,1068744,1,83.33333333333333,1.8408935028645435,78.0,86.0,8.0,1.651445647689541,0.0,0.0819564698543383,0.2347134756653035,0.0,0.0
41,1057744,1068744,1,83.81818181818181,0.9359663764533637,83.0,86.0,3.0,0.7071067811865476,0.0,0.08931623790853777,0.24382092000995526,0.0,0.0
41,2200009,2203016,1,93.5,0.5,93.0,94.0,1.0,0.5773502691896257,0.0,0.3509514681321355,0.5290395336989585,0.0,0.0
41,2200009,2203016,1,93.5,0.5,93.0,94.0,1.0,0.5773502691896257,0.0,0.3509514681321355,0.5290395336989585,0.0,0.0
41,2200009,2203016,1,93.5,0.5,93.0,94.0,1.0,0.5773502691896257,0.0,0.3509514681321355,0.5290395336989585,0.0,0.0
41,2200009,2203016,1,93.5,0.5,93.0,94.0,1.0,0.5773502691896257,0.0,0.3509514681321355,0.5290395336989585,0.0,0.0
41,2200009,2237242,1,91.66666666666667,1.7638342073763937,89.0,94.0,2.0,1.7320508075688772,0.0,0.19033574861489794,0.38170826222651916,0.0,0.0
41,2200009,2244355,1,91.5625,1.3678792892649556,89.0,94.0,2.0,1.3662601021279464,0.0,0.19168056788590854,0.3463268465316973,0.0,0.0
41,2200009,2252355,1,91.125,1.3635890143294642,89.0,94.0,1.0,1.1978241142570356,0.0,0.1442835899064818,0.2909765200916,0.0,0.0
41,2202014,2258355,1,91.32142857142857,1.3901071754306118,89.0,94.0,2.0,1.186342028003479,0.0,0.14780026954179587,0.2738287617127566,0.0,0.0
41,2233242,2265436,1,91.23333333333333,1.2023125864580955,89.0,94.0,3.0,0.9284766908852593,0.0,0.12127218204186822,0.17806058709130118,0.0,0.0
41,2233242,2265436,1,91.23333333333333,1.2023125864580955,89.0,94.0,3.0,0.9284766908852593,0.0,0.12127218204186822,0.17806058709130118,0.0,0.0
41,2233242,2265436,1,91.23333333333333,1.2023125864580955,89.0,94.0,3.0,0.9284766908852593,0.0,0.12127218204186822,0.17806058709130118,0.0,0.0
41,2234242,2265436,1,91.27586206896552,1.200475530036497,89.0,94.0,2.0,0.9258200997725514,0.0,0.12471869279929951,0.1801180590411723,0.0,0.0
41,2242245,2265436,1,91.42857142857143,1.256276757930754,89.0,94.0,1.0,0.8660254037844386,0.0,0.11728336192215834,0.13172473169550555,0.0,0.0
41,2249355,2265436,1,91.92857142857143,1.099628879881475,90.0,94.0,3.0,0.9198662110077999,0.0,0.13334555620208058,0.13233998177617495,0.0,0.0
41,2257355,2265436,1,92.33333333333333,0.9428090415820634,91.0,94.0,1.0,1.1832159566199232,0.0,0.18764968538020288,0.13693347526349062,0.0,0.0
41,3053887,3061173,0,93.875,0.5994789404140899,93.0,95.0,1.0,0.6546536707079771,0.0,0.06099712248251872,0.07536809685530825,0.0,0.0
41,3053887,3069173,0,93.81818181818181,0.5749595745760689,93.0,95.0,1.0,0.7071067811865476,0.0,0.06159947913036301,0.06792353042729146,0.0,0.0
41,3053887,3075173,0,94.6470588235294,1.280678885710426,93.0,97.0,2.0,0.7905694150420949,0.0,0.05186907521417354,0.06037725970456446,0.0,0.0
41,3053887,3075173,0,94.6470588235294,1.280678885710426,93.0,97.0,2.0,0.7905694150420949,0.0,0.05186907521417354,0.06037725970456446,0.0,0.0
41,3053887,3075173,0,94.6470588235294,1.280678885710426,93.0,97.0,2.0,0.7905694150420949,0.0,0.05186907521417354,0.06037725970456446,0.0,0.0
41,3053887,3075173,0,94.6470588235294,1.280678885710426,93.0,97.0,2.0,0.7905694150420949,0.0,0.05186907521417354,0.06037725970456446,0.0,0.0
41,3053887,3075173,0,94.6470588235294,1.280678885710426,93.0,97.0,2.0,0.7905694150420949,0.0,0.05186907521417354,0.06037725970456446,0.0,0.0
41,3058173,3075173,0,94.76923076923077,1.4225570776082255,93.0,97.0,4.0,0.816496580927726,0.0,0.04903559353761217,0.05316450046899127,0.0,0.0
41,3069173,3075173,0,95.85714285714286,0.989743318610787,94.0,97.0,3.0,0.9128709291752769,0.0,0.030473827430995228,0.03546150316732455,0.0,0.0
41,4191969,4196983,0,79.16666666666667,0.6871842709362768,78.0,80.0,1.0,0.7745966692414834,0.0,0.02578935234168202,0.008602401317665086,0.0,0.0
41,4191969,4205014,0,81.42857142857143,2.527400858993447,78.0,86.0,6.0,0.9607689228305228,0.0,0.0509622385842687,0.046679045214703264,0.0,0.0
41,4191969,4213226,0,81.5,2.105188395801711,78.0,86.0,4.0,1.023532631438318,0.0,0.04089885186260155,0.042679560664848445,0.0,0.0
41,4191969,4221226,0,82.7,2.7343494046421113,78.0,87.0,7.0,0.9649012813540153,0.0,0.04967030998010919,0.06253276818850156,0.0,0.0
41,4191969,4229226,0,82.94736842105263,2.5020766997904658,78.0,87.0,5.0,0.944400281603035,0.0,0.05105512944342494,0.060099225274312586,0.0,0.0
41,4191969,4237226,0,83.3695652173913,2.5397594515689175,78.0,88.0,9.0,0.9309493362512627,0.0,0.061000072753626344,0.07088374009583882,0.0,0.0
41,4191969,4245226,0,84.05555555555556,2.9149465827433123,78.0,90.0,7.0,0.9214426752509268,0.0,0.06657472574913231,0.07849835008052464,0.0,0.0
41,4193975,4252267,0,84.51724137931035,2.7992694817382624,78.0,90.0,7.0,0.9822994862575031,0.0,0.06535032283311294,0.07674310984728927,0.0,0.0
41,4202014,4260519,0,85.20689655172414,2.1715926198391435,80.0,90.0,1.0,0.9459053029269173,0.0,0.06104023200061019,0.07733722343326283,0.0,0.0
41,4210028,4268519,0,85.08620689655173,2.2305441021590617,80.0,90.0,4.0,0.9176629354822471,0.0,0.055096185820596694,0.07687870462742975,0.0,0.0
41,4218226,4276519,0,84.72413793103448,2.5311378349658713,79.0,90.0,8.0,0.898341551894183,0.0,0.050609377631747166,0.06896604771092443,0.0,0.0
41,4226226,4281519,0,84.2909090909091,2.774381026939996,79.0,90.0,1.0,0.9128709291752769,0.0,0.0463640952551702,0.06930537528444712,0.0,0.0
41,4234226,4281519,0,84.38297872340425,2.9861609274541268,79.0,90.0,2.0,0.9555330859059091,0.0,0.0373449685023061,0.05938010581187328,0.0,0.0
41,4242226,4281519,0,83.64102564102564,2.655301223794794,79.0,89.0,5.0,0.9318911162960933,0.0,0.02768243412943167,0.03834142474712955,0.0,0.0
41,4249253,4281519,0,83.0,2.335496832484569,79.0,88.0,5.0,0.8838834764831844,0.0,0.019579655664282873,0.022268132175267998,0.0,0.0
41,4257519,4281519,0,82.12,1.9041008376659048,79.0,86.0,2.0,0.8660254037844386,0.0,0.014819221946419823,0.012525763176773902,0.0,0.0
41,4265519,4281519,0,81.29411764705883,1.4043925160368613,79.0,84.0,2.0,0.8660254037844386,0.0,0.01767771694604978,0.013989875450425926,0.0,0.0
41,4273519,4281519,0,80.55555555555556,1.2570787221094177,79.0,83.0,2.0,0.8660254037844386,0.0,0.02138285313731943,0.01546628957974754,0.0,0.0
41,5012203,5020593,0,89.66666666666667,1.0540925533894598,88.0,92.0,2.0,1.118033988749895,0.0,0.1963736887277934,0.2020684697759284,0.0,0.0
41,5012203,5028593,0,90.82352941176471,1.5043190414758143,88.0,93.0,1.0,0.9682458365518543,0.0,0.2874979688573573,0.4410716489857219,0.0,0.0
41,5012203,5036593,0,91.44,1.576832267554162,88.0,94.0,2.0,0.9128709291752769,0.0,0.24378757221573777,0.377388791986191,0.0,0.0
41,5012203,5044593,0,91.6875,1.529654781315052,88.0,94.0,1.0,0.8980265101338745,0.0,0.24923277126944418,0.36187134992401954,0.0,0.0
41,5012203,5052593,0,91.73529411764706,1.5011529594323347,88.0,94.0,1.0,0.9045340337332909,0.0,0.23484538731936278,0.35575254002881007,0.0,0.0
41,5012203,5060593,0,92.02380952380952,1.4878571238064757,88.0,94.0,1.0,0.8410214463203252,0.0,0.21712689167303356,0.32487317118799586,0.0,0.0
41,5012203,5062593,0,92.02272727272727,1.4536573993588526,88.0,94.0,0.0,0.8352690695845568,0.0,0.22040848374132904,0.3229765331656247,0.0,0.0
41,5018593,5062593,0,92.39473684210526,1.0891685308723622,89.0,94.0,3.0,0.753370803500884,0.0,0.2266717158295703,0.3408576985943483,0.0,0.0
41,5025593,5084681,0,92.18181818181819,2.3153577569567356,83.0,94.0,10.0,1.6007810593582121,0.03125,0.2408917706290019,0.3523487473746317,0.0,0.0
41,5033593,5092459,0,90.45161290322581,4.156911925141293,83.0,94.0,9.0,1.6020819787597222,0.03333333333333333,0.15415723055277317,0.20444963724994608,0.0,0.0
41,5042593,5100459,0,88.70370370370371,4.552694072701999,83.0,94.0,7.0,1.6756169931378433,0.038461538461538464,0.13563547112343105,0.2113784774852886,0.0,0.0
43,4389736,4396757,1,83.85714285714286,1.8070158058105026,80.0,86.0,1.0,2.1984843263788196,0.0,0.06267195741775211,0.04658451669398312,0.0,0.0
43,4455002,4471002,1,83.0,2.0,81.0,85.0,4.0,2.309401076758503,0.0,0.02664335898922532,0.030857044786407148,0.0,0.0
43,4455002,4471002,1,83.0,2.0,81.0,85.0,4.0,2.309401076758503,0.0,0.02664335898922532,0.030857044786407148,0.0,0.0
43,4455002,4471002,1,83.0,2.0,81.0,85.0,4.0,2.309401076758503,0.0,0.02664335898922532,0.030857044786407148,0.0,0.0
43,4455002,4471002,1,83.0,2.0,81.0,85.0,4.0,2.309401076758503,0.0,0.02664335898922532,0.030857044786407148,0.0,0.0
43,4455002,4471002,1,83.0,2.0,81.0,85.0,4.0,2.309401076758503,0.0,0.02664335898922532,0.030857044786407148,0.0,0.0
43,4455002,4471002,1,83.0,2.0,81.0,85.0,4.0,2.309401076758503,0.0,0.02664335898922532,0.030857044786407148,0.0,0.0
43,7641479,7647501,0,91.14285714285714,1.124858267715973,90.0,93.0,2.0,0.816496580927726,0.0,0.025712323453929296,0.003514729780795148,0.0,0.0
43,7641479,7653089,0,90.875,1.2686114456365274,89.0,93.0,3.0,0.8451542547285166,0.0,0.027621464527547587,0.006026848034075697,0.0,0.0
43,7641479,7659089,0,90.88888888888889,1.1967032904743342,89.0,93.0,1.0,1.0606601717798212,0.0,0.04106048435950805,0.03843364479342178,0.0,0.0
43,7641479,7659089,0,90.88888888888889,1.1967032904743342,89.0,93.0,1.0,1.0606601717798212,0.0,0.04106048435950805,0.03843364479342178,0.0,0.0
43,7641479,7681089,0,91.0,1.1832159566199232,89.0,93.0,0.0,1.0540925533894598,0.0,0.037985524489173146,0.03761022401865955,0.0,0.0
43,7641479,7681089,0,91.0,1.1832159566199232,89.0,93.0,0.0,1.0540925533894598,0.0,0.037985524489173146,0.03761022401865955,0.0,0.0
43,7641479,7681089,0,91.0,1.1832159566199232,89.0,93.0,0.0,1.0540925533894598,0.0,0.037985524489173146,0.03761022401865955,0.0,0.0
43,7646499,7681089,0,90.4,1.019803902718557,89.0,92.0,2.0,1.224744871391589,0.0,0.05034622344861818,0.05013103325906095,0.0,0.0
43,7681089,7729089,0,85.0,3.521363372331802,83.0,92.0,9.0,4.031128874149275,0.25,0.02305840542564066,0.010941737666303726,0.0,0.0
44,486031,545031,1,83.85714285714286,2.747912008810192,80.0,88.0,4.0,0.9428090415820634,0.0,0.0644763607218041,0.12035849378716879,0.0,0.0
44,494031,548031,1,82.69565217391305,1.9656790531230115,80.0,88.0,3.0,1.02247471629109,0.0,0.08510799729874009,0.13267095016137945,0.0,0.0
44,525031,548031,1,82.23809523809524,1.3418097908195592,80.0,85.0,1.0,0.806225774829855,0.0,0.06023459968488608,0.07671856790558086,0.0,0.0
44,525031,548031,1,82.23809523809524,1.3418097908195592,80.0,85.0,1.0,0.806225774829855,0.0,0.06023459968488608,0.07671856790558086,0.0,0.0
44,525031,548031,1,82.23809523809524,1.3418097908195592,80.0,85.0,1.0,0.806225774829855,0.0,0.06023459968488608,0.07671856790558086,0.0,0.0
44,526031,548031,1,82.15,1.3143439428094914,80.0,85.0,1.0,0.8271701918685112,0.0,0.06251588365094195,0.07791492929694492,0.0,0.0
44,534031,548031,1,82.13333333333334,1.203698005684519,81.0,85.0,4.0,0.6546536707079771,0.0,0.07664869771916134,0.08513669751398308,0.0,0.0
44,542031,548031,1,83.14285714285714,0.989743318610787,82.0,85.0,3.0,0.7071067811865476,0.0,0.0961327545531937,0.06633273143071211,0.0,0.0
44,6265859,6273859,1,105.44444444444444,0.4969039949999533,105.0,106.0,0.0,0.5,0.0,0.056239424248061644,0.044509373818263025,0.0,0.0
44,6265859,6281859,1,107.05882352941177,2.0427947475512163,105.0,111.0,5.0,0.6614378277661477,0.0,0.036773399701244,0.03900186949439264,0.0,0.0
44,6265859,6289859,1,108.68,2.962701469942593,105.0,113.0,4.0,0.7071067811865476,0.0,0.027658987612893954,0.035051446616362635,0.0,0.0
7,3040140,3051140,0,99.0,1.0954451150103321,98.0,102.0,4.0,1.1547005383792515,0.0,0.010922697389765626,0.01157790595599721,0.0,0.0
7,3040140,3056140,0,98.46666666666667,1.2036980056845192,97.0,102.0,4.0,1.0690449676496976,0.0,0.01327609051046108,0.011001991678323447,0.0,0.0
9,463781,493552,1,107.23809523809524,1.2688488185213551,106.0,111.0,4.0,1.0,0.0,0.06489572425637648,0.13165141787675416,0.0,0.0
9,472552,493552,1,107.42857142857143,1.4982983545287878,106.0,111.0,5.0,1.2089410496539776,0.0,0.08055672032940156,0.1568368611388025,0.0,0.0
9,480552,493552,1,108.33333333333333,1.8856180831641267,107.0,111.0,4.0,1.7888543819998317,0.0,0.155934319724608,0.216685954772337,0.0,0.0
9,492552,547552,1,106.0,5.0,101.0,111.0,10.0,5.773502691896258,0.3333333333333333,0.05130864486608758,0.04450069126706429,0.0,0.0
9,1075135,1098359,1,104.0,0.0,104.0,104.0,0.0,0.0,0.0,0.07761851744247991,0.0732739234789904,0.0,0.0
9,1075135,1098359,1,104.0,0.0,104.0,104.0,0.0,0.0,0.0,0.07761851744247991,0.0732739234789904,0.0,0.0
9,1075135,1098359,1,104.0,0.0,104.0,104.0,0.0,0.0,0.0,0.07761851744247991,0.0732739234789904,0.0,0.0
9,1075135,1123359,1,103.25,0.9682458365518543,102.0,104.0,2.0,0.7559289460184544,0.0,0.0700128039323897,0.05877642388410716,0.0,0.0
9,1075135,1124360,1,103.11111111111111,0.9938079899999066,102.0,104.0,2.0,0.7071067811865476,0.0,0.06467691734011816,0.057433348238608954,0.0,0.0
9,1095359,1124360,1,103.0,1.0,102.0,104.0,2.0,0.7559289460184544,0.0,0.0718574785766539,0.05698130429438883,0.0,0.0
9,1095359,1142393,1,103.11111111111111,0.9938079899999066,102.0,104.0,0.0,1.0,0.0,0.06480688519137895,0.057304386823349505,0.0,0.0
9,1096359,1142393,1,103.0,1.0,102.0,104.0,0.0,1.0690449676496976,0.0,0.052809368336279354,0.04897757799906496,0.0,0.0
9,1116359,1142393,1,102.4,0.8,102.0,104.0,2.0,1.0,0.0,0.040480361391568624,0.0211850192902365,0.0,0.0
9,1116359,1142393,1,102.4,0.8,102.0,104.0,2.0,1.0,0.0,0.040480361391568624,0.0211850192902365,0.0,0.0
9,1122359,1142393,1,102.5,0.8660254037844386,102.0,104.0,2.0,1.1547005383792515,0.0,0.03604427014216964,0.021508411727615886,0.0,0.0
9,2343448,2347448,1,99.4,0.4898979485566356,99.0,100.0,1.0,0.5,0.0,0.013304608844030803,0.0027184913107123642,0.0,0.0
9,2343448,2355448,1,100.6923076923077,1.3803352649943355,99.0,103.0,2.0,0.7071067811865476,0.0,0.01455397959833851,0.014969743492784482,0.0,0.0
9,2343448,2363448,1,100.28571428571429,1.350233036072174,98.0,103.0,2.0,0.7071067811865476,0.0,0.012598517932876812,0.012429927251349131,0.0,0.0
9,2343448,2371448,1,99.55172413793103,1.6730357890632004,97.0,103.0,3.0,0.6267831705280087,0.0,0.016763179783929893,0.019314108560612664,0.0,0.0
