subject,window_start_ms,window_end_ms,label,hr_mean,hr_std,hr_min,hr_max,hr_delta_abs,rmssd,pnn50,motion_mean,motion_std,temp_mean,temp_spread
1,492488,521325,0,98.53846153846153,1.598816130063579,95.0,100.0,1.0,1.1902380714238083,0.0,0.05045378829104122,0.06316668591435513,0.0,0.0
1,504325,541325,0,97.33333333333333,1.5986105077709065,95.0,100.0,2.0,1.6733200530681511,0.0,0.0801809407479356,0.06752121681719216,0.0,0.0
1,521325,553325,0,96.33333333333333,2.054804667656325,94.0,100.0,6.0,1.4142135623730951,0.0,0.05365670260958249,0.07733001875458632,0.0,0.0
1,521325,554325,0,95.85714285714286,2.2314999074019015,93.0,100.0,7.0,1.35400640077266,0.0,0.061124264515010907,0.07389345514956659,0.0,0.0
1,541325,554325,0,95.16666666666667,1.5723301886761003,93.0,98.0,5.0,1.1832159566199232,0.0,0.034427421124404285,0.037164943658056004,0.0,0.0
1,541325,577325,0,95.5,1.5,93.0,98.0,2.0,1.8516401995451028,0.0,0.04149488754221215,0.03751447394081385,0.0,0.0
1,541325,577325,0,95.5,1.5,93.0,98.0,2.0,1.8516401995451028,0.0,0.04149488754221215,0.03751447394081385,0.0,0.0
1,550325,577325,0,95.14285714285714,1.2453996981544782,93.0,97.0,0.0,1.8257418583505538,0.0,0.04310584101723584,0.03984497899703895,0.0,0.0
1,576325,601325,0,93.9,1.374772708486752,93.0,97.0,3.0,0.8819171036881969,0.0,0.06281984211632467,0.047802556142317446,0.0,0.0
1,576325,609325,0,94.0,1.0540925533894598,93.0,97.0,3.0,0.7276068751089989,0.0,0.0752216206906877,0.05113058598507362,0.0,0.0
1,576325,617325,0,94.03846153846153,1.0183232534518252,93.0,97.0,1.0,0.8246211251235321,0.0,0.06849114149475191,0.04932170083507099,0.0,0.0
1,594325,625325,0,94.3125,1.1021995055342748,93.0,97.0,1.0,0.7828813612588127,0.0,0.06472711657028322,0.04730855129871328,0.0,0.0
1,594325,633325,0,94.0,1.3228756555322954,91.0,97.0,1.0,0.8623164985025763,0.0,0.0680855574610362,0.051116263742362965,0.0,0.0
1,597325,634325,0,94.07894736842105,1.3451976756981114,91.0,97.0,2.0,0.86991767240168,0.0,0.06528152332485555,0.04877736055427092,0.0,0.0
1,605325,649325,0,94.79411764705883,2.054828055848067,91.0,99.0,5.0,1.1415035273840826,0.0,0.0673141011652195,0.049166083939101386,0.0,0.0
1,613325,654325,0,95.54838709677419,2.394061331003803,91.0,99.0,5.0,1.1690451944500122,0.0,0.06490420236971021,0.04564462290411158,0.0,0.0
1,621325,663325,0,95.61538461538461,2.527950265408459,91.0,99.0,1.0,1.1832159566199232,0.0,0.06749748250171812,0.0471896947490162,0.0,0.0
1,629325,671325,0,95.72727272727273,2.6488731426060848,91.0,99.0,3.0,1.2909944487358056,0.0,0.05839165646555449,0.03354637287980592,0.0,0.0
1,646325,671325,0,96.75,2.165063509461097,93.0,99.0,5.0,0.9309493362512627,0.0,0.06177646004470673,0.037562021125749905,0.0,0.0
1,646325,671325,0,96.75,2.165063509461097,93.0,99.0,5.0,0.9309493362512627,0.0,0.06177646004470673,0.037562021125749905,0.0,0.0
1,653325,671325,0,95.22222222222223,1.6850834320114558,93.0,98.0,4.0,1.224744871391589,0.0,0.058359333209511685,0.03500800126244256,0.0,0.0
1,661325,671325,0,94.42857142857143,0.9035079029052513,93.0,96.0,2.0,1.1547005383792515,0.0,0.0677228927055142,0.034348321046784834,0.0,0.0
1,3109754,3112757,0,96.0,0.7071067811865476,95.0,97.0,2.0,0.816496580927726,0.0,0.0059240265387419475,0.0034519146153268072,0.0,0.0
1,3109754,3120745,0,96.0,0.9534625892455924,95.0,98.0,1.0,0.7071067811865476,0.0,0.040885324840272345,0.05538347787133439,0.0,0.0
1,3109754,3126745,0,96.88235294117646,1.4504503536397593,95.0,99.0,2.0,0.7905694150420949,0.0,0.03862167617719637,0.04944532104826716,0.0,0.0
1,3109754,3136745,0,97.20833333333333,1.3533651474093096,95.0,99.0,1.0,0.7518094115561123,0.0,0.030065678169285074,0.04380287539131816,0.0,0.0
1,3109754,3144745,0,97.40625,1.221151480161245,95.0,99.0,1.0,0.6475761258027333,0.0,0.025178209927476658,0.03901891780840084,0.0,0.0
1,3109754,3152745,0,97.45,1.1169153951844337,95.0,99.0,1.0,0.6201736729460423,0.0,0.023036208590983036,0.035288813526932056,0.0,0.0
1,3116761,3160745,0,97.53658536585365,1.0842005254094083,94.0,99.0,2.0,0.6708203932499369,0.0,0.028317520320720713,0.035075993304661816,0.0,0.0
1,3124745,3168745,0,96.73809523809524,1.9767641163988396,92.0,99.0,7.0,0.6439209162167846,0.0,0.015813382731247945,0.013636624890289491,0.0,0.0
1,3132745,3176745,0,95.75555555555556,2.386588039259353,92.0,98.0,6.0,0.6396021490668313,0.0,0.014307790887958952,0.013874413982632273,0.0,0.0
1,3140745,3184745,0,94.73333333333333,2.4979991993593593,91.0,98.0,5.0,0.6571287406727709,0.0,0.01390324342289859,0.013976317912825042,0.0,0.0
1,3148745,3192745,0,94.28888888888889,2.1041992113361445,91.0,98.0,2.0,0.7385489458759964,0.0,0.01293370047791206,0.01403265243443227,0.0,0.0
1,3156745,3200745,0,93.77777777777777,1.576055397910857,91.0,97.0,3.0,0.7229988054812212,0.0,0.010340430345966765,0.010335429320708377,0.0,0.0
1,3164745,3208745,0,93.73333333333333,1.451436070471816,91.0,97.0,0.0,0.7071067811865476,0.0,0.008543155893607114,0.0061174238274669035,0.0,0.0
1,3172745,3216745,0,94.27272727272727,1.614756333484692,91.0,97.0,3.0,0.6988362419217079,0.0,0.008134225741432645,0.006099889064996121,0.0,0.0
1,3180745,3224745,0,94.77272727272727,1.3460993540873498,91.0,97.0,4.0,0.7470873676376284,0.0,0.009194377596303297,0.008426817520323772,0.0,0.0
1,3188745,3232745,0,95.1590909090909,0.9987078428509014,93.0,97.0,2.0,0.6819943394704735,0.0,0.01103743087377829,0.009808522577478083,0.0,0.0
1,3196745,3240745,0,94.81818181818181,1.0285189544531599,93.0,97.0,1.0,0.6647258571142536,0.0,0.017169928382800324,0.026378696305165178,0.0,0.0
1,3204745,3248745,0,94.81818181818181,1.0285189544531599,93.0,97.0,1.0,0.6647258571142536,0.0,0.02155793303925843,0.027908548691707946,0.0,0.0
1,3212745,3250745,0,94.86842105263158,1.0044912991574904,93.0,97.0,1.0,0.6367145399670133,0.0,0.025568350618692438,0.029603159604695027,0.0,0.0
1,3220745,3264745,0,93.80555555555556,2.2462245416160034,88.0,96.0,5.0,1.3201731488169053,0.02857142857142857,0.030166131439751703,0.029338076503064792,0.0,0.0
1,3228745,3272745,0,92.38888888888889,2.7312774562848565,88.0,96.0,7.0,1.2983506020002016,0.02857142857142857,0.03437125630093176,0.027110154559749702,0.0,0.0
1,3236745,3280745,0,91.16666666666667,2.7938424357067015,88.0,96.0,6.0,1.3093073414159542,0.02857142857142857,0.034066149281440194,0.011069803547734975,0.0,0.0
1,3244745,3288745,0,89.88888888888889,2.435590024086997,88.0,96.0,6.0,1.3093073414159542,0.02857142857142857,0.03462223678150165,0.008488377147046798,0.0,0.0
1,3260745,3288745,0,88.72413793103448,0.518389530288721,88.0,90.0,0.0,0.5345224838248488,0.0,0.034899982668566136,0.007791735151216289,0.0,0.0
1,3260745,3288745,0,88.72413793103448,0.518389530288721,88.0,90.0,0.0,0.5345224838248488,0.0,0.034899982668566136,0.007791735151216289,0.0,0.0
1,3268745,3288745,0,88.71428571428571,0.5471012044321932,88.0,90.0,1.0,0.5916079783099616,0.0,0.03525798743818264,0.008665127848472115,0.0,0.0
1,3276745,3288745,0,88.53846153846153,0.634323942402717,88.0,90.0,1.0,0.7637626158259734,0.0,0.03714592856885969,0.009490150073841722,0.0,0.0
1,3284745,3288745,0,88.2,0.4,88.0,89.0,0.0,0.7071067811865476,0.0,0.041853105824195436,0.013215519215920579,0.0,0.0
1,3598207,3601213,0,92.5,0.5,92.0,93.0,1.0,0.5773502691896257,0.0,0.004957862781337789,0.003673037556022625,0.0,0.0
1,3598207,3609230,0,92.66666666666667,0.4714045207910317,92.0,93.0,0.0,0.6030226891555273,0.0,0.013321750594568893,0.01604406526020637,0.0,0.0
1,3598207,3617243,0,92.72222222222223,0.7307192465536614,91.0,94.0,2.0,0.6859943405700354,0.0,0.014086481324226284,0.014486484256077202,0.0,0.0
1,3598207,3625020,0,92.47619047619048,0.957131011535323,90.0,94.0,1.0,0.806225774829855,0.0,0.014040559698568864,0.013619252037523852,0.0,0.0
1,3598207,3633020,0,92.06896551724138,1.080582042482234,90.0,94.0,3.0,0.7319250547113999,0.0,0.019023081317813422,0.01904873330799692,0.0,0.0
1,3598207,3641020,0,91.27027027027027,1.8254751125154896,88.0,94.0,5.0,0.6871842709362768,0.0,0.017425087041736537,0.017968309991867364,0.0,0.0
1,3605224,3649020,0,90.84210526315789,1.8140724146962197,88.0,94.0,1.0,0.677834389404565,0.0,0.02072389859470398,0.020896773293071918,0.0,0.0
1,3613236,3657020,0,90.575,1.6107063667844614,88.0,94.0,4.0,0.7161148740394329,0.0,0.020693317900956087,0.02018085009718639,0.0,0.0
1,3623020,3665020,0,90.46511627906976,1.3699233930254084,88.0,93.0,2.0,0.6900655593423543,0.0,0.034085680671088775,0.054330943196215196,0.0,0.0
1,3629020,3673020,0,90.91111111111111,1.786644554865936,88.0,94.0,3.0,0.6908492797077574,0.0,0.03654932822249283,0.053706795615663605,0.0,0.0
1,3637020,3681020,0,91.53333333333333,2.006655592438988,88.0,95.0,4.0,0.7071067811865476,0.0,0.040248448105344545,0.05259585653837816,0.0,0.0
1,3645020,3689020,0,92.11111111111111,1.3859969892900155,90.0,95.0,1.0,0.7229988054812212,0.0,0.0454944805896979,0.05185206447225345,0.0,0.0
1,3653020,3694020,0,92.23809523809524,1.3594383260590666,90.0,95.0,1.0,0.7808688094430303,0.0,0.047788558741924836,0.05218048720856485,0.0,0.0
1,3661020,3705020,0,92.3170731707317,1.488804142637254,88.0,95.0,3.0,0.85146931829632,0.0,0.052740493637518274,0.052183601384806315,0.0,0.0
1,3669020,3713020,0,91.63414634146342,2.057183695996053,88.0,95.0,5.0,0.7905694150420949,0.0,0.03688308128737531,0.022866480478017343,0.0,0.0
1,3677020,3721020,0,90.8108108108108,1.8429975266197105,88.0,94.0,5.0,0.8333333333333334,0.0,0.03345482932693398,0.022663158238204733,0.0,0.0
1,3685020,3729020,0,89.97297297297297,1.8524853500750047,87.0,93.0,2.0,0.8819171036881969,0.0,0.03528012602624717,0.025027690405489435,0.0,0.0
1,3693020,3737020,0,89.72222222222223,1.6433554953054488,87.0,93.0,1.0,0.8451542547285166,0.0,0.041715817319123855,0.035091836602627026,0.0,0.0
1,3701020,3743020,0,89.39473684210526,1.367661732651188,87.0,92.0,1.0,0.8542421961772491,0.0,0.03632616447640896,0.03559427075396543,0.0,0.0
1,3709020,3753020,0,89.82857142857142,1.7482352618032406,87.0,94.0,2.0,1.0,0.0,0.03237141210514229,0.035265554999509265,0.0,0.0
1,3718020,3761020,0,90.05555555555556,1.6657404833961056,87.0,94.0,1.0,0.9411239481143202,0.0,0.03435055230676796,0.03468091048820329,0.0,0.0
1,3725020,3769020,0,89.84615384615384,1.8332885058173822,86.0,94.0,1.0,0.9597148699373931,0.0,0.03465458661119489,0.033565545134228374,0.0,0.0
10,501078,538078,0,82.5,2.8896366553599777,80.0,88.0,5.0,1.5727950313140984,0.05263157894736842,0.011920575035082415,0.005355681247626559,0.0,0.0
10,512078,553078,0,82.56,2.624195114697076,80.0,88.0,2.0,1.632993161855452,0.041666666666666664,0.009954707199097078,0.005338238587239086,0.0,0.0
10,517078,561078,0,81.96428571428571,2.7707933734523307,79.0,88.0,2.0,1.539600717839002,0.037037037037037035,0.00861698922871085,0.0049767249164225065,0.0,0.0
10,534078,569078,0,81.96428571428571,2.8218806147818576,79.0,88.0,6.0,1.0540925533894598,0.0,0.008942627942520194,0.006100310516423498,0.0,0.0
10,534078,571078,0,81.93333333333334,2.7317068331397167,79.0,88.0,6.0,1.0504514628777804,0.0,0.009075531335216118,0.0059982193467509265,0.0,0.0
10,546078,583078,0,81.18518518518519,1.7004800419628143,79.0,86.0,2.0,1.1094003924504583,0.0,0.00877882438193099,0.005538303465201419,0.0,0.0
10,549078,593078,0,81.3076923076923,2.071217233513271,79.0,87.0,3.0,1.1832159566199232,0.0,0.0112218144488113,0.012722311338569641,0.0,0.0
10,557078,601078,0,82.0,2.2870874995874626,79.0,87.0,3.0,1.1135528725660044,0.0,0.009557155435281085,0.013339599524878173,0.0,0.0
10,565078,609078,0,82.61538461538461,1.7337581030130225,80.0,87.0,1.0,1.2165525060596438,0.0,0.010269630382068977,0.014476866661992646,0.0,0.0
10,583078,609078,0,83.05263157894737,1.8201701542937454,80.0,87.0,4.0,1.0,0.0,0.00918784606921374,0.01616389237409954,0.0,0.0
10,583078,609078,0,83.05263157894737,1.8201701542937454,80.0,87.0,4.0,1.0,0.0,0.00918784606921374,0.01616389237409954,0.0,0.0
10,592078,609078,0,82.88888888888889,1.7284832429004495,80.0,87.0,5.0,1.0,0.0,0.008830110020026441,0.01653344999838584,0.0,0.0
10,597078,609078,0,82.07692307692308,1.1409536133993328,80.0,84.0,2.0,1.0,0.0,0.006264913150567027,0.00925080165788389,0.0,0.0
10,605078,609078,0,81.8,0.7483314773547882,81.0,83.0,1.0,1.118033988749895,0.0,0.010344291687201097,0.013430934595590348,0.0,0.0
10,1010618,1017638,0,76.5,2.23606797749979,74.0,81.0,7.0,1.2535663410560174,0.0,0.008660947915661812,0.004222586825746003,0.0,0.0
10,1010618,1020650,0,76.9090909090909,2.0650575802910085,74.0,81.0,3.0,1.5811388300841898,0.0,0.01731281240576057,0.018418700175343104,0.0,0.0
10,1010618,1028684,0,77.5,2.7838821814150108,74.0,84.0,3.0,2.354878881270658,0.09090909090909091,0.01640955872014964,0.01788721179771606,0.0,0.0
10,1010618,1039064,0,78.4375,2.9148059540902547,74.0,84.0,1.0,2.1756225162774294,0.06666666666666667,0.014015713229051395,0.016292465774176933,0.0,0.0
10,1010618,1050064,0,78.26315789473684,2.7307624781205995,74.0,84.0,3.0,2.48327740429189,0.1111111111111111,0.01214871463138233,0.015576601662261257,0.0,0.0
10,1013633,1058064,0,77.04166666666667,2.8501340124437813,74.0,84.0,2.0,2.1669453555438456,0.08695652173913043,0.013028170816961851,0.01483134201590995,0.0,0.0
10,1028684,1066064,0,77.20833333333333,2.7835703491898474,74.0,84.0,7.0,1.7569736827110218,0.043478260869565216,0.03787275983485605,0.1022451847290956,0.0,0.0
10,1036064,1074064,0,77.19354838709677,2.1911751868053795,74.0,82.0,2.0,1.505545305418162,0.03333333333333333,0.04843177255686291,0.09477509396860867,0.0,0.0
10,1038064,1082064,0,77.29032258064517,2.4651578289732647,74.0,85.0,4.0,1.7701224063135672,0.03333333333333333,0.05275704991735838,0.09475103937094313,0.0,0.0
10,1048064,1090064,0,78.54054054054055,3.5685911717453944,74.0,85.0,9.0,1.3017082793177757,0.0,0.05077691618494449,0.08708382335908801,0.0,0.0
10,1054064,1098064,0,80.17948717948718,4.13782920215974,74.0,86.0,9.0,1.2030662579644695,0.0,0.05276314646049561,0.08374455830392093,0.0,0.0
10,1062064,1105064,0,81.81818181818181,3.4505559100171483,76.0,86.0,6.0,1.25,0.0,0.07642133751225429,0.12658247090249747,0.0,0.0
10,1070064,1114064,0,83.21212121212122,2.3581910858598447,78.0,86.0,5.0,1.3110110602126894,0.0,0.06603497702705644,0.09978921897686191,0.0,0.0
10,1082064,1122064,0,83.8,1.21420167776433,82.0,86.0,3.0,0.954863710632231,0.0,0.051263922225945995,0.09630013427565622,0.0,0.0
10,1086064,1130064,0,83.48717948717949,1.278456498699273,82.0,86.0,2.0,0.9459053029269173,0.0,0.04534468413274453,0.0924360006798378,0.0,0.0
10,1094064,1138064,0,82.61538461538461,1.5461347109416754,79.0,86.0,6.0,0.9459053029269173,0.0,0.04075425682355107,0.0931689276220728,0.0,0.0
10,1105064,1146064,0,81.4390243902439,1.9005619257344541,77.0,85.0,7.0,0.9354143466934853,0.0,0.0241735219539395,0.0297763555601499,0.0,0.0
10,1110064,1154064,0,80.6,2.1847959477565246,77.0,84.0,7.0,0.7537783614444091,0.0,0.025946565563948972,0.034172661723773236,0.0,0.0
10,1118064,1162064,0,79.31111111111112,2.483923618634413,74.0,83.0,4.0,0.8528028654224418,0.0,0.021446736782085116,0.02487283077006425,0.0,0.0
10,1126064,1170064,0,78.86666666666666,2.207059380966246,74.0,83.0,1.0,0.8918825850158447,0.0,0.024162926571160294,0.027513908322100995,0.0,0.0
10,1134064,1178064,0,79.17777777777778,2.660734141705914,74.0,84.0,3.0,0.917010954628728,0.0,0.023804850969375513,0.02759390539878233,0.0,0.0
10,1142064,1182064,0,79.73170731707317,3.223574672694006,74.0,85.0,6.0,0.8660254037844386,0.0,0.02505675127085276,0.028395124103684596,0.0,0.0
10,1150064,1190064,0,79.8,3.560096306883525,74.0,85.0,3.0,1.7904977947322853,0.029411764705882353,0.02873445599639965,0.031977117204288606,0.0,0.0
10,1158064,1190064,0,80.5925925925926,3.664234135120485,74.0,85.0,1.0,1.9903613896824017,0.038461538461538464,0.025438414458639837,0.026981242500384958,0.0,0.0
10,1166064,1190064,0,82.21052631578948,2.966105853390604,75.0,85.0,3.0,2.2973414586817036,0.05555555555555555,0.014545861980499347,0.01928497504725784,0.0,0.0
10,1174064,1190064,0,82.54545454545455,3.4208886767685054,75.0,85.0,8.0,2.932575659723036,0.1,0.015768923407919636,0.024321467821013108,0.0,0.0
10,3519081,3529637,1,82.2,0.7483314773547882,81.0,83.0,1.0,1.2018504251546631,0.0,0.05100765823184018,0.06662160938509055,0.0,0.0
10,3519081,3537637,1,81.83333333333333,0.9574271077563381,80.0,83.0,1.0,1.1114378604524227,0.0,0.06462763139483824,0.07418930865701685,0.0,0.0
10,3519081,3541637,1,82.04545454545455,1.0214638661020106,80.0,84.0,3.0,1.0465362369445672,0.0,0.06468293410046745,0.06794759669187357,0.0,0.0
10,3519081,3541637,1,82.04545454545455,1.0214638661020106,80.0,84.0,3.0,1.0465362369445672,0.0,0.06468293410046745,0.06794759669187357,0.0,0.0
10,3519081,3541637,1,82.04545454545455,1.0214638661020106,80.0,84.0,3.0,1.0465362369445672,0.0,0.06468293410046745,0.06794759669187357,0.0,0.0
10,3525107,3541637,1,82.0,1.0606601717798212,80.0,84.0,2.0,0.8944271909999159,0.0,0.08387449118870544,0.07044731527303637,0.0,0.0
10,3533637,3541637,1,82.44444444444444,0.8314794192830981,81.0,84.0,3.0,0.9354143466934853,0.0,0.08658652952495777,0.07284753457317644,0.0,0.0
10,3669191,3673191,1,86.6,0.4898979485566356,86.0,87.0,1.0,0.5,0.0,0.032031469673262425,0.03859387385418351,0.0,0.0
10,3669191,3679191,1,86.33333333333333,0.7453559924999299,85.0,87.0,2.0,0.6324555320336759,0.0,0.03222464646766223,0.03523387341177044,0.0,0.0
10,3669191,3688191,1,86.375,0.6959705453537527,85.0,87.0,0.0,0.7559289460184544,0.0,0.02730096979617259,0.031921578132497394,0.0,0.0
10,3669191,3688191,1,86.375,0.6959705453537527,85.0,87.0,0.0,0.7559289460184544,0.0,0.02730096979617259,0.031921578132497394,0.0,0.0
10,3669191,3688191,1,86.375,0.6959705453537527,85.0,87.0,0.0,0.7559289460184544,0.0,0.02730096979617259,0.031921578132497394,0.0,0.0
10,3669191,3688191,1,86.375,0.6959705453537527,85.0,87.0,0.0,0.7559289460184544,0.0,0.02730096979617259,0.031921578132497394,0.0,0.0
10,4745461,4753497,0,73.88888888888889,0.5665577237325317,73.0,75.0,1.0,0.6123724356957945,0.0,0.009955874181060163,0.007876835495721924,0.0,0.0
10,4745461,4761544,0,75.47058823529412,2.172492389719928,73.0,80.0,4.0,0.8660254037844386,0.0,0.011137383128052028,0.013421131856854888,0.0,0.0
10,4745461,4769555,0,76.6,2.4331050121192876,73.0,80.0,4.0,0.7071067811865476,0.0,0.00934282199116456,0.011452293192425004,0.0,0.0
10,4745461,4777555,0,76.93939393939394,2.2284577346485137,73.0,80.0,2.0,0.6614378277661477,0.0,0.00837136720186636,0.010230343042096284,0.0,0.0
10,4745461,4785555,0,76.78048780487805,2.0304054037334063,73.0,80.0,1.0,0.6123724356957945,0.0,0.008107649190509686,0.009321985288920547,0.0,0.0
10,4749479,4793555,0,77.04444444444445,1.775832268800627,73.0,80.0,4.0,0.6030226891555273,0.0,0.007842498982079657,0.008645188264410431,0.0,0.0
10,4757525,4801555,0,77.73333333333333,1.1430952132988161,76.0,80.0,0.0,0.5222329678670935,0.0,0.006077854348229667,0.003067616493958199,0.0,0.0
10,4765555,4809555,0,77.46666666666667,1.0022197585581938,76.0,79.0,1.0,0.45226701686664544,0.0,0.006072759675454166,0.0030448353623061396,0.0,0.0
10,4773555,4817555,0,77.24444444444444,0.7931808132255442,76.0,79.0,0.0,0.4767312946227962,0.0,0.0059568756345635705,0.003136951636969069,0.0,0.0
10,4781555,4825555,0,77.53333333333333,0.9333333333333332,76.0,79.0,3.0,0.45226701686664544,0.0,0.005790654286889696,0.0031100647244848545,0.0,0.0
10,4789555,4833555,0,77.97777777777777,0.8024653371230127,77.0,79.0,1.0,0.45226701686664544,0.0,0.005233122467219412,0.0028802256493320887,0.0,0.0
10,4797555,4841555,0,77.86666666666666,0.8589399151150084,76.0,79.0,3.0,0.45226701686664544,0.0,0.005339544481545544,0.0024829158456687417,0.0,0.0
10,4805555,4849555,0,77.84444444444445,0.8680899993166495,76.0,79.0,1.0,0.45226701686664544,0.0,0.006010086337203425,0.004044656247174134,0.0,0.0
10,4813555,4857555,0,78.5111111111111,1.4850697285869885,76.0,82.0,4.0,0.4767312946227962,0.0,0.006711450858200189,0.004427993830931236,0.0,0.0
10,4821555,4865555,0,79.13333333333334,1.8808981306221177,76.0,82.0,3.0,0.5,0.0,0.011178776014685615,0.01353805247050568,0.0,0.0
10,4829555,4873555,0,79.53333333333333,2.050474199897293,76.0,82.0,2.0,0.5640760748177662,0.0,0.013145888522271212,0.01527187622727923,0.0,0.0
10,4837555,4881555,0,80.53333333333333,2.6212804335116666,76.0,88.0,11.0,0.6908492797077574,0.0,0.021101880351129358,0.03185929030414835,0.0,0.0
10,4845555,4889555,0,82.47727272727273,3.2507945627578803,77.0,89.0,11.0,0.6988362419217079,0.0,0.02608377124431227,0.0324838803242316,0.0,0.0
10,4853555,4896555,0,83.53846153846153,2.889824356708081,81.0,89.0,4.0,0.9459053029269173,0.0,0.02779679173255747,0.03406854892384894,0.0,0.0
10,4861555,4896555,0,84.03225806451613,3.0425357735617022,81.0,89.0,4.0,1.0327955589886444,0.0,0.030995625904556363,0.03622822550685801,0.0,0.0
10,4869555,4896555,0,84.8695652173913,3.1110510991301425,81.0,89.0,4.0,1.1677484162422844,0.0,0.03396095931438928,0.040126784057243646,0.0,0.0
10,4877555,4919560,0,86.58823529411765,1.9721240722635542,83.0,89.0,2.0,1.2747548783981961,0.0,0.03263681968389255,0.03859552997669374,0.0,0.0
10,4885555,4924716,0,86.36363636363636,2.1007672742347894,84.0,89.0,5.0,1.378404875209022,0.0,0.030715540825305757,0.04398399095099026,0.0,0.0
10,4895555,4924716,0,84.5,0.5,84.0,85.0,0.0,0.6324555320336759,0.0,0.03455380472678935,0.056227513070368045,0.0,0.0
10,4918555,4924716,0,84.5,0.5,84.0,85.0,1.0,0.5773502691896257,0.0,0.046357216782514456,0.06556933407982923,0.0,0.0
10,4918555,4924716,0,84.5,0.5,84.0,85.0,1.0,0.5773502691896257,0.0,0.046357216782514456,0.06556933407982923,0.0,0.0
10,4918555,4924716,0,84.5,0.5,84.0,85.0,1.0,0.5773502691896257,0.0,0.046357216782514456,0.06556933407982923,0.0,0.0
10,5446866,5449894,0,76.25,0.4330127018922193,76.0,77.0,0.0,0.816496580927726,0.0,0.009715485725009604,0.004821628175000616,0.0,0.0
10,5446866,5457933,0,76.25,0.4330127018922193,76.0,77.0,0.0,0.7385489458759964,0.0,0.010590779541494429,0.010087991975973903,0.0,0.0
10,5446866,5465957,0,76.7,0.7810249675906654,76.0,78.0,2.0,0.7254762501100116,0.0,0.008531683472113714,0.008475696937999103,0.0,0.0
10,5446866,5473881,0,77.3076923076923,1.3521842947113034,76.0,80.0,4.0,0.6928203230275509,0.0,0.00785405034908107,0.007605785987804475,0.0,0.0
10,5446866,5481881,0,78.0,1.7320508075688772,76.0,81.0,4.0,0.6513389472789296,0.0,0.00821320525528643,0.0075624222441807816,0.0,0.0
10,5446866,5489881,0,78.88095238095238,2.4122937212811433,76.0,83.0,7.0,0.6439209162167846,0.0,0.007479954669796686,0.0070385982025542235,0.0,0.0
10,5453913,5497881,0,79.97674418604652,2.35745598092543,76.0,83.0,5.0,0.5976143046671968,0.0,0.0059744359759609025,0.004672168065658611,0.0,0.0
10,5461938,5505881,0,81.0,1.7914525741926286,77.0,83.0,4.0,0.5345224838248488,0.0,0.005723324944898208,0.00424950396902408,0.0,0.0
10,5469881,5513881,0,81.64444444444445,1.1954646805611346,79.0,83.0,2.0,0.5222329678670935,0.0,0.005984573299358285,0.004219801469107923,0.0,0.0
10,5477881,5521881,0,81.82222222222222,1.1409331247105277,80.0,84.0,4.0,0.674199862463242,0.0,0.005806714204682866,0.0037148945354160455,0.0,0.0
10,5485881,5529881,0,81.97777777777777,0.9997530559290662,80.0,84.0,2.0,0.674199862463242,0.0,0.005958885791538153,0.003446255315319362,0.0,0.0
10,5493881,5537881,0,81.55555555555556,1.001233806761672,80.0,84.0,2.0,0.674199862463242,0.0,0.006233967493176309,0.0033102246957952704,0.0,0.0
10,5501881,5545881,0,81.22222222222223,1.0726683009908595,80.0,84.0,2.0,0.674199862463242,0.0,0.006011086526996921,0.0033837940853867366,0.0,0.0
10,5509881,5553881,0,80.8,1.16619037896906,79.0,84.0,2.0,0.7071067811865476,0.0,0.005902458521078888,0.00352266217041143,0.0,0.0
10,5517881,5561881,0,80.62222222222222,1.0389928646720854,79.0,84.0,1.0,0.6571287406727709,0.0,0.005352465817507516,0.0033626796507271587,0.0,0.0
10,5525881,5569881,0,80.46666666666667,0.6182412330330469,79.0,81.0,0.0,0.3692744729379982,0.0,0.005671102758539761,0.0031366108080597807,0.0,0.0
10,5533881,5577881,0,80.31111111111112,0.6607141665474893,79.0,81.0,1.0,0.45226701686664544,0.0,0.005410338835703692,0.0027431780844448988,0.0,0.0
10,5541881,5585881,0,80.4,0.679869268479038,79.0,81.0,0.0,0.4767312946227962,0.0,0.005702812584426693,0.003253287502676759,0.0,0.0
10,5549881,5593881,0,80.53333333333333,0.5811865258054232,79.0,81.0,0.0,0.4264014327112209,0.0,0.007101694049074873,0.005576967071406447,0.0,0.0
10,5557881,5601881,0,80.71111111111111,0.7489910909490096,79.0,83.0,3.0,0.543557306504609,0.0,0.007357936598602635,0.005624131967697839,0.0,0.0
10,5565881,5609881,0,81.46666666666667,1.8808981306221177,79.0,86.0,4.0,0.6030226891555273,0.0,0.007408680060813551,0.005463153304563256,0.0,0.0
10,5573881,5617881,0,82.08888888888889,2.1992142255534235,79.0,86.0,3.0,0.621581560508061,0.0,0.009285164790564607,0.008977509871379505,0.0,0.0
10,5581881,5625881,0,83.17777777777778,2.433916723572101,79.0,87.0,6.0,0.674199862463242,0.0,0.008547554026829135,0.009121109856024434,0.0,0.0
10,5589881,5625881,0,83.67567567567568,2.4055572378439596,79.0,87.0,6.0,0.7071067811865476,0.0,0.00791618760721597,0.008767067159945477,0.0,0.0
10,5597881,5625881,0,84.65517241379311,1.6871903203758714,81.0,87.0,6.0,0.7071067811865476,0.0,0.007895725428012325,0.009814048287853185,0.0,0.0
10,5605881,5625881,0,85.38095238095238,1.1328930717495542,83.0,87.0,1.0,0.6708203932499369,0.0,0.009144232384239804,0.011181103040125005,0.0,0.0
10,5613881,5625881,0,85.38461538461539,1.3888823142513684,83.0,87.0,2.0,0.816496580927726,0.0,0.006519310648181884,0.004913088358804971,0.0,0.0
10,5621881,5625881,0,87.0,0.0,87.0,87.0,0.0,0.0,0.0,0.0044342207387430815,0.0028995886342208692,0.0,0.0
10,7207857,7217881,0,75.63636363636364,1.3666633071248098,74.0,77.0,2.0,0.7745966692414834,0.0,0.01920055854180994,0.0310437323869686,0.0,0.0
10,7207857,7225872,0,77.78947368421052,3.44244324753007,74.0,84.0,7.0,1.130388330520878,0.0,0.013619825294485017,0.024646518804284544,0.0,0.0
10,7207857,7233193,0,79.46153846153847,4.030945386638123,74.0,84.0,7.0,0.9591663046625439,0.0,0.011086631736615575,0.021567297006675576,0.0,0.0
10,7207857,7241193,0,80.47058823529412,3.9722218861492076,74.0,84.0,6.0,0.8528028654224418,0.0,0.01057233332496959,0.018935092123294032,0.0,0.0
10,7207857,7249193,0,80.95238095238095,3.709398494123895,74.0,84.0,6.0,0.7650920556760059,0.0,0.00972756611121913,0.017224057418604773,0.0,0.0
10,7213874,7257193,0,81.72727272727273,3.2359039510104886,74.0,84.0,8.0,0.6819943394704735,0.0,0.009934006436389831,0.010918605639223684,0.0,0.0
10,7221873,7265193,0,83.3409090909091,0.9279298028451638,81.0,85.0,4.0,0.5282705437953743,0.0,0.01168131804308169,0.013274874884978185,0.0,0.0
10,7229193,7273193,0,83.84444444444445,1.3817148050408725,82.0,87.0,0.0,0.5640760748177662,0.0,0.013936170014395597,0.013793742304768954,0.0,0.0
10,7237193,7281193,0,83.17777777777778,2.068696732931027,78.0,87.0,6.0,0.7071067811865476,0.0,0.015450632957969423,0.014437968474633711,0.0,0.0
10,7245193,7288193,0,82.38636363636364,2.740403993864185,77.0,87.0,3.0,0.9276125895432153,0.0,0.02799258755021968,0.04373357630175955,0.0,0.0
10,7253193,7288193,0,82.30555555555556,3.016799669668767,77.0,87.0,2.0,1.01418510567422,0.0,0.03063792904705221,0.04701532761886585,0.0,0.0
10,7261193,7305552,0,83.12121212121212,3.755864713069865,77.0,89.0,3.0,1.9121323175972944,0.03125,0.04110198408212275,0.055402427358733214,0.0,0.0
10,7269193,7313552,0,84.24242424242425,4.824371857560149,77.0,92.0,3.0,1.9921721813136535,0.03125,0.03759050458807075,0.05638661461153925,0.0,0.0
10,7277193,7321552,0,85.48484848484848,5.303636329008286,77.0,92.0,8.0,1.9685019685029528,0.03125,0.037432431996347694,0.05696478749515809,0.0,0.0
10,7285193,7329552,0,87.18181818181819,3.965415224958931,77.0,92.0,5.0,1.9445436482630056,0.03125,0.026030013772871154,0.0467989523698138,0.0,0.0
10,7301552,7337552,0,86.37837837837837,4.456100290924313,77.0,92.0,11.0,1.092906420717,0.0,0.017213115196656137,0.03328624569950016,0.0,0.0
10,7301552,7345552,0,84.97777777777777,5.066179313793204,77.0,92.0,9.0,1.0552897060221726,0.0,0.015852687326009526,0.030382436286530118,0.0,0.0
10,7309552,7353552,0,83.88888888888889,4.958593986301726,77.0,92.0,8.0,0.9534625892455924,0.0,0.006623579992131316,0.008349313597304469,0.0,0.0
10,7317552,7361552,0,82.62222222222222,3.888952380434086,77.0,91.0,7.0,0.8660254037844386,0.0,0.008049188190029893,0.009483869064330493,0.0,0.0
10,7325552,7369552,0,82.22222222222223,3.2788133957196486,77.0,88.0,1.0,0.8918825850158447,0.0,0.006355928317051217,0.006434144969033387,0.0,0.0
10,7333552,7377552,0,81.93333333333334,3.108411527166605,77.0,88.0,4.0,0.7687061147858074,0.0,0.006207549375894341,0.00639069683314349,0.0,0.0
10,7341552,7385552,0,82.82222222222222,2.397117610695431,77.0,88.0,7.0,0.7833494518006403,0.0,0.005769517580606256,0.00625297883733397,0.0,0.0
11,404049,448494,0,62.97727272727273,1.21521858048135,60.0,65.0,1.0,0.7624928516630234,0.0,0.01333441747467972,0.012674299751123767,0.0,0.0
11,413044,456494,0,62.651162790697676,1.0539785296395032,60.0,65.0,2.0,0.7559289460184544,0.0,0.010419593500364045,0.011825196955149714,0.0,0.0
11,420494,464494,0,62.31111111111111,0.7837863150465955,60.0,64.0,2.0,0.674199862463242,0.0,0.007961132121440456,0.007628302711250376,0.0,0.0
11,428494,472494,0,61.977777777777774,0.745024649521787,60.0,64.0,3.0,0.621581560508061,0.0,0.006619201163291984,0.004980056891748443,0.0,0.0
11,436494,480494,0,61.666666666666664,0.6666666666666667,60.0,63.0,1.0,0.45226701686664544,0.0,0.006248450910614764,0.0031465692201920856,0.0,0.0
11,444494,488494,0,61.93333333333333,0.7717224601860151,61.0,64.0,1.0,0.3988620176087328,0.0,0.006116814081098148,0.0032237470672701884,0.0,0.0
11,452494,496494,0,62.355555555555554,1.2850517595378632,61.0,65.0,2.0,0.4767312946227962,0.0,0.005982127830081299,0.003181249883003356,0.0,0.0
11,460494,504494,0,62.8,1.6138291249213608,61.0,66.0,3.0,0.5838742081211422,0.0,0.006235221681346679,0.003601125023746728,0.0,0.0
11,468494,512494,0,63.17777777777778,1.6369197209513682,61.0,66.0,2.0,0.6030226891555273,0.0,0.00633596713951189,0.003528780670287484,0.0,0.0
11,476494,520494,0,63.666666666666664,1.3165611772087666,61.0,66.0,3.0,0.6908492797077574,0.0,0.006704867782295027,0.0036328233439291537,0.0,0.0
11,484494,528494,0,64.26666666666667,0.8537498983243799,63.0,66.0,2.0,0.674199862463242,0.0,0.006250054587082315,0.003924027762506994,0.0,0.0
11,492494,536494,0,64.37777777777778,0.7390350732584839,63.0,66.0,1.0,0.5838742081211422,0.0,0.006265349227413891,0.0038394328577503775,0.0,0.0
11,500494,544494,0,64.22222222222223,0.6956655929999347,63.0,66.0,0.0,0.5222329678670935,0.0,0.0061049022970701495,0.0037262970362694618,0.0,0.0
11,508494,552494,0,64.15555555555555,0.6308919807368173,63.0,65.0,1.0,0.45226701686664544,0.0,0.005659051166626272,0.003363137789223581,0.0,0.0
11,516494,560494,0,64.28888888888889,0.5820355934981687,63.0,65.0,1.0,0.3988620176087328,0.0,0.005156246706236848,0.003153052301677289,0.0,0.0
11,524494,568494,0,64.13333333333334,0.6863753427324667,63.0,65.0,1.0,0.337099931231621,0.0,0.00517626882775741,0.0031588637788579426,0.0,0.0
11,532494,576494,0,63.84444444444444,0.8152860590152953,62.0,65.0,2.0,0.3692744729379982,0.0,0.0052817412156083675,0.0029001991350766213,0.0,0.0
11,540494,582494,0,63.69767441860465,0.8769631458123163,62.0,65.0,1.0,0.408248290463863,0.0,0.005504112332940351,0.0028746203374198968,0.0,0.0
11,548494,582494,0,63.628571428571426,0.9587406706035725,62.0,65.0,2.0,0.42008402520840293,0.0,0.005667490088934492,0.002778763737739233,0.0,0.0
11,556494,582494,0,63.22222222222222,0.6849348892187752,62.0,65.0,2.0,0.4803844614152614,0.0,0.00575307630577896,0.002744637581558239,0.0,0.0
11,564494,582494,0,63.05263157894737,0.6046908048987398,62.0,64.0,0.0,0.4714045207910317,0.0,0.006575952484000683,0.002638356244263453,0.0,0.0
11,572494,582494,0,62.72727272727273,0.4453617714151233,62.0,63.0,0.0,0.4472135954999579,0.0,0.006447069757544528,0.0022101196562255582,0.0,0.0
11,990101,1000098,0,68.0,0.9534625892455924,67.0,70.0,2.0,0.6324555320336759,0.0,0.014170246530874403,0.002450238421422237,0.0,0.0
11,990101,1008088,0,68.0,0.8583950752789521,67.0,70.0,2.0,0.816496580927726,0.0,0.011883942765199149,0.003762934296045568,0.0,0.0
11,990101,1016520,0,68.0,0.7637626158259734,67.0,70.0,2.0,0.7223151185146152,0.0,0.011420363147255955,0.0039342995105966115,0.0,0.0
11,990101,1024520,0,67.96875,0.6839396446324778,67.0,70.0,3.0,0.6475761258027333,0.0,0.010743130771806324,0.004018461682503437,0.0,0.0
11,990101,1032520,0,67.775,0.757875319561206,66.0,70.0,4.0,0.6405126152203485,0.0,0.010572788881221559,0.003717990710425235,0.0,0.0
11,996097,1040520,0,66.88095238095238,1.7210514636667809,63.0,69.0,4.0,0.6246950475544243,0.0,0.010056917486307129,0.0034640892726524246,0.0,0.0
11,1004098,1048520,0,66.02380952380952,2.1323818031007042,63.0,69.0,4.0,0.5843487097907776,0.0,0.009460601408270241,0.003068379103538908,0.0,0.0
11,1012089,1056520,0,65.52380952380952,1.9424836242258228,63.0,68.0,2.0,0.4938647983247948,0.0,0.009993304991962847,0.0029280822320455384,0.0,0.0
11,1020520,1064520,0,65.57777777777778,1.8677245679511725,63.0,68.0,1.0,0.543557306504609,0.0,0.009600382958147262,0.0026736721581204605,0.0,0.0
11,1028520,1072520,0,65.46666666666667,1.7587874611030556,63.0,68.0,1.0,0.543557306504609,0.0,0.009876050938634409,0.0027780526639193167,0.0,0.0
11,1036520,1080520,0,65.26666666666667,1.70489491367259,63.0,68.0,2.0,0.5222329678670935,0.0,0.009918674021310442,0.0030227918553308144,0.0,0.0
11,1044520,1088520,0,65.55555555555556,1.4229164972072998,63.0,68.0,1.0,0.543557306504609,0.0,0.010015420350889688,0.0031963289076128378,0.0,0.0
11,1052520,1096520,0,65.31111111111112,1.7741629916632955,61.0,68.0,4.0,0.5640760748177662,0.0,0.011503049199358737,0.010578666073192163,0.0,0.0
11,1060520,1104520,0,64.66666666666667,1.9321835661585918,61.0,68.0,6.0,0.5640760748177662,0.0,0.010428550373586051,0.011058030946375549,0.0,0.0
11,1068520,1112520,0,63.86666666666667,1.586050300449376,61.0,67.0,2.0,0.5640760748177662,0.0,0.009915653456007983,0.011223105407026184,0.0,0.0
11,1076520,1120520,0,63.31111111111111,1.0918327552478442,61.0,65.0,2.0,0.5640760748177662,0.0,0.009373613883126462,0.011274238096903111,0.0,0.0
11,1084520,1128520,0,63.0,0.8432740427115678,61.0,65.0,2.0,0.5222329678670935,0.0,0.00879819381890359,0.011226133026619097,0.0,0.0
11,1092520,1136520,0,62.644444444444446,0.8207193472275284,61.0,65.0,2.0,0.5640760748177662,0.0,0.006037610512192088,0.0036381450534585806,0.0,0.0
11,1100520,1144520,0,62.644444444444446,0.8207193472275285,61.0,65.0,0.0,0.5222329678670935,0.0,0.005584736535683262,0.0033482768542354977,0.0,0.0
11,1108520,1152520,0,63.0,1.0749676997731399,61.0,65.0,3.0,0.543557306504609,0.0,0.005653023508218403,0.003219943067988938,0.0,0.0
11,1116520,1160520,0,63.355555555555554,1.4008815566643988,61.0,66.0,1.0,0.5,0.0,0.0055068722419818455,0.0034516555265164573,0.0,0.0
11,1124520,1168520,0,63.71111111111111,1.5580931682629426,61.0,66.0,3.0,0.543557306504609,0.0,0.008616013979461937,0.021707990592111665,0.0,0.0
11,1132520,1169520,0,63.94736842105263,1.7312509687787923,61.0,67.0,4.0,0.6151246852292456,0.0,0.00910940852281654,0.023570051562242043,0.0,0.0
11,1140520,1169520,0,64.6,1.2806248474865698,62.0,67.0,5.0,0.5570860145311556,0.0,0.009944150624247687,0.02641169744792565,0.0,0.0
11,1148520,1169520,0,65.18181818181819,0.8331955809010619,64.0,67.0,3.0,0.5773502691896257,0.0,0.012078358744227736,0.03053399062181344,0.0,0.0
11,1156520,1169520,0,65.14285714285714,0.9147320339189784,64.0,67.0,1.0,0.6201736729460423,0.0,0.016451845618017158,0.037480664533808335,0.0,0.0
11,1164520,1169520,0,65.83333333333333,0.6871842709362769,65.0,67.0,2.0,0.6324555320336759,0.0,0.030630287451161874,0.05395465973614624,0.0,0.0
11,2293868,2296865,0,63.0,0.0,63.0,63.0,0.0,0.0,0.0,0.010833525877302285,0.0012482219479413514,0.0,0.0
11,2293868,2304277,0,63.375,0.4841229182759271,63.0,64.0,1.0,0.6546536707079771,0.0,0.007640853037093538,0.0033503212619026765,0.0,0.0
11,2293868,2312277,0,62.6875,1.0439558180306292,61.0,64.0,2.0,0.6324555320336759,0.0,0.007775347189845835,0.003149131095843305,0.0,0.0
11,2293868,2320277,0,63.125,1.3010412496663328,61.0,65.0,2.0,0.7223151185146152,0.0,0.007580326749282675,0.0033632162374808597,0.0,0.0
11,2293868,2328277,0,63.71875,1.5659337270459437,61.0,67.0,4.0,0.672021505032247,0.0,0.013016607538656222,0.02368633454960772,0.0,0.0
11,2293868,2336277,0,64.375,1.945347012746055,61.0,68.0,4.0,0.6793662204867574,0.0,0.011450106598396728,0.021495235598538477,0.0,0.0
11,2303277,2344277,0,65.47619047619048,2.674732699044499,61.0,72.0,8.0,0.6984302957695782,0.0,0.01320472882225185,0.0223231305033528,0.0,0.0
11,2308277,2352277,0,67.53333333333333,4.688520259337931,61.0,80.0,16.0,0.9293203772845852,0.0,0.012857786999089228,0.021639440507163307,0.0,0.0
11,2316277,2360277,0,70.66666666666667,5.637178175095921,64.0,80.0,15.0,0.8918825850158447,0.0,0.012954371046586505,0.021607457500756527,0.0,0.0
11,2324277,2368277,0,72.6,5.259488779550938,65.0,80.0,7.0,1.0335288182638247,0.0,0.01252837631374581,0.02172294555019992,0.0,0.0
11,2332277,2376277,0,72.77777777777777,5.120281628056926,64.0,80.0,4.0,1.1078234188139946,0.0,0.00853453775725032,0.009077086134084773,0.0,0.0
11,2340277,2384277,0,71.86666666666666,6.358196809368727,61.0,80.0,8.0,1.087114613009218,0.0,0.008258627761197372,0.009201733933665314,0.0,0.0
11,2348277,2392277,0,70.06666666666666,7.59063750799482,61.0,80.0,15.0,0.9653072991634227,0.0,0.005534051778524203,0.003483072546415409,0.0,0.0
11,2356277,2400277,0,67.26666666666667,6.910217877253301,61.0,80.0,17.0,0.8118441408859887,0.0,0.005085827039913524,0.0036464986781966236,0.0,0.0
11,2364277,2408277,0,64.62222222222222,4.249386302822713,61.0,77.0,12.0,0.7977240352174656,0.0,0.004512147294941958,0.0031375650831242468,0.0,0.0
11,2372277,2416277,0,62.91111111111111,1.7361799986332984,61.0,68.0,6.0,0.5640760748177662,0.0,0.004473394435601533,0.003158058431233663,0.0,0.0
11,2380277,2424277,0,62.333333333333336,1.3662601021279464,60.0,65.0,2.0,0.5222329678670935,0.0,0.004391756822936113,0.0029114922295055486,0.0,0.0
11,2388277,2432277,0,62.15555555555556,1.5485556791274973,60.0,65.0,0.0,0.5222329678670935,0.0,0.005792015477227273,0.009322944076503786,0.0,0.0
11,2396277,2440277,0,62.24444444444445,1.5078395958833224,60.0,65.0,2.0,0.5222329678670935,0.0,0.00565519279309241,0.009324631619459362,0.0,0.0
11,2404277,2448277,0,62.28888888888889,1.6003086122123409,60.0,65.0,0.0,0.5640760748177662,0.0,0.005988051845485088,0.009265142039622736,0.0,0.0
11,2412277,2456277,0,62.0,1.247219128924647,60.0,64.0,0.0,0.5222329678670935,0.0,0.006059139122489171,0.009533668945609943,0.0,0.0
11,2420277,2464277,0,61.91111111111111,1.2617839614736344,60.0,64.0,1.0,0.5,0.0,0.006167487949616119,0.009568714755201907,0.0,0.0
11,2428277,2472277,0,61.888888888888886,1.251172289800822,60.0,64.0,0.0,0.5222329678670935,0.0,0.006380127851345571,0.009615432861772698,0.0,0.0
11,2436277,2472277,0,62.08108108108108,1.2385339716096866,60.0,64.0,2.0,0.5270462766947299,0.0,0.005458347058586756,0.004192814359806457,0.0,0.0
11,2444277,2472277,0,62.172413793103445,1.3408429031188678,60.0,64.0,4.0,0.4629100498862757,0.0,0.006249865189299827,0.0043284781656007555,0.0,0.0
11,2452277,2472277,0,61.61904761904762,1.1328930717495542,60.0,63.0,3.0,0.5,0.0,0.005312396170485058,0.0036220443673315515,0.0,0.0
11,2460277,2472277,0,60.84615384615385,0.6617173282340483,60.0,62.0,2.0,0.5773502691896257,0.0,0.005789822178149064,0.003503527235171964,0.0,0.0
11,2468277,2472277,0,60.2,0.4,60.0,61.0,0.0,0.7071067811865476,0.0,0.008446272230592236,0.003630143137054907,0.0,0.0
11,2931266,2936262,0,67.66666666666667,0.4714045207910317,67.0,68.0,1.0,0.4472135954999579,0.0,0.014302310911705717,0.002452193353252275,0.0,0.0
11,2931266,2945038,0,67.42857142857143,0.7284313590846836,66.0,68.0,1.0,0.6201736729460423,0.0,0.013504947155088817,0.007402814542360294,0.0,0.0
11,2931266,2953038,0,67.5909090909091,0.8344345341220826,66.0,69.0,1.0,0.7867957924694432,0.0,0.012333093433572523,0.007195487659539498,0.0,0.0
11,2931266,2961038,0,67.33333333333333,0.9428090415820634,66.0,69.0,2.0,0.7427813527082074,0.0,0.01040985626336474,0.00717331007096119,0.0,0.0
11,2931266,2969038,0,66.28947368421052,2.3831413891933537,59.0,69.0,9.0,0.8542421961772491,0.0,0.009326380258380687,0.006993388306259065,0.0,0.0
11,2932266,2977038,0,64.84444444444445,3.747328266352238,57.0,69.0,11.0,0.8918825850158447,0.0,0.008242880722406691,0.006756754319518732,0.0,0.0
11,2941038,2985038,0,62.77777777777778,4.934634463053025,55.0,69.0,12.0,0.9293203772845852,0.0,0.006287257585285234,0.0051247578148277476,0.0,0.0
11,2949038,2993038,0,60.888888888888886,4.799176884157543,55.0,69.0,10.0,0.8790490729915326,0.0,0.005074760861798915,0.0038554979772574853,0.0,0.0
11,2957038,3001038,0,58.84444444444444,3.5712155139270974,55.0,66.0,10.0,0.8528028654224418,0.0,0.004590745303404056,0.0033313604937826153,0.0,0.0
11,2965038,3009038,0,57.333333333333336,1.849924923401548,55.0,63.0,6.0,0.7977240352174656,0.0,0.004402256497302674,0.003238207325261597,0.0,0.0
11,2973038,3017038,0,56.888888888888886,1.0375660026603337,55.0,60.0,2.0,0.674199862463242,0.0,0.004227228555820806,0.0030519262545147647,0.0,0.0
11,2981038,3025038,0,57.28888888888889,1.258256681501517,55.0,61.0,5.0,0.621581560508061,0.0,0.0037590902717981223,0.0029257677641393895,0.0,0.0
11,2989038,3033038,0,58.46666666666667,2.246973272847029,56.0,65.0,8.0,0.6396021490668313,0.0,0.003409711848876441,0.002916646979432538,0.0,0.0
11,2997038,3041038,0,59.666666666666664,2.9739610697593952,56.0,65.0,7.0,0.621581560508061,0.0,0.0033882463532959625,0.0030291678159051847,0.0,0.0
11,3005038,3049038,0,60.955555555555556,2.8902560867358416,57.0,65.0,6.0,0.6030226891555273,0.0,0.0036383507138967367,0.0031085064611796466,0.0,0.0
11,3013038,3057038,0,61.8,2.36267268622258,58.0,65.0,4.0,0.6030226891555273,0.0,0.003441952385279938,0.0028051758180655533,0.0,0.0
11,3021038,3065038,0,62.62222222222222,1.5816853021577106,59.0,65.0,4.0,0.6030226891555273,0.0,0.003586064737820392,0.0026477726634728254,0.0,0.0
11,3029038,3073038,0,62.888888888888886,1.2688091043217955,59.0,65.0,3.0,0.543557306504609,0.0,0.004405864128698946,0.0038147421245347275,0.0,0.0
11,3037038,3080662,0,62.095238095238095,1.8101502674998298,57.0,64.0,6.0,0.5410017808004594,0.0,0.004454119194020916,0.003949580862937491,0.0,0.0
11,3045038,3088662,0,61.76190476190476,1.7969487870584007,57.0,65.0,1.0,0.6807456457050177,0.0,0.005476756594470097,0.005868371566228431,0.0,0.0
11,3053038,3096662,0,63.04761904761905,3.8169570337812853,57.0,72.0,10.0,0.7963330593811955,0.0,0.006780786479527085,0.006229433439661851,0.0,0.0
11,3061038,3104662,0,64.85714285714286,4.974082488121749,57.0,72.0,8.0,0.8263938705413374,0.0,0.008508637781522735,0.007575275683538941,0.0,0.0
12,551716,596352,0,73.92857142857143,1.6675167899898216,70.0,77.0,1.0,0.7156780854205468,0.0,0.015348283110148384,0.013601880066602252,0.0,0.0
12,560711,604352,0,73.58536585365853,1.950304663580859,70.0,77.0,3.0,0.758287544405155,0.0,0.01768235232481417,0.013797104480686183,0.0,0.0
12,568352,612352,0,73.15555555555555,2.04347803245736,70.0,77.0,3.0,0.7833494518006403,0.0,0.0152478048279901,0.008811452267133157,0.0,0.0
12,576352,620352,0,72.75555555555556,1.7907857438138475,70.0,76.0,1.0,0.6908492797077574,0.0,0.015093364262729019,0.009003223520019907,0.0,0.0
12,584352,628352,0,72.17777777777778,1.1979406197283158,70.0,75.0,3.0,0.7229988054812212,0.0,0.0136675600250885,0.008086337054950366,0.0,0.0
12,592352,636352,0,71.91111111111111,0.938609425864128,70.0,74.0,1.0,0.6908492797077574,0.0,0.012244981676766385,0.007808827103935013,0.0,0.0
12,600352,644352,0,72.04444444444445,0.8152860590152953,71.0,74.0,1.0,0.6571287406727709,0.0,0.012372083764498807,0.007742838148232732,0.0,0.0
12,608352,652352,0,71.95555555555555,0.8680899993166492,71.0,74.0,1.0,0.621581560508061,0.0,0.010574064199115506,0.004291190864320301,0.0,0.0
12,616352,660352,0,71.91111111111111,0.8899993064222573,71.0,74.0,2.0,0.6396021490668313,0.0,0.010234915310225643,0.00405954726510593,0.0,0.0
12,624352,668352,0,71.57777777777778,0.6142344427149001,71.0,73.0,0.0,0.6030226891555273,0.0,0.010489117892135264,0.0036859667383901964,0.0,0.0
12,632352,676352,0,71.55555555555556,0.5794846582402355,71.0,73.0,1.0,0.543557306504609,0.0,0.010328171335508528,0.0038566474896145763,0.0,0.0
12,640352,684352,0,71.64444444444445,0.6378977819736588,71.0,73.0,1.0,0.45226701686664544,0.0,0.010828980689019467,0.004456331580316158,0.0,0.0
12,648352,692352,0,72.17777777777778,1.197940619728316,71.0,76.0,5.0,0.543557306504609,0.0,0.012679669851036237,0.011299586395455202,0.0,0.0
12,656352,700352,0,72.91111111111111,1.6709574397428855,71.0,77.0,5.0,0.5,0.0,0.013177103796999544,0.011999296391120996,0.0,0.0
12,664352,708352,0,73.82222222222222,1.865343446349628,71.0,77.0,4.0,0.5222329678670935,0.0,0.013263693740890006,0.011940490789738297,0.0,0.0
12,672352,716352,0,74.0,1.7384539747207064,72.0,77.0,0.0,0.6030226891555273,0.0,0.01477818631392736,0.01200734146564294,0.0,0.0
12,680352,724352,0,73.84444444444445,1.9431424212177044,71.0,77.0,1.0,0.6571287406727709,0.0,0.014663722302345899,0.011864354846735294,0.0,0.0
12,688352,730352,0,73.65116279069767,2.1337130093002967,71.0,77.0,1.0,0.6725927091345493,0.0,0.014592145510066634,0.012194387084253763,0.0,0.0
12,696352,730352,0,73.37142857142857,2.2307681481077872,71.0,77.0,3.0,0.6642111641550714,0.0,0.012231940880874035,0.005425861600147186,0.0,0.0
12,704352,730352,0,72.55555555555556,1.8121673811444545,71.0,77.0,5.0,0.7071067811865476,0.0,0.013019802886942433,0.005507499024158731,0.0,0.0
12,712352,730352,0,71.47368421052632,0.49930699897395464,71.0,72.0,0.0,0.5773502691896257,0.0,0.012789208931097895,0.005475891698978002,0.0,0.0
12,720352,730352,0,71.36363636363636,0.4810456929208347,71.0,72.0,1.0,0.7071067811865476,0.0,0.011900115122516932,0.004552173220016378,0.0,0.0
12,1858332,1868329,0,74.0909090909091,0.8999540851465151,73.0,76.0,2.0,0.6324555320336759,0.0,0.0034784309784647322,0.0014180185577984759,0.0,0.0
12,1858332,1876329,0,75.47368421052632,1.81712384227706,73.0,78.0,3.0,0.6236095644623235,0.0,0.0033773293339825526,0.001851826287051207,0.0,0.0
12,1858332,1883749,0,76.0,2.0216222500108993,73.0,79.0,5.0,0.6396021490668313,0.0,0.0034294530295578165,0.0018664873079029742,0.0,0.0
12,1858332,1891749,0,75.83870967741936,1.8508371984233611,73.0,79.0,0.0,0.7302967433402214,0.0,0.004196004045663302,0.0033378758275023727,0.0,0.0
12,1858332,1899749,0,75.43589743589743,1.836871250109981,73.0,79.0,0.0,0.6882472016116853,0.0,0.004211793668750158,0.0031325361906816293,0.0,0.0
12,1864332,1907749,0,75.97560975609755,1.6891014334810524,73.0,79.0,2.0,0.7416198487095663,0.0,0.004721687430832817,0.003251218004692418,0.0,0.0
12,1872328,1915749,0,75.73170731707317,1.767241066608468,73.0,79.0,4.0,0.7745966692414834,0.0,0.004988015375677302,0.0031553932065542896,0.0,0.0
12,1880749,1923749,0,75.18181818181819,1.7092359706330151,73.0,79.0,3.0,0.7624928516630234,0.0,0.004899291060839942,0.003262246417756516,0.0,0.0
12,1887749,1931749,0,74.84444444444445,1.2988123729957741,73.0,78.0,2.0,0.674199862463242,0.0,0.004940253236604497,0.003404057222744662,0.0,0.0
12,1895749,1939749,0,75.11111111111111,1.3859969892900155,73.0,78.0,0.0,0.7071067811865476,0.0,0.004798412956338571,0.0027918369402984548,0.0,0.0
12,1903749,1947749,0,75.17777777777778,1.3214283330949779,73.0,78.0,3.0,0.6908492797077574,0.0,0.0044377749365206495,0.002977135966447666,0.0,0.0
12,1911749,1955749,0,74.82222222222222,1.2163495274136897,73.0,77.0,2.0,0.674199862463242,0.0,0.0042597244195507426,0.0030770544768412987,0.0,0.0
12,1919749,1963749,0,76.04444444444445,2.394025485388858,73.0,82.0,9.0,0.6908492797077574,0.0,0.004830257810401033,0.003403368035356335,0.0,0.0
12,1927749,1971749,0,77.26666666666667,2.969474326842678,73.0,82.0,6.0,0.7071067811865476,0.0,0.004649308100109357,0.0032773857056043435,0.0,0.0
12,1935749,1979749,0,78.2,3.323986896618109,73.0,83.0,4.0,0.7385489458759964,0.0,0.004820892887197983,0.0034601732813337163,0.0,0.0
12,1943749,1987749,0,79.02222222222223,2.9400596281851072,73.0,83.0,3.0,0.6908492797077574,0.0,0.005069781408207505,0.003892118411127675,0.0,0.0
12,1951749,1995749,0,80.35555555555555,2.2524609312735215,74.0,83.0,9.0,0.6908492797077574,0.0,0.005697300699528948,0.003719613050468132,0.0,0.0
12,1959749,2003749,0,81.26666666666667,1.2,79.0,83.0,1.0,0.621581560508061,0.0,0.005055888624933557,0.003698757011855684,0.0,0.0
12,1967749,2011749,0,80.84444444444445,1.519584088647001,77.0,83.0,5.0,0.621581560508061,0.0,0.005162847846668903,0.0036066040115118755,0.0,0.0
12,1975749,2019749,0,79.86666666666666,2.1664102412362563,75.0,83.0,7.0,0.5838742081211422,0.0,0.004871579299329223,0.003531322967801036,0.0,0.0
12,1983749,2027749,0,78.95555555555555,2.707648061453216,75.0,83.0,4.0,0.5640760748177662,0.0,0.0046399166793184765,0.002945730850697019,0.0,0.0
12,1991749,2035749,0,78.08888888888889,3.0023858825364744,75.0,83.0,7.0,0.5,0.0,0.004433975580687784,0.002832886813257097,0.0,0.0
12,1999749,2036749,0,77.02631578947368,2.276734065616836,75.0,82.0,7.0,0.4931969619160719,0.0,0.004159454247019758,0.002653506169690788,0.0,0.0
12,2007749,2036749,0,76.03333333333333,1.3287420951996498,75.0,80.0,5.0,0.4913036844405175,0.0,0.003933769651620947,0.00225659654793153,0.0,0.0
12,2015749,2036749,0,75.36363636363636,0.5677270907634907,75.0,77.0,2.0,0.4364357804719847,0.0,0.004073848718135712,0.002444196709621256,0.0,0.0
12,2023749,2036749,0,75.21428571428571,0.41032590332414504,75.0,76.0,0.0,0.3922322702763681,0.0,0.004199087348685665,0.0022036087209380308,0.0,0.0
12,2031749,2036749,0,75.0,0.0,75.0,75.0,0.0,0.0,0.0,0.0044630563533220105,0.0009648041881584541,0.0,0.0
12,2508761,2515767,0,72.875,0.33071891388307384,72.0,73.0,1.0,0.3779644730092272,0.0,0.006560430768596283,0.00565649436311623,0.0,0.0
12,2508761,2523773,0,73.375,0.6959705453537527,72.0,75.0,2.0,0.5163977794943222,0.0,0.0049362016020621236,0.004771468956347105,0.0,0.0
12,2508761,2531825,0,73.56521739130434,0.6478114967717972,72.0,75.0,2.0,0.4264014327112209,0.0,0.0044619153436466245,0.00462291103448213,0.0,0.0
12,2508761,2539825,0,73.45161290322581,0.6137515351754982,72.0,75.0,1.0,0.408248290463863,0.0,0.003910150318463025,0.004230775208946639,0.0,0.0
12,2508761,2547825,0,73.25641025641026,0.705943584509549,72.0,75.0,1.0,0.42919753763947605,0.0,0.005289324501984858,0.008267202604403409,0.0,0.0
12,2511762,2555825,0,73.3409090909091,0.7961036312789543,72.0,75.0,2.0,0.4822428221704121,0.0,0.004668636495729458,0.007648656744288754,0.0,0.0
12,2519771,2563825,0,73.5,0.8660254037844386,72.0,75.0,0.0,0.5705974021574557,0.0,0.004974085090249842,0.008378643634691596,0.0,0.0
12,2528825,2571825,0,73.27272727272727,0.888400922076912,72.0,75.0,2.0,0.6099942813304187,0.0,0.005197039293341802,0.008301530374360678,0.0,0.0
12,2535825,2579825,0,73.13333333333334,0.9092121131323905,72.0,75.0,0.0,0.674199862463242,0.0,0.005030576580715146,0.008136064472934966,0.0,0.0
12,2543825,2587825,0,73.2,0.956846672960488,72.0,75.0,2.0,0.7071067811865476,0.0,0.005160920782441803,0.00807886601363149,0.0,0.0
12,2551825,2595825,0,73.42222222222222,0.8816370855501056,72.0,75.0,1.0,0.6908492797077574,0.0,0.004012929380427455,0.004418229613612275,0.0,0.0
12,2559825,2603825,0,73.13333333333334,0.7774602526460401,72.0,74.0,1.0,0.6571287406727709,0.0,0.0033505799278291054,0.002404373870721634,0.0,0.0
12,2567825,2611825,0,73.06666666666666,0.8,72.0,74.0,1.0,0.5838742081211422,0.0,0.003385743331850425,0.0023233374243031304,0.0,0.0
12,2575825,2619825,0,73.15555555555555,0.7875575620741934,72.0,74.0,2.0,0.5640760748177662,0.0,0.003361846805017309,0.002315228424333886,0.0,0.0
12,2583825,2627825,0,73.02222222222223,0.930684070727641,71.0,74.0,2.0,0.5222329678670935,0.0,0.0035129405280287566,0.0022960906851496343,0.0,0.0
12,2591825,2635825,0,72.71111111111111,0.9097550884648319,71.0,74.0,1.0,0.543557306504609,0.0,0.003447185468997718,0.002347158518872836,0.0,0.0
12,2599825,2643825,0,72.75555555555556,0.9464684195131937,71.0,74.0,0.0,0.5222329678670935,0.0,0.0035196057019887084,0.002271192380792107,0.0,0.0
12,2607825,2651825,0,72.82222222222222,0.9258962958222072,71.0,74.0,0.0,0.5222329678670935,0.0,0.0034618306287973887,0.0022186011121071826,0.0,0.0
12,2615825,2659825,0,72.66666666666667,0.8432740427115678,71.0,74.0,1.0,0.543557306504609,0.0,0.003429311443359705,0.0024775768871206625,0.0,0.0
12,2623825,2667825,0,73.15555555555555,1.3655370218433083,71.0,77.0,5.0,0.543557306504609,0.0,0.0032751837590087843,0.002349487890996203,0.0,0.0
12,2631825,2675825,0,74.08888888888889,1.6709574397428855,72.0,77.0,4.0,0.5222329678670935,0.0,0.002860583811394467,0.002212483060650345,0.0,0.0
12,2639825,2683825,0,74.57777777777778,1.6531302145242037,72.0,77.0,0.0,0.5640760748177662,0.0,0.0026484561750124654,0.0020737510914051907,0.0,0.0
12,2647825,2687825,0,74.73170731707317,1.6233718333945109,72.0,77.0,0.0,0.5477225575051661,0.0,0.00259734688899531,0.002143523527395703,0.0,0.0
12,2655825,2687825,0,75.18181818181819,1.4863937537491783,72.0,77.0,1.0,0.5863019699779287,0.0,0.0028388641029160576,0.0022506494611810694,0.0,0.0
12,2663825,2687825,0,75.64,1.3230268326832981,73.0,77.0,2.0,0.5773502691896257,0.0,0.002383825259872446,0.001836675753083746,0.0,0.0
12,2671825,2687825,0,75.3529411764706,1.411764705882353,73.0,77.0,4.0,0.6123724356957945,0.0,0.002775429216744568,0.002022973813973797,0.0,0.0
12,2679825,2687825,0,74.22222222222223,0.9162456945817024,73.0,76.0,3.0,0.6123724356957945,0.0,0.003092121278131283,0.002417061249611564,0.0,0.0
12,3161193,3164194,0,79.25,0.82915619758885,78.0,80.0,2.0,0.816496580927726,0.0,0.002513884321482452,0.0020198921934269413,0.0,0.0
12,3161193,3172200,0,77.58333333333333,1.3819269959814167,76.0,80.0,3.0,0.674199862463242,0.0,0.003758480665610086,0.002746929166396228,0.0,0.0
12,3161193,3179197,0,77.78947368421052,1.195559651747426,76.0,80.0,2.0,0.6666666666666666,0.0,0.003694167761353561,0.0023932740216048294,0.0,0.0
12,3161193,3188612,0,77.48,1.2039933554633928,76.0,80.0,3.0,0.67700320038633,0.0,0.004003879141052052,0.0024283840013976927,0.0,0.0
12,3161193,3196612,0,77.03030303030303,1.3367724242492591,75.0,80.0,4.0,0.6614378277661477,0.0,0.003958263272770954,0.002426606504357615,0.0,0.0
12,3161193,3204612,0,76.6829268292683,1.4045053706232165,75.0,80.0,5.0,0.6519202405202649,0.0,0.003947675742157589,0.0025146621789767943,0.0,0.0
12,3168198,3212612,0,76.21428571428571,1.1027177311342296,75.0,79.0,1.0,0.6048583789091339,0.0,0.004267844254385604,0.002708324989522927,0.0,0.0
12,3176195,3220612,0,75.78571428571429,1.0809104250301111,74.0,79.0,3.0,0.6048583789091339,0.0,0.005402408296998206,0.006674132690155593,0.0,0.0
12,3184612,3228612,0,75.35555555555555,0.7350149070462768,74.0,77.0,3.0,0.621581560508061,0.0,0.0057041252151301455,0.006447022665718741,0.0,0.0
12,3192612,3236612,0,74.73333333333333,1.1234866364235145,72.0,76.0,4.0,0.6030226891555273,0.0,0.005976610269344616,0.006656243916399775,0.0,0.0
12,3200612,3244612,0,73.97777777777777,1.7319082460798858,70.0,76.0,5.0,0.5838742081211422,0.0,0.006108173586633594,0.006625171698211888,0.0,0.0
12,3208612,3252612,0,73.22222222222223,1.8960648006845817,70.0,76.0,6.0,0.6396021490668313,0.0,0.006143164844711306,0.006818548482763006,0.0,0.0
12,3216612,3260612,0,73.28888888888889,2.4094464299430753,70.0,81.0,6.0,0.8790490729915326,0.0,0.005193670096616266,0.0036574499537682325,0.0,0.0
12,3224612,3268612,0,74.46666666666667,4.112852484049916,70.0,83.0,6.0,0.9293203772845852,0.0,0.005301782492237733,0.003695463413001052,0.0,0.0
12,3232612,3276612,0,75.46666666666667,4.568491119736484,70.0,83.0,5.0,0.917010954628728,0.0,0.004852449608661838,0.0032974976394781535,0.0,0.0
12,3240612,3284612,0,75.97777777777777,4.389324872859854,70.0,83.0,2.0,0.9534625892455924,0.0,0.004653883613998413,0.0034560412141213487,0.0,0.0
12,3248612,3292612,0,76.35555555555555,3.9897399277845205,70.0,83.0,2.0,0.9293203772845852,0.0,0.004826416442758366,0.003481822273023348,0.0,0.0
12,3256612,3300612,0,77.2,3.3105890714493698,72.0,83.0,1.0,0.8393720596645177,0.0,0.004300548308811082,0.0031620275382036136,0.0,0.0
12,3264612,3308612,0,76.46666666666667,2.9181424837652385,72.0,82.0,6.0,0.674199862463242,0.0,0.004382059785883291,0.0029990551853740503,0.0,0.0
12,3272612,3316612,0,75.46666666666667,2.006655592438988,72.0,80.0,5.0,0.621581560508061,0.0,0.00394464589649158,0.002981124626846873,0.0,0.0
12,3280612,3324612,0,74.57777777777778,1.4061592906272335,72.0,77.0,1.0,0.5838742081211422,0.0,0.004110633049649452,0.00305094225628019,0.0,0.0
12,3288612,3332612,0,75.08888888888889,1.3469673298392655,72.0,77.0,5.0,0.621581560508061,0.0,0.003758354679539869,0.00274121124817647,0.0,0.0
12,3296612,3339612,0,75.9090909090909,1.7164734171362914,73.0,80.0,1.0,0.6287677132370127,0.0,0.0033722569882757504,0.002329672736016628,0.0,0.0
12,3304612,3339612,0,75.83333333333333,1.848422751068236,73.0,80.0,3.0,0.6546536707079771,0.0,0.003432371637450846,0.0023338549004494513,0.0,0.0
12,3312612,3339612,0,75.89285714285714,2.0760416613333743,73.0,80.0,3.0,0.693888666488711,0.0,0.0033064664370352492,0.002373329324022435,0.0,0.0
12,3320612,3339612,0,76.45,2.1788758569500923,73.0,80.0,5.0,0.7608859102526822,0.0,0.0034249711053978976,0.0024102196043989522,0.0,0.0
12,3328612,3339612,0,77.91666666666667,1.2555432644432802,76.0,80.0,2.0,0.8528028654224418,0.0,0.002720166568689852,0.001575621582465921,0.0,0.0
12,3336612,3339612,0,79.0,0.7071067811865476,78.0,80.0,2.0,0.816496580927726,0.0,0.0017308341651603894,0.0010900735727552662,0.0,0.0
12,3812620,3820625,0,78.77777777777777,0.6285393610547089,78.0,80.0,2.0,0.5,0.0,0.007231500421253373,0.010188587272338909,0.0,0.0
12,3812620,3828638,0,78.17647058823529,0.9226110083151836,76.0,80.0,4.0,0.5,0.0,0.004797659036377572,0.007978491693297491,0.0,0.0
12,3812620,3836111,0,77.83333333333333,1.0274023338281628,76.0,80.0,4.0,0.5897678246195885,0.0,0.004516843043693919,0.006904670846554612,0.0,0.0
12,3812620,3844111,0,77.0,1.7320508075688772,74.0,80.0,5.0,0.5956833971812706,0.0,0.00435730300345043,0.006232876305848857,0.0,0.0
12,3812620,3852111,0,76.825,1.6107063667844614,74.0,80.0,4.0,0.5991446895152781,0.0,0.004279974841094802,0.0056391410641619,0.0,0.0
12,3816623,3860111,0,76.43181818181819,1.3882252776432231,74.0,79.0,2.0,0.6099942813304187,0.0,0.0037919711076149156,0.004167879693111766,0.0,0.0
12,3824636,3868111,0,76.13636363636364,1.119880454068629,74.0,78.0,1.0,0.6287677132370127,0.0,0.003781593795449849,0.003173553541414503,0.0,0.0
12,3832111,3876111,0,76.44444444444444,1.438449096238423,74.0,79.0,1.0,0.621581560508061,0.0,0.0037353151423050192,0.002999404941742459,0.0,0.0
12,3840111,3884111,0,76.35555555555555,1.4166557733785983,74.0,79.0,0.0,0.6030226891555273,0.0,0.0037147073841136374,0.0029482038921474713,0.0,0.0
12,3848111,3892111,0,76.37777777777778,1.4029950326812974,74.0,79.0,0.0,0.6030226891555273,0.0,0.003544747862585865,0.002943461013108842,0.0,0.0
12,3856111,3900111,0,76.4888888888889,1.3923955731396036,74.0,79.0,3.0,0.5838742081211422,0.0,0.0043484188631786784,0.006292737354585947,0.0,0.0
12,3864111,3908111,0,76.88888888888889,1.594744454934147,74.0,80.0,4.0,0.6396021490668313,0.0,0.003953519869564756,0.0061189214987484595,0.0,0.0
12,3872111,3916111,0,77.44444444444444,2.134953088795635,74.0,82.0,2.0,0.7071067811865476,0.0,0.008456103206337605,0.020375276594662973,0.0,0.0
12,3880111,3924373,0,77.78571428571429,2.5027196091805552,74.0,82.0,5.0,0.7156780854205468,0.0,0.010776695844628266,0.02101560066823645,0.0,0.0
12,3888111,3932373,0,78.9047619047619,2.169150852177214,74.0,82.0,7.0,0.7489830503797116,0.0,0.013331420115010333,0.02149979671347556,0.0,0.0
12,3896111,3940373,0,80.14285714285714,1.9829202679673346,76.0,85.0,9.0,0.8971499589146108,0.0,0.017243883255744476,0.02164260946390148,0.0,0.0
12,3904111,3943373,0,81.08333333333333,2.059867849051379,77.0,87.0,10.0,0.9258200997725514,0.0,0.01966172781588753,0.021995099373243326,0.0,0.0
12,3912111,3956373,0,81.51724137931035,1.94086169372004,80.0,87.0,1.0,1.4267845968170128,0.03571428571428571,0.018489883218997184,0.0096461156434002,0.0,0.0
12,3923373,3964373,0,81.73913043478261,2.089672146208333,80.0,87.0,0.0,1.5666989036012806,0.045454545454545456,0.018912577193827936,0.010566496896696006,0.0,0.0
12,3928373,3972373,0,81.6923076923077,1.9566303603041393,80.0,87.0,0.0,1.4422205101855958,0.04,0.017851839194832325,0.010573065115088596,0.0,0.0
12,3936373,3979373,0,81.76,1.9652989594461194,80.0,87.0,0.0,1.4433756729740645,0.041666666666666664,0.018596511694060104,0.012816986212958471,0.0,0.0
12,3956373,3988373,0,81.69565217391305,1.7799556078659757,80.0,85.0,4.0,1.087114613009218,0.0,0.01658156743010334,0.012062153434857614,0.0,0.0
12,3956373,3991373,0,82.07692307692308,1.9791815892720932,80.0,85.0,4.0,1.019803902718557,0.0,0.01655131816979993,0.011445114106988265,0.0,0.0
12,3963373,3991373,0,82.12,2.0063897926375125,80.0,85.0,4.0,1.0408329997330663,0.0,0.016913389637508335,0.011524832881995276,0.0,0.0
12,3968373,3991373,0,82.4,2.154065922853802,80.0,85.0,4.0,1.1697953037312037,0.0,0.01808829983137289,0.012599554569554215,0.0,0.0
12,3976373,3991373,0,83.33333333333333,2.357022603955158,80.0,85.0,5.0,1.5075567228888183,0.0,0.01676316885272457,0.003124834744367391,0.0,0.0
12,3984373,3991373,0,85.0,0.0,85.0,85.0,0.0,0.0,0.0,0.01704326326358553,0.003535694789608611,0.0,0.0
12,4565126,4578126,1,87.5,1.224744871391589,85.0,89.0,4.0,1.0690449676496976,0.0,0.1781751554161454,0.18394823072733982,0.0,0.0
12,4565126,4578126,1,87.5,1.224744871391589,85.0,89.0,4.0,1.0690449676496976,0.0,0.1781751554161454,0.18394823072733982,0.0,0.0
12,4565126,4578126,1,87.5,1.224744871391589,85.0,89.0,4.0,1.0690449676496976,0.0,0.1781751554161454,0.18394823072733982,0.0,0.0
12,4565126,4578126,1,87.5,1.224744871391589,85.0,89.0,4.0,1.0690449676496976,0.0,0.1781751554161454,0.18394823072733982,0.0,0.0
12,4572126,4578126,1,87.85714285714286,0.832993127835043,87.0,89.0,2.0,0.816496580927726,0.0,0.1997487138086027,0.18694238267667784,0.0,0.0
12,4639126,4644126,1,92.83333333333333,1.5723301886761003,90.0,95.0,5.0,1.1832159566199232,0.0,0.24733790300468103,0.23247123447279647,0.0,0.0
12,4639126,4652126,1,94.35714285714286,1.7157731642091876,90.0,96.0,6.0,0.7844645405527362,0.0,0.26841773077576103,0.23400026328981036,0.0,0.0
12,4639126,4660126,1,95.5,2.0834848429756074,90.0,98.0,8.0,0.6900655593423543,0.0,0.20681810836041425,0.2150463783068907,0.0,0.0
12,4639126,4668126,1,96.63333333333334,2.6138519893487118,90.0,101.0,10.0,0.6948083337796512,0.0,0.17891583814515688,0.19513240919476596,0.0,0.0
12,4639126,4676126,1,97.23684210526316,2.610043461286822,90.0,101.0,9.0,0.677834389404565,0.0,0.1844405099404657,0.20168741167923473,0.0,0.0
12,4640126,4684126,1,97.8,2.2861904265976327,92.0,101.0,8.0,0.6030226891555273,0.0,0.2093687149011006,0.21587585631549688,0.0,0.0
12,4648126,4692126,1,99.04444444444445,1.6459452610792182,95.0,101.0,6.0,0.5640760748177662,0.0,0.22643719614175625,0.23408624731943337,0.0,0.0
12,4656126,4700126,1,99.86666666666666,1.0456258094238748,98.0,102.0,1.0,0.5838742081211422,0.0,0.19322232695049754,0.21894573553086602,0.0,0.0
12,4664126,4708126,1,99.33333333333333,2.0548046676563256,94.0,102.0,6.0,0.674199862463242,0.0,0.2183981769876045,0.24462555492518645,0.0,0.0
13,2252704,2296960,1,83.97619047619048,4.091152447009425,79.0,92.0,12.0,1.0359395405656244,0.0,0.07044683388972255,0.07061802833711403,0.0,0.0
13,2260960,2304960,1,82.43181818181819,2.9649293052489405,79.0,90.0,8.0,1.0996828295383152,0.0,0.06458451848342382,0.0594972440740506,0.0,0.0
13,2268960,2312960,1,81.3409090909091,1.8579458576388486,79.0,86.0,3.0,1.0890576254854043,0.0,0.05959037013791182,0.06161906911668751,0.0,0.0
13,2276960,2320960,1,81.04545454545455,1.7445310056723176,79.0,86.0,1.0,1.1713637450663281,0.0,0.060589365525323235,0.10219355210392851,0.0,0.0
13,2284960,2328960,1,80.37777777777778,1.1602468873072547,78.0,83.0,3.0,0.917010954628728,0.0,0.07680482706889258,0.1377450300806632,0.0,0.0
13,2292960,2336960,1,80.35555555555555,1.3191841848582961,78.0,83.0,2.0,0.9770084209183945,0.0,0.07253924242777508,0.13667183965797827,0.0,0.0
13,2300960,2344960,1,80.64285714285714,1.3770470229448812,78.0,83.0,2.0,0.9370425713316364,0.0,0.08429498067062768,0.14682694991902617,0.0,0.0
13,2308960,2352960,1,81.0,1.7621756887140216,78.0,85.0,2.0,0.9586025865388216,0.0,0.09192563860522812,0.15255225004793121,0.0,0.0
13,2316960,2360960,1,81.39473684210526,1.9404214637711341,78.0,85.0,2.0,0.9299811099505543,0.0,0.10497860350524577,0.15253053985474452,0.0,0.0
13,2324960,2368960,1,81.05263157894737,2.0512816073584292,78.0,85.0,0.0,0.86991767240168,0.0,0.11964215285447233,0.17654921308776844,0.0,0.0
13,2332960,2376960,1,81.34210526315789,1.8535359634674038,78.0,85.0,0.0,0.9586025865388216,0.0,0.10850710945367165,0.14918275098485273,0.0,0.0
13,2340960,2384960,1,80.63157894736842,2.355520421115816,77.0,85.0,4.0,0.9004503377814963,0.0,0.09483097259374676,0.1434440029083026,0.0,0.0
13,2350960,2392960,1,80.55813953488372,2.325813941861628,77.0,85.0,2.0,0.9258200997725514,0.0,0.09567923117937513,0.134646702745611,0.0,0.0
13,2356960,2400960,1,80.71111111111111,2.353458185755329,77.0,84.0,1.0,0.8393720596645177,0.0,0.08399361946633029,0.13062287229959027,0.0,0.0
13,2364960,2408960,1,80.95555555555555,2.5469420056701164,77.0,85.0,6.0,0.8528028654224418,0.0,0.07974695302740688,0.13185487396862408,0.0,0.0
13,2372960,2416960,1,82.55555555555556,3.80383172636082,77.0,90.0,7.0,0.9414688716912718,0.0,0.044388228393841114,0.04309875921738152,0.0,0.0
13,2380960,2424960,1,84.26666666666667,3.9293765408777004,77.0,90.0,12.0,0.8790490729915326,0.0,0.030896480942445542,0.03131559031102145,0.0,0.0
14,1709849,1740996,1,103.28571428571429,1.5319721849662298,101.0,106.0,0.0,0.769800358919501,0.0,0.04961289077094622,0.10511964839763324,0.0,0.0
14,1717868,1740996,1,103.52380952380952,1.5620209016054025,101.0,106.0,4.0,0.6324555320336759,0.0,0.05886465343824001,0.11846895071741066,0.0,0.0
14,1725890,1740996,1,104.33333333333333,1.0110500592068732,102.0,106.0,3.0,0.7071067811865476,0.0,0.07906865010728062,0.134914073491956,0.0,0.0
14,1733996,1740996,1,104.875,0.5994789404140899,104.0,106.0,0.0,0.7559289460184544,0.0,0.05082034433044265,0.07629367968246802,0.0,0.0
14,1808652,1812652,1,101.2,0.7483314773547882,100.0,102.0,1.0,0.8660254037844386,0.0,0.02187643706621243,0.022226791233883346,0.0,0.0
14,1808652,1812652,1,101.2,0.7483314773547882,100.0,102.0,1.0,0.8660254037844386,0.0,0.02187643706621243,0.022226791233883346,0.0,0.0
14,1808652,1812652,1,101.2,0.7483314773547882,100.0,102.0,1.0,0.8660254037844386,0.0,0.02187643706621243,0.022226791233883346,0.0,0.0
14,1808652,1812652,1,101.2,0.7483314773547882,100.0,102.0,1.0,0.8660254037844386,0.0,0.02187643706621243,0.022226791233883346,0.0,0.0
14,1808652,1850652,1,100.33333333333333,2.0548046676563256,96.0,102.0,4.0,2.3664319132398464,0.0,0.019271151838833274,0.021109936744943793,0.0,0.0
14,2389735,2393735,0,109.6,0.4898979485566356,109.0,110.0,1.0,0.5,0.0,0.019191636529499574,0.014072259853700076,0.0,0.0
14,2389735,2393735,0,109.6,0.4898979485566356,109.0,110.0,1.0,0.5,0.0,0.019191636529499574,0.014072259853700076,0.0,0.0
14,2389735,2393735,0,109.6,0.4898979485566356,109.0,110.0,1.0,0.5,0.0,0.019191636529499574,0.014072259853700076,0.0,0.0
14,2389735,2393735,0,109.6,0.4898979485566356,109.0,110.0,1.0,0.5,0.0,0.019191636529499574,0.014072259853700076,0.0,0.0
14,2389735,2393735,0,109.6,0.4898979485566356,109.0,110.0,1.0,0.5,0.0,0.019191636529499574,0.014072259853700076,0.0,0.0
14,2390735,2393735,0,109.75,0.4330127018922193,109.0,110.0,1.0,0.5773502691896257,0.0,0.022139578982044904,0.014285790080355326,0.0,0.0
14,5474602,5482602,1,105.33333333333333,0.6666666666666666,104.0,106.0,2.0,0.7071067811865476,0.0,0.04539998496184968,0.07441633165625185,0.0,0.0
14,5474602,5490602,1,103.23529411764706,2.413915826903905,99.0,106.0,6.0,0.7905694150420949,0.0,0.045244952367878545,0.07494353812085186,0.0,0.0
14,5474602,5493602,1,102.8,2.4819347291981715,99.0,106.0,7.0,0.8885233166386386,0.0,0.06907980111537429,0.11385401573811725,0.0,0.0
14,5474602,5493602,1,102.8,2.4819347291981715,99.0,106.0,7.0,0.8885233166386386,0.0,0.06907980111537429,0.11385401573811725,0.0,0.0
14,5474602,5514602,1,100.5925925925926,4.305545599351292,94.0,106.0,12.0,1.1435437497937313,0.0,0.052545975958533345,0.101910690620398,0.0,0.0
14,5478602,5522602,1,98.19354838709677,4.313664371758056,93.0,106.0,12.0,1.0645812948447542,0.0,0.036281832644907516,0.08937873051330275,0.0,0.0
14,5486602,5530602,1,96.06451612903226,2.6388595272538784,93.0,101.0,5.0,1.0488088481701516,0.0,0.035694938243348094,0.08948351379431525,0.0,0.0
14,5508602,5538602,1,95.12903225806451,1.2376339415000568,93.0,97.0,1.0,0.6055300708194983,0.0,0.009704625156589925,0.011393971754463963,0.0,0.0
14,5508602,5546602,1,95.2051282051282,1.1363343490338638,93.0,97.0,1.0,0.5848976518656018,0.0,0.018281957427753386,0.02459279867532645,0.0,0.0
14,5510602,5554602,1,95.42222222222222,1.183007258151659,93.0,98.0,2.0,0.6030226891555273,0.0,0.025819624028622545,0.03156428917960698,0.0,0.0
14,5518602,5562602,1,95.97727272727273,1.21521858048135,94.0,99.0,3.0,0.7313574508612273,0.0,0.030516943652091098,0.033183579312205606,0.0,0.0
14,5526602,5570602,1,96.3409090909091,0.9279298028451638,95.0,99.0,1.0,0.7313574508612273,0.0,0.03996592610135055,0.03396360599661857,0.0,0.0
14,5534602,5577602,1,96.44186046511628,1.0184878344399155,95.0,99.0,1.0,0.7400128699009549,0.0,0.04767568482558315,0.03490191624795141,0.0,0.0
14,5542602,5586602,1,96.69444444444444,1.4873437255808395,95.0,103.0,8.0,1.1464230084422218,0.0,0.050003187066769164,0.034436135639409976,0.0,0.0
14,5550602,5594344,1,98.42857142857143,3.0917929544957223,95.0,104.0,8.0,1.137592917989042,0.0,0.04215137984997252,0.03312012762249894,0.0,0.0
14,5559602,5602344,1,99.88571428571429,3.6705112806289657,95.0,105.0,7.0,1.0431851677040116,0.0,0.03314673044829314,0.032200685859300915,0.0,0.0
14,5566602,5610344,1,101.11111111111111,3.3646675399392714,95.0,105.0,6.0,1.0419761445034554,0.0,0.029241507485381606,0.029831943162428314,0.0,0.0
14,5574602,5616344,1,102.61764705882354,1.9252915116533107,97.0,105.0,6.0,1.0730867399773196,0.0,0.02399914015178464,0.03022011775755131,0.0,0.0
14,5586602,5626344,1,102.76470588235294,1.5729108184848162,98.0,105.0,5.0,0.8348471099367218,0.0,0.01818825778413217,0.021685367189786895,0.0,0.0
14,5590344,5634344,1,101.74358974358974,2.350318567801228,97.0,105.0,7.0,0.8111071056538127,0.0,0.013671132003545234,0.017473119720175123,0.0,0.0
14,5598344,5642344,1,100.3076923076923,2.8478858209056037,96.0,105.0,7.0,0.8111071056538127,0.0,0.015104205739872905,0.021151599221786846,0.0,0.0
14,5606344,5645344,1,99.3529411764706,2.4480767113746835,96.0,103.0,3.0,0.8348471099367218,0.0,0.014546189188026321,0.019879235436447002,0.0,0.0
14,5614344,5645344,1,98.34615384615384,1.859327994657203,96.0,103.0,3.0,0.8717797887081347,0.0,0.012741982544542644,0.01885752334717824,0.0,0.0
14,5623344,5645344,1,97.78260869565217,1.0614396187594524,96.0,100.0,1.0,0.6396021490668313,0.0,0.013871467231012144,0.019751513461502637,0.0,0.0
14,5630344,5645344,1,97.3125,0.8454843286542927,96.0,99.0,1.0,0.5773502691896257,0.0,0.015246556794886703,0.023058199437576206,0.0,0.0
14,5638344,5645344,1,97.25,0.9682458365518543,96.0,99.0,3.0,0.6546536707079771,0.0,0.013842760882754367,0.015414457686508266,0.0,0.0
14,6065182,6073742,1,104.71428571428571,1.385051387833237,103.0,107.0,4.0,0.816496580927726,0.0,0.04035333196750196,0.05524141534385473,0.0,0.0
14,6065182,6082742,1,102.15384615384616,3.230769230769231,97.0,107.0,10.0,1.1547005383792515,0.0,0.03884773455577337,0.042542062066935726,0.0,0.0
14,6065182,6090742,1,100.47619047619048,3.4033463590867883,96.0,107.0,11.0,1.02469507659596,0.0,0.04833665356889084,0.0635638381602622,0.0,0.0
14,6065182,6098742,1,99.51724137931035,3.307470016077737,96.0,107.0,10.0,0.9258200997725514,0.0,0.047864960261256945,0.05760239989378393,0.0,0.0
14,6065182,6106742,1,99.27027027027027,2.9832745354695414,96.0,107.0,9.0,0.8660254037844386,0.0,0.04816149528653532,0.05844179434654842,0.0,0.0
14,6070742,6114742,1,98.26829268292683,1.9383723401273685,96.0,104.0,5.0,0.9082951062292475,0.0,0.049029955774284824,0.06480373006066137,0.0,0.0
14,6078742,6122742,1,97.97674418604652,1.2101964494193198,96.0,100.0,0.0,0.8728715609439694,0.0,0.050003612793070265,0.0633837510346337,0.0,0.0
14,6086742,6130742,1,98.38095238095238,1.661215575477372,96.0,102.0,1.0,0.8695387058524823,0.0,0.055339121151628194,0.0692304196375548,0.0,0.0
14,6094742,6138742,1,98.54761904761905,1.8153102968701804,94.0,102.0,3.0,0.9499679070317291,0.0,0.04461972592068113,0.06119980982420192,0.0,0.0
14,6102742,6146742,1,97.92857142857143,2.4533054198352877,94.0,102.0,5.0,0.9239364353597956,0.0,0.032463449494441146,0.054840377305681295,0.0,0.0
14,6110742,6154742,1,97.4047619047619,2.6100494778153136,94.0,102.0,1.0,0.8971499589146108,0.0,0.02519321240578671,0.037554257347466674,0.0,0.0
14,6118742,6162742,1,97.02380952380952,2.540042137240427,94.0,102.0,4.0,0.8263938705413374,0.0,0.02336707654395386,0.03845289770136144,0.0,0.0
14,6127742,6170484,1,96.37209302325581,2.091213688034079,94.0,102.0,7.0,0.6725927091345493,0.0,0.021630171258648946,0.037617794144704716,0.0,0.0
14,6134742,6178484,1,95.54545454545455,0.9642365197998373,94.0,99.0,3.0,0.6647258571142536,0.0,0.017220295852419753,0.020029518143208934,0.0,0.0
14,6142742,6186484,1,95.45454545454545,0.752406607147584,94.0,97.0,1.0,0.6287677132370127,0.0,0.022516441194072697,0.027345818894336096,0.0,0.0
14,6150742,6194484,1,95.4090909090909,0.8872373316337789,93.0,97.0,1.0,0.6647258571142536,0.0,0.021039484308577175,0.026778617439431975,0.0,0.0
14,6158742,6202484,1,95.3409090909091,0.8512873091058202,93.0,96.0,0.0,0.6469966392206306,0.0,0.020850223857776167,0.02684944696828313,0.0,0.0
14,6166742,6210484,1,95.38636363636364,0.9099427826894365,93.0,97.0,0.0,0.6819943394704735,0.0,0.02655560087585523,0.03730075368180946,0.0,0.0
14,6174484,6218484,1,95.44444444444444,0.8833158628600797,93.0,97.0,1.0,0.621581560508061,0.0,0.030837337850641102,0.042386857095790265,0.0,0.0
14,6182484,6222484,1,95.70731707317073,1.329659821506245,93.0,100.0,5.0,0.6519202405202649,0.0,0.02915357052550309,0.04109671147399571,0.0,0.0
14,6190484,6234484,1,96.3157894736842,1.961541595114129,93.0,103.0,3.0,0.9725975251592747,0.0,0.030445335550568636,0.042650520937605206,0.0,0.0
14,6198484,6242484,1,96.47058823529412,2.0613429962276744,92.0,103.0,4.0,1.1009637651263606,0.0,0.03277508740320373,0.04442252585438058,0.0,0.0
15,4212773,4254664,1,82.2051282051282,4.432858007174217,74.0,87.0,11.0,0.9597148699373931,0.0,0.08133992290471267,0.08965601110804414,0.0,0.0
15,4220791,4262664,1,83.61764705882354,3.09662725332268,76.0,87.0,7.0,1.0588730430094635,0.0,0.0881504060421948,0.0935852384330618,0.0,0.0
15,4229664,4273664,1,84.84375,1.3718002542279981,82.0,87.0,2.0,1.1071614388213236,0.0,0.07884358135089015,0.08971374579192322,0.0,0.0
15,4237664,4281664,1,84.46875,1.7317688753121763,81.0,87.0,1.0,1.121634751658949,0.0,0.08210960541199328,0.08812591466721463,0.0,0.0
15,4245664,4289664,1,84.5,1.8027756377319946,81.0,87.0,1.0,1.1385500851066221,0.0,0.09962186816731432,0.11067165776553481,0.0,0.0
15,4253664,4296664,1,84.52,2.1376622745419818,81.0,90.0,5.0,1.3070322617798436,0.0,0.08645250555035927,0.10301931957494762,0.0,0.0
15,4262664,4305664,1,85.06666666666666,2.308438625757437,81.0,90.0,5.0,1.2730630994465333,0.0,0.11109375695556392,0.11014499399794815,0.0,0.0
15,4269664,4313664,1,85.375,2.3284920012746446,81.0,90.0,5.0,1.2572371141874243,0.0,0.1015824264604561,0.11041095269010977,0.0,0.0
15,4277664,4321664,1,85.7741935483871,2.21008943651105,81.0,90.0,2.0,1.1832159566199232,0.0,0.10006188989212507,0.11243351746315454,0.0,0.0
15,4286664,4329664,1,84.47058823529412,4.153207790142083,75.0,90.0,11.0,1.1415035273840826,0.0,0.09372110294978853,0.10867919497018148,0.0,0.0
15,4293664,4337664,1,82.08571428571429,5.325793990819872,75.0,90.0,12.0,1.137592917989042,0.0,0.06276765572177416,0.08019957065924627,0.0,0.0
15,4301664,4345664,1,79.97435897435898,5.196089157992199,74.0,88.0,11.0,0.9597148699373931,0.0,0.04665128107602212,0.06538800865598073,0.0,0.0
15,4313664,4353664,1,78.075,4.179638142231932,74.0,88.0,11.0,0.8915558282417286,0.0,0.027004793228260947,0.011107624015353134,0.0,0.0
15,4317664,4361664,1,77.22222222222223,3.104755412724085,74.0,86.0,7.0,0.8918825850158447,0.0,0.024286543123502074,0.012669204332809821,0.0,0.0
15,4325664,4369664,1,76.06666666666666,1.2183777921664711,74.0,79.0,1.0,0.8118441408859887,0.0,0.026305678066416618,0.026387910830589317,0.0,0.0
15,4333664,4377664,1,76.11111111111111,1.177987402728762,74.0,79.0,0.0,0.7385489458759964,0.0,0.02315906424957293,0.02728961514278998,0.0,0.0
15,4341664,4385664,1,76.31111111111112,1.1512741197323215,74.0,79.0,3.0,0.8393720596645177,0.0,0.023427425070336898,0.02835383925530201,0.0,0.0
15,4349664,4391664,1,77.27906976744185,1.9921424880783307,75.0,83.0,5.0,0.9128709291752769,0.0,0.023157963766176633,0.03172079497314736,0.0,0.0
15,4357664,4391664,1,77.42857142857143,2.1285234893930483,75.0,83.0,5.0,0.9235481451827989,0.0,0.02308080518408084,0.03474870365391459,0.0,0.0
15,4365664,4391664,1,77.37037037037037,2.359349379056739,75.0,83.0,5.0,0.9405399431259602,0.0,0.028439205428062792,0.03792357079600291,0.0,0.0
15,4373664,4391664,1,77.78947368421052,2.6671283072252483,75.0,83.0,5.0,1.0274023338281628,0.0,0.02199515200539308,0.025466686809431465,0.0,0.0
15,4381664,4391664,1,79.0,2.9232609437842774,75.0,83.0,6.0,1.1832159566199232,0.0,0.026299691965151282,0.02939038379324751,0.0,0.0
15,6089200,6097291,0,70.88888888888889,0.7370277311900889,70.0,72.0,0.0,0.7071067811865476,0.0,0.010062929858435685,0.009064140025811247,0.0,0.0
15,6089200,6105291,0,72.23529411764706,1.733049395606616,70.0,75.0,2.0,0.8660254037844386,0.0,0.006614239872223934,0.007600177205716651,0.0,0.0
15,6089200,6111309,0,72.78260869565217,1.768234731101109,70.0,75.0,3.0,0.8257228238447705,0.0,0.008067918875618507,0.009873545977870941,0.0,0.0
15,6089200,6121072,0,73.03225806451613,1.6555648284330766,70.0,75.0,0.0,0.7745966692414834,0.0,0.006964332948578866,0.008868031273109516,0.0,0.0
15,6089200,6129072,0,72.82051282051282,1.6309788609014617,70.0,75.0,1.0,1.0882143751650175,0.0,0.006680130928102997,0.008054209418213075,0.0,0.0
15,6093218,6137072,0,72.6046511627907,1.7000620355811225,70.0,75.0,0.0,1.0465362369445672,0.0,0.006673699167656779,0.007659575994615897,0.0,0.0
15,6101291,6145072,0,72.37209302325581,1.8302783599954418,70.0,75.0,5.0,0.9636241116594315,0.0,0.005839705240710345,0.006471261841433369,0.0,0.0
15,6109299,6153072,0,71.46511627906976,1.8844385655705018,69.0,75.0,5.0,0.9636241116594315,0.0,0.00488684344328337,0.0031429173369901665,0.0,0.0
15,6117072,6161072,0,70.57777777777778,1.5561903466676976,68.0,75.0,5.0,0.9414688716912718,0.0,0.005079196486730025,0.0029248439372069,0.0,0.0
15,6125072,6169072,0,69.91111111111111,1.2077936214845504,68.0,75.0,2.0,0.9045340337332909,0.0,0.004974692325102196,0.0030067260940578114,0.0,0.0
15,6133072,6177072,0,69.35555555555555,0.7646511348482335,68.0,71.0,2.0,0.5222329678670935,0.0,0.004807980582660843,0.002883644821044774,0.0,0.0
15,6141072,6185072,0,69.02222222222223,0.6494061864978868,68.0,71.0,1.0,0.5838742081211422,0.0,0.0047923571115688806,0.0027044018225849307,0.0,0.0
15,6149072,6193072,0,68.88888888888889,0.48176629752619554,68.0,70.0,0.0,0.5640760748177662,0.0,0.006036257824050101,0.004778222234832835,0.0,0.0
15,6157072,6201072,0,69.08888888888889,0.7549016778428013,68.0,71.0,2.0,0.5640760748177662,0.0,0.005901080428540568,0.0048814468016437395,0.0,0.0
15,6165072,6209072,0,69.64444444444445,1.3191841848582961,68.0,72.0,3.0,0.543557306504609,0.0,0.006627898275884585,0.006604423246275615,0.0,0.0
15,6173072,6217072,0,70.26666666666667,1.6110727964792761,68.0,73.0,4.0,0.5640760748177662,0.0,0.007215571898569309,0.006571579147236678,0.0,0.0
15,6181072,6225072,0,70.62222222222222,1.3870654697179763,68.0,73.0,2.0,0.5222329678670935,0.0,0.007217902429289328,0.006612840649821854,0.0,0.0
15,6189072,6233072,0,70.93333333333334,1.1234866364235145,69.0,73.0,3.0,0.5,0.0,0.01788008333181876,0.061627461237581775,0.0,0.0
15,6197072,6241072,0,71.55555555555556,1.1265592760565846,70.0,74.0,3.0,0.5,0.0,0.017099249700106983,0.06166194947420117,0.0,0.0
15,6205072,6249072,0,72.04444444444445,1.381714805040872,70.0,75.0,1.0,0.543557306504609,0.0,0.01704224958577378,0.061521984532903695,0.0,0.0
15,6213072,6257072,0,72.5111111111111,1.8573843283526101,70.0,76.0,4.0,0.6030226891555273,0.0,0.01771660649514769,0.06140464982958487,0.0,0.0
15,6221072,6265072,0,73.28888888888889,2.2072831185491584,70.0,77.0,5.0,0.6571287406727709,0.0,0.01763998214519223,0.06142329728019053,0.0,0.0
16,1071052,1115333,1,49.80952380952381,1.693658975597975,46.0,54.0,3.0,0.7808688094430303,0.0,0.011791243477963374,0.00818064040640735,0.0,0.0
16,1079077,1123333,1,48.92857142857143,2.1201174399508327,45.0,54.0,8.0,0.7650920556760059,0.0,0.009112846736316753,0.007829045580301541,0.0,0.0
16,1087106,1131333,1,47.88095238095238,1.8542407116607178,45.0,52.0,3.0,0.7156780854205468,0.0,0.006506954280747458,0.006725505831903773,0.0,0.0
16,1095137,1139333,1,47.07142857142857,1.843816656814223,45.0,52.0,4.0,0.7325198740332296,0.0,0.004191207914823557,0.0027460561961555824,0.0,0.0
16,1106333,1147333,1,46.285714285714285,1.0973065354098013,45.0,49.0,3.0,0.563092506371473,0.0,0.005561658789262553,0.006965025519647486,0.0,0.0
16,1111333,1155333,1,46.44444444444444,1.3259052346823377,45.0,50.0,1.0,0.6908492797077574,0.0,0.005291207973443005,0.006818063897115409,0.0,0.0
16,1119333,1163333,1,46.84444444444444,1.6593915291195085,45.0,50.0,3.0,0.6571287406727709,0.0,0.005192879888841748,0.006881727595846385,0.0,0.0
16,1127333,1171333,1,47.111111111111114,1.6223744220839091,45.0,50.0,0.0,0.674199862463242,0.0,0.004657001012975794,0.006957819986560043,0.0,0.0
16,1135333,1179333,1,47.111111111111114,1.6223744220839091,45.0,50.0,0.0,0.674199862463242,0.0,0.004701103741738165,0.006995237617303241,0.0,0.0
16,1143333,1187333,1,47.422222222222224,1.5561903466676974,45.0,50.0,4.0,0.7687061147858074,0.0,0.003393361435228287,0.00449577943442999,0.0,0.0
16,1151333,1195333,1,48.82222222222222,3.005837941139718,45.0,56.0,3.0,0.8918825850158447,0.0,0.002652385814491896,0.002116274141554858,0.0,0.0
16,1159333,1203333,1,48.977777777777774,3.0875296769703833,45.0,56.0,0.0,0.8790490729915326,0.0,0.002778455106759944,0.002252379599429404,0.0,0.0
16,1167333,1211333,1,48.8,3.1312049508846345,45.0,56.0,1.0,0.917010954628728,0.0,0.0024561287839981413,0.0021271198761408892,0.0,0.0
16,1175333,1219333,1,48.84444444444444,3.112380693335395,45.0,56.0,3.0,0.9653072991634227,0.0,0.0025558223550572134,0.0020158339271985288,0.0,0.0
16,1183333,1227333,1,49.24444444444445,2.8296490206820555,46.0,56.0,1.0,0.917010954628728,0.0,0.002512171413139846,0.002105642229897323,0.0,0.0
16,1191333,1235333,1,48.44444444444444,2.7693204586087785,44.0,56.0,12.0,0.7071067811865476,0.0,0.002552080007287587,0.0020662981264693244,0.0,0.0
16,1199333,1243333,1,46.77777777777778,1.7874735601946847,44.0,50.0,6.0,0.6396021490668313,0.0,0.002651983981319284,0.0021215455971162036,0.0,0.0
16,1207333,1249333,1,46.0,1.6981522105608078,44.0,49.0,3.0,0.5976143046671968,0.0,0.0024841012098251103,0.0020944637927722163,0.0,0.0
16,1215333,1249333,1,45.77142857142857,1.7741913938582885,44.0,49.0,2.0,0.5940885257860046,0.0,0.0025935133405089366,0.0021894551707158398,0.0,0.0
16,1223333,1249333,1,45.148148148148145,1.4064324108183353,44.0,48.0,4.0,0.4803844614152614,0.0,0.002818080868423025,0.0023998008579423466,0.0,0.0
16,1231333,1249333,1,44.31578947368421,0.5668594533825794,44.0,46.0,2.0,0.4714045207910317,0.0,0.002557597118149275,0.0022027900575741213,0.0,0.0
16,1239333,1249333,1,44.0,0.0,44.0,44.0,0.0,0.0,0.0,0.0019459287605978497,0.0017358473353964034,0.0,0.0
16,2389504,2395515,0,60.57142857142857,0.4948716593053935,60.0,61.0,1.0,0.7071067811865476,0.0,0.010690582447840009,0.004586544029278908,0.0,0.0
16,2389504,2403541,0,61.0,0.816496580927726,60.0,63.0,3.0,0.7071067811865476,0.0,0.00900213355373095,0.004206419862568421,0.0,0.0
16,2389504,2411811,0,61.34782608695652,0.8134037797334656,60.0,63.0,2.0,0.6030226891555273,0.0,0.006852901541709167,0.004602060807801544,0.0,0.0
16,2389504,2419811,0,61.32258064516129,0.7355970484510568,60.0,63.0,2.0,0.5773502691896257,0.0,0.006864322176596999,0.004208773655892195,0.0,0.0
16,2389504,2427811,0,61.46153846153846,0.710584946694924,60.0,63.0,2.0,0.512989176042577,0.0,0.006604856642447324,0.004037279349860763,0.0,0.0
16,2391510,2435811,0,61.355555555555554,1.1576903357894317,56.0,63.0,5.0,0.6908492797077574,0.0,0.006030368933751873,0.0037172543960978235,0.0,0.0
16,2399529,2443811,0,59.77777777777778,3.9208212795500947,49.0,63.0,11.0,0.7833494518006403,0.0,0.005389622483369929,0.0029631756151696047,0.0,0.0
16,2407556,2451811,0,57.37777777777778,5.654060051125067,48.0,62.0,14.0,0.7687061147858074,0.0,0.005752395588104496,0.0033991886171759063,0.0,0.0
16,2415811,2459811,0,55.044444444444444,6.06247311308789,48.0,62.0,12.0,0.7977240352174656,0.0,0.005705046471123869,0.003191996742621477,0.0,0.0
16,2423811,2467811,0,52.86666666666667,5.528109984434101,48.0,62.0,13.0,0.8393720596645177,0.0,0.005783766115168275,0.0029427985365998123,0.0,0.0
16,2431811,2475811,0,50.44444444444444,3.6791034871468073,47.0,62.0,15.0,0.8660254037844386,0.0,0.005829370276734318,0.0032507028190538073,0.0,0.0
16,2439811,2483811,0,48.4,1.4666666666666668,45.0,52.0,6.0,0.674199862463242,0.0,0.006094132241085287,0.0034263451297834556,0.0,0.0
16,2447811,2491811,0,47.68888888888889,1.502918970569859,45.0,50.0,0.0,0.6396021490668313,0.0,0.006109485877423882,0.0034491808549392405,0.0,0.0
16,2455811,2499811,0,47.48888888888889,1.4999588471721073,45.0,50.0,1.0,0.6571287406727709,0.0,0.005792282232943286,0.003203432368864455,0.0,0.0
16,2463811,2507811,0,47.06666666666667,1.3727506854649334,45.0,50.0,4.0,0.6396021490668313,0.0,0.006043294993925979,0.0031760555269395186,0.0,0.0
16,2471811,2515811,0,46.51111111111111,1.0460979818613172,45.0,49.0,4.0,0.7071067811865476,0.0,0.005943576633634143,0.002945536842424708,0.0,0.0
16,2479811,2523811,0,46.13333333333333,0.9568466729604884,45.0,48.0,1.0,0.6908492797077574,0.0,0.006083683464432801,0.0029635527779863506,0.0,0.0
16,2487811,2531811,0,46.37777777777778,1.06016537261125,45.0,49.0,4.0,0.7071067811865476,0.0,0.00605282791960226,0.0033153700359203207,0.0,0.0
16,2495811,2539811,0,47.08888888888889,2.052881143089955,45.0,52.0,3.0,0.7229988054812212,0.0,0.005539971558184593,0.003514336456376745,0.0,0.0
16,2503811,2547811,0,47.888888888888886,2.59248677032709,45.0,52.0,4.0,0.7687061147858074,0.0,0.005397818394057208,0.0034458803622190535,0.0,0.0
16,2511811,2555811,0,48.28888888888889,2.499975308520042,45.0,52.0,1.0,0.7537783614444091,0.0,0.0053002004422827275,0.003564923545604717,0.0,0.0
16,2519811,2563811,0,48.355555555555554,2.450900565148842,45.0,52.0,0.0,0.7687061147858074,0.0,0.005290586637965754,0.0037002424197157707,0.0,0.0
16,2527811,2567811,0,48.80487804878049,2.177708710785338,45.0,52.0,1.0,0.7905694150420949,0.0,0.004602033428030797,0.0035297385217452136,0.0,0.0
16,2535811,2567811,0,48.81818181818182,2.2624007824157686,45.0,52.0,5.0,0.7288689868556626,0.0,0.004712076549347433,0.003088187942182059,0.0,0.0
16,2543811,2567811,0,48.04,2.009577069932875,45.0,52.0,5.0,0.67700320038633,0.0,0.004852821646368415,0.002977694926861597,0.0,0.0
16,2551811,2567811,0,46.94117647058823,1.2112506048220002,45.0,49.0,1.0,0.6614378277661477,0.0,0.004113755796268069,0.0029562172217997397,0.0,0.0
16,2559811,2567811,0,46.111111111111114,0.7370277311900889,45.0,47.0,1.0,0.6123724356957945,0.0,0.004824711524475766,0.0035794306160596458,0.0,0.0
16,3603655,3611689,0,51.77777777777778,0.6285393610547089,51.0,53.0,0.0,0.8660254037844386,0.0,0.004156567915307519,0.0023364894305836948,0.0,0.0
16,3603655,3619713,0,51.64705882352941,0.5882352941176471,51.0,53.0,0.0,0.7071067811865476,0.0,0.006649270866685703,0.012743397158025017,0.0,0.0
16,3603655,3627753,0,52.92,3.0452586097078846,50.0,63.0,12.0,1.3228756555322954,0.0,0.043536595408101064,0.0787382903412536,0.0,0.0
16,3603655,3635788,0,56.21212121212121,6.432670286561457,50.0,69.0,18.0,1.5612494995995996,0.0,0.03554396354806824,0.07008945743637919,0.0,0.0
16,3603655,3643847,0,58.951219512195124,8.060597386056886,50.0,73.0,20.0,1.51657508881031,0.0,0.03817202832778538,0.0743194722559974,0.0,0.0
16,3607674,3651858,0,62.355555555555554,9.355106877602095,50.0,77.0,22.0,1.5666989036012806,0.0,0.04668109316272753,0.0753895944712374,0.0,0.0
16,3615705,3659920,0,66.42222222222222,8.713945117234378,50.0,77.0,22.0,1.7188791273808215,0.0,0.05344561826449375,0.07330459321822204,0.0,0.0
16,3623737,3667991,0,70.20454545454545,5.487918737200442,54.0,77.0,19.0,1.6774842736586513,0.0,0.058023719180322,0.07473404267556195,0.0,0.0
16,3631771,3675991,0,72.11363636363636,2.9788337337325728,64.0,77.0,6.0,1.4941747352752568,0.0,0.05653211551530244,0.07133037459175436,0.0,0.0
16,3639847,3683113,0,72.04545454545455,3.147542659502557,63.0,77.0,6.0,1.4941747352752568,0.0,0.11065336069193131,0.15080630736876247,0.0,0.0
16,3647847,3691113,0,71.18181818181819,3.7067060068863835,63.0,77.0,7.0,1.4386686351833995,0.0,0.1418175951206608,0.16605272966589377,0.0,0.0
16,3655920,3699122,0,70.4090909090909,3.249602645766387,63.0,76.0,4.0,1.3976724838434158,0.0,0.15557089946200697,0.16791939040424467,0.0,0.0
16,3663928,3707155,0,69.9090909090909,2.7864785679989277,63.0,74.0,2.0,1.2575354264740255,0.0,0.13975127041245902,0.1709354147071158,0.0,0.0
16,3671991,3715181,0,69.71111111111111,2.7131140142502286,63.0,74.0,3.0,1.270289873862011,0.0,0.13321790706933662,0.17133999157105897,0.0,0.0
17,2409572,2454398,1,90.2439024390244,1.6495452116010652,88.0,94.0,1.0,0.689202437604511,0.0,0.026449175666787932,0.06271543206611868,0.0,0.0
17,2417581,2462398,1,89.6829268292683,2.2571190831725416,84.0,94.0,6.0,0.7416198487095663,0.0,0.023578767830953522,0.06333255815772748,0.0,0.0
17,2425592,2470398,1,88.36585365853658,3.274112037960943,83.0,94.0,10.0,0.7071067811865476,0.0,0.01335272376001355,0.0386225905103659,0.0,0.0
17,2434398,2478398,1,86.69767441860465,3.1068931892399503,82.0,93.0,9.0,0.7071067811865476,0.0,0.007721212570805747,0.018215741210141537,0.0,0.0
17,2442398,2486398,1,86.04444444444445,2.5206309223909757,82.0,90.0,0.0,0.6396021490668313,0.0,0.00508241494001853,0.0033418518140227917,0.0,0.0
17,2450398,2494398,1,85.95555555555555,2.40328992615036,82.0,90.0,1.0,0.621581560508061,0.0,0.004965173731145393,0.003574181267374859,0.0,0.0
17,2458398,2502398,1,86.22222222222223,2.7478386568266004,82.0,91.0,3.0,0.621581560508061,0.0,0.004394115883971786,0.0035533859202628135,0.0,0.0
17,2466398,2510398,1,87.15555555555555,3.112380693335395,82.0,91.0,8.0,0.5222329678670935,0.0,0.004751236904855694,0.0037232415317370736,0.0,0.0
17,2474398,2518398,1,88.24444444444444,2.513568119498261,82.0,91.0,6.0,0.5640760748177662,0.0,0.004263995583181154,0.003685161208385057,0.0,0.0
17,2482398,2526398,1,88.64444444444445,1.8517925916444142,85.0,91.0,1.0,0.543557306504609,0.0,0.003925574038377937,0.003288982675391083,0.0,0.0
17,2490398,2534398,1,88.24444444444444,2.2721067615326684,85.0,91.0,3.0,0.5,0.0,0.004000372454819329,0.0032622565599491524,0.0,0.0
17,2498398,2542398,1,87.86666666666666,2.305548862105411,85.0,91.0,2.0,0.5222329678670935,0.0,0.004080377721502434,0.003362161459790338,0.0,0.0
17,2506398,2550398,1,87.46666666666667,1.9390719429665313,85.0,91.0,2.0,0.5222329678670935,0.0,0.0040097864125642506,0.0031309803679342727,0.0,0.0
17,2514398,2558398,1,87.04444444444445,1.490049299043574,85.0,89.0,0.0,0.5222329678670935,0.0,0.004035462637078561,0.00309502620631028,0.0,0.0
17,2522398,2566398,1,87.04444444444445,1.5048891514077343,85.0,89.0,1.0,0.5,0.0,0.00426170245769023,0.0031028128313763874,0.0,0.0
17,2530398,2574398,1,87.42222222222222,1.2199979761165163,85.0,89.0,3.0,0.5,0.0,0.004493240441320251,0.004245572773746978,0.0,0.0
17,2538398,2582398,1,87.88888888888889,0.8225224677031887,87.0,89.0,0.0,0.5222329678670935,0.0,0.004858991124185272,0.004290870205650405,0.0,0.0
17,2546398,2588398,1,87.83720930232558,0.8607793266661277,87.0,89.0,2.0,0.5345224838248488,0.0,0.004499952958216173,0.004375723917405089,0.0,0.0
17,2554398,2588398,1,87.74285714285715,0.8398250546685183,87.0,89.0,0.0,0.5423261445466404,0.0,0.004661994047779909,0.0045755125395312915,0.0,0.0
17,2562398,2588398,1,87.48148148148148,0.6869347033700521,87.0,89.0,1.0,0.5188745216627708,0.0,0.004618084000297593,0.0048747675639688945,0.0,0.0
17,2570398,2588398,1,87.57894736842105,0.7480352843974682,87.0,89.0,0.0,0.5773502691896257,0.0,0.004724716168561163,0.005374090177808272,0.0,0.0
17,2578398,2588398,1,87.27272727272727,0.4453617714151233,87.0,88.0,1.0,0.5477225575051661,0.0,0.003519431425604487,0.0025563420165228474,0.0,0.0
17,4149517,4157741,1,86.77777777777777,0.7856742013183862,86.0,88.0,2.0,0.5,0.0,0.027482820976459797,0.02442090958955029,0.0,0.0
17,4149517,4165741,1,87.82352941176471,1.3820400146436154,86.0,90.0,3.0,0.6614378277661477,0.0,0.017759886722782194,0.020790736162948444,0.0,0.0
17,4149517,4173741,1,88.12,1.3948476619330155,86.0,90.0,1.0,0.67700320038633,0.0,0.015752333141876042,0.018781460162434652,0.0,0.0
17,4149517,4179741,1,88.12903225806451,1.3378349260211433,86.0,90.0,4.0,0.6831300510639732,0.0,0.016794988343818037,0.01993423568901722,0.0,0.0
17,4149517,4179741,1,88.12903225806451,1.3378349260211433,86.0,90.0,4.0,0.6831300510639732,0.0,0.016794988343818037,0.01993423568901722,0.0,0.0
17,4154524,4179741,1,88.5,1.118033988749895,87.0,90.0,3.0,0.7211102550927979,0.0,0.017046030700828937,0.02164303150966629,0.0,0.0
17,4161741,4179741,1,88.78947368421052,1.1506953215302866,87.0,90.0,0.0,0.6666666666666666,0.0,0.01277149841907662,0.016861332140505354,0.0,0.0
17,4169741,4179741,1,88.0909090909091,0.9958591954639384,87.0,90.0,1.0,0.7071067811865476,0.0,0.01849381920533939,0.020197020717349832,0.0,0.0
17,4263906,4269906,1,88.71428571428571,0.45175395145262565,88.0,89.0,0.0,0.5773502691896257,0.0,0.00976859239518415,0.008164422998931522,0.0,0.0
17,4263906,4277906,1,88.0909090909091,0.899954085146515,87.0,89.0,2.0,0.7745966692414834,0.0,0.009458941199938533,0.007144731489979562,0.0,0.0
17,4263906,4285906,1,87.47368421052632,1.1410254415094105,86.0,89.0,1.0,0.7071067811865476,0.0,0.013975282549574026,0.011633511271402136,0.0,0.0
17,4263906,4293906,1,87.48148148148148,0.9951873216699557,86.0,89.0,2.0,0.7337993857053428,0.0,0.01135658043876099,0.010780539554380282,0.0,0.0
17,4263906,4301906,1,87.6774193548387,1.5109727004684348,86.0,92.0,3.0,1.3038404810405297,0.03333333333333333,0.011981583156236443,0.011290833753310015,0.0,0.0
17,4265906,4309906,1,88.21621621621621,1.8473521611497365,86.0,92.0,1.0,1.2583057392117916,0.027777777777777776,0.048967377765080665,0.09681584695900475,0.0,0.0
17,4273906,4310906,1,88.21875,1.9642806412272154,86.0,92.0,2.0,1.2951522516054665,0.03225806451612903,0.05831162359689147,0.10245934768110757,0.0,0.0
17,4281906,4325906,1,88.55555555555556,1.9499920860871383,86.0,92.0,1.0,1.454436184706849,0.038461538461538464,0.06663954802519768,0.10949728676282544,0.0,0.0
19,1969726,2014478,1,78.65217391304348,2.198985846330746,74.0,82.0,4.0,1.1547005383792515,0.0,0.06322532629188198,0.07902499388261118,0.0,0.0
19,1978478,2022478,1,79.38636363636364,2.3857141973432103,74.0,83.0,7.0,1.1713637450663281,0.0,0.07604684351437467,0.11111673756185712,0.0,0.0
19,1986478,2030478,1,79.86363636363636,2.667914652878034,74.0,84.0,2.0,1.034295625950562,0.0,0.07580504233874147,0.11130091064408804,0.0,0.0
19,1994478,2038478,1,79.86363636363636,2.7435122569677413,74.0,84.0,2.0,1.0565410875907486,0.0,0.07287714003894118,0.11128838463627187,0.0,0.0
19,2002478,2046478,1,80.20454545454545,2.6763233383823875,74.0,84.0,7.0,1.0674899923282326,0.0,0.09241757553404786,0.1278877681483236,0.0,0.0
19,2010478,2054478,1,81.54545454545455,1.6576893208009518,78.0,84.0,6.0,0.9400643223910575,0.0,0.07508260718425662,0.11816862060917949,0.0,0.0
19,2018478,2062478,1,81.97619047619048,1.565826956900703,79.0,85.0,1.0,0.9753048303966929,0.0,0.05161997201542718,0.0806129769565558,0.0,0.0
19,2026478,2070478,1,81.85714285714286,1.5518257844571737,79.0,85.0,3.0,1.0,0.0,0.052545308721736114,0.08240285759996949,0.0,0.0
19,2034478,2078478,1,81.4047619047619,1.6483689457781883,78.0,85.0,2.0,1.0592219878345592,0.0,0.05627882059280214,0.082494580758261,0.0,0.0
19,2042478,2086478,1,82.02380952380952,1.3885260296974604,78.0,85.0,3.0,1.0476454436543674,0.0,0.08067469268233622,0.09909742490153158,0.0,0.0
19,2050478,2094478,1,82.4,1.6999999999999997,78.0,86.0,0.0,1.086041978694737,0.0,0.07346854416394674,0.0822948406850701,0.0,0.0
19,2061478,2096481,1,82.3529411764706,1.8610931787713383,78.0,86.0,2.0,1.0730867399773196,0.0,0.08054898125146626,0.08716694000888744,0.0,0.0
19,2066478,2110692,1,82.28125,1.9402701970344234,78.0,86.0,0.0,1.1639753904947558,0.0,0.08572691016140824,0.0873654025208801,0.0,0.0
19,2074478,2118692,1,82.5625,1.5599979967935855,80.0,86.0,2.0,1.016001016001524,0.0,0.0754171245789812,0.08819280920079264,0.0,0.0
19,2082478,2126692,1,81.625,2.6896793489187516,76.0,86.0,6.0,1.0472698761772856,0.0,0.0543026963004454,0.06944808219784897,0.0,0.0
19,2090478,2134692,1,80.125,2.7128168017763383,76.0,85.0,7.0,0.9672041516493516,0.0,0.03606155971702901,0.049778991011530264,0.0,0.0
19,2108692,2142692,1,79.85714285714286,2.205743893213575,76.0,84.0,3.0,1.0431851677040116,0.0,0.025315783469317968,0.011802823336765194,0.0,0.0
19,2108692,2148692,1,79.26829268292683,2.594782666249413,73.0,84.0,7.0,1.1937336386313322,0.0,0.02805041781810666,0.016509262930856288,0.0,0.0
19,2114692,2148692,1,78.91428571428571,2.633535684983523,73.0,84.0,5.0,1.2485285456935955,0.0,0.02933931650202836,0.016672585107829437,0.0,0.0
19,2122692,2148692,1,78.33333333333333,2.6943012562182536,73.0,84.0,2.0,1.3301243435223524,0.0,0.029959345170874833,0.018350983643820633,0.0,0.0
19,2130692,2148692,1,78.94736842105263,2.981940099834799,73.0,84.0,1.0,1.5456030825826172,0.0,0.0327901473656419,0.020673963946919196,0.0,0.0
19,2138692,2148692,1,78.81818181818181,3.7128323375749344,73.0,84.0,8.0,1.6733200530681511,0.0,0.03378560444471496,0.023587824073733683,0.0,0.0
19,3935670,3942694,1,74.625,0.6959705453537527,73.0,75.0,1.0,0.8451542547285166,0.0,0.02430827068148494,0.011763954212017131,0.0,0.0
19,3935670,3950709,1,75.125,0.8569568250501305,73.0,77.0,4.0,0.816496580927726,0.0,0.02905145699806168,0.04292000106941093,0.0,0.0
19,3935670,3958655,1,76.0,1.6832508230603465,73.0,80.0,6.0,1.0215078369104984,0.0,0.026584884533090044,0.036005878935642804,0.0,0.0
21,406738,414790,1,99.5,1.118033988749895,98.0,101.0,1.0,0.8451542547285166,0.0,0.1355913828156073,0.20414847425796456,0.0,0.0
21,523790,528790,1,102.8,0.4,102.0,103.0,1.0,0.5,0.0,0.016605015524898372,0.014433822165770828,0.0,0.0
21,523790,528790,1,102.8,0.4,102.0,103.0,1.0,0.5,0.0,0.016605015524898372,0.014433822165770828,0.0,0.0
21,523790,528790,1,102.8,0.4,102.0,103.0,1.0,0.5,0.0,0.016605015524898372,0.014433822165770828,0.0,0.0
21,523790,552790,1,101.0,2.878491668515698,96.0,103.0,6.0,2.516611478423583,0.16666666666666666,0.0152746579831153,0.012521886713008622,0.0,0.0
21,523790,552790,1,101.0,2.878491668515698,96.0,103.0,6.0,2.516611478423583,0.16666666666666666,0.0152746579831153,0.012521886713008622,0.0,0.0
21,526790,552790,1,100.2,3.0594117081556713,96.0,103.0,6.0,3.082207001484488,0.25,0.019008516076270625,0.012995319234198797,0.0,0.0
21,3851207,3867260,0,95.0,1.2792042981336627,93.0,97.0,1.0,1.224744871391589,0.0,0.010248713274792553,0.003981491432065422,0.0,0.0
21,3851207,3875183,0,95.0,1.0606601717798212,93.0,97.0,2.0,1.0327955589886444,0.0,0.011465477041807474,0.0042517346387357675,0.0,0.0
21,3851207,3883183,0,95.125,0.9270248108869579,93.0,97.0,2.0,0.8846517369293828,0.0,0.012468088947982637,0.004282478871336012,0.0,0.0
21,3851207,3891183,0,94.53125,1.5203695068962677,90.0,97.0,7.0,0.861356769214109,0.0,0.012336051029756913,0.004433800969095718,0.0,0.0
21,3859235,3899183,0,92.89473684210526,3.2508255929857386,86.0,96.0,7.0,0.7165985720844785,0.0,0.013362538072840631,0.0043108252459765,0.0,0.0
21,3863240,3907183,0,91.11904761904762,4.686365130950593,83.0,96.0,11.0,0.7156780854205468,0.0,0.01395457733274258,0.003901225094874464,0.0,0.0
21,3872183,3915183,0,89.43181818181819,4.702019523917971,83.0,96.0,11.0,0.6988362419217079,0.0,0.013457631073907626,0.0041013670717724125,0.0,0.0
21,3879183,3923183,0,87.73333333333333,4.122566622330748,83.0,96.0,10.0,0.7071067811865476,0.0,0.013440760741436065,0.004288610714546848,0.0,0.0
21,3887183,3931183,0,86.17777777777778,2.4430298937443222,83.0,93.0,6.0,0.7071067811865476,0.0,0.013911781261783909,0.004079938158587677,0.0,0.0
21,3895183,3939183,0,85.4,1.1234866364235143,83.0,87.0,0.0,0.6030226891555273,0.0,0.013970046656053543,0.0038144921002013867,0.0,0.0
21,3903183,3947183,0,85.4,1.103529690483123,83.0,87.0,1.0,0.5838742081211422,0.0,0.01359174992127764,0.0038805293547293034,0.0,0.0
21,3911183,3955183,0,85.93333333333334,1.0832051206181281,84.0,88.0,2.0,0.5640760748177662,0.0,0.013924302705715378,0.00389909690915055,0.0,0.0
21,3919183,3963183,0,86.28888888888889,0.8332592559667856,85.0,88.0,2.0,0.5640760748177662,0.0,0.014265743318649503,0.003972335624744691,0.0,0.0
21,3927183,3971183,0,86.55555555555556,0.8577892918052792,85.0,88.0,2.0,0.5640760748177662,0.0,0.014434567905722142,0.0036780998631486335,0.0,0.0
21,3935183,3979183,0,84.71111111111111,4.553983468579872,73.0,88.0,11.0,1.764549903980152,0.022727272727272728,0.014103081199841242,0.0038156434252753844,0.0,0.0
21,3943183,3987183,0,83.06666666666666,5.267932337370243,73.0,88.0,6.0,1.7837651700316894,0.022727272727272728,0.01412395455921377,0.003971449249836506,0.0,0.0
21,3951183,3995183,0,82.73333333333333,5.204271749672997,73.0,88.0,2.0,1.8215877190467162,0.022727272727272728,0.013389523307847307,0.004985391713420288,0.0,0.0
21,3959183,4003183,0,82.13333333333334,4.800925836637021,73.0,88.0,3.0,1.8278153875348273,0.022727272727272728,0.016104832928587855,0.016415204634278473,0.0,0.0
21,3967183,4011183,0,80.88888888888889,4.423282954861178,73.0,88.0,9.0,1.864744681524183,0.022727272727272728,0.015967496968458478,0.01645389529932396,0.0,0.0
21,3975183,4019183,0,80.13333333333334,3.550273854851826,73.0,86.0,8.0,0.8790490729915326,0.0,0.016453086498018018,0.01649064820025563,0.0,0.0
21,3983183,4027183,0,82.02222222222223,3.058604539392934,77.0,89.0,12.0,0.9534625892455924,0.0,0.01649792670981476,0.01682779930185454,0.0,0.0
21,3991183,4029183,0,82.8974358974359,3.216901453858912,77.0,89.0,5.0,0.9032106474595007,0.0,0.017871028784417143,0.017693562858209742,0.0,0.0
21,3999183,4029183,0,82.41935483870968,3.433931195399036,77.0,89.0,5.0,0.9486832980505138,0.0,0.019181339947536548,0.019148760210207026,0.0,0.0
21,4007183,4029183,0,82.30434782608695,3.8384188616249117,77.0,89.0,9.0,0.9293203772845852,0.0,0.015974298246240845,0.006095954492972993,0.0,0.0
21,4015183,4029183,0,84.33333333333333,3.218004902972579,79.0,89.0,10.0,1.0,0.0,0.015457933208640135,0.007182639441171021,0.0,0.0
21,4023183,4029183,0,87.28571428571429,1.577908716741037,85.0,89.0,4.0,1.0,0.0,0.015204676214667789,0.009062185489457742,0.0,0.0
21,4500074,4507095,0,85.0,1.118033988749895,84.0,87.0,3.0,0.6546536707079771,0.0,0.010047094260575998,0.0049089522265692714,0.0,0.0
21,4500074,4515113,0,85.3125,1.2103072956898178,84.0,87.0,0.0,0.6324555320336759,0.0,0.007305058314539339,0.005096112780732857,0.0,0.0
21,4500074,4519125,0,85.65,1.2757350822173072,84.0,87.0,0.0,0.5619514869490163,0.0,0.006517942010124897,0.00489421211032031,0.0,0.0
21,4500074,4530870,0,85.96428571428571,1.2095495872768642,84.0,87.0,1.0,0.5091750772173156,0.0,0.005607541689774556,0.004479253114734128,0.0,0.0
21,4500074,4538870,0,85.77777777777777,1.1811273125260722,84.0,87.0,3.0,0.50709255283711,0.0,0.004960448641882817,0.004212645169593796,0.0,0.0
21,4503084,4546870,0,85.17073170731707,1.5911713590536676,82.0,87.0,3.0,0.5244044240850758,0.0,0.00883622709414309,0.01717667886024442,0.0,0.0
21,4511107,4554870,0,84.85365853658537,1.9071236880316695,81.0,87.0,2.0,0.6708203932499369,0.0,0.012571311363632607,0.018867713802646346,0.0,0.0
21,4519125,4562870,0,84.41463414634147,1.6816891878964098,81.0,87.0,3.0,0.724568837309472,0.0,0.018866454582676297,0.020831861861860094,0.0,0.0
21,4526870,4570870,0,83.82222222222222,1.5816853021577104,81.0,87.0,5.0,0.7537783614444091,0.0,0.023709502205080266,0.020297708823834984,0.0,0.0
21,4534870,4578870,0,83.28888888888889,1.0877545111573703,81.0,85.0,1.0,0.7537783614444091,0.0,0.028457340348424454,0.018720628083078398,0.0,0.0
21,4542870,4586870,0,83.37777777777778,1.252355804764922,81.0,87.0,4.0,0.7687061147858074,0.0,0.03454326432648453,0.016497335879288456,0.0,0.0
21,4550870,4594870,0,84.22222222222223,1.8243889557132258,81.0,88.0,5.0,0.6908492797077574,0.0,0.03234049638860942,0.014134212622579976,0.0,0.0
21,4558870,4602870,0,84.88888888888889,2.067980466512328,81.0,88.0,4.0,0.674199862463242,0.0,0.03518248524148242,0.02957621055401163,0.0,0.0
21,4566870,4610870,0,85.4090909090909,2.16709044382913,81.0,88.0,4.0,0.7152816976385906,0.0,0.031004396723141682,0.03127464079641498,0.0,0.0
21,4574870,4618870,0,86.06818181818181,1.4678018084061386,83.0,88.0,2.0,0.6819943394704735,0.0,0.024751451742405894,0.032329181715401126,0.0,0.0
21,4582870,4626870,0,86.54545454545455,1.0102777623133121,84.0,88.0,4.0,0.6819943394704735,0.0,0.02199879438621475,0.03290106682479328,0.0,0.0
21,4590870,4634870,0,86.95454545454545,1.0861639223044108,85.0,89.0,0.0,0.6819943394704735,0.0,0.020376458299021186,0.03204749045069846,0.0,0.0
21,4598870,4642870,0,86.72727272727273,1.2128785512842122,85.0,89.0,2.0,0.777593185920953,0.0,0.014579238655343257,0.030969231553788577,0.0,0.0
21,4606870,4650870,0,87.53333333333333,2.2469732728470286,85.0,92.0,4.0,0.7385489458759964,0.0,0.008713784008919175,0.011686875375894976,0.0,0.0
21,4614870,4658870,0,88.93333333333334,3.3426536364591133,85.0,95.0,9.0,0.7229988054812212,0.0,0.012131243113327876,0.01516183589039773,0.0,0.0
21,4622870,4664870,0,90.5,3.8622100754188224,85.0,98.0,12.0,0.7963330593811955,0.0,0.018344759218351075,0.03278513642641484,0.0,0.0
21,4630870,4674870,0,91.5945945945946,3.8587174697458915,85.0,98.0,5.0,0.9574271077563381,0.0,0.01879506060206918,0.03494481744691487,0.0,0.0
21,4638870,4678870,0,92.66666666666667,3.2814138366985603,85.0,98.0,6.0,0.9682458365518543,0.0,0.018566178380450857,0.03633969494573951,0.0,0.0
21,4646870,4678870,0,94.08,1.9782820830205181,91.0,98.0,1.0,0.9354143466934853,0.0,0.02361576259363424,0.04044680712734345,0.0,0.0
21,4654870,4678870,0,94.70588235294117,1.9930675701291078,91.0,98.0,4.0,1.0606601717798212,0.0,0.028744781709799747,0.04679428650507858,0.0,0.0
21,4662870,4678870,0,94.33333333333333,2.5385910352879693,91.0,98.0,7.0,1.2747548783981961,0.0,0.036487570395169325,0.061184057842473695,0.0,0.0
21,4671870,4678870,0,93.28571428571429,1.8294640678379566,91.0,97.0,6.0,1.4142135623730951,0.0,0.016040158613442483,0.018757747382831046,0.0,0.0
21,5734409,5739423,1,89.83333333333333,0.3726779962499649,89.0,90.0,0.0,0.6324555320336759,0.0,0.014911862358968594,0.00720622907620601,0.0,0.0
21,5734409,5747446,1,89.5,0.5,89.0,90.0,1.0,0.6201736729460423,0.0,0.017823355789625267,0.008331406770941487,0.0,0.0
21,5734409,5755168,1,89.2,0.6782329983125268,88.0,90.0,1.0,0.6069769786668839,0.0,0.016198907222030635,0.008180195602921974,0.0,0.0
21,5734409,5763168,1,89.25,0.7849021777084254,88.0,91.0,0.0,0.6666666666666666,0.0,0.014209660058728488,0.007706314108611332,0.0,0.0
21,5734409,5771168,1,88.94444444444444,1.052627517860912,86.0,91.0,4.0,0.6761234037828132,0.0,0.013133349449336727,0.007395505919064912,0.0,0.0
21,5735412,5779168,1,88.25581395348837,1.7533094720903035,84.0,91.0,6.0,0.6900655593423543,0.0,0.01231125587517694,0.007150298532086089,0.0,0.0
21,5743435,5787168,1,86.86046511627907,2.8577222621963974,81.0,91.0,7.0,0.7071067811865476,0.0,0.010577631838327724,0.006427749276077158,0.0,0.0
21,5751168,5795168,1,85.77777777777777,3.017643590536525,81.0,91.0,4.0,0.674199862463242,0.0,0.011697002959582361,0.013347928373689527,0.0,0.0
21,5759168,5803168,1,85.26666666666667,2.78408173570948,81.0,91.0,3.0,0.6908492797077574,0.0,0.012352370208170507,0.013644046495095112,0.0,0.0
21,5767168,5811168,1,84.44444444444444,1.9038622213870127,81.0,88.0,3.0,0.6908492797077574,0.0,0.012485679478520036,0.013826066886631199,0.0,0.0
21,5775168,5819168,1,84.22222222222223,1.6850834320114554,81.0,87.0,1.0,0.6908492797077574,0.0,0.012901639486339043,0.013974200859951132,0.0,0.0
21,5783168,5827168,1,85.28888888888889,2.7049109430583003,81.0,91.0,10.0,0.674199862463242,0.0,0.013129878204412623,0.014060591788932156,0.0,0.0
21,5791168,5835168,1,87.04444444444445,3.025488431132002,82.0,92.0,10.0,0.7071067811865476,0.0,0.015321246995266205,0.018530850069966985,0.0,0.0
21,5799168,5842168,1,88.13636363636364,2.71017367013888,84.0,92.0,6.0,0.777593185920953,0.0,0.01804884809940354,0.026221523125230965,0.0,0.0
21,5807168,5842168,1,88.69444444444444,2.6751889283691974,84.0,92.0,5.0,0.7745966692414834,0.0,0.019019394850036776,0.028698228317154087,0.0,0.0
21,5815168,5842168,1,89.78571428571429,1.933855195811555,85.0,92.0,6.0,0.769800358919501,0.0,0.021600316457618667,0.03173785134964837,0.0,0.0
21,5823168,5842168,1,90.8,0.9797958971132713,89.0,92.0,1.0,0.7608859102526822,0.0,0.025256928358891966,0.03677721595934789,0.0,0.0
21,5831168,5875203,1,91.4,1.6653327995729061,89.0,94.0,2.0,1.1338934190276817,0.0,0.036618697854954516,0.04003269010775218,0.0,0.0
21,5839168,5883342,1,93.0,2.0,89.0,96.0,7.0,1.1019463300386794,0.0,0.031958089110307154,0.0369345548301492,0.0,0.0
21,5873198,5891342,1,95.94736842105263,2.304998783206125,93.0,99.0,4.0,0.6666666666666666,0.0,0.021555813536148924,0.012988931781722867,0.0,0.0
21,5873198,5896342,1,96.04166666666667,2.0912350152216006,93.0,99.0,1.0,0.6915640748081247,0.0,0.0195768751102354,0.012644654302982027,0.0,0.0
21,5873198,5896342,1,96.04166666666667,2.0912350152216006,93.0,99.0,1.0,0.6915640748081247,0.0,0.0195768751102354,0.012644654302982027,0.0,0.0
21,5873198,5896342,1,96.04166666666667,2.0912350152216006,93.0,99.0,1.0,0.6915640748081247,0.0,0.0195768751102354,0.012644654302982027,0.0,0.0
21,5879342,5896342,1,96.77777777777777,1.9019158631804098,93.0,99.0,2.0,0.7669649888473704,0.0,0.015165288979524813,0.0056862530031934234,0.0,0.0
21,5887342,5896342,1,97.6,1.3564659966250536,95.0,99.0,4.0,0.6666666666666666,0.0,0.015273813425675456,0.0069207866600385646,0.0,0.0
21,6714977,6722977,1,90.83333333333333,0.6871842709362769,90.0,92.0,1.0,1.1832159566199232,0.0,0.1143111511235414,0.10664412111670338,0.0,0.0
21,6714977,6725977,1,90.88888888888889,0.7370277311900889,90.0,92.0,1.0,1.0606601717798212,0.0,0.12424862892077823,0.10140231356835704,0.0,0.0
21,6714977,6725977,1,90.88888888888889,0.7370277311900889,90.0,92.0,1.0,1.0606601717798212,0.0,0.12424862892077823,0.10140231356835704,0.0,0.0
21,6714977,6746977,1,92.26666666666667,1.8061622912192088,90.0,95.0,3.0,1.0350983390135313,0.0,0.11590111825656572,0.10719929557686485,0.0,0.0
21,6714977,6748977,1,92.3529411764706,1.7129670327718869,90.0,95.0,2.0,1.0,0.0,0.10641344710728223,0.10400877824957112,0.0,0.0
21,6719977,6755977,1,92.6875,1.6476782908080085,90.0,95.0,2.0,0.8944271909999159,0.0,0.11189807573063083,0.10434238090697372,0.0,0.0
21,6741977,6755977,1,94.0,0.6666666666666666,93.0,95.0,0.0,0.7071067811865476,0.0,0.08277933884747607,0.09786329851017346,0.0,0.0
21,6741977,6755977,1,94.0,0.6666666666666666,93.0,95.0,0.0,0.7071067811865476,0.0,0.08277933884747607,0.09786329851017346,0.0,0.0
21,6742977,6755977,1,94.0,0.7071067811865476,93.0,95.0,0.0,0.7559289460184544,0.0,0.06300768360736635,0.08518282213157126,0.0,0.0
21,6821977,6842000,1,91.125,1.4523687548277813,89.0,93.0,1.0,1.4638501094227998,0.0,0.03730442916212097,0.05267373281344856,0.0,0.0
21,6821977,6849017,1,91.66666666666667,1.4907119849998596,89.0,94.0,1.0,1.381698559415515,0.0,0.02897232651308056,0.04464172558412182,0.0,0.0
21,6821977,6849017,1,91.66666666666667,1.4907119849998596,89.0,94.0,1.0,1.381698559415515,0.0,0.02897232651308056,0.04464172558412182,0.0,0.0
22,1013168,1057412,0,79.93181818181819,2.2197228253742862,76.0,86.0,0.0,1.2389042420341585,0.0,0.04304664694341229,0.06880236094147202,0.0,0.0
22,1021412,1065421,0,80.35555555555555,2.272106761532668,76.0,86.0,6.0,1.2613124477737825,0.0,0.06434933788916336,0.09846368236148202,0.0,0.0
22,1029412,1073760,0,81.44186046511628,1.9565314061677401,78.0,86.0,6.0,1.2724180205607036,0.0,0.0666397732073013,0.10280717203490468,0.0,0.0
22,1037412,1081760,0,82.475,2.7293543192484186,79.0,89.0,8.0,1.3587324409735149,0.0,0.06427337342274791,0.1052105480735641,0.0,0.0
22,1045412,1089760,0,83.675,2.9443802403901573,79.0,89.0,5.0,1.3301243435223524,0.0,0.06251789921228426,0.1060586494071832,0.0,0.0
22,1053412,1097760,0,84.0,2.701851217221259,79.0,89.0,1.0,1.0500305245868344,0.0,0.04544416716360445,0.09858663633007941,0.0,0.0
22,1061412,1105760,0,84.55,2.0487801248547877,81.0,89.0,3.0,0.9740215340114143,0.0,0.02620953429415569,0.07794506533055306,0.0,0.0
22,1069760,1113760,0,84.30952380952381,2.1435184164858625,81.0,89.0,2.0,0.9370425713316364,0.0,0.010312935644787562,0.024049635766962424,0.0,0.0
22,1080760,1121760,0,84.0952380952381,1.96165046895676,81.0,89.0,5.0,0.8115026712006891,0.0,0.013413390720592024,0.02639964665109616,0.0,0.0
22,1085760,1129760,0,83.97777777777777,1.6531302145242037,81.0,87.0,0.0,0.8528028654224418,0.0,0.013149186872684666,0.025989113438832513,0.0,0.0
22,1093760,1137760,0,84.11111111111111,1.6223744220839094,81.0,87.0,1.0,0.7537783614444091,0.0,0.01608768323805698,0.03230824445557315,0.0,0.0
22,1101760,1145760,0,84.35555555555555,1.6214610086181955,81.0,87.0,2.0,0.674199862463242,0.0,0.01620969182990818,0.032284746498902735,0.0,0.0
22,1109760,1153760,0,85.15555555555555,1.9201337401980398,81.0,89.0,6.0,0.7071067811865476,0.0,0.016944650449276327,0.03230280406567898,0.0,0.0
22,1117760,1161760,0,85.97777777777777,1.3414567353588065,84.0,89.0,2.0,0.8257228238447705,0.0,0.009823071097159637,0.02166159063188497,0.0,0.0
22,1125760,1169760,0,86.57777777777778,1.3247874276256784,84.0,89.0,4.0,0.8257228238447705,0.0,0.009862407292998409,0.02160350601033474,0.0,0.0
22,1133760,1177760,0,87.06666666666666,1.5114378731672846,84.0,90.0,4.0,0.8257228238447705,0.0,0.006977669387647303,0.00600682550447397,0.0,0.0
22,1141760,1185760,0,87.5111111111111,1.4394786436179239,84.0,90.0,2.0,0.8257228238447705,0.0,0.00802642933922799,0.006469898159543466,0.0,0.0
22,1149760,1191760,0,87.86046511627907,1.1119100546866902,85.0,90.0,1.0,0.8864052604279183,0.0,0.00873004515996345,0.0063546521595924995,0.0,0.0
22,1157760,1191760,0,87.82857142857142,1.206783547539593,85.0,90.0,1.0,0.8574929257125442,0.0,0.0085101256062958,0.005389552818626149,0.0,0.0
22,1165760,1191760,0,88.22222222222223,0.9938079899999066,86.0,90.0,2.0,0.7844645405527362,0.0,0.008437317624961837,0.005213349504990688,0.0,0.0
22,1173760,1191760,0,88.05263157894737,1.0989796325169001,86.0,90.0,2.0,0.8819171036881969,0.0,0.008892008162783136,0.005826174519381493,0.0,0.0
22,1181760,1191760,0,87.36363636363636,0.77138921583987,86.0,89.0,1.0,0.9486832980505138,0.0,0.007675121792620734,0.007033653760304551,0.0,0.0
22,1685823,1689832,0,81.2,0.7483314773547882,80.0,82.0,2.0,0.7071067811865476,0.0,0.02324245361239813,0.017295595928580355,0.0,0.0
22,1685823,1697851,0,80.6923076923077,0.8213137116947163,80.0,82.0,0.0,0.5773502691896257,0.0,0.015403717855461012,0.01615988509595824,0.0,0.0
22,1685823,1706049,0,81.42857142857143,1.2177820811947069,80.0,84.0,0.0,0.6324555320336759,0.0,0.012998172059906953,0.0140792972739807,0.0,0.0
22,1685823,1714049,0,81.34482758620689,1.0915304683685803,80.0,84.0,0.0,0.6546536707079771,0.0,0.011102372870626301,0.012763398601127143,0.0,0.0
22,1685823,1722049,0,81.48648648648648,1.2865546200445301,79.0,84.0,3.0,0.7637626158259734,0.0,0.00939386952165196,0.011790705945715395,0.0,0.0
22,1685823,1730049,0,80.57777777777778,2.3044776596770506,75.0,84.0,5.0,0.7833494518006403,0.0,0.011117252881424738,0.019700548088501222,0.0,0.0
22,1693844,1738058,0,80.4,2.3981474331473267,75.0,84.0,1.0,0.8660254037844386,0.0,0.017339545416527376,0.034909888795307674,0.0,0.0
22,1701863,1745539,0,79.77272727272727,2.4667206456754793,75.0,84.0,4.0,0.9644856443408242,0.0,0.037192064837546106,0.0652928267936201,0.0,0.0
22,1710049,1753539,0,78.81818181818181,2.6394965710832685,74.0,84.0,2.0,1.1206310514564426,0.0,0.05317219152108235,0.08251491154042857,0.0,0.0
22,1718049,1761539,0,77.97727272727273,2.0833608813605653,74.0,83.0,4.0,1.0783277320343843,0.0,0.05324220380245312,0.08244807892788009,0.0,0.0
22,1726049,1769539,0,78.27272727272727,2.239760908137258,74.0,83.0,7.0,1.0454775252553032,0.0,0.054190513588248286,0.081916546505222,0.0,0.0
22,1734049,1777539,0,79.9090909090909,3.4563392472000687,74.0,86.0,7.0,1.0454775252553032,0.0,0.05115728244655205,0.0817448639141202,0.0,0.0
22,1741539,1785539,0,81.11111111111111,4.3421562601608805,74.0,87.0,11.0,0.8660254037844386,0.0,0.039342842162429545,0.07940563847619746,0.0,0.0
22,1749539,1793539,0,82.53333333333333,4.318435930853773,74.0,88.0,7.0,0.8393720596645177,0.0,0.014503221066766596,0.04839258982386212,0.0,0.0
22,1757539,1801539,0,83.66666666666667,3.211091887677945,77.0,88.0,3.0,1.0112997936948631,0.0,0.005703258117762428,0.0038497174768926303,0.0,0.0
22,1765539,1809539,0,83.57777777777778,3.3365910007330597,77.0,88.0,3.0,1.118033988749895,0.0,0.00556145879778046,0.0034780153646195005,0.0,0.0
22,1773539,1817539,0,82.93333333333334,3.623380864453651,77.0,88.0,4.0,1.1078234188139946,0.0,0.0051679211471979914,0.002961142944643918,0.0,0.0
22,1781539,1825889,0,82.6,3.4084861416437913,77.0,88.0,1.0,1.1579762911688178,0.0,0.009630521494978728,0.019156642293464022,0.0,0.0
22,1789539,1833889,0,81.8,2.9181424837652385,77.0,87.0,8.0,1.2792042981336627,0.0,0.009996684122655818,0.019122693436849685,0.0,0.0
22,1797539,1841889,0,80.31111111111112,3.674671397083446,74.0,87.0,6.0,1.2792042981336627,0.0,0.01342088303693919,0.02203702624344309,0.0,0.0
22,1805539,1849889,0,80.08888888888889,3.5139229247363493,74.0,87.0,1.0,1.177439440635329,0.0,0.015329646303694523,0.022081113073850595,0.0,0.0
22,1813539,1857889,0,79.86666666666666,3.703451843288307,74.0,87.0,3.0,1.270289873862011,0.0,0.01486051834784324,0.02232261200882318,0.0,0.0
22,1821539,1858889,0,79.52631578947368,3.8982914078192015,74.0,87.0,6.0,1.35566877880913,0.0,0.015928396209604553,0.023857052087248996,0.0,0.0
22,1829889,1858889,0,77.96666666666667,2.738409919805449,74.0,84.0,5.0,1.4263529572376852,0.0,0.012948968478364953,0.015988952643537453,0.0,0.0
22,1837889,1858889,0,77.68181818181819,2.223559056115456,74.0,81.0,5.0,1.3627702877384937,0.0,0.012248145976430263,0.016277758007381658,0.0,0.0
22,1845889,1858889,0,78.14285714285714,1.921946292439101,75.0,81.0,2.0,1.3587324409735149,0.0,0.006282546346956019,0.005901960169189988,0.0,0.0
22,1853889,1858889,0,77.5,1.3844373104863459,75.0,79.0,4.0,1.6733200530681511,0.0,0.002087351676771758,0.0014801029006962687,0.0,0.0
22,2304226,2313226,0,93.0,2.0,90.0,96.0,4.0,1.0540925533894598,0.0,0.005917549667796477,0.004372448570580889,0.0,0.0
22,2304226,2313226,0,93.0,2.0,90.0,96.0,4.0,1.0540925533894598,0.0,0.005917549667796477,0.004372448570580889,0.0,0.0
22,2304226,2313226,0,93.0,2.0,90.0,96.0,4.0,1.0540925533894598,0.0,0.005917549667796477,0.004372448570580889,0.0,0.0
22,2304226,2337241,0,90.92307692307692,4.196363599072571,83.0,96.0,9.0,3.3291640592396967,0.08333333333333333,0.006122853703734386,0.004006476731792368,0.0,0.0
22,2304226,2345275,0,85.95238095238095,7.201032931701306,76.0,96.0,14.0,2.7202941017470885,0.05,0.01740390229772893,0.020379564103600246,0.0,0.0
22,2309226,2353316,0,82.20833333333333,6.82507122469958,76.0,96.0,15.0,2.4934697319895074,0.043478260869565216,0.022512787486739395,0.022169510005499687,0.0,0.0
22,2335235,2361341,0,79.74074074074075,3.086320986074024,76.0,86.0,1.0,1.454436184706849,0.038461538461538464,0.026654515447211383,0.029103307012949806,0.0,0.0
22,2335235,2369930,0,80.54545454545455,3.3037252535530537,76.0,86.0,1.0,1.357847561400027,0.03125,0.02385981413599118,0.027434622800387182,0.0,0.0
22,2335235,2376930,0,81.4,3.562302626111375,76.0,88.0,3.0,1.310705427603288,0.02564102564102564,0.020903685690600755,0.02576559198816885,0.0,0.0
22,2341268,2376930,0,81.38235294117646,3.678352459540684,76.0,88.0,12.0,1.2552918289216957,0.030303030303030304,0.02124588275762599,0.027212795893340375,0.0,0.0
22,2349285,2376930,0,82.57692307692308,3.3874551024339667,78.0,88.0,10.0,1.4142135623730951,0.04,0.016835278238789865,0.025575974162129367,0.0,0.0
22,2357323,2395930,0,85.95,4.352872614722374,79.0,98.0,19.0,2.8003759146153744,0.10526315789473684,0.008220083761309525,0.007086676228937632,0.0,0.0
22,2365930,2395930,0,86.64285714285714,4.78997677979971,83.0,98.0,13.0,2.922064602034243,0.07692307692307693,0.009183415688300956,0.008209588938344866,0.0,0.0
22,2373930,2395930,0,90.0,5.744562646538029,85.0,98.0,13.0,4.58257569495584,0.2,0.007349560449142564,0.003687661137963257,0.0,0.0
22,3584012,3587012,0,93.0,0.7071067811865476,92.0,94.0,1.0,1.2909944487358056,0.0,0.1477679908820802,0.07400934636170914,0.0,0.0
22,3584012,3587012,0,93.0,0.7071067811865476,92.0,94.0,1.0,1.2909944487358056,0.0,0.1477679908820802,0.07400934636170914,0.0,0.0
22,3584012,3605012,0,92.8,0.7483314773547882,92.0,94.0,0.0,1.224744871391589,0.0,0.15488342426626034,0.06770837649869302,0.0,0.0
22,3584012,3618012,0,95.0909090909091,2.2342192231717286,92.0,98.0,6.0,1.5491933384829668,0.0,0.19389314884359352,0.12267739026342746,0.0,0.0
22,3584012,3626012,0,96.63157894736842,2.53834853721842,92.0,100.0,8.0,1.2018504251546631,0.0,0.1651263767126017,0.11103299220127516,0.0,0.0
22,3605012,3634012,0,98.69565217391305,2.155574827172268,92.0,101.0,9.0,0.9770084209183945,0.0,0.17867560976608984,0.12439754699822705,0.0,0.0
22,3605012,3642012,0,99.0,1.967477507351859,92.0,101.0,7.0,0.8755950357709131,0.0,0.16478577709933256,0.12105351525400947,0.0,0.0
22,3613012,3650012,0,98.97368421052632,1.459755605090386,96.0,101.0,3.0,0.5452497568062706,0.0,0.1634870220381213,0.12181085240379312,0.0,0.0
22,3614012,3658012,0,99.13333333333334,1.2927146286443543,96.0,101.0,3.0,0.543557306504609,0.0,0.15453232984399046,0.10723801401722838,0.0,0.0
22,3622012,3666012,0,99.17777777777778,1.2163495274136897,97.0,101.0,1.0,0.543557306504609,0.0,0.14182903169588582,0.10698258259375945,0.0,0.0
22,3630012,3674012,0,98.88888888888889,1.268809104321795,97.0,101.0,2.0,0.5222329678670935,0.0,0.13590820007434362,0.10786244858347296,0.0,0.0
22,3638012,3682012,0,98.68888888888888,1.1119996447286047,97.0,101.0,0.0,0.6396021490668313,0.0,0.11585936752788305,0.09523048045465422,0.0,0.0
22,3646012,3682012,0,98.64864864864865,1.1674924900786583,97.0,101.0,2.0,0.6666666666666666,0.0,0.10270017242977257,0.07885334341956146,0.0,0.0
22,3654012,3682012,0,98.65517241379311,1.2113219358793308,97.0,101.0,0.0,0.6546536707079771,0.0,0.09400940624995627,0.07454741867732906,0.0,0.0
22,3662012,3682012,0,98.57142857142857,1.3299276232160895,97.0,101.0,2.0,0.7071067811865476,0.0,0.09357840137576005,0.07610509360278057,0.0,0.0
22,3670012,3682012,0,99.3076923076923,1.135755620017954,98.0,101.0,2.0,0.816496580927726,0.0,0.09834004878792034,0.0859933742574053,0.0,0.0
22,3678012,3682012,0,100.6,0.4898979485566356,100.0,101.0,0.0,0.7071067811865476,0.0,0.07431349292015271,0.10057788685904578,0.0,0.0
22,4798179,4801179,0,89.5,1.118033988749895,88.0,91.0,3.0,1.0,0.0,0.04188056391583169,0.04834038540920126,0.0,0.0
22,4798179,4809179,0,88.9090909090909,1.4431370787625042,86.0,91.0,1.0,1.224744871391589,0.0,0.09576765725650814,0.11968254136911094,0.0,0.0
22,4798179,4815179,0,89.11764705882354,1.2779741754353195,86.0,91.0,0.0,1.0606601717798212,0.0,0.11213046451357415,0.11882000701079164,0.0,0.0
22,4798179,4825179,0,89.0952380952381,1.3768411709334247,86.0,92.0,3.0,1.3228756555322954,0.0,0.09503039800363859,0.11277344126433947,0.0,0.0
22,4798179,4833179,0,89.10344827586206,1.3479186403925563,86.0,92.0,0.0,1.164964745021435,0.0,0.0724726423822721,0.10277429133346373,0.0,0.0
22,4798179,4841179,0,89.1891891891892,1.2910887472968853,86.0,92.0,3.0,1.118033988749895,0.0,0.06101458683931035,0.09368008710678505,0.0,0.0
22,4805179,4848179,0,89.13513513513513,1.1662404870481848,87.0,92.0,3.0,1.0137937550497031,0.0,0.0432986218561852,0.06715511430209258,0.0,0.0
22,4813179,4854179,0,88.96774193548387,1.3556065412548834,86.0,92.0,3.0,1.0801234497346435,0.0,0.02508253674774481,0.02631144414180755,0.0,0.0
22,4823179,4854179,0,88.74074074074075,1.2350616296691161,86.0,91.0,2.0,0.7844645405527362,0.0,0.019352847806101692,0.014330746927082829,0.0,0.0
22,4829179,4871179,0,89.66666666666667,1.8053418676968804,86.0,93.0,4.0,1.6172150801252798,0.038461538461538464,0.030716590613581347,0.04827972831440238,0.0,0.0
22,4837179,4871179,0,89.57894736842105,2.060040609555887,86.0,93.0,2.0,1.8856180831641267,0.05555555555555555,0.03545037375525403,0.05665215966593979,0.0,0.0
22,4845179,4871179,0,90.0909090909091,2.4291616756158887,86.0,93.0,3.0,2.345207879911715,0.1,0.05079139920658515,0.07017296258255569,0.0,0.0
22,4854179,4896278,0,90.54545454545455,2.0610516452281153,86.0,93.0,3.0,2.3874672772626644,0.1,0.08240115341220842,0.08903148375489704,0.0,0.0
22,4866179,4905278,0,90.11111111111111,1.6629588385661962,88.0,93.0,5.0,1.0,0.0,0.06562688854279601,0.08221453587746531,0.0,0.0
22,4869179,4913278,0,88.0,2.502172968684897,84.0,92.0,7.0,0.9770084209183945,0.0,0.06218232686909787,0.07321867043501804,0.0,0.0
22,4893179,4921278,0,86.92857142857143,2.1201174399508327,84.0,91.0,6.0,0.9813067629253163,0.0,0.06260217170631992,0.08764770077922542,0.0,0.0
22,4893179,4922278,0,86.82758620689656,2.150684983381059,84.0,91.0,6.0,0.9636241116594315,0.0,0.061776221691673905,0.08623410112639555,0.0,0.0
22,4893179,4922278,0,86.82758620689656,2.150684983381059,84.0,91.0,6.0,0.9636241116594315,0.0,0.061776221691673905,0.08623410112639555,0.0,0.0
22,4901278,4922278,0,86.04545454545455,1.821020511273648,84.0,90.0,6.0,0.9258200997725514,0.0,0.04929398280878816,0.0827016320483662,0.0,0.0
22,4909278,4922278,0,85.07142857142857,1.099628879881475,84.0,87.0,1.0,1.0,0.0,0.06596900858017334,0.09883865510938096,0.0,0.0
22,4917278,4922278,0,85.5,1.118033988749895,84.0,87.0,3.0,1.0,0.0,0.09165817582474971,0.13857913154794968,0.0,0.0
22,6871805,6881830,0,83.36363636363636,0.77138921583987,82.0,85.0,1.0,0.7071067811865476,0.0,0.01804589446805058,0.015950761980503284,0.0,0.0
22,6871805,6889852,0,85.05263157894737,2.1392001508317446,82.0,89.0,5.0,0.7817359599705717,0.0,0.026404642003688833,0.03453093191934238,0.0,0.0
22,6871805,6897886,0,85.92592592592592,2.308212807538205,82.0,90.0,3.0,0.7595545253127499,0.0,0.04613278137962665,0.08320734425362826,0.0,0.0
22,6871805,6905899,0,86.125,2.190176933491904,82.0,90.0,3.0,0.861356769214109,0.0,0.04160001758546368,0.0773337476136977,0.0,0.0
22,6871805,6913941,0,86.8048780487805,2.431696308412589,82.0,92.0,8.0,0.8366600265340756,0.0,0.04435173537155617,0.07205950319641635,0.0,0.0
22,6877818,6914941,0,87.55555555555556,2.1530913750084553,83.0,92.0,9.0,0.8451542547285166,0.0,0.049964644838062636,0.07669158922841472,0.0,0.0
22,6885841,6927119,0,88.5,1.5206906325745548,86.0,92.0,3.0,0.9672041516493516,0.0,0.06266546403691524,0.08049576296261954,0.0,0.0
22,6893884,6927119,0,88.625,1.6282019735483269,86.0,92.0,2.0,1.0215078369104984,0.0,0.06560156886982656,0.08635600759458052,0.0,0.0
22,6901892,6942119,0,89.75,1.6393596310755,87.0,92.0,3.0,1.0,0.0,0.058000541953770565,0.04780559025851086,0.0,0.0
22,6909908,6942119,0,90.46666666666667,1.2036980056845192,88.0,92.0,3.0,1.1019463300386794,0.0,0.06311352272251398,0.04725007684045592,0.0,0.0
22,6924119,6942119,0,90.625,0.9921567416492215,89.0,92.0,2.0,0.7559289460184544,0.0,0.06260688150439597,0.04913917515021083,0.0,0.0
22,6926119,6969220,0,86.3,5.831809324729333,78.0,92.0,9.0,4.176654695380556,0.1111111111111111,0.0736379678977858,0.06280036762557245,0.0,0.0
22,6939119,6977453,0,83.0,5.0,78.0,92.0,9.0,3.255764119219941,0.06666666666666667,0.06273603277842732,0.05409455691812084,0.0,0.0
22,6942119,6985453,0,82.71428571428571,3.325841921949376,78.0,91.0,5.0,2.8896366553599777,0.05,0.05162207886239005,0.04690438427138543,0.0,0.0
22,6966220,6993453,0,82.92857142857143,2.6447869402248023,78.0,87.0,4.0,1.0540925533894598,0.0,0.05394334629293318,0.04953503793651364,0.0,0.0
22,6966220,7001453,0,82.19444444444444,2.7570056668265264,78.0,87.0,1.0,1.0555973258234952,0.0,0.08768170513358839,0.12844988395716533,0.0,0.0
22,6966220,7008453,0,81.97674418604652,2.6368442387085325,78.0,87.0,4.0,1.0465362369445672,0.0,0.07766361535882998,0.11995215698896526,0.0,0.0
22,6973229,7017510,0,82.75,2.6122525981159703,78.0,87.0,5.0,1.0674899923282326,0.0,0.06998108331465815,0.1187597678825527,0.0,0.0
22,6981453,7024576,0,83.42857142857143,2.8713930346059686,78.0,89.0,3.0,1.0932163332202425,0.0,0.07439694642074232,0.12374865458063415,0.0,0.0
22,6989453,7024576,0,82.88235294117646,2.918145118779403,78.0,89.0,4.0,1.1547005383792515,0.0,0.081594006372788,0.13456483073289668,0.0,0.0
22,6997453,7041969,0,85.02941176470588,4.63036838909013,78.0,92.0,11.0,1.1146408580454255,0.0,0.04850353914176186,0.06375056887810529,0.0,0.0
23,1084786,1129291,0,79.04545454545455,2.392740397863974,75.0,84.0,2.0,1.2199885626608373,0.0,0.036630227682521006,0.04550605910398607,0.0,0.0
23,1092795,1137291,0,78.9090909090909,2.353123473735415,75.0,84.0,4.0,1.1613945106217463,0.0,0.034814442801002064,0.045428014263161856,0.0,0.0
23,1100808,1145291,0,78.48837209302326,2.316493872546781,75.0,84.0,2.0,1.0910894511799618,0.0,0.034937679830949114,0.045748990496312474,0.0,0.0
23,1110291,1153291,0,78.52272727272727,2.2308644509129434,75.0,84.0,1.0,1.0454775252553032,0.0,0.024957846692552525,0.034729534138312715,0.0,0.0
23,1117291,1161291,0,78.64444444444445,2.2425734776076203,75.0,84.0,1.0,1.0112997936948631,0.0,0.019158235398723144,0.006408603512741721,0.0,0.0
23,1125291,1169291,0,78.44444444444444,1.9385625322279452,75.0,83.0,1.0,0.8660254037844386,0.0,0.02109784238248586,0.011720338777571905,0.0,0.0
23,1133291,1177291,0,78.53333333333333,1.8926759422104518,77.0,83.0,3.0,0.621581560508061,0.0,0.020933608655639754,0.011846793092254664,0.0,0.0
23,1141291,1185291,0,79.26666666666667,2.026491220476089,77.0,83.0,6.0,0.7071067811865476,0.0,0.02136707446965343,0.011807485657976981,0.0,0.0
23,1149291,1193291,0,79.93333333333334,1.913693345920976,77.0,83.0,1.0,0.8118441408859887,0.0,0.02236453062786618,0.011032046541858204,0.0,0.0
23,1157291,1201291,0,79.66666666666667,2.309401076758503,75.0,83.0,5.0,0.8118441408859887,0.0,0.02233950657299551,0.011053740956615208,0.0,0.0
23,1165291,1209291,0,78.24444444444444,3.0779181676765837,73.0,83.0,9.0,0.7537783614444091,0.0,0.023318314862486103,0.013637502645319134,0.0,0.0
23,1173291,1217291,0,77.53333333333333,3.1874754901018454,73.0,83.0,0.0,0.7977240352174656,0.0,0.021576398710701352,0.009701942052744914,0.0,0.0
23,1181291,1225291,0,77.22222222222223,3.083208205669246,73.0,83.0,5.0,0.7833494518006403,0.0,0.020544263385531867,0.009642677855875836,0.0,0.0
23,1189291,1233291,0,76.04444444444445,2.0865234834320896,73.0,82.0,6.0,0.7687061147858074,0.0,0.019996667353735918,0.009700375415306857,0.0,0.0
23,1197291,1241291,0,75.46666666666667,1.528979325490629,73.0,78.0,3.0,0.7537783614444091,0.0,0.02015496469687953,0.010086624670567956,0.0,0.0
23,1205291,1249291,0,74.97777777777777,2.005424741809507,71.0,78.0,2.0,0.7977240352174656,0.0,0.022766015932127515,0.019917924964032184,0.0,0.0
23,1213291,1257291,0,74.75555555555556,2.2425734776076203,71.0,78.0,1.0,0.8393720596645177,0.0,0.021480226694609614,0.01815127637841428,0.0,0.0
23,1221291,1263291,0,74.48837209302326,2.083959703927428,71.0,78.0,3.0,0.8864052604279183,0.0,0.028993951451628187,0.02820106158987646,0.0,0.0
23,1229291,1263291,0,74.05714285714286,1.9991835068041028,71.0,77.0,0.0,0.9393364366277243,0.0,0.03182811421784505,0.030518024174254768,0.0,0.0
23,1237291,1263291,0,73.4074074074074,1.7900808849769736,71.0,77.0,1.0,1.0190493307301363,0.0,0.03617208050594784,0.033510579714354526,0.0,0.0
23,1245291,1263291,0,73.10526315789474,1.8323047563714958,71.0,77.0,3.0,1.0274023338281628,0.0,0.035666694605195996,0.03147530015872651,0.0,0.0
23,1253291,1263291,0,74.0,1.9069251784911847,71.0,77.0,4.0,1.1832159566199232,0.0,0.04691760739442545,0.037043974124300244,0.0,0.0
23,4595797,4600800,1,74.66666666666667,0.4714045207910317,74.0,75.0,1.0,0.4472135954999579,0.0,0.010911393011554119,0.011367262610361927,0.0,0.0
23,4595797,4608146,1,74.6923076923077,0.910166120476864,74.0,77.0,2.0,0.7071067811865476,0.0,0.010252427425538026,0.01116667519325766,0.0,0.0
23,4595797,4617146,1,75.66666666666667,1.4584183648679576,74.0,78.0,2.0,0.7071067811865476,0.0,0.021338128913347264,0.032174577659946225,0.0,0.0
23,4595797,4625146,1,75.82758620689656,1.3408429031188678,74.0,78.0,0.0,0.8451542547285166,0.0,0.044220763493946574,0.054238201856657106,0.0,0.0
23,4595797,4632146,1,75.69444444444444,1.350297178081848,73.0,78.0,0.0,0.9856107606091623,0.0,0.05774449001989837,0.06467336551548043,0.0,0.0
23,4596797,4632146,1,75.71428571428571,1.3642670155786656,73.0,78.0,0.0,1.0,0.0,0.05920598360543827,0.06500195105749586,0.0,0.0
23,4605146,4649146,1,76.07142857142857,1.279748061940637,73.0,78.0,1.0,1.1055415967851334,0.0,0.07157115713624847,0.06697112128927353,0.0,0.0
23,4613146,4653146,1,76.04347826086956,1.1970347737335831,73.0,78.0,0.0,1.1677484162422844,0.0,0.08415833702068075,0.06767321092474873,0.0,0.0
23,4621146,4665146,1,75.33333333333333,1.2084359562332876,73.0,78.0,2.0,1.2649110640673518,0.0,0.0795904562697548,0.0679751181185155,0.0,0.0
23,4629146,4673729,1,73.95238095238095,1.9142620230706457,70.0,77.0,4.0,1.0488088481701516,0.0,0.042294670348201883,0.03794446017439459,0.0,0.0
23,4649146,4681729,1,73.08,1.7417232845661792,70.0,77.0,0.0,1.0801234497346435,0.0,0.030275699969919044,0.033051411563897494,0.0,0.0
23,4649146,4689729,1,73.24242424242425,1.5960235251228716,70.0,77.0,2.0,1.0606601717798212,0.0,0.029904478406787102,0.03262171759930276,0.0,0.0
23,4653146,4697729,1,73.0,1.5021352323976216,70.0,77.0,6.0,0.9733285267845752,0.0,0.025008273457604896,0.03146049879393534,0.0,0.0
23,4661146,4705729,1,72.2,1.9955506062794355,66.0,75.0,9.0,0.9653072991634227,0.0,0.023329306491864803,0.029684120891875436,0.0,0.0
23,4669729,4713729,1,70.66666666666667,3.169297153067923,64.0,75.0,8.0,1.087114613009218,0.0,0.045788752874334704,0.0934327193259143,0.0,0.0
23,4677729,4721729,1,69.91111111111111,3.365327933317262,64.0,75.0,4.0,1.087114613009218,0.0,0.0699876155241577,0.11836391450965622,0.0,0.0
23,4685729,4729729,1,69.13333333333334,3.1524241113431706,64.0,75.0,0.0,1.2060453783110545,0.0,0.07993047573337912,0.11707802598792633,0.0,0.0
23,4693729,4737729,1,68.77777777777777,2.7397395568751,64.0,73.0,3.0,1.1579762911688178,0.0,0.08481885536735562,0.11530172084531544,0.0,0.0
23,4701729,4745729,1,68.93333333333334,2.885981442921782,64.0,73.0,1.0,1.177439440635329,0.0,0.09443557394740654,0.11265040583894864,0.0,0.0
23,4709729,4753729,1,69.86666666666666,2.9181424837652385,64.0,74.0,8.0,1.1677484162422844,0.0,0.11749750416222202,0.12489982892319575,0.0,0.0
23,4717729,4754729,1,70.89473684210526,2.280229370782575,66.0,74.0,5.0,1.0266713466606798,0.0,0.08677746256803476,0.08720431483753276,0.0,0.0
23,4725729,4754729,1,71.83333333333333,1.4395215254459455,67.0,74.0,7.0,1.0985884360051028,0.0,0.08931686382154341,0.09456518863681902,0.0,0.0
23,4733729,4754729,1,72.13636363636364,0.9674453024451255,70.0,74.0,3.0,0.8451542547285166,0.0,0.09237679658326546,0.10733449806297285,0.0,0.0
23,4741729,4754729,1,72.64285714285714,0.7178482586514923,72.0,74.0,2.0,0.8770580193070292,0.0,0.10943618186192583,0.12801242142215907,0.0,0.0
23,4749729,4754729,1,72.83333333333333,0.8975274678557508,72.0,74.0,1.0,1.0,0.0,0.14362375428153945,0.13063021318712217,0.0,0.0
23,5011288,5024288,1,79.85714285714286,0.832993127835043,79.0,81.0,2.0,0.816496580927726,0.0,0.04217729015941361,0.0387963499257555,0.0,0.0
23,5011288,5033288,1,79.76923076923077,1.186711432349347,78.0,82.0,1.0,1.3844373104863459,0.0,0.025180252945724256,0.03392634272092954,0.0,0.0
23,5011288,5041288,1,78.52380952380952,1.892819706128742,75.0,82.0,2.0,1.224744871391589,0.0,0.020855487947861233,0.027406327649926454,0.0,0.0
23,5011288,5049288,1,77.6896551724138,2.1672077741338853,74.0,82.0,4.0,1.2817398889233114,0.0,0.018657137351627696,0.024760000995549928,0.0,0.0
23,5017288,5057288,1,76.82857142857142,2.5910363540010595,72.0,82.0,6.0,1.212678125181665,0.0,0.018281474411479776,0.023328350419947307,0.0,0.0
23,5023288,5065288,1,76.02702702702703,2.60442955819386,72.0,82.0,7.0,1.4043582955293932,0.0,0.018006333138263907,0.020579555125763954,0.0,0.0
23,5029288,5073288,1,75.5609756097561,2.164556851935004,72.0,82.0,7.0,1.2747548783981961,0.0,0.018146792910623828,0.019975480722037166,0.0,0.0
23,5037288,5081288,1,74.73170731707317,1.2883036728043178,72.0,77.0,2.0,1.284523257866513,0.0,0.018228656596834307,0.020137932595157115,0.0,0.0
23,5045288,5088288,1,74.475,1.0720890821195783,72.0,77.0,0.0,1.2608503439122305,0.0,0.017961290986249753,0.020140274689263948,0.0,0.0
23,5053288,5097288,1,73.65789473684211,2.1185436381661824,67.0,76.0,7.0,1.34566370643293,0.0,0.03800702194421777,0.05669559044834755,0.0,0.0
23,5062288,5101351,1,73.14285714285714,2.929094030026126,66.0,76.0,4.0,1.4552137502179978,0.0,0.049848716647763844,0.06886426058618574,0.0,0.0
23,5069288,5113351,1,73.15151515151516,3.0263610724233687,66.0,77.0,2.0,1.3693063937629153,0.0,0.05770849176525596,0.07586839041574049,0.0,0.0
23,5077288,5121261,1,73.03703703703704,3.447827888218379,66.0,78.0,2.0,1.4675987714106855,0.0,0.07372386923637719,0.0787951171221556,0.0,0.0
23,5085288,5126261,1,73.375,3.987611022487859,66.0,78.0,2.0,1.4446302370292303,0.0,0.10344592933275891,0.0794179544343102,0.0,0.0
23,5093288,5126261,1,73.05,4.295055296500849,66.0,78.0,5.0,1.4327007988227578,0.0,0.12167573420542936,0.07458578517076891,0.0,0.0
23,5101351,5138261,1,76.61538461538461,2.4031537464328165,71.0,82.0,11.0,1.8027756377319946,0.0,0.11197624209905646,0.06993781709274507,0.0,0.0
23,5110351,5138261,1,77.08333333333333,1.846543317180028,74.0,82.0,8.0,1.651445647689541,0.0,0.10334899071520127,0.06581279043076234,0.0,0.0
23,5120261,5138261,1,77.875,1.6153559979150107,77.0,82.0,5.0,1.9639610121239315,0.0,0.098219688363376,0.06756738966816021,0.0,0.0
23,5834131,5841140,1,71.625,2.117634293262177,69.0,75.0,6.0,0.9258200997725514,0.0,0.058303432900936314,0.07935253771681099,0.0,0.0
23,5834131,5848988,1,74.06666666666666,3.0868898407440604,69.0,78.0,9.0,0.8864052604279183,0.0,0.05923999535306667,0.06270308964420726,0.0,0.0
23,5834131,5856988,1,75.52173913043478,3.2285353418672993,69.0,80.0,9.0,0.9293203772845852,0.0,0.06592019628462899,0.06276899814629495,0.0,0.0
23,5834131,5864988,1,75.6774193548387,2.8442028961493055,69.0,80.0,6.0,0.9660917830792959,0.0,0.05837334546865002,0.057250609497581505,0.0,0.0
23,5834131,5872988,1,75.38461538461539,2.6371642172002225,69.0,80.0,4.0,0.9176629354822471,0.0,0.05817558632612697,0.05441335114446178,0.0,0.0
23,5837135,5880988,1,75.06818181818181,2.5619393158018475,70.0,80.0,0.0,0.914991421995628,0.0,0.061356453719551715,0.05367711483838224,0.0,0.0
23,5844988,5888988,1,75.46666666666667,2.5612496949731396,70.0,80.0,4.0,1.0,0.0,0.05274124844612482,0.044515764327293914,0.0,0.0
23,5852988,5896988,1,75.46666666666667,2.68824602048746,70.0,81.0,4.0,1.0660035817780522,0.0,0.048502367902201894,0.039242984638668786,0.0,0.0
23,5860988,5904988,1,75.42222222222222,2.6372451020705423,70.0,81.0,0.0,1.044465935734187,0.0,0.05230843549111042,0.045790679955093914,0.0,0.0
23,5868988,5912988,1,74.75555555555556,3.099502150385915,69.0,81.0,5.0,1.118033988749895,0.0,0.04934391434804811,0.04590281687399321,0.0,0.0
23,5876988,5920988,1,75.13636363636364,3.29318103394181,69.0,81.0,6.0,1.5096588248481377,0.023255813953488372,0.05707836372086574,0.0613440590406795,0.0,0.0
23,5884988,5928988,1,75.68181818181819,2.944738970317367,69.0,81.0,0.0,1.47852849537231,0.023255813953488372,0.04976360556379988,0.05926428725023815,0.0,0.0
23,5892988,5936988,1,75.9090909090909,3.153772501582119,69.0,81.0,3.0,1.4706429538383605,0.023255813953488372,0.04564812002814898,0.05872416253833864,0.0,0.0
23,5900988,5944988,1,76.5,3.447660603418445,69.0,81.0,1.0,1.4706429538383605,0.023255813953488372,0.04253095726216364,0.059471213229286786,0.0,0.0
23,5908988,5952988,1,76.56818181818181,3.319349109749785,69.0,81.0,5.0,1.3893280959296601,0.023255813953488372,0.03119056260576203,0.049422344253781704,0.0,0.0
23,5917988,5960988,1,77.02272727272727,2.5715986923917082,72.0,81.0,6.0,1.034295625950562,0.0,0.029338814893346242,0.04882613415679537,0.0,0.0
23,5924988,5968988,1,76.86666666666666,2.612789058968723,72.0,81.0,6.0,1.044465935734187,0.0,0.01769633332188917,0.015464249834519578,0.0,0.0
23,5932988,5976988,1,77.86666666666666,3.1804961178337505,72.0,83.0,2.0,1.02247471629109,0.0,0.015655304104500455,0.014144490680652688,0.0,0.0
23,5940988,5984988,1,78.33333333333333,3.6270588023294517,72.0,83.0,2.0,0.9045340337332909,0.0,0.014921904491944573,0.014380154767403092,0.0,0.0
23,5948988,5992988,1,78.55555555555556,3.6548631563107836,72.0,83.0,2.0,0.9293203772845852,0.0,0.013597353149466028,0.013030673752625196,0.0,0.0
23,5956988,6000988,1,79.31111111111112,3.3981839739760495,72.0,83.0,4.0,0.9045340337332909,0.0,0.01722329262088664,0.019235313675555823,0.0,0.0
23,5964988,6008988,1,79.86363636363636,2.642234841697022,74.0,83.0,0.0,0.9400643223910575,0.0,0.02553829335884349,0.03721765945223991,0.0,0.0
23,5972988,6013988,1,79.53658536585365,3.037148542153135,73.0,83.0,9.0,0.9354143466934853,0.0,0.026325287298385264,0.038408514332635736,0.0,0.0
23,5980988,6013988,1,78.6969696969697,2.801350848222925,73.0,83.0,8.0,1.0307764064044151,0.0,0.029022750435198946,0.041798933286009074,0.0,0.0
23,5988988,6013988,1,77.72,2.441638793925096,73.0,81.0,6.0,1.118033988749895,0.0,0.03492741345697414,0.04614817710092468,0.0,0.0
23,5996988,6013988,1,76.6470588235294,2.1677089144339154,73.0,80.0,6.0,1.1726039399558574,0.0,0.0474949618703912,0.05109990210715417,0.0,0.0
23,6004988,6013988,1,75.11111111111111,1.286204100310025,73.0,77.0,3.0,1.3693063937629153,0.0,0.02285992441673186,0.03011767454789617,0.0,0.0
23,7075084,7081091,1,75.85714285714286,2.9485382057928993,71.0,80.0,9.0,1.5811388300841898,0.0,0.014215632702061182,0.0031450003261239905,0.0,0.0
23,7075084,7089103,1,73.2,3.290390047800817,69.0,80.0,8.0,1.3093073414159542,0.0,0.017824913139022694,0.009809848578454999,0.0,0.0
23,7075084,7097112,1,73.82608695652173,2.8840215568307817,69.0,80.0,5.0,1.224744871391589,0.0,0.027510883572198493,0.03559143050437934,0.0,0.0
23,7075084,7105125,1,74.03225806451613,2.520674141365974,69.0,80.0,5.0,1.1105554165971787,0.0,0.028717191572279317,0.03441158604314168,0.0,0.0
23,7075084,7113142,1,74.51282051282051,2.489689455166842,69.0,80.0,3.0,1.0882143751650175,0.0,0.028417002619692384,0.031338719132176715,0.0,0.0
23,7077086,7120150,1,74.45454545454545,2.147456692912312,69.0,78.0,1.0,1.0454775252553032,0.0,0.03978029952280121,0.055554777033278636,0.0,0.0
23,7085097,7129585,1,75.13636363636364,2.0515061993448653,69.0,78.0,7.0,0.9764672918705589,0.0,0.04687365446842873,0.05883536875334894,0.0,0.0
23,7093108,7137585,1,75.81818181818181,1.1535070491317745,74.0,78.0,1.0,1.0454775252553032,0.0,0.06060238704746392,0.07109013788697108,0.0,0.0
23,7101118,7145585,1,75.88636363636364,1.2651968781560712,73.0,78.0,1.0,1.1910519095164538,0.0,0.0621575072551888,0.07575065094221323,0.0,0.0
23,7109129,7153585,1,76.11363636363636,1.1719430076685216,73.0,78.0,1.0,1.1713637450663281,0.0,0.0649549191660488,0.07642067791642285,0.0,0.0
23,7117146,7161585,1,76.06818181818181,1.1361363409045442,73.0,78.0,0.0,1.1613945106217463,0.0,0.06689304392263042,0.07657290653221997,0.0,0.0
23,7125585,7169585,1,75.95555555555555,1.114660995909729,73.0,78.0,1.0,1.0975178606954215,0.0,0.05576082763346635,0.06182888053547739,0.0,0.0
23,7133585,7177585,1,75.44444444444444,1.3425606637327303,72.0,78.0,2.0,1.02247471629109,0.0,0.05225919900071628,0.06252151420113124,0.0,0.0
23,7141585,7185585,1,74.53333333333333,2.604269997949948,64.0,78.0,13.0,1.1381803659589922,0.0,0.04223920474993823,0.04688297861833381,0.0,0.0
23,7149585,7193585,1,71.62222222222222,6.012168730126107,58.0,77.0,15.0,1.177439440635329,0.0,0.039759805144880325,0.03297646487981447,0.0,0.0
23,7157585,7201585,1,68.42222222222222,7.2095273042424415,56.0,77.0,17.0,1.3734495390671027,0.0,0.04039978259178874,0.02966030471933098,0.0,0.0
23,7165585,7209585,1,66.64444444444445,6.44689608538888,56.0,75.0,6.0,1.4459976109624424,0.0,0.03491957721677365,0.03162139687962748,0.0,0.0
23,7173585,7217585,1,65.06666666666666,5.368219237119305,56.0,74.0,8.0,1.4459976109624424,0.0,0.030680239587149397,0.03073324655054619,0.0,0.0
23,7181585,7225585,1,63.644444444444446,4.011957436107194,56.0,72.0,5.0,1.4847711791873706,0.0,0.029584311235696638,0.030262088545605685,0.0,0.0
23,7189585,7233585,1,63.75555555555555,3.6402414788982553,56.0,70.0,7.0,1.2522706649050828,0.0,0.025436604556685262,0.026395803752868825,0.0,0.0
23,7197585,7241585,1,64.5111111111111,3.0595731163547946,56.0,70.0,6.0,1.243163121016122,0.0,0.019485740632039127,0.02016164717292287,0.0,0.0
23,7205585,7249585,1,65.75555555555556,1.9454283225101594,63.0,70.0,5.0,1.0975178606954215,0.0,0.01646527979334515,0.009772010505603413,0.0,0.0
24,4212877,4217877,0,90.0,0.5773502691896257,89.0,91.0,2.0,0.6324555320336759,0.0,0.04017475198625336,0.024185469556328297,0.0,0.0
24,4212877,4225877,0,88.28571428571429,1.749635530559413,86.0,91.0,5.0,0.6201736729460423,0.0,0.04524386491029853,0.026056127108069312,0.0,0.0
24,4212877,4233877,0,88.04545454545455,1.4609235163625631,86.0,91.0,3.0,0.5773502691896257,0.0,0.04290132480335783,0.02554914263736005,0.0,0.0
24,4212877,4241877,0,88.23333333333333,1.308519095092701,86.0,91.0,2.0,0.5872202195147035,0.0,0.03493691815709688,0.025820060551704927,0.0,0.0
24,4212877,4249877,0,88.5,1.3128915456069918,86.0,91.0,0.0,0.5694947974514994,0.0,0.03392231597166969,0.024079115541249387,0.0,0.0
24,4213877,4257877,0,89.04444444444445,1.8373356985417233,86.0,95.0,5.0,0.621581560508061,0.0,0.029676352554323982,0.02353399417185068,0.0,0.0
24,4221877,4264877,0,90.3409090909091,3.5925629102999452,86.0,98.0,11.0,0.6287677132370127,0.0,0.024813026358936372,0.02380017040904709,0.0,0.0
24,4229877,4264877,0,91.19444444444444,3.422307899360414,88.0,98.0,10.0,0.6324555320336759,0.0,0.020373782023627485,0.01992978816742042,0.0,0.0
24,4237877,4264877,0,92.03571428571429,3.4380449475282444,88.0,98.0,10.0,0.6666666666666666,0.0,0.01710358482781434,0.016087394192965496,0.0,0.0
24,4245877,4264877,0,93.3,3.3030289129827493,89.0,98.0,9.0,0.7608859102526822,0.0,0.015455253181768356,0.01603277363238719,0.0,0.0
24,4253877,4264877,0,95.33333333333333,2.718251071716682,91.0,98.0,7.0,0.9045340337332909,0.0,0.006133554392277589,0.006653181642414743,0.0,0.0
24,4261877,4264877,0,98.0,0.0,98.0,98.0,0.0,0.0,0.0,0.005832979108501085,0.004344805187510282,0.0,0.0
24,4823753,4858753,0,96.4,1.3564659966250536,94.0,98.0,1.0,2.29128784747792,0.0,0.1300833975017182,0.1068855896386203,0.0,0.0
24,4823753,4859753,0,96.5,1.2583057392117916,94.0,98.0,1.0,2.04939015319192,0.0,0.1657577394195238,0.12603068839243925,0.0,0.0
24,4849753,4873753,0,97.33333333333333,2.054804667656325,94.0,101.0,7.0,2.569046515733026,0.0,0.17182284157463354,0.12117055857838814,0.0,0.0
24,4849753,4873753,0,97.33333333333333,2.054804667656325,94.0,101.0,7.0,2.569046515733026,0.0,0.17182284157463354,0.12117055857838814,0.0,0.0
24,4849753,4873753,0,97.33333333333333,2.054804667656325,94.0,101.0,7.0,2.569046515733026,0.0,0.17182284157463354,0.12117055857838814,0.0,0.0
24,4854753,4873753,0,98.0,1.5491933384829668,97.0,101.0,3.0,2.0615528128088303,0.0,0.14551802700484193,0.11604785867103096,0.0,0.0
24,6641824,6650847,0,102.55555555555556,1.1653431646335017,101.0,105.0,4.0,0.7071067811865476,0.0,0.07202775446075384,0.061773362043952514,0.0,0.0
24,6641824,6658847,0,102.41176470588235,1.0323487514578966,101.0,105.0,2.0,0.6123724356957945,0.0,0.04414663594319095,0.05409512441277475,0.0,0.0
24,6641824,6666847,0,102.36,0.8890444308357148,101.0,105.0,3.0,0.5400617248673217,0.0,0.03458111649766915,0.04722033227586843,0.0,0.0
24,6641824,6674847,0,102.0,1.1009637651263606,100.0,105.0,5.0,0.5303300858899106,0.0,0.02957016988821027,0.04226661299124199,0.0,0.0
24,6641824,6682847,0,101.3170731707317,1.7170454543217601,98.0,105.0,7.0,0.570087712549569,0.0,0.028985993740839558,0.03991136313525763,0.0,0.0
24,6646847,6687847,0,100.14285714285714,3.1590491982137117,90.0,103.0,10.0,1.2493900951088486,0.024390243902439025,0.03243730246764346,0.04221154930770496,0.0,0.0
24,6654847,6687847,0,99.79411764705883,3.4108771665046365,90.0,103.0,10.0,1.3706888336846839,0.030303030303030304,0.02376557505970582,0.02924878748364733,0.0,0.0
24,6662847,6687847,0,98.88461538461539,3.411822466714629,90.0,102.0,10.0,1.5491933384829668,0.04,0.027956201648782802,0.03207614042703796,0.0,0.0
24,6670847,6714847,0,97.29166666666667,2.8647159060231826,90.0,101.0,3.0,1.944892977943047,0.043478260869565216,0.037244809199380356,0.036649394214329105,0.0,0.0
24,6678847,6721847,0,96.75,2.843853020111975,90.0,101.0,3.0,2.23606797749979,0.05263157894736842,0.04779075853322699,0.04434214405605671,0.0,0.0
24,6686847,6730847,0,97.5,2.7131367660166177,90.0,101.0,9.0,1.697749375254331,0.0,0.06646871698567487,0.043602171333417365,0.0,0.0
24,6707847,6738847,0,98.625,1.3169567191065923,96.0,101.0,2.0,0.9780192938436515,0.0,0.0615736436681518,0.04822161455104716,0.0,0.0
24,6707847,6746847,0,98.3125,1.3095204274848102,96.0,101.0,0.0,0.915810939779251,0.0,0.057333391479016366,0.0444844679651689,0.0,0.0
24,6710847,6747847,0,98.34375,1.2896068926227093,96.0,101.0,2.0,0.915810939779251,0.0,0.07400707873312762,0.09896856406718743,0.0,0.0
24,6721847,6747847,0,98.66666666666667,1.1426091000668408,96.0,101.0,3.0,0.7518094115561123,0.0,0.07923208286587448,0.11010044136949478,0.0,0.0
24,6726847,6747847,0,98.47619047619048,1.051939144494025,96.0,100.0,2.0,0.6324555320336759,0.0,0.08018701132519275,0.11648477666331057,0.0,0.0
24,6734847,6747847,0,98.07142857142857,1.0326308782000686,96.0,100.0,2.0,0.6793662204867574,0.0,0.09637525095389986,0.1379634295467124,0.0,0.0
24,6742847,6747847,0,97.16666666666667,0.6871842709362768,96.0,98.0,0.0,0.8944271909999159,0.0,0.1256141703165556,0.1984356210115672,0.0,0.0
24,7496275,7532293,1,89.0,2.5495097567963922,86.0,92.0,5.0,3.0,0.0,0.017485211476301925,0.01406742585065999,0.0,0.0
24,7521428,7544293,1,85.0,1.5811388300841898,83.0,87.0,4.0,1.4142135623730951,0.0,0.03054569705387241,0.022729579467879343,0.0,0.0
24,7521428,7554293,1,81.33333333333333,2.8087165910587863,79.0,87.0,8.0,1.1281521496355325,0.0,0.052474992988497525,0.04366421812559488,0.0,0.0
24,7521428,7562293,1,81.55,2.2688102609076854,79.0,87.0,5.0,1.0,0.0,0.09350082463902878,0.11700882921668151,0.0,0.0
24,7532293,7567293,1,80.8695652173913,2.070587982572288,77.0,86.0,9.0,1.0660035817780522,0.0,0.08911400166226359,0.11078967457745793,0.0,0.0
24,7543293,7567293,1,80.63636363636364,1.7976109030259262,77.0,84.0,7.0,1.0,0.0,0.09312512325194972,0.1116343489531888,0.0,0.0
24,7543293,7586293,1,80.8,1.7663521732655696,77.0,84.0,3.0,1.567907310185565,0.041666666666666664,0.08730310398073976,0.10651347967574099,0.0,0.0
24,7550293,7594293,1,80.5,1.632993161855452,77.0,83.0,1.0,1.681096950363583,0.043478260869565216,0.09353945208092662,0.11180110862962964,0.0,0.0
24,7558293,7602293,1,81.65217391304348,2.03467112292132,77.0,85.0,0.0,1.7837651700316894,0.045454545454545456,0.1178661579299552,0.13198115890924647,0.0,0.0
24,7566293,7603293,1,81.58823529411765,2.276706174160427,77.0,85.0,4.0,2.0,0.0625,0.10043400121659019,0.10485756350327884,0.0,0.0
24,7583293,7603293,1,82.13333333333334,1.8208667044996885,79.0,85.0,1.0,1.3887301496588271,0.0,0.10463816399158654,0.10984618253057771,0.0,0.0
24,7583293,7603293,1,82.13333333333334,1.8208667044996885,79.0,85.0,1.0,1.3887301496588271,0.0,0.10463816399158654,0.10984618253057771,0.0,0.0
24,7591293,7603293,1,82.45454545454545,1.8272501129310708,79.0,85.0,1.0,1.3038404810405297,0.0,0.12829740303742104,0.11845748196072614,0.0,0.0
24,7598293,7603293,1,83.6,1.2,82.0,85.0,3.0,1.118033988749895,0.0,0.13714687224060745,0.15377281301695084,0.0,0.0
24,8892632,8894638,0,93.75,0.82915619758885,93.0,95.0,2.0,0.816496580927726,0.0,0.15655849553710943,0.10631452911149418,0.0,0.0
24,8892632,8894638,0,93.75,0.82915619758885,93.0,95.0,2.0,0.816496580927726,0.0,0.15655849553710943,0.10631452911149418,0.0,0.0
24,8892632,8894638,0,93.75,0.82915619758885,93.0,95.0,2.0,0.816496580927726,0.0,0.15655849553710943,0.10631452911149418,0.0,0.0
24,8892632,8921756,0,88.0909090909091,4.58167387940151,82.0,95.0,6.0,4.266145801540309,0.1,0.0740092423237187,0.08990042470518884,0.0,0.0
24,8892632,8921756,0,88.0909090909091,4.58167387940151,82.0,95.0,6.0,4.266145801540309,0.1,0.0740092423237187,0.08990042470518884,0.0,0.0
24,8894635,8921756,0,87.0,4.371625682868,82.0,95.0,7.0,4.756574397610112,0.125,0.0786936801197519,0.09750308905188965,0.0,0.0
25,448063,486063,1,89.80952380952381,1.219642711891971,87.0,91.0,0.0,1.0,0.0,0.15074561462491784,0.14055375715676297,0.0,0.0
25,456063,486063,1,89.6923076923077,1.3803352649943357,87.0,91.0,2.0,1.224744871391589,0.0,0.147693541838731,0.08021477614562536,0.0,0.0
25,464063,486063,1,89.0,1.4142135623730951,87.0,91.0,2.0,1.7320508075688772,0.0,0.16826567716994964,0.09636383392017873,0.0,0.0
25,480063,516413,1,88.5,1.3228756555322954,87.0,91.0,4.0,0.7559289460184544,0.0,0.17667754958383114,0.08958470497712395,0.0,0.0
25,480063,524413,1,87.42857142857143,1.7202277969703277,85.0,91.0,3.0,1.0741723110591492,0.0,0.14099521735209172,0.13377573062176462,0.0,0.0
25,512413,532413,1,86.89473684210526,0.911605688194146,85.0,88.0,1.0,0.9128709291752769,0.0,0.10116465686637738,0.11542909561009453,0.0,0.0
25,512413,536413,1,86.95652173913044,0.8586268547013695,85.0,88.0,0.0,0.8528028654224418,0.0,0.0883901002236754,0.1087816654165759,0.0,0.0
25,512413,548413,1,87.37931034482759,1.1269058371288407,85.0,89.0,1.0,0.7791937224739796,0.0,0.07577777775506986,0.10074648209631808,0.0,0.0
25,512413,556413,1,87.5945945945946,1.2183165048199613,85.0,90.0,1.0,0.7637626158259734,0.0,0.0642546946163619,0.09235408641060901,0.0,0.0
25,520413,560413,1,87.6969696969697,1.1930314960623956,85.0,90.0,3.0,0.770551750371122,0.0,0.033502248551423995,0.04293806074534299,0.0,0.0
25,528413,560413,1,87.96296296296296,1.0357134410451527,87.0,90.0,1.0,0.5883484054145521,0.0,0.02826982750994238,0.028022650255153474,0.0,0.0
25,536413,560413,1,88.3157894736842,1.0286747518785297,87.0,90.0,0.0,0.5773502691896257,0.0,0.02336434910789713,0.021695595935163327,0.0,0.0
25,544413,588413,1,83.95652173913044,7.410206010570329,70.0,90.0,17.0,2.9618790104808927,0.045454545454545456,0.02457551184048542,0.024552643955468488,0.0,0.0
25,552413,596413,1,79.17391304347827,7.031928264912359,70.0,89.0,12.0,3.118857599710626,0.045454545454545456,0.04214655326923221,0.03804135418505147,0.0,0.0
25,560413,604413,1,75.8695652173913,3.992431402869216,70.0,88.0,8.0,3.147870853305597,0.045454545454545456,0.10667752950843808,0.11036311698331079,0.0,0.0
25,583413,611413,1,75.44827586206897,2.749121576275138,70.0,80.0,1.0,1.5236235005501102,0.0,0.11306776027293983,0.10749013306950751,0.0,0.0
25,583413,611413,1,75.44827586206897,2.749121576275138,70.0,80.0,1.0,1.5236235005501102,0.0,0.11306776027293983,0.10749013306950751,0.0,0.0
25,584413,611413,1,75.46428571428571,2.796453657979064,70.0,80.0,4.0,1.4401645996461911,0.0,0.1170754055062091,0.10724271896952237,0.0,0.0
25,592413,611413,1,77.05,1.2439855304624727,75.0,80.0,2.0,1.1239029738980326,0.0,0.14097263211984648,0.11582990538999278,0.0,0.0
25,600413,611413,1,76.75,1.479019945774904,75.0,80.0,1.0,1.381698559415515,0.0,0.15873695012730005,0.1133122499231647,0.0,0.0
25,608413,611413,1,75.25,0.4330127018922193,75.0,76.0,1.0,0.5773502691896257,0.0,0.1334315418295362,0.122565703431992,0.0,0.0
25,1185496,1202496,1,87.33333333333333,3.543381937578217,85.0,95.0,8.0,4.560701700396552,0.2,0.0969525321839828,0.03237725012076968,0.0,0.0
25,1185496,1202496,1,87.33333333333333,3.543381937578217,85.0,95.0,8.0,4.560701700396552,0.2,0.0969525321839828,0.03237725012076968,0.0,0.0
25,1185496,1202496,1,87.33333333333333,3.543381937578217,85.0,95.0,8.0,4.560701700396552,0.2,0.0969525321839828,0.03237725012076968,0.0,0.0
25,1185496,1228496,1,88.5,3.6742346141747673,85.0,95.0,3.0,4.292851200376205,0.14285714285714285,0.0917409769627261,0.029564939621604492,0.0,0.0
25,1198496,1229496,1,88.125,3.0998991919093113,85.0,92.0,7.0,2.0354009783964297,0.0,0.09004884261804547,0.03247356034764411,0.0,0.0
25,1200496,1229496,1,89.16666666666667,2.91070819942883,85.0,92.0,7.0,2.4083189157584592,0.0,0.08710523924798408,0.03345587848281056,0.0,0.0
25,1276496,1284496,1,86.55555555555556,0.9558139185602919,85.0,88.0,2.0,1.0,0.0,0.021937937161015827,0.008464504697172151,0.0,0.0
25,1276496,1292496,1,86.05882352941177,0.9374927912064251,85.0,88.0,2.0,0.7905694150420949,0.0,0.019468975072095548,0.011784852799092247,0.0,0.0
25,1276496,1300496,1,85.94444444444444,1.0258991840344105,84.0,88.0,4.0,0.9074852129730301,0.0,0.018454927803865453,0.012192128957449318,0.0,0.0
25,1276496,1307496,1,85.28,1.4005713120009278,83.0,88.0,5.0,0.8416254115301732,0.0,0.018508446162061466,0.01258975093259383,0.0,0.0
25,1276496,1310496,1,85.23076923076923,1.3952582420936195,83.0,88.0,4.0,0.848528137423857,0.0,0.018028269800870245,0.012576559061051646,0.0,0.0
25,1280496,1310496,1,84.95454545454545,1.2239010925305691,83.0,87.0,2.0,0.7559289460184544,0.0,0.016699317266087713,0.012915240365618516,0.0,0.0
25,1288496,1310496,1,84.42857142857143,1.1157499537009505,83.0,86.0,1.0,0.8320502943378437,0.0,0.017809345428015922,0.014414949893670398,0.0,0.0
25,1300496,1310496,1,83.66666666666667,0.4714045207910317,83.0,84.0,0.0,0.7071067811865476,0.0,0.01530693762188912,0.013537898908833487,0.0,0.0
25,1304496,1310496,1,83.6,0.4898979485566356,83.0,84.0,0.0,0.7071067811865476,0.0,0.015399435109551125,0.010315189749181082,0.0,0.0
25,6464206,6476197,0,105.8,0.7483314773547882,105.0,107.0,0.0,1.224744871391589,0.0,0.037224666099372826,0.0491641347427639,0.0,0.0
25,6464206,6479197,0,105.75,0.6614378277661477,105.0,107.0,1.0,1.0,0.0,0.02696401336256843,0.04115591648828711,0.0,0.0
25,6464206,6479197,0,105.75,0.6614378277661477,105.0,107.0,1.0,1.0,0.0,0.02696401336256843,0.04115591648828711,0.0,0.0
25,6464206,6479197,0,105.75,0.6614378277661477,105.0,107.0,1.0,1.0,0.0,0.02696401336256843,0.04115591648828711,0.0,0.0
25,6464206,6479197,0,105.75,0.6614378277661477,105.0,107.0,1.0,1.0,0.0,0.02696401336256843,0.04115591648828711,0.0,0.0
25,6473197,6479197,0,106.0,0.6324555320336759,105.0,107.0,2.0,0.7071067811865476,0.0,0.01451925346562038,0.010568708085648292,0.0,0.0
25,6525197,6532197,0,92.0,1.5811388300841898,90.0,94.0,2.0,2.449489742783178,0.0,0.011239819729444035,0.006653793642537047,0.0,0.0
25,6525197,6533197,0,92.4,1.624807680927192,90.0,94.0,3.0,2.179449471770337,0.0,0.023956451269520708,0.026120284201636562,0.0,0.0
25,6525197,6542197,0,91.33333333333333,2.808716591058786,86.0,94.0,5.0,4.0743097574926725,0.2,0.03600960583823328,0.035985419004530214,0.0,0.0
25,6525197,6542197,0,91.33333333333333,2.808716591058786,86.0,94.0,5.0,4.0743097574926725,0.2,0.03600960583823328,0.035985419004530214,0.0,0.0
25,6525197,6542197,0,91.33333333333333,2.808716591058786,86.0,94.0,5.0,4.0743097574926725,0.2,0.03600960583823328,0.035985419004530214,0.0,0.0
25,6531197,6567197,0,94.0,5.403702434442518,86.0,103.0,9.0,9.420721840708387,0.5,0.09816898233716861,0.09853570210730234,0.0,0.0
25,6567197,6595197,0,96.8,3.815756805667782,91.0,103.0,12.0,3.9370039370059056,0.25,0.14908633694818468,0.11573683298842578,0.0,0.0
25,6567197,6598197,0,96.66666666666667,3.4960294939005054,91.0,103.0,7.0,4.171330722922842,0.2,0.14972012009542554,0.10566229458616856,0.0,0.0
25,6585197,6612197,0,97.0,4.123105625617661,91.0,105.0,8.0,5.138093031466052,0.2,0.14260837138822732,0.09742983881858627,0.0,0.0
25,6585197,6613197,0,98.14285714285714,4.733726150223111,91.0,105.0,8.0,4.69041575982343,0.16666666666666666,0.14458653282294878,0.09033255393670231,0.0,0.0
25,6585197,6613197,0,98.14285714285714,4.733726150223111,91.0,105.0,8.0,4.69041575982343,0.16666666666666666,0.14458653282294878,0.09033255393670231,0.0,0.0
25,6595197,6613197,0,99.25,6.015604707757983,91.0,105.0,14.0,5.94418483337567,0.3333333333333333,0.20805284076248146,0.05506945089035751,0.0,0.0
26,5976368,6021080,1,94.54285714285714,4.8067979073858496,85.0,100.0,13.0,1.0981267472114393,0.0,0.04069649469664916,0.06580237168865873,0.0,0.0
26,5986080,6029080,1,92.77777777777777,5.022787578798092,85.0,100.0,10.0,1.0419761445034554,0.0,0.04638782073081894,0.06073938949332176,0.0,0.0
26,5993080,6035080,1,91.09677419354838,4.002860579632919,85.0,98.0,5.0,1.3291601358251257,0.0,0.06182809765114347,0.0655118280737018,0.0,0.0
26,6001080,6042080,1,90.5,3.755947664324259,85.0,98.0,4.0,1.4142135623730951,0.0,0.329093658501537,0.5717079654953855,0.0,0.0
26,6014080,6042080,1,89.8695652173913,3.859537568899504,85.0,98.0,8.0,1.4142135623730951,0.0,0.3769362366397823,0.6192262367457587,0.0,0.0
26,6017080,6042080,1,90.1,4.060788100849391,85.0,98.0,12.0,1.4142135623730951,0.0,0.43168924306355627,0.6465050827685799,0.0,0.0
26,6025080,6042080,1,92.5,3.476108935769035,88.0,98.0,10.0,1.651445647689541,0.0,0.6754370100355948,0.739343651372886,0.0,0.0
26,6035080,6042080,1,95.66666666666667,1.7950549357115013,93.0,98.0,5.0,1.1832159566199232,0.0,1.263890510010733,0.6291097385829745,0.0,0.0
26,6087080,6093080,1,123.57142857142857,0.7284313590846836,123.0,125.0,2.0,0.5773502691896257,0.0,0.012008327493205202,0.010673117183070178,0.0,0.0
26,6087080,6101080,1,123.53333333333333,1.4544949486180951,120.0,125.0,3.0,0.8017837257372732,0.0,0.012255511612757907,0.01115717905631861,0.0,0.0
26,6087080,6109080,1,118.65217391304348,7.334307090072884,104.0,125.0,19.0,1.4616304718921387,0.0,0.02819767843793924,0.04534215806540968,0.0,0.0
26,6087080,6116085,1,114.3,10.185447134678641,99.0,125.0,24.0,1.364576478442026,0.0,0.03370046388891898,0.05121513515413218,0.0,0.0
26,6087080,6124630,1,110.5,11.68388453788965,95.0,125.0,28.0,1.2520253861514021,0.0,0.04133048745131756,0.05353339495377158,0.0,0.0
26,6089080,6132630,1,107.25,11.828557508304751,95.0,125.0,26.0,1.2199885626608373,0.0,0.04066285893852088,0.05028750083596286,0.0,0.0
26,6097080,6140630,1,102.4090909090909,8.983110874955042,95.0,125.0,27.0,1.2104198771788934,0.0,0.05187490017012859,0.055303779231173265,0.0,0.0
26,6105080,6148630,1,98.45454545454545,3.2645098856319046,95.0,109.0,11.0,0.7624928516630234,0.0,0.13356696227925857,0.23561780300988555,0.0,0.0
27,2507324,2551351,0,70.13636363636364,3.415146137502152,65.0,75.0,5.0,0.7924058156930615,0.0,0.0035341705540576944,0.002613098040076519,0.0,0.0
27,2515357,2559351,0,69.72727272727273,3.459924042542738,65.0,75.0,2.0,0.8352690695845568,0.0,0.0028389399311044743,0.001753529227706815,0.0,0.0
27,2523351,2567351,0,68.6,3.006659275674582,65.0,75.0,10.0,0.8528028654224418,0.0,0.0031335925289671285,0.0017334205979721068,0.0,0.0
27,2531351,2575351,0,66.55555555555556,2.6124110239441056,61.0,71.0,10.0,0.8528028654224418,0.0,0.0029822645562816693,0.0017893451182934526,0.0,0.0
27,2539351,2583351,0,65.28888888888889,2.9786068497591454,61.0,70.0,6.0,0.7385489458759964,0.0,0.002845342044285412,0.0016872116148285421,0.0,0.0
27,2547351,2591351,0,64.4,3.0724582991474434,61.0,70.0,2.0,0.6396021490668313,0.0,0.0026796754904567046,0.0015693731580463468,0.0,0.0
27,2555351,2599351,0,64.15555555555555,2.95864500184013,61.0,70.0,3.0,0.621581560508061,0.0,0.0024354610833995484,0.0014490600863909036,0.0,0.0
27,2563351,2607351,0,64.0,2.7406406388125952,61.0,70.0,2.0,0.6396021490668313,0.0,0.002286697606609571,0.001465919227556046,0.0,0.0
27,2571351,2615351,0,64.68888888888888,3.3321479373736107,61.0,70.0,6.0,0.5640760748177662,0.0,0.0022193036720807827,0.0014214655917728456,0.0,0.0
27,2579351,2623351,0,65.4888888888889,3.030381143774362,61.0,70.0,2.0,0.6030226891555273,0.0,0.0020706609128773273,0.0013880641156163121,0.0,0.0
27,2587351,2631351,0,66.06666666666666,2.4166091947189146,62.0,70.0,3.0,0.5838742081211422,0.0,0.001967732042055272,0.001426379233819902,0.0,0.0
27,2595351,2639351,0,66.75555555555556,1.8756398085341508,64.0,70.0,2.0,0.5640760748177662,0.0,0.0019610248223512717,0.001520474841463077,0.0,0.0
27,2603351,2647351,0,66.95555555555555,1.775832268800627,64.0,70.0,1.0,0.5,0.0,0.0021009683420996177,0.0015631271789464025,0.0,0.0
27,2611351,2655351,0,66.62222222222222,1.3870654697179763,64.0,69.0,1.0,0.5,0.0,0.0023749246398096415,0.0016727513750656243,0.0,0.0
27,2619351,2663351,0,66.44444444444444,1.2212117034696968,64.0,68.0,1.0,0.5,0.0,0.0021302021583433474,0.0016641203328011116,0.0,0.0
27,2627351,2671351,0,66.71111111111111,0.9097550884648319,64.0,68.0,2.0,0.4767312946227962,0.0,0.002229388374689455,0.0017950101527456725,0.0,0.0
27,2635351,2679351,0,66.71111111111111,0.8595146491472762,65.0,68.0,2.0,0.4264014327112209,0.0,0.002592687825627101,0.0018322713006271734,0.0,0.0
27,2643351,2686351,0,66.56818181818181,0.9144727063059411,65.0,68.0,1.0,0.5057805388588732,0.0,0.0025794193296835976,0.0018974747606755723,0.0,0.0
27,2651351,2686351,0,66.44444444444444,0.955813918560292,65.0,68.0,1.0,0.50709255283711,0.0,0.0024291321401668526,0.0019232825189785447,0.0,0.0
27,2659351,2686351,0,66.07142857142857,0.7034898429854359,65.0,67.0,1.0,0.5091750772173156,0.0,0.0024442541732316516,0.002047823856591889,0.0,0.0
27,2667351,2686351,0,65.8,0.6,65.0,67.0,0.0,0.45883146774112354,0.0,0.0027711616955405994,0.001983850500888112,0.0,0.0
27,2675351,2686351,0,65.66666666666667,0.7453559924999299,65.0,67.0,1.0,0.5222329678670935,0.0,0.0028684205731882013,0.0020922287522935467,0.0,0.0
27,2683351,2686351,0,66.5,0.5,66.0,67.0,1.0,0.5773502691896257,0.0,0.0035930158792725738,0.002436516037358207,0.0,0.0
27,3209855,3215880,0,67.57142857142857,0.4948716593053935,67.0,68.0,0.0,0.5773502691896257,0.0,0.010059990041839535,0.006647060168674756,0.0,0.0
27,3209855,3224265,0,69.53333333333333,2.3626726862225804,67.0,74.0,6.0,0.7559289460184544,0.0,0.007535070115417749,0.006407664885713804,0.0,0.0
27,3209855,3232265,0,71.43478260869566,3.2413910990636174,67.0,76.0,7.0,0.7071067811865476,0.0,0.013936888623817213,0.029113294147374257,0.0,0.0
27,3209855,3240265,0,72.6774193548387,3.6842042671662543,67.0,80.0,12.0,0.9660917830792959,0.0,0.02994847132630636,0.09120987389916146,0.0,0.0
27,3209855,3248265,0,73.82051282051282,4.03110848706048,67.0,80.0,8.0,0.9176629354822471,0.0,0.024256744949009378,0.08208985749160834,0.0,0.0
27,3211869,3256265,0,74.0,3.6147844564602556,67.0,80.0,4.0,0.9293203772845852,0.0,0.021483419027149245,0.07675115689621573,0.0,0.0
27,3219890,3264265,0,73.95555555555555,3.693571325398018,67.0,80.0,4.0,0.9293203772845852,0.0,0.020523855184712236,0.07687428909664444,0.0,0.0
27,3228265,3272265,0,73.0,4.3256341860022225,67.0,80.0,7.0,0.917010954628728,0.0,0.020495245468153536,0.07688047323796726,0.0,0.0
27,3236265,3280265,0,71.73333333333333,4.6542692468552165,67.0,80.0,9.0,0.8393720596645177,0.0,0.004261914395432573,0.0036978583901258193,0.0,0.0
27,3244265,3288265,0,69.71111111111111,3.6247434988008145,67.0,79.0,12.0,0.6396021490668313,0.0,0.00438762528407446,0.005763860234788932,0.0,0.0
27,3252265,3296290,0,68.33333333333333,1.7511900715418265,67.0,74.0,4.0,0.6030226891555273,0.0,0.005624288475378305,0.006222662521439977,0.0,0.0
27,3260265,3303592,0,68.56818181818181,2.2197228253742862,67.0,76.0,9.0,0.5906244232186183,0.0,0.01416768039651169,0.032251590050786184,0.0,0.0
27,3268265,3311592,0,70.0909090909091,3.3899462439971053,67.0,77.0,7.0,0.6647258571142536,0.0,0.017376615972982255,0.0320848518397219,0.0,0.0
27,3276265,3319592,0,71.45454545454545,3.83438121981148,67.0,77.0,5.0,0.7624928516630234,0.0,0.018623138900893395,0.031801724458509414,0.0,0.0
27,3284265,3327592,0,72.02272727272727,3.4011270616159286,67.0,77.0,5.0,0.9021937088963173,0.0,0.02303301274568093,0.032176519771121966,0.0,0.0
27,3292274,3335592,0,72.8409090909091,2.5756127410260135,69.0,77.0,4.0,0.914991421995628,0.0,0.026884820702683786,0.03373453347022741,0.0,0.0
27,3299592,3343592,0,74.13333333333334,2.8252826800556123,69.0,80.0,8.0,0.9770084209183945,0.0,0.028545959037111438,0.03738606402394199,0.0,0.0
27,3307592,3351592,0,74.91111111111111,3.3719247534916725,69.0,80.0,3.0,0.9414688716912718,0.0,0.0361840588559688,0.07055401671289442,0.0,0.0
27,3315592,3359592,0,75.53333333333333,3.6974465663632134,69.0,80.0,1.0,0.8918825850158447,0.0,0.03611800356643409,0.07123947571547695,0.0,0.0
27,3323592,3367592,0,76.53333333333333,3.5565276448931047,69.0,80.0,9.0,0.7833494518006403,0.0,0.03300294516302491,0.07162672524151505,0.0,0.0
27,3331592,3375592,0,76.62222222222222,3.616559991599684,68.0,80.0,3.0,0.9653072991634227,0.0,0.030947211697251006,0.0720988162043325,0.0,0.0
27,3339592,3383592,0,75.4,5.208539995899896,65.0,80.0,11.0,0.9414688716912718,0.0,0.026932171330897346,0.07004610171604697,0.0,0.0
27,3347592,3388592,0,74.0,5.433581647846062,65.0,80.0,8.0,0.9877295966495896,0.0,0.0234646660129287,0.06713643714680234,0.0,0.0
27,3355592,3388592,0,72.79411764705883,5.3675463326568496,65.0,80.0,8.0,1.0730867399773196,0.0,0.011956903437344242,0.01966450057542564,0.0,0.0
27,3363592,3388592,0,71.0,4.891122255993702,65.0,80.0,9.0,1.1832159566199232,0.0,0.010733369676028852,0.017040677363142152,0.0,0.0
27,3371592,3388592,0,68.05555555555556,1.7786456215091246,65.0,71.0,1.0,0.9393364366277243,0.0,0.013920480354633046,0.019610765419674252,0.0,0.0
27,3379592,3388592,0,67.5,2.0615528128088303,65.0,71.0,5.0,1.0,0.0,0.01486606888186125,0.024139359772046117,0.0,0.0
27,4764098,4768121,0,76.2,0.4,76.0,77.0,0.0,0.7071067811865476,0.0,0.040027959950778604,0.04777306389910155,0.0,0.0
27,4764098,4776007,0,75.66666666666667,0.6236095644623235,75.0,77.0,1.0,0.674199862463242,0.0,0.03166161396076033,0.03917943810668664,0.0,0.0
27,4764098,4784007,0,75.0,1.0954451150103321,73.0,77.0,3.0,0.6069769786668839,0.0,0.0711633942534397,0.11601955064251852,0.0,0.0
27,4764098,4792007,0,75.64285714285714,1.8168710488538433,73.0,81.0,5.0,0.7934920476158722,0.0,0.07077820445709328,0.10717955565777905,0.0,0.0
27,4764098,4800007,0,76.36111111111111,2.335151408103002,73.0,81.0,0.0,0.8944271909999159,0.0,0.06410143854461442,0.09611972583236128,0.0,0.0
27,4764098,4808007,0,76.43181818181819,2.136242743194518,73.0,81.0,0.0,0.8626621856275073,0.0,0.05604984111098909,0.08886602455729324,0.0,0.0
27,4772007,4816007,0,76.31111111111112,2.1480970619723685,73.0,81.0,1.0,0.8118441408859887,0.0,0.06402085362583955,0.09803987938465387,0.0,0.0
27,4780007,4824007,0,76.31111111111112,2.2392679579841093,73.0,81.0,5.0,0.9653072991634227,0.0,0.06636211287831159,0.07611587173905075,0.0,0.0
27,4788007,4832007,0,77.24444444444444,2.1721014459177606,74.0,81.0,1.0,1.0975178606954215,0.0,0.07311440582179693,0.08064582871097745,0.0,0.0
27,4796007,4840007,0,75.97777777777777,2.6540442003259765,69.0,81.0,10.0,1.2060453783110545,0.0,0.07123004381140571,0.07765212376797771,0.0,0.0
27,4804007,4848007,0,74.82222222222222,3.1076170855845935,69.0,81.0,8.0,1.1281521496355325,0.0,0.08306011216660378,0.08145060919204927,0.0,0.0
27,4812007,4856007,0,73.77777777777777,3.4825845376283975,68.0,81.0,4.0,1.243163121016122,0.0,0.08767791047670966,0.08102632516472252,0.0,0.0
27,4820007,4864007,0,73.33333333333333,3.5213633723318014,68.0,81.0,1.0,1.270289873862011,0.0,0.07378792853811222,0.06087367792258717,0.0,0.0
27,4828007,4872007,0,72.68888888888888,3.031847417900858,68.0,81.0,3.0,1.2339883600452934,0.0,0.07852727625960894,0.06453965137795604,0.0,0.0
27,4836007,4880007,0,72.66666666666667,2.859681411936962,68.0,79.0,6.0,1.044465935734187,0.0,0.07349482189650258,0.06012880455554975,0.0,0.0
27,4844007,4888007,0,74.11111111111111,3.6831280318182578,68.0,80.0,8.0,0.9770084209183945,0.0,0.06381010352610968,0.054424801665920626,0.0,0.0
27,4852007,4896007,0,75.93333333333334,3.64783040541452,70.0,81.0,7.0,0.8660254037844386,0.0,0.05078575241076129,0.04690528995696177,0.0,0.0
27,4860007,4904007,0,77.04444444444445,2.804405704962228,71.0,81.0,5.0,0.8118441408859887,0.0,0.05352927666944861,0.04675841320996823,0.0,0.0
27,4868007,4912007,0,77.6,2.235073948565361,71.0,81.0,5.0,0.8918825850158447,0.0,0.04552879539146666,0.04685448315826829,0.0,0.0
27,4876007,4920007,0,77.84444444444445,1.8006857404340353,74.0,81.0,3.0,0.8118441408859887,0.0,0.03395640748788757,0.039987631569631386,0.0,0.0
27,4884007,4928007,0,76.57777777777778,3.0658614079634305,70.0,81.0,10.0,0.9293203772845852,0.0,0.029766068087508105,0.04007216913735667,0.0,0.0
27,4892007,4936017,0,74.91111111111111,3.3587181564282806,70.0,81.0,9.0,0.917010954628728,0.0,0.027182668689831265,0.04056809095615654,0.0,0.0
27,4900007,4943037,0,73.25,3.0085106553968464,69.0,78.0,8.0,0.8892118276421005,0.0,0.023217933268946014,0.040846933090959575,0.0,0.0
27,4908007,4943037,0,72.61111111111111,2.9559523543162283,69.0,78.0,6.0,0.8618916073713346,0.0,0.018373140207018114,0.04166489949188158,0.0,0.0
27,4916007,4943037,0,71.39285714285714,2.0931740374418006,69.0,77.0,8.0,0.8606629658238704,0.0,0.008584361498723454,0.01035195883457254,0.0,0.0
27,4924007,4943037,0,70.4,0.7999999999999999,69.0,72.0,2.0,0.5619514869490163,0.0,0.010375745761450967,0.011634733385226725,0.0,0.0
27,4932007,4943037,0,70.16666666666667,0.6871842709362768,69.0,71.0,1.0,0.5222329678670935,0.0,0.006498405447586585,0.003083748062542089,0.0,0.0
27,4940028,4943037,0,69.5,0.5,69.0,70.0,1.0,0.5773502691896257,0.0,0.0077253195457608935,0.0024149609530389124,0.0,0.0
27,6509377,6519959,0,81.36363636363636,1.9666643320712667,79.0,85.0,5.0,0.9486832980505138,0.0,0.07203711357916191,0.08268901404516996,0.0,0.0
27,6509377,6527959,0,83.78947368421052,3.253806634962891,79.0,88.0,8.0,0.816496580927726,0.0,0.0899437167343117,0.07864943328666467,0.0,0.0
27,6509377,6535959,0,84.81481481481481,3.17440034625424,79.0,88.0,6.0,0.7844645405527362,0.0,0.08573949534738771,0.0755409769793709,0.0,0.0
27,6509377,6543959,0,84.94285714285714,2.807569942065885,79.0,88.0,5.0,0.7071067811865476,0.0,0.10376717359964864,0.09732200185145023,0.0,0.0
27,6509377,6551959,0,84.72093023255815,2.581919075302627,79.0,88.0,4.0,0.6900655593423543,0.0,0.10985364028469329,0.10111837406746577,0.0,0.0
27,6515959,6559959,0,85.28888888888889,1.707788982830298,81.0,88.0,3.0,0.6571287406727709,0.0,0.1099677229687257,0.09857896064853196,0.0,0.0
27,6523959,6567959,0,85.24444444444444,1.5514230822850719,83.0,88.0,2.0,0.5640760748177662,0.0,0.1089935195701883,0.09449405681721838,0.0,0.0
27,6531959,6575959,0,84.66666666666667,1.1547005383792515,83.0,88.0,4.0,0.5222329678670935,0.0,0.1145853314418074,0.09788299080146616,0.0,0.0
27,6539959,6583959,0,84.35555555555555,0.6378977819736589,83.0,86.0,0.0,0.5222329678670935,0.0,0.12199800136486502,0.09773873338683783,0.0,0.0
27,6547959,6586959,0,84.525,0.9483538369195328,83.0,88.0,5.0,0.6979824404521128,0.0,0.10362596338816055,0.08133743162666472,0.0,0.0
27,6555959,6586959,0,84.625,0.9921567416492215,83.0,88.0,4.0,0.7184212081070996,0.0,0.10484595585135406,0.07195928530312536,0.0,0.0
27,6563959,6605959,0,85.65517241379311,2.0889836180497876,83.0,91.0,5.0,0.9819805060619657,0.0,0.09805731522502456,0.06975874359379568,0.0,0.0
27,6571959,6605959,0,86.14285714285714,2.231499907401901,84.0,91.0,4.0,1.0954451150103321,0.0,0.09434865444727646,0.07280523395234945,0.0,0.0
27,6579959,6623961,0,85.35,3.1666228067138023,81.0,91.0,4.0,1.8064212949190015,0.05263157894736842,0.08221959679165124,0.06937770056651957,0.0,0.0
27,6601959,6632035,0,83.55,3.5563323804166567,81.0,91.0,10.0,1.5217718205053643,0.05263157894736842,0.06221976727769594,0.07185931468808238,0.0,0.0
27,6601959,6640035,0,82.14285714285714,3.7958086444532633,77.0,91.0,14.0,1.3333333333333333,0.037037037037037035,0.055924424195284095,0.06244007378302588,0.0,0.0
27,6603959,6648046,0,80.47058823529412,3.3187107181027136,76.0,90.0,14.0,1.2309149097933274,0.030303030303030304,0.05030979136410352,0.06137740620913614,0.0,0.0
27,6617959,6656262,0,78.56410256410257,2.862622715272382,73.0,82.0,6.0,0.7254762501100116,0.0,0.059843841842459805,0.0729173961894294,0.0,0.0
27,6619959,6664262,0,77.91111111111111,2.755376338258006,73.0,82.0,6.0,0.7071067811865476,0.0,0.051340147460242826,0.06311201553609658,0.0,0.0
27,6628035,6671262,0,76.5909090909091,2.561233561269238,73.0,82.0,9.0,0.6988362419217079,0.0,0.0434659682090105,0.05330311222501129,0.0,0.0
27,6636035,6680262,0,75.6590909090909,1.5946384859354317,73.0,79.0,2.0,0.7152816976385906,0.0,0.044442572381215885,0.05434918279396809,0.0,0.0
27,6644042,6688262,0,75.79069767441861,1.9714018095369992,73.0,81.0,3.0,0.8017837257372732,0.0,0.04384338792350791,0.054605702778967584,0.0,0.0
27,6652262,6689262,0,75.86111111111111,2.1493251883863684,73.0,81.0,7.0,0.8106434833777776,0.0,0.04257944184213728,0.052326406105266426,0.0,0.0
27,6660262,6689262,0,76.17857142857143,2.2528326839871657,73.0,81.0,4.0,0.769800358919501,0.0,0.02734933618532784,0.022620377237516573,0.0,0.0
27,6668262,6689262,0,76.45,2.5782746168707473,73.0,81.0,7.0,0.8271701918685112,0.0,0.03137825952503729,0.024510481148115895,0.0,0.0
27,6676262,6689262,0,77.92307692307692,1.8998598515736105,76.0,81.0,4.0,0.9128709291752769,0.0,0.032923154223018926,0.02656274195332528,0.0,0.0
27,6685262,6689262,0,80.2,0.7483314773547882,79.0,81.0,1.0,0.8660254037844386,0.0,0.028994168196165588,0.02059648297620836,0.0,0.0
27,7918610,7928108,0,75.2,0.6,74.0,76.0,2.0,0.6666666666666666,0.0,0.055287133571983525,0.0743509162034715,0.0,0.0
27,7918610,7936108,0,74.88888888888889,0.6573421981221795,74.0,76.0,1.0,0.7276068751089989,0.0,0.063951053707555,0.0737057571315763,0.0,0.0
27,7918610,7944108,0,75.26923076923077,1.093958665640607,74.0,79.0,5.0,0.8246211251235321,0.0,0.06067327169230434,0.0624255620894682,0.0,0.0
27,7918610,7952108,0,75.41176470588235,1.3529411764705883,73.0,79.0,1.0,0.8348471099367218,0.0,0.050434469862818763,0.057853550770456445,0.0,0.0
27,7918610,7960108,0,75.0,1.5735915849388864,72.0,79.0,1.0,0.8115026712006891,0.0,0.050430082219474474,0.05773674354680392,0.0,0.0
27,7924108,7968108,0,75.28888888888889,1.746389573723422,72.0,79.0,1.0,0.917010954628728,0.0,0.04680920459024104,0.04678413629645603,0.0,0.0
27,7932108,7976108,0,75.15555555555555,1.8006857404340353,72.0,79.0,0.0,0.9770084209183945,0.0,0.038993802735790936,0.03396967612666971,0.0,0.0
27,7940108,7984108,0,75.11111111111111,1.8039736660091028,72.0,79.0,1.0,0.9653072991634227,0.0,0.03505671925281262,0.034647806852574604,0.0,0.0
27,7948108,7992108,0,74.66666666666667,1.534781924429512,72.0,79.0,0.0,1.044465935734187,0.0,0.042590056738371865,0.07091653327823152,0.0,0.0
27,7956108,8000108,0,74.64444444444445,1.5370325747369409,71.0,79.0,2.0,1.1481209945740989,0.0,0.04458179627922198,0.07158429414181187,0.0,0.0
27,7964108,8008108,0,74.88888888888889,1.5523777063620425,71.0,79.0,1.0,1.0975178606954215,0.0,0.043881521464952875,0.06864248325935501,0.0,0.0
27,7972108,8016111,0,75.2,1.6944353369518446,71.0,78.0,5.0,0.9885710532241612,0.0,0.04981126202998797,0.075963114466144,0.0,0.0
27,7980108,8024178,0,75.4047619047619,1.7736097682346375,71.0,78.0,1.0,1.0,0.0,0.0529696882485569,0.07824062473223839,0.0,0.0
27,7988108,8032178,0,76.07142857142857,1.9197328328858323,71.0,80.0,6.0,1.0121216546949479,0.0,0.05712413062303047,0.07747858204970344,0.0,0.0
27,7996108,8040178,0,76.73809523809524,2.138752682885226,71.0,80.0,6.0,0.8553989227683015,0.0,0.0489356189333267,0.04595814712607067,0.0,0.0
27,8004108,8048178,0,77.38095238095238,1.430157849302972,75.0,80.0,1.0,0.7489830503797116,0.0,0.04190799078639653,0.046952386922236605,0.0,0.0
27,8012108,8056178,0,76.88095238095238,1.9049107084732964,73.0,80.0,3.0,0.7808688094430303,0.0,0.03896852981162498,0.04621667952423813,0.0,0.0
27,8023178,8064178,0,76.42857142857143,1.9897697538834458,73.0,80.0,1.0,0.8115026712006891,0.0,0.031105406134389765,0.03504373333802133,0.0,0.0
27,8028178,8072178,0,76.77777777777777,1.953787079140735,73.0,80.0,0.0,0.7687061147858074,0.0,0.029053919522171925,0.03280007737863553,0.0,0.0
27,8036178,8080178,0,76.4888888888889,1.7207520606760833,73.0,79.0,1.0,0.8118441408859887,0.0,0.02732874002196208,0.03405606491981783,0.0,0.0
27,8044178,8088178,0,76.68888888888888,1.9868704842006324,73.0,80.0,2.0,0.7977240352174656,0.0,0.02784788597948002,0.0335396414548353,0.0,0.0
27,8052178,8096178,0,77.42222222222222,2.0383968525277556,74.0,81.0,7.0,0.8118441408859887,0.0,0.031057937949376547,0.03416054245737442,0.0,0.0
28,1018974,1063777,1,85.67857142857143,4.27662727114797,77.0,91.0,7.0,1.6216132799251584,0.0,0.016872939890581466,0.028036645785491976,0.0,0.0
28,1030777,1071777,1,83.7741935483871,5.586329381851649,77.0,91.0,11.0,1.224744871391589,0.0,0.023416972499958826,0.05168235872071395,0.0,0.0
28,1035777,1079777,1,81.6470588235294,4.89226492080747,77.0,91.0,11.0,1.2185435916898848,0.0,0.02470006749451507,0.049731484162595305,0.0,0.0
28,1048777,1087777,1,80.58823529411765,3.3529411764705883,77.0,87.0,2.0,1.0150384378451045,0.0,0.016080721888631046,0.0450052676979553,0.0,0.0
28,1056777,1095777,1,81.625,3.941367148591971,77.0,89.0,5.0,0.9740215340114143,0.0,0.016169717947699797,0.04239220600165784,0.0,0.0
28,1059777,1103777,1,83.08888888888889,4.902707742653701,77.0,91.0,9.0,0.8660254037844386,0.0,0.015446480362239067,0.040020819640001724,0.0,0.0
28,1067777,1111777,1,84.93333333333334,4.748801018268833,77.0,91.0,13.0,0.8118441408859887,0.0,0.015994352625569096,0.039869510591853646,0.0,0.0
28,1075777,1119777,1,86.66666666666667,3.4318767136623336,77.0,91.0,13.0,0.9414688716912718,0.0,0.012492908935084864,0.022015460093208875,0.0,0.0
28,1083777,1127777,1,88.26666666666667,1.6110727964792761,86.0,91.0,4.0,0.7977240352174656,0.0,0.018429039420757187,0.03778128475801487,0.0,0.0
28,1091777,1135777,1,88.77777777777777,1.533172294280919,86.0,92.0,2.0,0.9770084209183945,0.0,0.01756510568762119,0.03686209355597718,0.0,0.0
28,1099777,1143777,1,89.02222222222223,1.4061592906272333,86.0,92.0,0.0,0.9770084209183945,0.0,0.04348748715201064,0.12105604587753653,0.0,0.0
28,1107777,1144777,1,88.97368421052632,1.423243924525259,86.0,92.0,2.0,1.0134234194190634,0.0,0.05050267986388889,0.13051955756545924,0.0,0.0
28,1115777,1159777,1,88.97368421052632,1.459755605090386,86.0,92.0,1.0,0.944400281603035,0.0,0.05026812056261324,0.1305966274917466,0.0,0.0
28,1123777,1167777,1,88.57894736842105,1.64846944877535,86.0,92.0,1.0,0.8853156407653622,0.0,0.0461874747895118,0.13051458434135257,0.0,0.0
28,1131777,1175777,1,88.13157894736842,1.4898084057598067,86.0,91.0,3.0,0.8219949365267865,0.0,0.03750792075442072,0.12775305203901155,0.0,0.0
28,1139777,1183777,1,88.13157894736842,1.398703396412454,86.0,91.0,1.0,0.677834389404565,0.0,0.03772826042409779,0.12774814341381768,0.0,0.0
28,1152777,1189777,1,88.21052631578948,1.5416651069344007,86.0,92.0,0.0,0.8382736442849094,0.0,0.016652162200120616,0.03843782479452321,0.0,0.0
28,1155777,1195777,1,88.42105263157895,1.9416701837575492,86.0,93.0,4.0,0.86991767240168,0.0,0.01924808501751753,0.03895851357009267,0.0,0.0
28,1163777,1195777,1,88.76666666666667,1.9947152400502906,86.0,93.0,7.0,0.9284766908852593,0.0,0.023346790816841986,0.04291495107680039,0.0,0.0
28,1171777,1195777,1,89.27272727272727,1.9813177016093972,87.0,93.0,5.0,1.0,0.0,0.0287980287155427,0.04816958127023804,0.0,0.0
28,1179777,1195777,1,90.35714285714286,1.6736249305514257,88.0,93.0,4.0,1.1766968108291043,0.0,0.04294582936305141,0.055567971822579894,0.0,0.0
28,1187777,1195777,1,91.83333333333333,1.4624940645653532,89.0,93.0,4.0,1.6733200530681511,0.0,0.03373047024529725,0.018137958468422775,0.0,0.0
28,3702004,3727004,1,91.875,1.2686114456365274,89.0,93.0,3.0,1.0,0.0,0.03624995719292566,0.03900904687272539,0.0,0.0
28,3702004,3728004,1,91.77777777777777,1.227262335243029,89.0,93.0,2.0,1.0,0.0,0.035160379711381785,0.0369069743449732,0.0,0.0
28,3702004,3728004,1,91.77777777777777,1.227262335243029,89.0,93.0,2.0,1.0,0.0,0.035160379711381785,0.0369069743449732,0.0,0.0
28,3718004,3746004,1,91.88888888888889,0.9938079899999066,90.0,93.0,1.0,0.7905694150420949,0.0,0.027240195556932464,0.035495012288262226,0.0,0.0
28,3718004,3746004,1,91.88888888888889,0.9938079899999066,90.0,93.0,1.0,0.7905694150420949,0.0,0.027240195556932464,0.035495012288262226,0.0,0.0
28,3726004,3746004,1,91.25,0.82915619758885,90.0,92.0,2.0,0.816496580927726,0.0,0.03926309480077233,0.04716755195111854,0.0,0.0
28,3813795,3823795,1,76.81818181818181,2.16661368869327,74.0,81.0,7.0,2.258317958127243,0.0,0.018303186152584902,0.028430154096933367,0.0,0.0
28,3813795,3831795,1,75.26315789473684,2.5098145300139714,72.0,81.0,9.0,1.8104634152000358,0.0,0.01645623395498309,0.02288159780625076,0.0,0.0
28,3813795,3839795,1,73.29629629629629,3.759578530503562,67.0,81.0,14.0,1.5689290811054724,0.0,0.018456495253180546,0.021273252126941866,0.0,0.0
28,3813795,3846795,1,71.79411764705883,4.496923208050182,64.0,81.0,15.0,1.487320144461579,0.0,0.018520659824864564,0.02059871982654718,0.0,0.0
28,3813795,3846795,1,71.79411764705883,4.496923208050182,64.0,81.0,15.0,1.487320144461579,0.0,0.018520659824864564,0.02059871982654718,0.0,0.0
28,3819795,3846795,1,70.46428571428571,3.678918152869156,64.0,77.0,11.0,0.9622504486493763,0.0,0.016796690188136947,0.014769025607209678,0.0,0.0
28,3827795,3846795,1,68.9,3.064310689208912,64.0,74.0,8.0,0.9176629354822471,0.0,0.019523116044810312,0.015969963024769867,0.0,0.0
28,3835795,3846795,1,66.75,1.3616778865306827,64.0,69.0,3.0,1.0,0.0,0.02071286365743444,0.0175988331332665,0.0,0.0
28,3843795,3846795,1,65.25,0.82915619758885,64.0,66.0,0.0,1.4142135623730951,0.0,0.016204870235073325,0.008763678819910914,0.0,0.0
28,7067171,7071171,1,89.4,1.019803902718557,88.0,91.0,1.0,1.5,0.0,0.07034533547028846,0.05874351634081979,0.0,0.0
28,7067171,7079171,1,88.15384615384616,1.2917581249035894,87.0,91.0,3.0,1.118033988749895,0.0,0.07236550764031907,0.05973914606500481,0.0,0.0
29,1058775,1102775,1,80.81481481481481,3.10360646890913,77.0,87.0,4.0,1.3008872711759818,0.0,0.07461959916200042,0.12362498116412125,0.0,0.0
29,1077775,1110775,1,81.53125,3.6825973765129416,77.0,87.0,2.0,1.831621879558502,0.03225806451612903,0.07761379216857314,0.1253989700289571,0.0,0.0
29,1077775,1118775,1,81.51428571428572,3.52437575888212,77.0,87.0,4.0,1.7656860023298393,0.029411764705882353,0.0722782390296381,0.121173964462059,0.0,0.0
29,1082775,1126775,1,81.94594594594595,3.0397896970816194,77.0,87.0,3.0,1.740051084818425,0.027777777777777776,0.06760075768978863,0.11831884388531427,0.0,0.0
29,1091775,1134775,1,82.37837837837837,2.644232391056218,78.0,87.0,0.0,1.6832508230603465,0.027777777777777776,0.03116623465227919,0.057587961210479134,0.0,0.0
29,1098775,1140775,1,82.28571428571429,2.752364475152525,78.0,87.0,3.0,1.7235394498804248,0.029411764705882353,0.028159025522986776,0.0584746784476002,0.0,0.0
29,1106775,1150775,1,80.96551724137932,1.938409561731751,77.0,87.0,10.0,2.017778127403648,0.03571428571428571,0.02952080378010002,0.06384832023135577,0.0,0.0
29,1114775,1158775,1,79.4375,2.276750700010873,74.0,82.0,5.0,1.17775072667927,0.0,0.017761157898062555,0.019033418971502174,0.0,0.0
29,1122775,1158775,1,79.14285714285714,2.279008019077688,74.0,82.0,5.0,1.2322818340454909,0.0,0.0175788853210298,0.02031448305720093,0.0,0.0
29,1130775,1158775,1,78.7,2.551470164434615,74.0,82.0,5.0,1.3954814298487213,0.0,0.014467213706972607,0.020042793102383865,0.0,0.0
29,1138775,1158775,1,77.53846153846153,2.4373814642699787,74.0,81.0,5.0,1.6072751268321592,0.0,0.01724714876181073,0.02434111378861271,0.0,0.0
29,1148775,1158775,1,76.5,1.746424919657298,74.0,81.0,5.0,1.855921454276674,0.0,0.018165296999133728,0.027593799206189866,0.0,0.0
29,1154775,1158775,1,76.0,0.6324555320336759,75.0,77.0,0.0,1.224744871391589,0.0,0.023274619105665514,0.037615110646894594,0.0,0.0
29,1208775,1214775,1,80.42857142857143,0.4948716593053935,80.0,81.0,0.0,0.5773502691896257,0.0,0.022945610690183586,0.023368540814978567,0.0,0.0
29,1208775,1219775,1,80.0909090909091,0.7925270806437589,78.0,81.0,3.0,0.8366600265340756,0.0,0.021285506237942186,0.01935362736000619,0.0,0.0
29,1208775,1219775,1,80.0909090909091,0.7925270806437589,78.0,81.0,3.0,0.8366600265340756,0.0,0.021285506237942186,0.01935362736000619,0.0,0.0
29,1208775,1219775,1,80.0909090909091,0.7925270806437589,78.0,81.0,3.0,0.8366600265340756,0.0,0.021285506237942186,0.01935362736000619,0.0,0.0
29,1208775,1219775,1,80.0909090909091,0.7925270806437589,78.0,81.0,3.0,0.8366600265340756,0.0,0.021285506237942186,0.01935362736000619,0.0,0.0
29,1210775,1219775,1,80.0,0.816496580927726,78.0,81.0,2.0,0.8660254037844386,0.0,0.02424952586571784,0.020202694392943553,0.0,0.0
29,1910440,1917498,1,80.75,0.82915619758885,80.0,82.0,1.0,1.2909944487358056,0.0,0.08219660729683038,0.12439250586572381,0.0,0.0
29,1910440,1927498,1,80.8,0.7483314773547882,80.0,82.0,0.0,1.224744871391589,0.0,0.10821038730133772,0.1228237086760326,0.0,0.0
29,1910440,1932498,1,81.25,0.82915619758885,80.0,82.0,1.0,1.0,0.0,0.17901987055008012,0.19712349336325552,0.0,0.0
29,1910440,1943498,1,81.72727272727273,1.1354541815269814,80.0,84.0,1.0,1.140175425099138,0.0,0.13273989878301953,0.1843330756135701,0.0,0.0
29,1910440,1951498,1,80.375,2.666341125962693,74.0,84.0,5.0,1.61245154965971,0.0,0.09658103363537227,0.1620334890715757,0.0,0.0
29,1917498,1959498,1,79.16666666666667,3.562926387738658,74.0,84.0,0.0,2.275185835978084,0.058823529411764705,0.07011934993819137,0.14765522253885574,0.0,0.0
29,1927498,1965498,1,79.16666666666667,3.562926387738658,74.0,84.0,1.0,2.2622217085916954,0.058823529411764705,0.06980533598301567,0.14778337678593162,0.0,0.0
29,1931498,1975498,1,79.04545454545455,3.183441144526024,74.0,84.0,4.0,2.1157009420498154,0.047619047619047616,0.041666800252039796,0.12006900837433196,0.0,0.0
29,1940498,1983498,1,78.85714285714286,2.7608782985839557,74.0,84.0,3.0,1.8757714462371258,0.037037037037037035,0.013611897750547466,0.015032419757400578,0.0,0.0
29,1949498,1991498,1,78.51612903225806,2.2414132601342214,74.0,82.0,3.0,1.622754859285078,0.03333333333333333,0.012762114527366693,0.015092372932405765,0.0,0.0
29,1955498,1999498,1,79.66666666666667,1.3632996217214535,75.0,82.0,6.0,1.479019945774904,0.03125,0.011327700791288569,0.015216237194089481,0.0,0.0
29,1965498,2007498,1,79.97435897435898,1.0738662354549706,78.0,82.0,1.0,0.8735890880367281,0.0,0.010907350047288902,0.014663803044152256,0.0,0.0
29,1971498,2015498,1,79.36363636363636,1.6388869433927225,75.0,82.0,3.0,0.8760375907831331,0.0,0.012032695930275646,0.022274194904260892,0.0,0.0
29,1979498,2023498,1,78.93333333333334,1.9933221850301401,75.0,82.0,2.0,0.8528028654224418,0.0,0.009450616561991755,0.019962978089557697,0.0,0.0
29,1987498,2031498,1,78.11111111111111,2.4149738643372727,75.0,82.0,4.0,0.7977240352174656,0.0,0.010774234087133948,0.027466104873581504,0.0,0.0
29,1995498,2039498,1,77.4888888888889,2.4186518028045865,75.0,82.0,3.0,0.7833494518006403,0.0,0.011793577087628808,0.027393206383994242,0.0,0.0
29,2003498,2047498,1,77.08888888888889,2.0091150315192365,75.0,81.0,4.0,0.7385489458759964,0.0,0.010827214292909414,0.027271529433052853,0.0,0.0
29,2011498,2055498,1,76.4,1.3888444437333107,75.0,80.0,1.0,0.621581560508061,0.0,0.013428082516141155,0.030998485791609357,0.0,0.0
29,2019498,2063498,1,76.31111111111112,1.5176329847967889,74.0,80.0,2.0,0.6396021490668313,0.0,0.01891068382412078,0.04607059261053005,0.0,0.0
29,2027498,2071498,1,76.71111111111111,1.6003086122123407,74.0,80.0,2.0,0.7385489458759964,0.0,0.0319641265255454,0.05991465016281565,0.0,0.0
29,2035498,2079498,1,77.08888888888889,1.502918970569859,74.0,80.0,2.0,0.8257228238447705,0.0,0.031189404150886318,0.05837421817780303,0.0,0.0
29,2043498,2087498,1,76.31111111111112,1.8835217867037415,72.0,79.0,4.0,0.8257228238447705,0.0,0.03456165376604959,0.058006101973276526,0.0,0.0
29,2051498,2088498,1,76.0,1.9056702094980709,72.0,79.0,1.0,0.8542421961772491,0.0,0.039977396645214706,0.06155245449805667,0.0,0.0
29,2059498,2088498,1,76.2,2.0558858593479035,72.0,79.0,1.0,0.9284766908852593,0.0,0.033216840992675446,0.05207329398578141,0.0,0.0
29,2067498,2088498,1,75.95454545454545,2.2254166663442994,72.0,79.0,3.0,0.8997354108424374,0.0,0.024274600608419874,0.02353294842130204,0.0,0.0
29,2075498,2088498,1,74.71428571428571,1.8294640678379566,72.0,78.0,3.0,0.9198662110077999,0.0,0.022675144321932763,0.026726753641054313,0.0,0.0
29,2083498,2088498,1,73.66666666666667,1.1055415967851334,72.0,75.0,3.0,0.7745966692414834,0.0,0.02292606344622251,0.023531064488759544,0.0,0.0
29,3189058,3195073,0,84.5,0.7637626158259734,83.0,85.0,0.0,1.0954451150103321,0.0,0.12250793806692888,0.1676530160155312,0.0,0.0
29,3189058,3195073,0,84.5,0.7637626158259734,83.0,85.0,0.0,1.0954451150103321,0.0,0.12250793806692888,0.1676530160155312,0.0,0.0
29,3189058,3213885,0,85.18181818181819,1.192261549873091,83.0,88.0,3.0,1.140175425099138,0.0,0.07217852953748083,0.1356725100642087,0.0,0.0
29,3189058,3213885,0,85.18181818181819,1.192261549873091,83.0,88.0,3.0,1.140175425099138,0.0,0.07217852953748083,0.1356725100642087,0.0,0.0
29,3189058,3213885,0,85.18181818181819,1.192261549873091,83.0,88.0,3.0,1.140175425099138,0.0,0.07217852953748083,0.1356725100642087,0.0,0.0
29,3195073,3213885,0,85.83333333333333,1.0671873729054748,85.0,88.0,3.0,1.1832159566199232,0.0,0.07441334672793833,0.1402805440763428,0.0,0.0
29,3207885,3213885,0,86.0,1.0954451150103321,85.0,88.0,3.0,1.3228756555322954,0.0,0.011783239302143166,0.008898040156453383,0.0,0.0
29,3290885,3294885,0,87.4,0.4898979485566356,87.0,88.0,1.0,0.5,0.0,0.006037891716494402,0.004760582632166301,0.0,0.0
29,3290885,3302885,0,86.46153846153847,1.0088366960464616,85.0,88.0,3.0,0.6454972243679028,0.0,0.005432573750666858,0.004299150770925144,0.0,0.0
29,3290885,3310885,0,85.76190476190476,1.2307474269828653,84.0,88.0,3.0,0.5916079783099616,0.0,0.005336097644941339,0.00446657522955273,0.0,0.0
29,3290885,3318885,0,85.65517241379311,1.0915304683685803,84.0,88.0,3.0,0.5669467095138409,0.0,0.00495230294873633,0.003973532393355622,0.0,0.0
29,3290885,3326885,0,85.86486486486487,1.118931975377538,84.0,88.0,0.0,0.5773502691896257,0.0,0.005890802698359214,0.006459146301048454,0.0,0.0
29,3290885,3334885,0,86.2,1.2754084313139327,84.0,89.0,1.0,0.5838742081211422,0.0,0.006467650497105996,0.006336561839757339,0.0,0.0
29,3298885,3342885,0,85.95555555555555,1.3325923867168843,84.0,89.0,2.0,0.6396021490668313,0.0,0.007023455771505863,0.006454625017207358,0.0,0.0
29,3306885,3350885,0,86.02222222222223,1.2908031761295653,84.0,89.0,0.0,0.6396021490668313,0.0,0.0070507827817466945,0.006584592318213643,0.0,0.0
29,3314885,3358885,0,85.91111111111111,1.4114172896178145,83.0,89.0,1.0,0.6908492797077574,0.0,0.007561888673854311,0.006712588414600904,0.0,0.0
29,3322885,3366885,0,85.75555555555556,1.507839595883322,83.0,89.0,1.0,0.7537783614444091,0.0,0.012875342862247757,0.023032750824422483,0.0,0.0
3,482310,515310,0,102.81818181818181,0.7767276132106848,102.0,105.0,3.0,0.6546536707079771,0.0,0.08658093578925968,0.07664564138480592,0.0,0.0
3,495310,532310,0,102.5,1.1579762911688178,98.0,104.0,6.0,1.0690449676496976,0.0,0.07975659502129938,0.0744940491250358,0.0,0.0
3,498310,542310,0,102.3,1.1874342087037917,98.0,104.0,1.0,1.2773327473170102,0.0,0.07967969928838624,0.07820880755630345,0.0,0.0
3,506310,548310,0,102.06666666666666,1.2892719737209146,98.0,103.0,1.0,1.4880476182856899,0.0,0.058504552846940595,0.056754379302272666,0.0,0.0
3,514310,558310,0,102.07692307692308,1.4390989949130544,98.0,103.0,2.0,1.6832508230603465,0.0,0.04835835821146362,0.06007211107914375,0.0,0.0
3,532310,566310,0,101.15789473684211,1.6940502041506402,98.0,103.0,0.0,1.0540925533894598,0.0,0.03567305693029199,0.05113357634066179,0.0,0.0
3,532310,568310,0,100.76190476190476,2.021427169218202,97.0,103.0,1.0,1.02469507659596,0.0,0.06603725175288624,0.10712226071453759,0.0,0.0
3,542310,582310,0,100.5,1.9064667279067276,97.0,103.0,3.0,0.9591663046625439,0.0,0.05556762840130226,0.0986413434327597,0.0,0.0
3,547310,590310,0,99.5625,2.3443749166888814,96.0,103.0,7.0,0.8230548917531015,0.0,0.04791926413197817,0.09035842875601352,0.0,0.0
3,554310,598310,0,98.86486486486487,2.068583039800265,96.0,103.0,7.0,0.8660254037844386,0.0,0.043946687498828074,0.08419650020622546,0.0,0.0
3,562310,606310,0,97.10810810810811,2.1153721004702155,93.0,101.0,8.0,0.8498365855987975,0.0,0.04379561259473171,0.08423489390842033,0.0,0.0
3,577310,614310,0,96.02631578947368,2.38952585150566,92.0,100.0,4.0,0.6974858324629157,0.0,0.02133719028629111,0.013597836770197975,0.0,0.0
3,578310,622310,0,95.9,2.2671568097509267,92.0,100.0,6.0,0.7844645405527362,0.0,0.02083940893156732,0.01343482063615382,0.0,0.0
3,586310,630310,0,94.775,2.103419834460063,91.0,99.0,6.0,0.816496580927726,0.0,0.02134468460749895,0.013480139268045544,0.0,0.0
3,594310,638310,0,93.725,2.0974687125199267,91.0,99.0,6.0,0.7844645405527362,0.0,0.020849739649274432,0.013993317607181713,0.0,0.0
3,602310,646310,0,92.925,1.4033442200686188,91.0,97.0,1.0,0.8320502943378437,0.0,0.01891887755540982,0.014480235451424479,0.0,0.0
3,610310,647310,0,92.93939393939394,1.516363151902643,91.0,97.0,1.0,0.8838834764831844,0.0,0.018112206240260366,0.01172790050153297,0.0,0.0
3,620310,647310,0,92.5925925925926,1.225024845077128,91.0,96.0,3.0,0.8548504142651103,0.0,0.015991088021667002,0.010641346876937673,0.0,0.0
3,626310,647310,0,92.18181818181819,0.8860722131644513,91.0,94.0,0.0,0.816496580927726,0.0,0.015531828387059493,0.010427800595090488,0.0,0.0
3,634310,647310,0,92.42857142857143,0.8206518066482897,91.0,94.0,2.0,0.8770580193070292,0.0,0.018277652292973463,0.011608517057739635,0.0,0.0
3,642310,647310,0,92.33333333333333,0.74535599249993,91.0,93.0,1.0,0.7745966692414834,0.0,0.01357756233453373,0.009979294599650948,0.0,0.0
3,1207393,1211393,0,95.4,0.4898979485566356,95.0,96.0,0.0,0.7071067811865476,0.0,0.08034094283497586,0.0645810248594528,0.0,0.0
3,1207393,1211393,0,95.4,0.4898979485566356,95.0,96.0,0.0,0.7071067811865476,0.0,0.08034094283497586,0.0645810248594528,0.0,0.0
3,1207393,1211393,0,95.4,0.4898979485566356,95.0,96.0,0.0,0.7071067811865476,0.0,0.08034094283497586,0.0645810248594528,0.0,0.0
3,1207393,1211393,0,95.4,0.4898979485566356,95.0,96.0,0.0,0.7071067811865476,0.0,0.08034094283497586,0.0645810248594528,0.0,0.0
3,1207393,1211393,0,95.4,0.4898979485566356,95.0,96.0,0.0,0.7071067811865476,0.0,0.08034094283497586,0.0645810248594528,0.0,0.0
3,6300211,6303211,0,91.75,0.4330127018922193,91.0,92.0,0.0,0.816496580927726,0.0,0.026622633619765072,0.02312994516115832,0.0,0.0
3,6300211,6311211,0,91.0,1.0801234497346435,89.0,92.0,1.0,0.9045340337332909,0.0,0.03613861726508556,0.04201212653995263,0.0,0.0
3,6300211,6314211,0,90.93333333333334,0.9977753031397175,89.0,92.0,1.0,0.8864052604279183,0.0,0.0499095945252053,0.06815083663948139,0.0,0.0
3,6300211,6327211,0,92.36842105263158,2.9237777710170842,89.0,98.0,6.0,1.632993161855452,0.05555555555555555,0.0529551178606801,0.06415431077459421,0.0,0.0
3,6300211,6335211,0,93.20833333333333,3.0819253542045577,89.0,98.0,4.0,1.5036188231122245,0.043478260869565216,0.07493277251984155,0.08640413445455046,0.0,0.0
3,6300211,6335211,0,93.20833333333333,3.0819253542045577,89.0,98.0,4.0,1.5036188231122245,0.043478260869565216,0.07493277251984155,0.08640413445455046,0.0,0.0
3,6307211,6335211,0,93.82352941176471,3.46809481717263,89.0,98.0,7.0,1.6770509831248424,0.0625,0.08306296662334398,0.097157856282742,0.0,0.0
3,6324211,6335211,0,97.0,0.816496580927726,96.0,98.0,1.0,0.7905694150420949,0.0,0.11663806917756864,0.09687435236898455,0.0,0.0
3,6324211,6335211,0,97.0,0.816496580927726,96.0,98.0,1.0,0.7905694150420949,0.0,0.11663806917756864,0.09687435236898455,0.0,0.0
3,7527661,7534858,0,93.0,1.5,92.0,96.0,4.0,0.9258200997725514,0.0,0.0888759392166479,0.09785128010352533,0.0,0.0
3,7527661,7542858,0,96.6875,3.9956030521061523,92.0,103.0,11.0,1.0,0.0,0.07193489127137986,0.07888712687844857,0.0,0.0
3,7527661,7550858,0,98.95833333333333,4.58693040666147,92.0,104.0,12.0,0.8340576562282991,0.0,0.06830709738171921,0.07433334346388029,0.0,0.0
3,7527661,7558858,0,100.25,4.562071897723665,92.0,105.0,13.0,0.7405316311773545,0.0,0.06958198049382293,0.07135836819983124,0.0,0.0
3,7527661,7566858,0,101.275,4.571583423716557,92.0,106.0,14.0,0.6793662204867574,0.0,0.06251856045032124,0.06734833570819819,0.0,0.0
3,7530676,7574858,0,102.75555555555556,3.853745973036023,92.0,107.0,14.0,0.674199862463242,0.0,0.0596110437502195,0.06425040777778855,0.0,0.0
3,7538858,7582858,0,104.35555555555555,1.5225060562631683,100.0,107.0,3.0,0.5,0.0,0.045182575894209244,0.046766356140708606,0.0,0.0
3,7546858,7585858,0,104.65,1.255985668708047,102.0,107.0,1.0,0.4803844614152614,0.0,0.04488660691915395,0.04955021577088833,0.0,0.0
3,7554858,7585858,0,104.84375,1.325456878778031,102.0,107.0,2.0,0.508000508000762,0.0,0.0347605404154849,0.03566890919215872,0.0,0.0
3,7562858,7585858,0,104.95833333333333,1.4854619558313238,102.0,107.0,3.0,0.5516772843673705,0.0,0.0250655688416886,0.023620036986004053,0.0,0.0
3,7570858,7585858,0,104.5,1.5811388300841898,102.0,106.0,4.0,0.5163977794943222,0.0,0.03204185880138932,0.02607808322698226,0.0,0.0
3,7578858,7585858,0,103.125,1.0532687216470449,102.0,105.0,3.0,0.6546536707079771,0.0,0.035848466796741744,0.03151144958974722,0.0,0.0
3,7649858,7654858,0,91.0,1.224744871391589,89.0,92.0,2.0,1.8257418583505538,0.0,0.026991965359817294,0.0061386729231106526,0.0,0.0
3,7649858,7661858,0,91.36363636363636,0.8813963377120598,89.0,92.0,2.0,1.1832159566199232,0.0,0.036220586191287,0.033632922059200994,0.0,0.0
3,7649858,7661858,0,91.36363636363636,0.8813963377120598,89.0,92.0,2.0,1.1832159566199232,0.0,0.036220586191287,0.033632922059200994,0.0,0.0
3,7649858,7661858,0,91.36363636363636,0.8813963377120598,89.0,92.0,2.0,1.1832159566199232,0.0,0.036220586191287,0.033632922059200994,0.0,0.0
3,7649858,7685858,0,90.42857142857143,1.953542047311049,87.0,92.0,2.0,1.5191090506254998,0.0,0.07936933305073686,0.11859899176132047,0.0,0.0
3,7652858,7694858,0,87.47619047619048,4.294171549560189,81.0,92.0,10.0,1.3038404810405297,0.0,0.07026575863642572,0.10073428513304783,0.0,0.0
3,7658858,7702858,0,84.08695652173913,4.053050847450928,77.0,92.0,14.0,1.5075567228888183,0.0,0.10297708836530647,0.11659848252934896,0.0,0.0
30,487740,532088,0,84.75,3.4845437943216404,76.0,88.0,12.0,0.5705974021574557,0.0,0.2157076295560163,0.22034751658285615,0.0,0.0
30,496088,540088,0,86.2,2.315167380558045,80.0,88.0,8.0,0.4767312946227962,0.0,0.18934992854171911,0.1321919777389579,0.0,0.0
30,504088,546088,0,87.23255813953489,1.197617971124068,84.0,88.0,4.0,0.3779644730092272,0.0,0.22425758276353489,0.15054279986644448,0.0,0.0
30,512088,555825,0,88.14285714285714,1.1458294681443775,87.0,92.0,5.0,0.4131969352706687,0.0,0.27084623369855426,0.17778735162106238,0.0,0.0
30,520088,563825,0,89.5,2.6748386689222783,87.0,97.0,9.0,0.5179697702828122,0.0,0.2884257558405783,0.18487371636968336,0.0,0.0
30,528088,571825,0,91.71428571428571,4.630569821387892,87.0,100.0,12.0,0.5843487097907776,0.0,0.252956282175174,0.207239252570085,0.0,0.0
30,536088,579825,0,94.0,5.163977794943222,87.0,100.0,13.0,0.563092506371473,0.0,0.2371280281575613,0.21788172271816247,0.0,0.0
30,544088,587825,0,96.30952380952381,4.458742590409133,88.0,100.0,11.0,0.563092506371473,0.0,0.18963907640211508,0.22566482705675117,0.0,0.0
30,551825,595825,0,97.62222222222222,3.2406370353777247,89.0,100.0,9.0,0.543557306504609,0.0,0.13413543437335224,0.17771154392341496,0.0,0.0
30,559825,603825,0,98.37777777777778,1.9124026643511258,94.0,100.0,2.0,0.5222329678670935,0.0,0.08094812365089771,0.11619713338144505,0.0,0.0
30,567825,611825,0,98.26666666666667,1.866666666666667,95.0,100.0,5.0,0.45226701686664544,0.0,0.052559098963999684,0.08890277944093744,0.0,0.0
30,575825,619825,0,96.97777777777777,2.7038153198675787,90.0,100.0,10.0,0.6030226891555273,0.0,0.051845788105052866,0.08804186154461523,0.0,0.0
30,583825,627825,0,94.46666666666667,4.683778152066746,83.0,100.0,17.0,0.7229988054812212,0.0,0.03715163624549573,0.0445509286118379,0.0,0.0
30,591825,635825,0,90.6,7.38587240013738,74.0,99.0,24.0,0.9045340337332909,0.0,0.032377627345264906,0.04226116575231332,0.0,0.0
30,599825,643825,0,86.55555555555556,8.564929929156339,73.0,97.0,21.0,0.917010954628728,0.0,0.02239320270637098,0.024103663987234226,0.0,0.0
30,607825,651825,0,82.15555555555555,9.047910883625274,67.0,97.0,30.0,1.0,0.0,0.018325017085560478,0.0237924237938184,0.0,0.0
30,615825,659825,0,76.86666666666666,8.44748483277715,65.0,94.0,27.0,1.0112997936948631,0.0,0.017599029038092923,0.023880104910781724,0.0,0.0
30,623825,660825,0,73.89473684210526,6.159244116662585,65.0,86.0,15.0,1.1740436015661335,0.0,0.01359956789954493,0.018061899691459545,0.0,0.0
30,631825,660825,0,71.4,4.17612260356422,65.0,78.0,7.0,1.18903032065977,0.0,0.01564860887313597,0.019757866552217677,0.0,0.0
30,639825,660825,0,69.86363636363636,3.805444121082017,65.0,76.0,5.0,1.2535663410560174,0.0,0.013765664584150065,0.012147167179652543,0.0,0.0
30,647825,660825,0,67.42857142857143,2.4411439272335804,65.0,72.0,1.0,1.4411533842457842,0.0,0.009482479243805181,0.009191056859177692,0.0,0.0
30,655825,660825,0,66.66666666666667,2.0548046676563256,65.0,71.0,6.0,1.8973665961010275,0.0,0.014246514459401107,0.011957065558060705,0.0,0.0
30,1027823,1036091,1,86.375,0.6959705453537527,86.0,88.0,2.0,0.5345224838248488,0.0,0.035502703654545234,0.04311464827634473,0.0,0.0
30,1027823,1044091,1,88.0625,1.919269066598011,86.0,91.0,3.0,0.9309493362512627,0.0,0.061727379306898984,0.09950230946893501,0.0,0.0
30,1027823,1052091,1,88.0,1.6832508230603465,86.0,91.0,1.0,0.8597269536210951,0.0,0.05378386526878021,0.08338584309394423,0.0,0.0
30,1027823,1060091,1,87.9375,1.4986973510352248,86.0,91.0,1.0,0.8230548917531015,0.0,0.04574112815240014,0.07403940344988709,0.0,0.0
30,1027823,1068091,1,86.9,2.567099530598687,81.0,91.0,2.0,1.0127393670836666,0.0,0.03942575987320447,0.06742422635047261,0.0,0.0
30,1031831,1076091,1,86.54545454545455,2.64965302577994,81.0,91.0,1.0,1.0229915092057102,0.0,0.06718238227239562,0.1806634184911662,0.0,0.0
30,1040091,1084091,1,86.72093023255815,2.773005936770612,81.0,91.0,3.0,1.1019463300386794,0.0,0.0683720237237651,0.19980579646333252,0.0,0.0
30,1048091,1092091,1,86.64285714285714,3.0223093391472355,81.0,96.0,8.0,1.3792893185949944,0.0,0.10205392356928776,0.24908370042287642,0.0,0.0
30,1056091,1098091,1,86.86111111111111,3.614421559513575,81.0,96.0,5.0,1.52127765851133,0.0,0.11399803626083517,0.2670692187649486,0.0,0.0
30,1064091,1108091,1,87.1875,3.617988909601576,81.0,96.0,7.0,1.6943930305379222,0.0,0.127118971593438,0.28054401004639534,0.0,0.0
30,1072091,1116091,1,87.65625,3.1584150989855657,83.0,96.0,1.0,1.7133253838567097,0.0,0.13051906208710137,0.27940617252318206,0.0,0.0
30,1081091,1124091,1,86.78787878787878,3.6244755169798584,81.0,96.0,4.0,1.7320508075688772,0.0,0.09582153835212837,0.20561521617772005,0.0,0.0
30,1088091,1132091,1,86.1470588235294,3.507406893160081,81.0,96.0,4.0,1.7056057308448835,0.0,0.0330532064051869,0.03891463800812634,0.0,0.0
30,1097091,1140091,1,85.44736842105263,2.721235868817624,81.0,94.0,8.0,1.3151918984428583,0.0,0.027956987848077552,0.03103973386805894,0.0,0.0
30,1105091,1148091,1,84.86363636363636,1.9257927422104422,81.0,88.0,6.0,0.9883036912035246,0.0,0.026000651376401437,0.02956077620553156,0.0,0.0
30,1112091,1156091,1,84.4,1.5549205052920803,81.0,88.0,0.0,0.9770084209183945,0.0,0.025297584768908497,0.02927636522281516,0.0,0.0
30,1120091,1164091,1,84.4888888888889,1.4082648460226541,81.0,88.0,1.0,0.917010954628728,0.0,0.01848043266123379,0.00921386759154026,0.0,0.0
30,1128091,1172091,1,84.64444444444445,1.3524554715291501,82.0,89.0,3.0,0.7229988054812212,0.0,0.019586855906496572,0.00931392796677424,0.0,0.0
30,1136091,1180091,1,85.11111111111111,1.72848324290045,82.0,89.0,0.0,0.7071067811865476,0.0,0.020180819207265797,0.010525758963536731,0.0,0.0
30,1144091,1188091,1,84.73333333333333,1.8547236990991411,82.0,89.0,1.0,0.8118441408859887,0.0,0.029648733379936853,0.03837833110001189,0.0,0.0
30,1152091,1196091,1,84.73333333333333,1.8427033281447007,82.0,89.0,1.0,0.7833494518006403,0.0,0.03910911253903081,0.046870452061378666,0.0,0.0
30,1160091,1204091,1,85.0,1.96638416050035,82.0,89.0,3.0,0.917010954628728,0.0,0.062245970075028446,0.07836035379938223,0.0,0.0
30,1168091,1206091,1,85.28205128205128,1.9993424297044025,82.0,89.0,0.0,0.9733285267845752,0.0,0.08012027882745269,0.10402031612626572,0.0,0.0
30,1176091,1206091,1,84.6774193548387,1.6536781442550057,82.0,88.0,3.0,1.0165300454651272,0.0,0.09532959774354895,0.11169879650768982,0.0,0.0
30,1184091,1206091,1,84.43478260869566,1.637232207283716,82.0,88.0,2.0,1.0,0.0,0.11731554075827955,0.1210333701163362,0.0,0.0
30,1192091,1206091,1,85.0,1.7126976771553504,82.0,88.0,1.0,1.1019463300386794,0.0,0.12347780901192372,0.14012512358573903,0.0,0.0
30,1200091,1206091,1,86.42857142857143,0.9035079029052513,85.0,88.0,3.0,0.7071067811865476,0.0,0.22805619528370108,0.14419249764265846,0.0,0.0
30,1840231,1860231,0,87.8,2.1354156504062622,84.0,90.0,5.0,3.122498999199199,0.0,0.14813488996458554,0.2232038836188459,0.0,0.0
30,1840231,1868231,0,85.6923076923077,2.2320950966995246,83.0,90.0,4.0,1.8708286933869707,0.0,0.1673517134338543,0.15234209367800286,0.0,0.0
30,1840231,1876231,0,85.28571428571429,1.8553104513122056,83.0,90.0,4.0,1.4832396974191326,0.0,0.13281112830884226,0.1413365430712919,0.0,0.0
30,1840231,1884231,0,85.06896551724138,1.6594771607608232,83.0,90.0,3.0,1.2955969390869324,0.0,0.10114145535105523,0.1312027250229596,0.0,0.0
30,1854231,1891231,0,84.54545454545455,1.0756508696544755,83.0,89.0,6.0,1.0897247358851685,0.0,0.07490540405288547,0.09002349373577051,0.0,0.0
30,1860231,1900231,0,83.75,2.0733092174374548,76.0,86.0,8.0,0.8618916073713346,0.0,0.06922307459285522,0.08824522216090941,0.0,0.0
30,1864231,1908231,0,81.45,5.069270164431957,71.0,86.0,14.0,0.9607689228305228,0.0,0.056891416282400506,0.08191132278814454,0.0,0.0
30,1872231,1916231,0,78.5,6.332456079595025,68.0,86.0,11.0,1.1875421719907089,0.0,0.019480211195159768,0.02416456898881981,0.0,0.0
30,1880231,1924231,0,77.35,5.712048669260444,68.0,86.0,6.0,1.3587324409735149,0.0,0.023224425408481075,0.03212776717419863,0.0,0.0
30,1888231,1932231,0,76.025,4.474860333015992,68.0,84.0,7.0,1.3301243435223524,0.0,0.03453940538637655,0.04531068798432451,0.0,0.0
30,1897231,1940231,0,75.61363636363636,3.619492110848685,68.0,81.0,3.0,1.2294827802684933,0.0,0.035155247781393985,0.04465582298492684,0.0,0.0
30,1904231,1948231,0,75.93333333333334,3.4922135609890117,68.0,80.0,5.0,1.07661084384791,0.0,0.03729528277043618,0.04385250710256727,0.0,0.0
30,1912231,1956231,0,77.17777777777778,2.8385355292152465,68.0,80.0,10.0,1.02247471629109,0.0,0.04603823396537546,0.04860101471343895,0.0,0.0
30,1920231,1964231,0,77.88888888888889,0.9938079899999066,75.0,80.0,5.0,0.6908492797077574,0.0,0.047091728512320616,0.047959476320581215,0.0,0.0
30,1928231,1972231,0,77.33333333333333,1.1737877907772671,75.0,79.0,3.0,0.6571287406727709,0.0,0.049077384633217896,0.05126708501711568,0.0,0.0
30,1936231,1980231,0,77.24444444444444,1.13833319776584,75.0,79.0,1.0,0.6571287406727709,0.0,0.03666243104839349,0.044977502370733016,0.0,0.0
30,1944231,1988231,0,77.04444444444445,1.053155165428692,75.0,79.0,1.0,0.621581560508061,0.0,0.03547866477456682,0.04514005811397644,0.0,0.0
30,1952231,1996231,0,76.37777777777778,1.6095394633094948,73.0,79.0,6.0,0.6030226891555273,0.0,0.031306535092631156,0.04498950071719885,0.0,0.0
30,1960231,2004231,0,75.64444444444445,1.5514230822850723,73.0,78.0,2.0,0.6030226891555273,0.0,0.025420894611406605,0.03737771566943977,0.0,0.0
30,1968231,2007231,0,75.6,1.57797338380595,73.0,78.0,1.0,0.5773502691896257,0.0,0.026025813907859362,0.03930616973323417,0.0,0.0
30,1976231,2007231,0,75.4375,1.71277370075559,73.0,78.0,1.0,0.5956833971812706,0.0,0.01576069268845907,0.016701980573056774,0.0,0.0
30,1984231,2007231,0,74.83333333333333,1.5456030825826172,73.0,77.0,0.0,0.659380473395787,0.0,0.0116369251889612,0.008815863655582228,0.0,0.0
30,1992231,2007231,0,74.0625,1.1439378261076953,73.0,77.0,4.0,0.5163977794943222,0.0,0.012126533838495813,0.010407511254128421,0.0,0.0
30,2000231,2007231,0,74.875,1.0532687216470449,74.0,77.0,3.0,0.6546536707079771,0.0,0.008382079104985644,0.004678189464106864,0.0,0.0
30,2234688,2244437,1,87.875,0.7806247497997998,87.0,89.0,2.0,1.0690449676496976,0.0,0.01990085043302562,0.022206684136109735,0.0,0.0
30,2234688,2252437,1,86.4375,1.6189792308735773,84.0,89.0,4.0,0.8944271909999159,0.0,0.031288095722326215,0.05266714975504905,0.0,0.0
30,2234688,2257437,1,85.9047619047619,1.743143354068869,83.0,89.0,4.0,0.9486832980505138,0.0,0.031985354450008406,0.04753972213806503,0.0,0.0
30,2234688,2268437,1,84.96551724137932,2.266438168986894,80.0,89.0,9.0,0.9063269671749657,0.0,0.025910464073456645,0.041851881952405544,0.0,0.0
30,2234688,2276437,1,83.64864864864865,3.2317363437432745,78.0,89.0,11.0,0.8660254037844386,0.0,0.022034958254772086,0.037852428789877796,0.0,0.0
30,2240437,2284437,1,82.525,2.889528508251822,78.0,89.0,5.0,0.8915558282417286,0.0,0.01967459461488311,0.0358427001968757,0.0,0.0
30,2248437,2292437,1,82.325,2.6113933062639183,78.0,87.0,2.0,0.8473185457363234,0.0,0.02197174350639553,0.03779813802915974,0.0,0.0
30,2256437,2300437,1,82.55,2.8013389655662877,78.0,87.0,0.0,0.7510676161988108,0.0,0.011649699084627218,0.01645818609115626,0.0,0.0
30,2264437,2308437,1,83.34883720930233,3.503378574835364,78.0,90.0,6.0,0.7867957924694432,0.0,0.010663020725506398,0.015598826337626538,0.0,0.0
30,2272437,2316437,1,84.86046511627907,3.8068566985377488,78.0,90.0,10.0,0.7237468644557459,0.0,0.010600797962752899,0.01620494327931255,0.0,0.0
30,2280437,2324437,1,86.62790697674419,2.4780267451111597,80.0,90.0,9.0,0.7071067811865476,0.0,0.00944627900786011,0.015544360940305898,0.0,0.0
30,2288437,2330437,1,87.925,1.9797411446954372,85.0,92.0,5.0,0.7337993857053428,0.0,0.006793023098329139,0.007312858923940614,0.0,0.0
30,2296437,2340437,1,87.0,3.774917217635375,76.0,92.0,9.0,1.4051188470584879,0.02564102564102564,0.011193122263053901,0.02820832916660468,0.0,0.0
30,2304437,2348437,1,85.625,5.12195031213697,76.0,92.0,10.0,1.4849674087764368,0.02564102564102564,0.012239262734818401,0.02821803284925309,0.0,0.0
30,2312437,2356437,1,83.25,5.677807675502931,76.0,92.0,11.0,1.5106459817082498,0.02564102564102564,0.012680971777676825,0.028108572026615947,0.0,0.0
30,2320437,2361437,1,81.48648648648648,5.212363792356731,76.0,92.0,8.0,1.5986105077709065,0.027777777777777776,0.014526248506279467,0.029589704654687236,0.0,0.0
30,2329437,2372370,1,80.8529411764706,4.887753922642229,76.0,91.0,1.0,2.124888588879783,0.06060606060606061,0.01931082678189899,0.032512602596851466,0.0,0.0
30,2337437,2380370,1,82.21052631578948,5.768142521127951,76.0,91.0,10.0,1.6765472885698187,0.02702702702702703,0.029182506204768366,0.04636761537516873,0.0,0.0
30,2344437,2383370,1,83.52941176470588,5.912276828856888,76.0,91.0,9.0,1.5859229221975182,0.030303030303030304,0.03169771768933038,0.04844185704628186,0.0,0.0
30,2352437,2396370,1,85.3125,5.2107910867736775,76.0,91.0,8.0,1.646109783506203,0.03225806451612903,0.033347330241132574,0.049536268508733536,0.0,0.0
30,2360437,2403370,1,86.96774193548387,3.2476678577169595,79.0,91.0,5.0,1.622754859285078,0.03333333333333333,0.03365596845199351,0.050390806330139176,0.0,0.0
30,2368370,2412370,1,86.8125,3.330141701189305,78.0,91.0,10.0,0.9503819266229829,0.0,0.030756547643478623,0.04995508619996064,0.0,0.0
30,2376370,2414370,1,85.0,4.0,75.0,91.0,16.0,1.0954451150103321,0.0,0.015274276440512997,0.030302718127488568,0.0,0.0
30,2391370,2414370,1,83.05555555555556,3.188037052311905,75.0,86.0,11.0,1.212678125181665,0.0,0.0074683164950798174,0.006144008563885908,0.0,0.0
30,2392370,2414370,1,82.88235294117646,3.1971007627532217,75.0,86.0,10.0,1.224744871391589,0.0,0.0076254827900828935,0.0062868703588120035,0.0,0.0
30,2400370,2414370,1,80.88888888888889,3.212629398844658,75.0,84.0,9.0,1.620185174601965,0.0,0.0068299969410586525,0.006005941867552246,0.0,0.0
30,2409370,2414370,1,78.6,2.576819745345025,75.0,82.0,7.0,1.9364916731037085,0.0,0.008677818580208009,0.006827360210578448,0.0,0.0
30,3136815,3155802,0,95.6,2.33238075793812,91.0,97.0,5.0,3.0413812651491097,0.25,0.03334111573214351,0.042302296396148804,0.0,0.0
30,3136815,3163802,0,93.6923076923077,2.365931769112261,91.0,97.0,0.0,1.8708286933869707,0.08333333333333333,0.015944970669021917,0.029840911243300725,0.0,0.0
30,3136815,3171802,0,92.9047619047619,2.223355719986429,91.0,97.0,3.0,1.5329709716755893,0.05,0.011931246601239086,0.02409105094781203,0.0,0.0
30,3136815,3179802,0,93.65517241379311,2.2935571239056403,91.0,97.0,5.0,1.349603116263656,0.03571428571428571,0.015057199349239887,0.025603595526286948,0.0,0.0
30,3152802,3187802,0,94.44444444444444,2.4203356567546623,91.0,98.0,1.0,0.7367883976130072,0.0,0.017560997566519354,0.02767114302848503,0.0,0.0
30,3152802,3193802,0,94.85714285714286,2.464717008496673,91.0,98.0,0.0,0.7650920556760059,0.0,0.020169401257200067,0.027322651914068477,0.0,0.0
30,3159802,3203802,0,95.3170731707317,2.8322104130721533,91.0,100.0,4.0,0.8944271909999159,0.0,0.02047478325586149,0.027491161553879945,0.0,0.0
30,3167802,3211802,0,96.09756097560975,2.104639219980939,91.0,100.0,3.0,0.9082951062292475,0.0,0.021501509840486308,0.02700109388659669,0.0,0.0
30,3175802,3219802,0,95.78048780487805,2.532830241121399,90.0,100.0,5.0,0.8803408430829505,0.0,0.021232524940148302,0.02717025648883862,0.0,0.0
30,3183802,3227802,0,94.73170731707317,3.1624657734108745,90.0,100.0,7.0,0.8803408430829505,0.0,0.01642971602880745,0.02497990994899393,0.0,0.0
30,3191802,3235802,0,93.14634146341463,3.453954789553677,89.0,100.0,8.0,0.806225774829855,0.0,0.009314671282291388,0.007795197261516799,0.0,0.0
30,3199802,3243802,0,92.26666666666667,3.0652170486860393,89.0,100.0,9.0,0.6908492797077574,0.0,0.007758795149424362,0.005920099300035918,0.0,0.0
30,3207802,3251802,0,91.35555555555555,1.7657929355839053,89.0,96.0,3.0,0.6908492797077574,0.0,0.009619291336093768,0.009666707288039754,0.0,0.0
30,3215802,3256802,0,91.02380952380952,1.318153384349182,89.0,93.0,2.0,0.6625891564490792,0.0,0.015885018005046055,0.024194026677623617,0.0,0.0
30,3223802,3261802,0,91.08333333333333,1.4018836534383934,89.0,93.0,0.0,0.828078671210825,0.0,0.023776462082698648,0.03507629757541635,0.0,0.0
30,3231802,3275802,0,91.34285714285714,1.3720236804049106,89.0,93.0,3.0,0.7859052479933758,0.0,0.02721579252336809,0.0358543815564373,0.0,0.0
30,3239802,3283802,0,91.91428571428571,0.8741176309016203,90.0,93.0,1.0,0.8574929257125442,0.0,0.031888520572136946,0.035616961587780605,0.0,0.0
30,3247802,3291802,0,91.25,2.0766559657295187,86.0,93.0,6.0,1.016001016001524,0.0,0.04443742328351384,0.043152857600884456,0.0,0.0
30,3255802,3299802,0,90.0625,2.3175620272173947,86.0,93.0,5.0,1.121634751658949,0.0,0.04890731327517396,0.05084037172570319,0.0,0.0
30,3269802,3300802,0,89.72413793103448,2.3473617138093115,86.0,93.0,4.0,1.0350983390135313,0.0,0.04003420284969064,0.04648779286084293,0.0,0.0
30,3271802,3300802,0,89.5925925925926,2.3767275862421404,86.0,93.0,5.0,1.0561177090573832,0.0,0.04245260578989529,0.04727254175623049,0.0,0.0
30,3279802,3300802,0,88.57894736842105,2.1353118710632417,86.0,93.0,6.0,1.247219128924647,0.0,0.04976213012198063,0.05264414225370959,0.0,0.0
30,3288802,3300802,0,87.46153846153847,0.9294650748918902,86.0,89.0,1.0,1.0408329997330663,0.0,0.0603901449587967,0.058818618639128205,0.0,0.0
30,3295802,3300802,0,88.0,0.816496580927726,87.0,89.0,1.0,1.1832159566199232,0.0,0.012786787887097709,0.011493131996245066,0.0,0.0
30,3589490,3603490,1,89.28571428571429,0.880630571852711,88.0,90.0,0.0,1.2909944487358056,0.0,0.014211680423485964,0.008513927707133346,0.0,0.0
30,3589490,3606490,1,89.66666666666667,1.0540925533894598,88.0,91.0,1.0,1.1726039399558574,0.0,0.017686379304839885,0.012533570412104043,0.0,0.0
30,3589490,3606490,1,89.66666666666667,1.0540925533894598,88.0,91.0,1.0,1.1726039399558574,0.0,0.017686379304839885,0.012533570412104043,0.0,0.0
30,3589490,3628490,1,88.63636363636364,2.384523099746182,84.0,91.0,6.0,2.449489742783178,0.1,0.01577137667597034,0.01211665070495977,0.0,0.0
30,3595490,3636490,1,86.77777777777777,2.8196838978776713,83.0,91.0,1.0,1.9250668437592438,0.058823529411764705,0.011724127888514483,0.011808477130470481,0.0,0.0
30,3600490,3644490,1,87.36363636363636,2.853155422995494,83.0,91.0,0.0,1.7182493859684491,0.047619047619047616,0.010366233374581568,0.010972524681713234,0.0,0.0
30,3627490,3652490,1,87.96153846153847,3.006157389179866,83.0,92.0,8.0,0.7483314773547883,0.0,0.007794010436833457,0.0067050895451877595,0.0,0.0
31,2601282,2646145,1,79.04651162790698,1.7111601989904328,76.0,83.0,1.0,1.0350983390135313,0.0,0.05565564104959131,0.06252171651676466,0.0,0.0
31,2611145,2654145,1,78.72727272727273,1.8136306675690914,76.0,83.0,0.0,0.9883036912035246,0.0,0.04673072090103743,0.06310134102081924,0.0,0.0
31,2618145,2662145,1,78.15555555555555,1.4291497947389802,76.0,82.0,3.0,0.9414688716912718,0.0,0.037374935532308196,0.055867932216333994,0.0,0.0
31,2626145,2670145,1,77.57777777777778,1.639632599617486,73.0,82.0,5.0,1.07661084384791,0.0,0.0256949939512074,0.039390326250018516,0.0,0.0
31,2634145,2678145,1,77.57777777777778,1.6122984130859603,73.0,82.0,5.0,1.1381803659589922,0.0,0.02494827756253932,0.036238033626488336,0.0,0.0
31,2642145,2680145,1,77.87179487179488,1.8970893654455296,73.0,82.0,6.0,1.1920791213585393,0.0,0.026152597823341457,0.03843715354649161,0.0,0.0
31,2650145,2694145,1,79.15384615384616,2.9486064638902665,73.0,86.0,4.0,1.3954814298487213,0.0,0.022097209471061655,0.03810703266510853,0.0,0.0
31,2658145,2694145,1,79.58064516129032,3.1497485158023593,73.0,86.0,4.0,1.4832396974191326,0.0,0.02606181654936194,0.04173637136774093,0.0,0.0
31,2666145,2710145,1,81.0,3.7515428924742515,73.0,87.0,11.0,1.6290629680421054,0.0,0.019001641086174397,0.023376414691718195,0.0,0.0
31,2674145,2718145,1,84.0,2.6246692913372702,79.0,88.0,6.0,1.4142135623730951,0.0,0.020927540116631487,0.03560885554976911,0.0,0.0
31,2687145,2726145,1,84.67857142857143,1.9096291978992643,81.0,88.0,5.0,1.1055415967851334,0.0,0.01892939365289067,0.03252831508405346,0.0,0.0
31,2690145,2734145,1,83.93939393939394,2.17338437297468,81.0,88.0,0.0,1.0,0.0,0.015915453046380496,0.03010557245307691,0.0,0.0
31,2707145,2742145,1,83.52777777777777,2.3509585646794178,80.0,88.0,5.0,0.6969320524371696,0.0,0.01656823530992732,0.02902805540724232,0.0,0.0
31,2707145,2750145,1,82.81818181818181,2.64809302975082,78.0,88.0,4.0,0.7470873676376284,0.0,0.01463959233948925,0.02660001852064951,0.0,0.0
31,2714145,2758145,1,82.08888888888889,2.009115031519236,78.0,86.0,4.0,0.674199862463242,0.0,0.014426257785920028,0.026556844787706042,0.0,0.0
31,2722145,2765764,1,81.77777777777777,1.533172294280919,78.0,85.0,0.0,0.8528028654224418,0.0,0.028896763591447657,0.07105925077122405,0.0,0.0
31,2730145,2773764,1,81.79069767441861,1.5635103547880569,78.0,85.0,0.0,0.8997354108424374,0.0,0.0326420118144159,0.07253107742875056,0.0,0.0
31,2738145,2779764,1,81.6829268292683,1.5840519884028796,78.0,85.0,1.0,0.9082951062292475,0.0,0.03573554874789948,0.07426778897270389,0.0,0.0
31,2746145,2779764,1,81.96969696969697,1.5856333881152882,78.0,85.0,4.0,0.9354143466934853,0.0,0.04115714670543856,0.08170943179791006,0.0,0.0
31,2754145,2779764,1,82.44,1.2674383614203888,81.0,85.0,0.0,0.9574271077563381,0.0,0.0517688452977982,0.09133881000175963,0.0,0.0
31,2762145,2779764,1,82.29411764705883,1.3179621472004752,81.0,85.0,1.0,0.9682458365518543,0.0,0.059312204103472245,0.10290600614511332,0.0,0.0
31,2769764,2779764,1,81.4,0.66332495807108,81.0,83.0,1.0,0.8819171036881969,0.0,0.023052901027771466,0.029554901658938326,0.0,0.0
31,3999076,4006076,1,87.375,0.8569568250501305,86.0,88.0,0.0,0.9258200997725514,0.0,0.02241704042152226,0.01927636410312041,0.0,0.0
31,3999076,4014076,1,87.9375,0.899218410621135,86.0,89.0,0.0,0.7302967433402214,0.0,0.017955722046273916,0.014760355026827649,0.0,0.0
31,3999076,4022076,1,87.95238095238095,0.7853534524986019,86.0,89.0,0.0,0.6324555320336759,0.0,0.015704770763787658,0.013755151979005833,0.0,0.0
31,3999076,4024076,1,87.8695652173913,0.7969696860792764,86.0,89.0,1.0,0.6396021490668313,0.0,0.01834455833602469,0.015735197469876203,0.0,0.0
31,3999076,4034076,1,88.23076923076923,1.249852062251686,86.0,91.0,3.0,1.0,0.0,0.02926538556361176,0.0383918438631446,0.0,0.0
31,4002076,4046076,1,88.41379310344827,1.246159379282252,86.0,91.0,1.0,1.0177004891982149,0.0,0.027177148094448267,0.0357965810927977,0.0,0.0
31,4010076,4048076,1,88.78260869565217,1.1016399529843413,87.0,91.0,0.0,1.0,0.0,0.03505369964302889,0.040012030793720586,0.0,0.0
31,4021076,4048076,1,89.0,1.2649110640673518,87.0,91.0,1.0,1.224744871391589,0.0,0.04718551498168742,0.044859906178151214,0.0,0.0
31,4032076,4069076,1,88.35714285714286,2.4380068808394304,84.0,91.0,7.0,1.4935759876113537,0.0,0.04850237103608455,0.04658410990042732,0.0,0.0
31,4034076,4076076,1,87.61538461538461,2.497335858576604,84.0,91.0,7.0,1.5545631755148024,0.0,0.046190845698409595,0.04690318158509672,0.0,0.0
31,4042076,4076076,1,87.0909090909091,2.3531234737354154,84.0,89.0,5.0,1.6431676725154984,0.0,0.0347541519856053,0.02586940254663266,0.0,0.0
31,4067076,4076076,1,84.0,0.0,84.0,84.0,0.0,0.0,0.0,0.03780781673271156,0.031303539515341997,0.0,0.0
31,4067076,4076076,1,84.0,0.0,84.0,84.0,0.0,0.0,0.0,0.03780781673271156,0.031303539515341997,0.0,0.0
31,4067076,4076076,1,84.0,0.0,84.0,84.0,0.0,0.0,0.0,0.03780781673271156,0.031303539515341997,0.0,0.0
31,4124076,4134076,1,87.27272727272727,0.9620913858416692,86.0,89.0,2.0,0.6324555320336759,0.0,0.021119411975300265,0.016021178118687637,0.0,0.0
31,4124076,4142076,1,87.73684210526316,0.9647527778854402,86.0,89.0,1.0,0.6236095644623235,0.0,0.02265774355361542,0.018308902391705816,0.0,0.0
31,4124076,4150076,1,87.70833333333333,0.8887803753208976,86.0,89.0,0.0,0.5897678246195885,0.0,0.0203649163820187,0.016924628746434217,0.0,0.0
31,4124076,4157076,1,87.6774193548387,0.8571180810055756,86.0,89.0,2.0,0.5773502691896257,0.0,0.019154465807523346,0.01535999289651448,0.0,0.0
31,4124076,4157076,1,87.6774193548387,0.8571180810055756,86.0,89.0,2.0,0.5773502691896257,0.0,0.019154465807523346,0.01535999289651448,0.0,0.0
31,4130076,4157076,1,87.96,0.6621178142898738,87.0,89.0,1.0,0.5400617248673217,0.0,0.019932192116607947,0.01685229791992228,0.0,0.0
31,4138076,4157076,1,87.82352941176471,0.7058823529411764,87.0,89.0,1.0,0.5590169943749475,0.0,0.015198267506722589,0.009412464490377902,0.0,0.0
31,4147076,4157076,1,87.54545454545455,0.6555547773570889,87.0,89.0,1.0,0.5477225575051661,0.0,0.013655609904653724,0.005575978772038301,0.0,0.0
31,4154076,4157076,1,88.0,0.7071067811865476,87.0,89.0,2.0,0.816496580927726,0.0,0.011904904510149288,0.005990705486704032,0.0,0.0
31,5304759,5317759,1,89.0,0.9534625892455924,87.0,90.0,1.0,0.9486832980505138,0.0,0.1552972967744297,0.07868768480681547,0.0,0.0
31,5304759,5323759,1,89.29411764705883,1.1764705882352942,87.0,92.0,4.0,0.9354143466934853,0.0,0.12179112439345824,0.08572258322523772,0.0,0.0
31,5304759,5329759,1,89.23809523809524,1.1086139739831253,87.0,92.0,1.0,1.02469507659596,0.0,0.1239406709992881,0.08222701442589589,0.0,0.0
31,5304759,5337759,1,89.82608695652173,2.179991502038552,87.0,96.0,8.0,1.7837651700316894,0.045454545454545456,0.11620451246860956,0.08297669087473931,0.0,0.0
31,5308759,5349759,1,90.84615384615384,2.9831876045638945,87.0,96.0,6.0,1.624807680927192,0.04,0.1409823993327826,0.12046127792593676,0.0,0.0
31,5313759,5356759,1,92.25925925925925,3.6269831621763235,87.0,97.0,8.0,1.640825308284734,0.038461538461538464,0.13384168483824468,0.12283395566915367,0.0,0.0
31,5321759,5356759,1,93.84210526315789,3.166654517156068,88.0,97.0,7.0,1.90029237516523,0.05555555555555555,0.14870801135247694,0.13695033826408035,0.0,0.0
31,5329759,5373681,1,96.1875,2.1569292408421745,89.0,99.0,9.0,2.016597794967223,0.06666666666666667,0.1417250164358145,0.14803527078086284,0.0,0.0
31,5337759,5381681,1,96.89473684210526,1.0708942078618844,95.0,99.0,1.0,0.8498365855987975,0.0,0.11393183020790838,0.1481623606474613,0.0,0.0
31,5346759,5389681,1,97.07692307692308,1.0348941574672084,95.0,99.0,3.0,0.8717797887081347,0.0,0.0870332444925447,0.1342611894388698,0.0,0.0
31,5353759,5395681,1,98.24,1.726962651593832,96.0,102.0,5.0,0.8897565210026093,0.0,0.03683511916788084,0.07694464842746314,0.0,0.0
31,5369759,5405681,1,98.93103448275862,1.659477160760823,96.0,102.0,1.0,0.7791937224739796,0.0,0.024514113119072912,0.04575497721455119,0.0,0.0
32,1035743,1080740,1,86.75555555555556,2.9974474737724246,82.0,95.0,6.0,0.9534625892455924,0.0,0.06533375271155019,0.10815183892389321,0.0,0.0
32,1043783,1088740,1,87.44186046511628,3.16450022198587,82.0,95.0,4.0,1.0,0.0,0.06398650634654442,0.11129807172144054,0.0,0.0
32,1052740,1096740,1,88.27906976744185,2.5547546316017598,84.0,95.0,4.0,0.9759000729485332,0.0,0.05263445939950184,0.10213850431969126,0.0,0.0
32,1060740,1104740,1,88.81395348837209,2.38459995136904,85.0,95.0,3.0,1.0801234497346435,0.0,0.03730388676552818,0.08428266780916949,0.0,0.0
32,1068740,1112740,1,89.65116279069767,2.1981357950543434,85.0,95.0,6.0,1.0465362369445672,0.0,0.0342791925326015,0.07255958854778645,0.0,0.0
32,1076740,1120740,1,89.83720930232558,1.952103606644959,87.0,95.0,3.0,1.0578504710249077,0.0,0.032450178897726306,0.0612294736086964,0.0,0.0
32,1084740,1128740,1,89.28888888888889,1.4082648460226543,87.0,92.0,2.0,0.9293203772845852,0.0,0.029276633411147963,0.05148412421979341,0.0,0.0
32,1092740,1136740,1,89.66666666666667,1.6055459438389728,87.0,93.0,1.0,0.9653072991634227,0.0,0.037034657562563356,0.06209697738723666,0.0,0.0
32,1100740,1144740,1,90.06666666666666,1.6110727964792761,87.0,93.0,1.0,0.9885710532241612,0.0,0.03598620099006443,0.0624384962816896,0.0,0.0
32,1108740,1152740,1,89.77777777777777,1.533172294280919,87.0,93.0,2.0,0.9293203772845852,0.0,0.033822029244405104,0.06308092302316932,0.0,0.0
32,1116740,1160740,1,89.62222222222222,1.524450923212666,87.0,93.0,2.0,0.9045340337332909,0.0,0.02011001575923348,0.052742166419305694,0.0,0.0
32,1124740,1168740,1,90.37777777777778,1.6903502449543655,88.0,94.0,4.0,0.8790490729915326,0.0,0.018818374329205374,0.05039620885327979,0.0,0.0
32,1132740,1176740,1,90.33333333333333,1.534781924429512,88.0,94.0,2.0,0.7977240352174656,0.0,0.014733857743681371,0.03983551794585725,0.0,0.0
32,1140740,1184740,1,90.02222222222223,1.5844927528867458,87.0,94.0,5.0,0.7537783614444091,0.0,0.007746808601404978,0.005915347115214049,0.0,0.0
32,1148740,1192740,1,89.68888888888888,1.8357223491611898,86.0,94.0,1.0,0.6908492797077574,0.0,0.008386689995675486,0.006336992521257395,0.0,0.0
32,1156740,1200740,1,89.66666666666667,1.96638416050035,86.0,94.0,3.0,0.8393720596645177,0.0,0.011426036632011721,0.012688850562190775,0.0,0.0
32,1164740,1203740,1,89.625,2.020983671383814,86.0,93.0,0.0,0.816496580927726,0.0,0.015473444756702068,0.02385708853258334,0.0,0.0
32,1172740,1214740,1,89.62162162162163,2.258334130729771,86.0,94.0,2.0,0.8498365855987975,0.0,0.01552573367911986,0.024603110582741766,0.0,0.0
32,1180740,1214740,1,89.62068965517241,2.5245524438238798,86.0,94.0,3.0,0.9063269671749657,0.0,0.017140075699841096,0.0274530233349531,0.0,0.0
32,1188740,1214740,1,90.19047619047619,2.6298478612350618,87.0,94.0,6.0,0.8944271909999159,0.0,0.019922115636421128,0.03169440842306356,0.0,0.0
32,1196740,1214740,1,91.84615384615384,1.9153691689213435,88.0,94.0,5.0,0.8660254037844386,0.0,0.02500890032031721,0.03889767906935863,0.0,0.0
32,1210740,1214740,1,93.4,0.4898979485566356,93.0,94.0,0.0,0.7071067811865476,0.0,0.008319346401643385,0.00660787745134766,0.0,0.0
33,1743649,1786084,1,93.0,3.03315017762062,88.0,98.0,5.0,0.954863710632231,0.0,0.07324313990251785,0.08813024522404432,0.0,0.0
33,1752084,1786084,1,93.71428571428571,2.9259570211805777,89.0,98.0,7.0,0.9622504486493763,0.0,0.0725573086942894,0.06896747483456078,0.0,0.0
33,1760084,1804084,1,95.79166666666667,1.5540046832476264,92.0,98.0,6.0,1.0215078369104984,0.0,0.06294028489382432,0.06100834141051577,0.0,0.0
33,1775084,1811084,1,96.14285714285714,1.0367400503370114,95.0,98.0,1.0,0.7416198487095663,0.0,0.05605515461246508,0.06748342687304913,0.0,0.0
33,1776084,1811084,1,96.2,1.0295630140987,95.0,98.0,1.0,0.7608859102526822,0.0,0.05200432459540919,0.06661170953584644,0.0,0.0
33,1784084,1811084,1,96.66666666666667,1.0274023338281626,95.0,98.0,1.0,0.9045340337332909,0.0,0.020403407900063775,0.028794438360011474,0.0,0.0
33,1801084,1836084,1,94.75,4.165833249983329,87.0,98.0,11.0,2.2763607319179844,0.09090909090909091,0.009789359416408232,0.011009459719125933,0.0,0.0
33,1801084,1844084,1,90.65,6.101434257615171,81.0,98.0,17.0,1.8496087779795347,0.05263157894736842,0.009329416990656095,0.0095273877102239,0.0,0.0
33,1810084,1852084,1,85.38095238095238,4.0411713351004055,81.0,96.0,14.0,1.816590212458495,0.05,0.007409681103150427,0.005632258129076785,0.0,0.0
33,1831084,1860084,1,83.51851851851852,2.233919829629662,81.0,89.0,6.0,0.8770580193070292,0.0,0.009413890289030169,0.009341476095160653,0.0,0.0
33,1831084,1868084,1,83.97142857142858,2.1578522958284805,81.0,89.0,3.0,0.8224783208299743,0.0,0.011232763704166142,0.009492484563783446,0.0,0.0
33,1835084,1876084,1,84.88095238095238,2.904859483138564,81.0,91.0,4.0,0.7650920556760059,0.0,0.009981789675632038,0.009170491388319052,0.0,0.0
33,1840084,1884084,1,85.4888888888889,3.304019250833225,81.0,91.0,4.0,0.7385489458759964,0.0,0.009810881892520036,0.009189292377385255,0.0,0.0
33,1848084,1892084,1,86.62222222222222,3.2268931662162044,81.0,91.0,7.0,0.621581560508061,0.0,0.01094423573831766,0.011324059679010215,0.0,0.0
33,1856084,1900084,1,87.75555555555556,2.609006243811408,81.0,91.0,7.0,0.5838742081211422,0.0,0.011675917219241074,0.011271019663075288,0.0,0.0
33,1864084,1908084,1,88.64444444444445,1.2676409508401478,86.0,91.0,2.0,0.4767312946227962,0.0,0.011499678801540854,0.01260095652824975,0.0,0.0
33,1872084,1916084,1,89.26666666666667,0.9521904571390466,88.0,91.0,2.0,0.5640760748177662,0.0,0.011859188382795637,0.013085665135223048,0.0,0.0
33,1880084,1922084,1,89.6046511627907,1.6302308993787797,88.0,94.0,4.0,0.6172133998483676,0.0,0.013646567306562895,0.012978894259568169,0.0,0.0
33,1888084,1922084,1,89.71428571428571,1.781996129087163,88.0,94.0,5.0,0.6642111641550714,0.0,0.0142707739441976,0.013807978364662436,0.0,0.0
33,1896084,1922084,1,89.88888888888889,1.987615979999813,88.0,94.0,5.0,0.7071067811865476,0.0,0.014029798238000012,0.01315834418887637,0.0,0.0
33,1904084,1922084,1,90.47368421052632,2.0867608001683164,88.0,94.0,6.0,0.816496580927726,0.0,0.015046095904500182,0.014950452659357337,0.0,0.0
33,1912084,1922084,1,91.9090909090909,1.443137078762504,90.0,94.0,4.0,0.8944271909999159,0.0,0.014984477524508917,0.010805600235581843,0.0,0.0
33,2433763,2444609,1,95.11111111111111,0.5665577237325317,94.0,96.0,1.0,0.6123724356957945,0.0,0.06785167113814498,0.05810290656294419,0.0,0.0
33,2433763,2452609,1,95.41176470588235,0.9112901991076274,94.0,97.0,1.0,0.6614378277661477,0.0,0.05571968071432096,0.07014301996134595,0.0,0.0
33,2433763,2454609,1,95.57894736842105,0.9902572485382516,94.0,97.0,1.0,0.6236095644623235,0.0,0.0668067239687716,0.07627556569978201,0.0,0.0
33,2433763,2454609,1,95.57894736842105,0.9902572485382516,94.0,97.0,1.0,0.6236095644623235,0.0,0.0668067239687716,0.07627556569978201,0.0,0.0
33,2433763,2476609,1,95.77777777777777,0.9162456945817025,94.0,97.0,0.0,0.5547001962252291,0.0,0.04879083624434087,0.06979854395314417,0.0,0.0
33,2441609,2484609,1,95.7,0.9000000000000001,94.0,97.0,1.0,0.5570860145311556,0.0,0.11631520459578973,0.3417753359686174,0.0,0.0
33,2448609,2492609,1,96.48387096774194,1.1603939192648351,95.0,99.0,1.0,0.6582805886043833,0.0,0.10817058411852506,0.33484604030970055,0.0,0.0
33,2469609,2493609,1,96.44,1.2354756169184402,95.0,99.0,1.0,0.67700320038633,0.0,0.12003692147713195,0.3698112691434267,0.0,0.0
33,2469609,2508609,1,96.0,1.8754309849499513,89.0,99.0,8.0,1.0690449676496976,0.0,0.1077337434402565,0.3448913270695287,0.0,0.0
33,2472609,2516609,1,93.67647058823529,4.410686142669295,86.0,99.0,10.0,1.0150384378451045,0.0,0.09557392858709815,0.3200527722743883,0.0,0.0
33,2480609,2524609,1,91.73529411764706,4.864691656569284,86.0,99.0,8.0,1.0730867399773196,0.0,0.09813548418483524,0.3194743186940967,0.0,0.0
33,2488609,2532609,1,89.94117647058823,4.122685992455349,86.0,98.0,7.0,1.0588730430094635,0.0,0.025778548686494256,0.030183736879497367,0.0,0.0
33,2501609,2540609,1,89.36111111111111,2.9921450664640963,86.0,96.0,1.0,1.082325538564332,0.0,0.016644247873524223,0.019298171277217346,0.0,0.0
33,2508609,2548609,1,89.625,3.0388114452858046,86.0,96.0,0.0,0.9058216273156766,0.0,0.014113807629157532,0.016009422486992657,0.0,0.0
33,2512609,2556609,1,89.45454545454545,2.942282242305865,86.0,96.0,2.0,0.8626621856275073,0.0,0.0135221935900236,0.0153916111958198,0.0,0.0
33,2520609,2564609,1,90.0,2.593698657761292,87.0,96.0,2.0,0.8626621856275073,0.0,0.025939207248059617,0.0855543696858424,0.0,0.0
33,2528609,2572609,1,89.97727272727273,2.6413549928676963,86.0,96.0,0.0,0.8892118276421005,0.0,0.025892060970480933,0.08658828809348328,0.0,0.0
33,2536609,2580609,1,89.68181818181819,2.6004608618886915,86.0,96.0,2.0,0.806946584785929,0.0,0.024689097589821473,0.08661171092844162,0.0,0.0
33,2545609,2588609,1,89.25,1.8844459036110226,86.0,94.0,1.0,0.7924058156930615,0.0,0.025286914322520317,0.0865428740447926,0.0,0.0
33,2552609,2596609,1,89.66666666666667,2.011080417199781,86.0,93.0,5.0,0.6571287406727709,0.0,0.02319427647096314,0.08586872747543864,0.0,0.0
33,2560609,2604609,1,90.35555555555555,2.0347596697350396,86.0,93.0,3.0,0.6571287406727709,0.0,0.025090251659656025,0.08584775267436737,0.0,0.0
33,2568609,2612609,1,91.42222222222222,2.498789830554773,86.0,96.0,10.0,0.6396021490668313,0.0,0.00805696575235182,0.009536583783744043,0.0,0.0
33,2576609,2612609,1,92.27027027027027,1.8106091053453215,89.0,96.0,7.0,0.6454972243679028,0.0,0.009147618909602558,0.010145029662517555,0.0,0.0
33,2584609,2612609,1,92.89655172413794,1.4225966444645701,91.0,96.0,4.0,0.6546536707079771,0.0,0.00883601597451883,0.011239188675423558,0.0,0.0
33,2592609,2612609,1,93.14285714285714,1.5518257844571737,91.0,96.0,4.0,0.5477225575051661,0.0,0.009323936339902436,0.012176399255647102,0.0,0.0
33,2600609,2612609,1,94.0,1.3587324409735149,92.0,96.0,4.0,0.5773502691896257,0.0,0.013106767377149787,0.013950143051661815,0.0,0.0
33,2608609,2612609,1,95.4,0.8,94.0,96.0,2.0,0.7071067811865476,0.0,0.004052506239692636,0.003125622427267719,0.0,0.0
33,2951865,2955879,1,95.4,1.019803902718557,94.0,97.0,3.0,0.8660254037844386,0.0,0.03642228981602377,0.03928513574222536,0.0,0.0
33,2951865,2963929,1,94.91666666666667,1.114924013354971,93.0,97.0,1.0,1.0,0.0,0.04650868370769689,0.04479832014396564,0.0,0.0
33,2951865,2971929,1,95.7,1.3453624047073711,93.0,98.0,1.0,0.8885233166386386,0.0,0.08591348157513291,0.0827474408127208,0.0,0.0
33,2951865,2979929,1,96.39285714285714,1.5887840299668015,93.0,99.0,1.0,0.7934920476158722,0.0,0.07287300792501661,0.07485529462568702,0.0,0.0
33,2951865,2987929,1,96.91666666666667,1.7219981933143185,93.0,99.0,2.0,0.7171371656006361,0.0,0.06338004162997343,0.06896441487343047,0.0,0.0
33,2951865,2995929,1,97.29545454545455,1.7655741463092685,93.0,100.0,2.0,0.7152816976385906,0.0,0.060563191722608996,0.06470394556614077,0.0,0.0
33,2959929,3002929,1,97.61363636363636,1.495689398524809,93.0,100.0,3.0,0.6647258571142536,0.0,0.055249633439407725,0.06338651072179924,0.0,0.0
33,2967929,3011929,1,97.71428571428571,1.350233036072174,94.0,100.0,1.0,0.6048583789091339,0.0,0.042255637773610986,0.05460195578329374,0.0,0.0
33,2975929,3019929,1,96.9047619047619,2.201833908894646,93.0,100.0,5.0,0.6807456457050177,0.0,0.024626792622924866,0.029249730617338293,0.0,0.0
33,2983929,3026929,1,96.1951219512195,2.4115526037674684,92.0,100.0,3.0,0.758287544405155,0.0,0.021559998386878332,0.02650667050872324,0.0,0.0
33,2991929,3026929,1,95.54545454545455,2.2440616462513474,92.0,100.0,3.0,0.8100925873009825,0.0,0.018865429737600383,0.02744891698366744,0.0,0.0
33,2999929,3026929,1,94.52,1.4729562111617576,92.0,97.0,1.0,0.8416254115301732,0.0,0.011731078478118145,0.015598389824186555,0.0,0.0
33,3007929,3045929,1,94.4090909090909,1.6420356243807677,92.0,98.0,2.0,0.9759000729485332,0.0,0.008497752447061137,0.011549703927439927,0.0,0.0
33,3015929,3045929,1,94.35714285714286,1.874914964058098,92.0,98.0,5.0,0.9198662110077999,0.0,0.010545880776370255,0.013818134972888184,0.0,0.0
33,3023929,3045929,1,96.16666666666667,1.4624940645653537,94.0,98.0,4.0,1.0954451150103321,0.0,0.016408202673610726,0.019133814527773192,0.0,0.0
33,3720424,3723440,1,99.25,0.82915619758885,98.0,100.0,2.0,0.816496580927726,0.0,0.014420924342681763,0.003319326091105299,0.0,0.0
33,3720424,3728974,1,99.5,0.9574271077563381,98.0,101.0,1.0,1.1832159566199232,0.0,0.019823565604335236,0.008141872322564697,0.0,0.0
33,3720424,3739974,1,98.3,1.7916472867168916,95.0,101.0,3.0,1.1055415967851334,0.0,0.02234082783389753,0.010460079286437166,0.0,0.0
33,3720424,3747974,1,97.33333333333333,1.8856180831641265,94.0,101.0,0.0,1.0846522890932808,0.0,0.01723340083888275,0.010147071291155137,0.0,0.0
33,3720424,3749974,1,97.5,1.857417562100671,94.0,101.0,1.0,1.0513149660756937,0.0,0.023298077317802163,0.023021313454952654,0.0,0.0
33,3720424,3763974,1,97.48148148148148,1.6186498802527525,94.0,101.0,1.0,1.0190493307301363,0.0,0.028951372008325774,0.024440982109436352,0.0,0.0
33,3728974,3768974,1,97.03846153846153,1.2241408048338114,94.0,99.0,2.0,0.938083151964686,0.0,0.052554574223368185,0.07155919147418317,0.0,0.0
33,3736974,3779974,1,97.81818181818181,1.8497263590341642,94.0,101.0,2.0,1.0,0.0,0.045763947241999114,0.06570855275002052,0.0,0.0
33,3743974,3787974,1,98.55882352941177,1.498846153675401,96.0,101.0,2.0,0.9211323729436766,0.0,0.058234664961890045,0.07806068252385254,0.0,0.0
33,3756974,3795974,1,98.46875,1.7317688753121763,94.0,101.0,2.0,1.0472698761772856,0.0,0.06901402862292855,0.0941836801088717,0.0,0.0
33,3759974,3803974,1,97.64864864864865,2.4297282265575726,93.0,101.0,5.0,1.0137937550497031,0.0,0.08247651477446236,0.10987030325156966,0.0,0.0
33,3767974,3811974,1,97.33333333333333,2.6148818018424533,93.0,101.0,1.0,1.038723913473187,0.0,0.07599446791709001,0.10885763070153012,0.0,0.0
33,3775974,3816974,1,97.2051282051282,2.4825492189660783,93.0,101.0,3.0,0.9032106474595007,0.0,0.06669113709295445,0.09848645738265732,0.0,0.0
33,3783974,3827974,1,96.38888888888889,2.0450180354784404,93.0,100.0,5.0,0.9411239481143202,0.0,0.07542024937942717,0.09993279355124213,0.0,0.0
33,3794974,3835974,1,95.84848484848484,1.794287435525753,93.0,98.0,4.0,0.82915619758885,0.0,0.07419838007099719,0.09651046134741215,0.0,0.0
33,3799974,3840974,1,96.54545454545455,2.203178270217398,93.0,101.0,6.0,0.82915619758885,0.0,0.06623706733789066,0.0678155126994687,0.0,0.0
33,3807974,3840974,1,97.48,1.6029971927611104,94.0,101.0,5.0,0.7905694150420949,0.0,0.06810741165987903,0.054682386022677554,0.0,0.0
33,3815974,3859974,1,98.66666666666667,2.5276251480171834,94.0,102.0,4.0,0.8340576562282991,0.0,0.06349429319869279,0.059260969920183364,0.0,0.0
33,3825974,3867974,1,99.42857142857143,2.541492410665314,94.0,102.0,3.0,0.7934920476158722,0.0,0.056543100550985506,0.056434230393389316,0.0,0.0
33,3832974,3875974,1,100.53125,1.984067397418747,96.0,104.0,7.0,0.7828813612588127,0.0,0.05611254834198986,0.05300033378424277,0.0,0.0
33,3839974,3883974,1,101.60606060606061,1.2777677965035161,99.0,104.0,3.0,0.770551750371122,0.0,0.0436176385865798,0.04015875884980999,0.0,0.0
33,3853974,3890974,1,101.1891891891892,1.6413217784528624,98.0,104.0,3.0,0.8975274678557507,0.0,0.04865580129658132,0.05843764512821553,0.0,0.0
33,3855974,3898974,1,100.5952380952381,2.02436967038095,97.0,104.0,5.0,0.8695387058524823,0.0,0.04542452357476189,0.05426106990769314,0.0,0.0
33,3863974,3898974,1,100.29411764705883,2.135545277726041,97.0,104.0,4.0,0.9211323729436766,0.0,0.05212768203489154,0.05814858783751144,0.0,0.0
33,3871974,3898974,1,100.38461538461539,2.4031537464328165,97.0,104.0,4.0,0.9797958971132712,0.0,0.05410680723172515,0.06407078340113785,0.0,0.0
33,3879974,3898974,1,99.5,2.29128784747792,97.0,103.0,6.0,0.9074852129730301,0.0,0.06015659751993726,0.07488057410050784,0.0,0.0
33,3887974,3898974,1,97.9090909090909,0.668042657122685,97.0,99.0,2.0,0.6324555320336759,0.0,0.07288637609115117,0.09091384510992356,0.0,0.0
33,3895974,3898974,1,97.25,0.4330127018922193,97.0,98.0,1.0,0.5773502691896257,0.0,0.023866706054785553,0.016459730688256964,0.0,0.0
33,6183219,6187237,1,92.6,1.019803902718557,91.0,94.0,3.0,0.8660254037844386,0.0,0.017328416586551487,0.008620011844819362,0.0,0.0
33,6183219,6195863,1,92.5,1.2041594578792296,91.0,94.0,0.0,0.9428090415820634,0.0,0.021770099893317095,0.02316650729132902,0.0,0.0
33,6183219,6201863,1,92.6875,1.1021995055342748,91.0,94.0,0.0,1.0327955589886444,0.0,0.015832832249324077,0.02003955713676623,0.0,0.0
33,6183219,6201863,1,92.6875,1.1021995055342748,91.0,94.0,0.0,1.0327955589886444,0.0,0.015832832249324077,0.02003955713676623,0.0,0.0
33,6183219,6219863,1,92.76470588235294,1.1129934075543824,91.0,94.0,0.0,1.0,0.0,0.015088751661751883,0.01966773412329948,0.0,0.0
33,6184222,6227863,1,93.25,1.2332207155790618,91.0,95.0,1.0,0.8597269536210951,0.0,0.014973443592285751,0.01775615627055816,0.0,0.0
33,6191863,6228863,1,93.57142857142857,1.2936264483053452,91.0,96.0,5.0,0.9746794344808963,0.0,0.014128296415013265,0.01851530829207959,0.0,0.0
33,6199863,6228863,1,94.07692307692308,1.0714144828603167,92.0,96.0,4.0,0.9128709291752769,0.0,0.011344490762602367,0.010217846496929221,0.0,0.0
33,6219863,6228863,1,94.5,0.6708203932499369,94.0,96.0,2.0,0.816496580927726,0.0,0.013001099165885077,0.010664623350105843,0.0,0.0
33,6219863,6228863,1,94.5,0.6708203932499369,94.0,96.0,2.0,0.816496580927726,0.0,0.013001099165885077,0.010664623350105843,0.0,0.0
33,6223863,6267863,1,94.0,1.1832159566199232,92.0,96.0,1.0,1.5986105077709065,0.0,0.015114086928334863,0.011505596531479569,0.0,0.0
33,6264863,6269863,1,93.0,0.5773502691896257,92.0,94.0,2.0,0.6324555320336759,0.0,0.014998081366719365,0.00770010581193859,0.0,0.0
33,6264863,6269863,1,93.0,0.5773502691896257,92.0,94.0,2.0,0.6324555320336759,0.0,0.014998081366719365,0.00770010581193859,0.0,0.0
33,6264863,6269863,1,93.0,0.5773502691896257,92.0,94.0,2.0,0.6324555320336759,0.0,0.014998081366719365,0.00770010581193859,0.0,0.0
33,6264863,6269863,1,93.0,0.5773502691896257,92.0,94.0,2.0,0.6324555320336759,0.0,0.014998081366719365,0.00770010581193859,0.0,0.0
33,6264863,6269863,1,93.0,0.5773502691896257,92.0,94.0,2.0,0.6324555320336759,0.0,0.014998081366719365,0.00770010581193859,0.0,0.0
33,7552387,7556385,1,88.2,0.4,88.0,89.0,1.0,0.5,0.0,0.015409195693850191,0.0032314027340750707,0.0,0.0
33,7552387,7563844,1,88.25,0.7216878364870323,87.0,90.0,2.0,0.7385489458759964,0.0,0.03284344336174428,0.02641510491014461,0.0,0.0
33,7552387,7566844,1,88.6,0.9521904571390466,87.0,90.0,2.0,0.6546536707079771,0.0,0.030035003410181,0.025013725998787553,0.0,0.0
33,7552387,7566844,1,88.6,0.9521904571390466,87.0,90.0,2.0,0.6546536707079771,0.0,0.030035003410181,0.025013725998787553,0.0,0.0
33,7552387,7586844,1,89.0,1.8027756377319946,87.0,95.0,7.0,1.4375905768565218,0.0,0.029020404027162376,0.024536141942883886,0.0,0.0
33,7552387,7586844,1,89.0,1.8027756377319946,87.0,95.0,7.0,1.4375905768565218,0.0,0.029020404027162376,0.024536141942883886,0.0,0.0
33,7559844,7602844,1,89.8,2.08806130178211,87.0,95.0,4.0,2.211083193570267,0.0,0.02408183967728276,0.02182338606765957,0.0,0.0
33,7586844,7607844,1,91.25,2.277608394786075,89.0,95.0,6.0,2.449489742783178,0.0,0.022063220128459484,0.025976249522938574,0.0,0.0
33,7586844,7613844,1,90.8,2.227105745132009,89.0,95.0,6.0,2.1213203435596424,0.0,0.017882899260943177,0.024692362415207305,0.0,0.0
33,7586844,7613844,1,90.8,2.227105745132009,89.0,95.0,6.0,2.1213203435596424,0.0,0.017882899260943177,0.024692362415207305,0.0,0.0
33,7602844,7613844,1,89.75,0.82915619758885,89.0,91.0,2.0,0.816496580927726,0.0,0.018903270755708235,0.027512454672716548,0.0,0.0
33,7602844,7613844,1,89.75,0.82915619758885,89.0,91.0,2.0,0.816496580927726,0.0,0.018903270755708235,0.027512454672716548,0.0,0.0
33,7656844,7659844,1,75.0,1.8708286933869707,73.0,78.0,3.0,2.6457513110645907,0.0,0.013266790988362039,0.010874702184963232,0.0,0.0
33,7656844,7667844,1,73.91666666666667,1.9346977943739831,71.0,78.0,7.0,2.354878881270658,0.0,0.02453633146117998,0.027829453386963385,0.0,0.0
33,7656844,7675844,1,73.25,1.7853571071357126,71.0,78.0,5.0,1.8496087779795347,0.0,0.01757759625648494,0.02394433019121816,0.0,0.0
33,7656844,7683844,1,74.07142857142857,2.3743957340849513,71.0,80.0,2.0,1.7638342073763937,0.0,0.013652776844723742,0.021193401641659816,0.0,0.0
33,7656844,7685844,1,74.6,3.0397368307141326,71.0,83.0,5.0,1.7518463166731777,0.0,0.013791617782003211,0.020519618579282473,0.0,0.0
33,7656844,7699844,1,75.30555555555556,3.2388221834182978,71.0,83.0,0.0,1.6733200530681511,0.0,0.013330422981123767,0.019318457941736592,0.0,0.0
33,7663844,7707844,1,76.72972972972973,3.8107149690842306,71.0,84.0,7.0,1.3228756555322954,0.0,0.026756959271002956,0.046437502849815765,0.0,0.0
33,7671844,7715844,1,78.29729729729729,3.376107344784258,72.0,84.0,5.0,1.3437096247164249,0.0,0.02816157707251118,0.04719385378647225,0.0,0.0
33,7679844,7723844,1,80.08108108108108,2.340921259841349,75.0,84.0,8.0,1.3743685418725535,0.0,0.04981320650097421,0.06619773390674087,0.0,0.0
33,7693844,7725844,1,80.59375,2.2893691134240455,77.0,84.0,3.0,1.2313119150962784,0.0,0.06522378430683248,0.07095252292451595,0.0,0.0
33,7696844,7725844,1,80.6,2.360790827950103,77.0,84.0,5.0,1.2456821978060995,0.0,0.06939527158029618,0.07135211126708894,0.0,0.0
33,7703844,7725844,1,81.34782608695652,2.159079829206111,77.0,84.0,4.0,1.2792042981336627,0.0,0.08643045768950652,0.07327049814817141,0.0,0.0
33,7711844,7725844,1,80.93333333333334,2.434930982366623,77.0,84.0,3.0,1.3887301496588271,0.0,0.08327110922017607,0.07843039476463354,0.0,0.0
33,7719844,7725844,1,83.14285714285714,1.124858267715973,81.0,84.0,3.0,0.7071067811865476,0.0,0.12086798066694046,0.08535811538113217,0.0,0.0
33,8102639,8105660,1,90.0,0.7071067811865476,89.0,91.0,2.0,0.816496580927726,0.0,0.022463369572947832,0.012200290100362143,0.0,0.0
33,8102639,8116021,1,92.75,2.520747243709029,89.0,97.0,8.0,0.8528028654224418,0.0,0.010755806618528874,0.011252892867224534,0.0,0.0
33,8102639,8120021,1,93.875,2.9341736485763756,89.0,98.0,8.0,0.816496580927726,0.0,0.014757926287645488,0.014477273108821442,0.0,0.0
33,8102639,8132021,1,94.81818181818181,2.9485954073139737,89.0,98.0,9.0,0.7867957924694432,0.0,0.011651024692433927,0.013427303468860036,0.0,0.0
33,8102639,8134021,1,95.0,2.886751345948129,89.0,98.0,8.0,0.7801894976054939,0.0,0.012523520126274688,0.013561237683949925,0.0,0.0
33,8103653,8134021,1,95.26086956521739,2.657514224336718,90.0,98.0,7.0,0.7687061147858074,0.0,0.01223300960336795,0.013779608796760422,0.0,0.0
33,8112021,8156021,1,96.05,1.8567444627627143,92.0,98.0,2.0,1.1697953037312037,0.0,0.030374488258313747,0.06652216838297306,0.0,0.0
33,8120021,8158021,1,95.28571428571429,2.657296462534039,91.0,98.0,6.0,1.3008872711759818,0.0,0.04442645433073926,0.07649664541368674,0.0,0.0
33,8128021,8172021,1,94.26666666666667,2.7438820836342233,91.0,98.0,6.0,1.2535663410560174,0.0,0.038732347848490785,0.075250239528424,0.0,0.0
33,8154021,8180021,1,90.25,2.222048604328897,86.0,93.0,7.0,0.9309493362512627,0.0,0.05138145066480888,0.06976745820539987,0.0,0.0
33,8154021,8188021,1,89.45,2.5782746168707473,85.0,93.0,6.0,0.9176629354822471,0.0,0.06532890300715591,0.07608137032253848,0.0,0.0
33,8154021,8196021,1,89.5,2.29128784747792,85.0,93.0,2.0,0.90267093384844,0.0,0.10520086501410315,0.11166745213784467,0.0,0.0
33,8170021,8202021,1,89.3103448275862,2.0695401500860218,85.0,92.0,1.0,0.9063269671749657,0.0,0.1119142013497997,0.1083916913257877,0.0,0.0
33,8170021,8202021,1,89.3103448275862,2.0695401500860218,85.0,92.0,1.0,0.9063269671749657,0.0,0.1119142013497997,0.1083916913257877,0.0,0.0
33,8176021,8202021,1,88.73913043478261,1.9385649399659088,85.0,91.0,2.0,0.8528028654224418,0.0,0.1354151288745519,0.10968760531725702,0.0,0.0
33,8186021,8221021,1,90.0,2.9059326290271157,86.0,100.0,14.0,2.326319992151199,0.058823529411764705,0.1603112230897653,0.10700763457643994,0.0,0.0
33,8192021,8221021,1,91.25,2.7118566825454966,89.0,100.0,11.0,2.8123105996832765,0.09090909090909091,0.1597782022763918,0.08544792835811851,0.0,0.0
33,8200021,8221021,1,93.0,4.06201920231798,90.0,100.0,9.0,5.259911279353167,0.3333333333333333,0.18721572749126994,0.04627697121270475,0.0,0.0
33,8784705,8787717,1,99.25,0.4330127018922193,99.0,100.0,0.0,0.816496580927726,0.0,0.020817665248044834,0.003087242758227174,0.0,0.0
33,8784705,8795857,1,97.16666666666667,1.8181186857726188,94.0,100.0,5.0,0.7977240352174656,0.0,0.03145638905878737,0.023565016675543726,0.0,0.0
33,8784705,8803857,1,96.2,2.039607805437114,93.0,100.0,3.0,0.8885233166386386,0.0,0.07509562817880815,0.09925612997287617,0.0,0.0
34,608549,652902,1,81.02272727272727,1.9008208318278565,78.0,86.0,3.0,0.7313574508612273,0.0,0.1150163985534586,0.12895724311879506,0.0,0.0
34,616568,660902,1,81.56818181818181,2.579620543560686,78.0,87.0,3.0,0.7624928516630234,0.0,0.12208211250321571,0.1255688224672777,0.0,0.0
34,624595,668902,1,82.61363636363636,2.542510472767464,78.0,87.0,8.0,0.806946584785929,0.0,0.10159290146062486,0.0993880345915446,0.0,0.0
34,633902,676902,1,83.27272727272727,2.5968830649246724,78.0,88.0,1.0,0.9276125895432153,0.0,0.08978821165533689,0.08920399091419014,0.0,0.0
34,640902,685041,1,83.61363636363636,2.1236322773933294,80.0,88.0,0.0,0.8892118276421005,0.0,0.10416028758290956,0.12372369642983432,0.0,0.0
34,648902,693041,1,84.11363636363636,2.0250242320762157,80.0,88.0,5.0,0.9764672918705589,0.0,0.08830982972767529,0.11325092729873129,0.0,0.0
34,656902,701041,1,85.04545454545455,3.0818718150334417,80.0,92.0,5.0,1.0229915092057102,0.0,0.10470901787929994,0.11750860125232099,0.0,0.0
34,664902,703041,1,85.36842105263158,3.512541834413386,80.0,92.0,7.0,1.0780362527123855,0.0,0.11765095649546091,0.12569145275203517,0.0,0.0
34,672902,703041,1,85.26666666666667,3.881007887420769,80.0,92.0,6.0,1.0504514628777804,0.0,0.1361973779957129,0.13506927620329554,0.0,0.0
34,680905,725041,1,84.71428571428571,4.846627272482106,77.0,92.0,4.0,2.5239592648001214,0.037037037037037035,0.11199267740388286,0.1015305466549365,0.0,0.0
34,689041,733041,1,83.86206896551724,5.263564662921982,77.0,92.0,4.0,2.49284690951645,0.03571428571428571,0.10563501372345196,0.10164050792983133,0.0,0.0
34,697041,741041,1,82.03448275862068,5.268532208216353,77.0,92.0,9.0,2.5,0.03571428571428571,0.1213159000931082,0.11345828784984983,0.0,0.0
34,720041,749041,1,79.26666666666667,1.6519348924485153,77.0,82.0,0.0,1.144702942944678,0.0,0.08436867947095399,0.1045573643128091,0.0,0.0
34,720041,757041,1,79.1842105263158,1.5535233834889937,77.0,82.0,1.0,1.1028219331407116,0.0,0.08527781062605654,0.0999432163094486,0.0,0.0
34,721041,765041,1,78.57777777777778,2.0274657294145855,74.0,82.0,4.0,1.044465935734187,0.0,0.07452237595391259,0.09544263809733083,0.0,0.0
34,729041,773041,1,77.24444444444444,3.853745973036022,69.0,82.0,9.0,1.118033988749895,0.0,0.06923307731743215,0.08903024397972556,0.0,0.0
34,737041,781041,1,75.64444444444445,3.893901531343913,69.0,81.0,8.0,1.044465935734187,0.0,0.051533929892982146,0.07802620033908991,0.0,0.0
34,745041,787041,1,74.30232558139535,3.6506443121724077,69.0,81.0,9.0,1.0118347314702751,0.0,0.03100197146337596,0.0474707326501341,0.0,0.0
34,753041,787041,1,73.2,3.059411708155671,69.0,79.0,7.0,0.8574929257125442,0.0,0.031549186969368655,0.04995170679290974,0.0,0.0
34,761041,787041,1,71.81481481481481,1.905878567447201,69.0,76.0,4.0,0.9198662110077999,0.0,0.017433571694896725,0.018550884080442673,0.0,0.0
34,769041,787041,1,71.10526315789474,1.2934953397310007,69.0,73.0,3.0,0.7071067811865476,0.0,0.014480677397808613,0.011323580596283201,0.0,0.0
34,777041,787041,1,71.36363636363636,0.8813963377120598,70.0,73.0,1.0,0.7071067811865476,0.0,0.013088259497129079,0.010981031834223212,0.0,0.0
34,2392384,2396404,1,86.2,0.7483314773547882,85.0,87.0,1.0,0.8660254037844386,0.0,0.05160819730303891,0.06178800513597813,0.0,0.0
34,2392384,2405406,1,85.5,1.118033988749895,83.0,87.0,1.0,1.243163121016122,0.0,0.06236589051027755,0.0638233257157205,0.0,0.0
34,2392384,2413406,1,84.9,1.2206555615733703,83.0,87.0,2.0,1.0760551736979407,0.0,0.07675619235246714,0.06458207981343643,0.0,0.0
34,2392384,2421406,1,83.39285714285714,2.8578124215446143,75.0,87.0,10.0,1.186342028003479,0.0,0.09084941166604224,0.0709590787437207,0.0,0.0
34,2392384,2429406,1,81.72222222222223,4.052510272185974,74.0,87.0,8.0,1.2421180068162376,0.0,0.10637856112384722,0.08137002908104503,0.0,0.0
34,2393389,2437406,1,81.27906976744185,3.8114001663024895,74.0,87.0,4.0,1.1751393027860062,0.0,0.10272903164488817,0.08442218075501769,0.0,0.0
34,2401406,2445406,1,81.0,3.3796778281697537,74.0,86.0,0.0,1.1870513506545997,0.0,0.10598955020279163,0.08691386389052752,0.0,0.0
34,2409406,2453406,1,81.08888888888889,3.4948992814749786,74.0,87.0,3.0,1.1579762911688178,0.0,0.11506395296653633,0.08455061757285513,0.0,0.0
34,2417406,2461406,1,81.6,3.860915262818735,74.0,87.0,5.0,1.1579762911688178,0.0,0.12146787724796955,0.08563583419529543,0.0,0.0
34,2425406,2469406,1,82.86046511627907,3.6381786610491456,74.0,88.0,11.0,1.1019463300386794,0.0,0.11582176394689327,0.08774730769363308,0.0,0.0
34,2433406,2477406,1,84.73809523809524,2.1163707008250365,79.0,89.0,6.0,1.147638083514009,0.0,0.10186224826969328,0.07738219170922332,0.0,0.0
34,2441406,2485406,1,85.30952380952381,1.3712714857125647,83.0,89.0,2.0,1.126185012742946,0.0,0.1081167067038417,0.07168405911798911,0.0,0.0
34,2449406,2493406,1,85.19047619047619,1.515602901222814,82.0,89.0,2.0,1.0820035616009187,0.0,0.11015116189290432,0.07737580640669196,0.0,0.0
34,2457406,2501406,1,85.28571428571429,1.500566786341784,82.0,89.0,2.0,1.0359395405656244,0.0,0.10977539748862916,0.08042970642952034,0.0,0.0
34,2465406,2509406,1,85.26829268292683,1.4983631759422118,82.0,89.0,1.0,0.9354143466934853,0.0,0.10123691985990271,0.07078611772385283,0.0,0.0
34,2473406,2517406,1,84.88372093023256,1.1041002298110902,82.0,88.0,4.0,0.816496580927726,0.0,0.09732228560655991,0.07388448013726519,0.0,0.0
34,2481406,2525406,1,83.8409090909091,2.4674534334574565,77.0,87.0,6.0,0.806946584785929,0.0,0.08485518483295114,0.07370959558146846,0.0,0.0
34,2489406,2533406,1,82.93181818181819,2.910777210117969,77.0,87.0,2.0,0.8352690695845568,0.0,0.07534254586089556,0.07316361860248849,0.0,0.0
34,2497406,2541406,1,82.68181818181819,2.8426358388644677,77.0,87.0,5.0,0.7313574508612273,0.0,0.055883449986325,0.06113187041886621,0.0,0.0
34,2505406,2549406,1,81.53333333333333,2.696499788820891,77.0,85.0,8.0,0.7385489458759964,0.0,0.0388535243981757,0.04898391145268056,0.0,0.0
34,2513406,2557406,1,80.24444444444444,2.531188175590055,77.0,85.0,7.0,0.7537783614444091,0.0,0.0382611407965328,0.05203940642626178,0.0,0.0
34,2521406,2565406,1,79.8,2.2271057451320084,77.0,85.0,6.0,0.7687061147858074,0.0,0.045453745889585534,0.06284471206776698,0.0,0.0
34,2529406,2571406,1,80.81395348837209,2.6785609982026695,77.0,86.0,5.0,0.7715167498104596,0.0,0.05366520916011614,0.06516308005332717,0.0,0.0
34,2537406,2571406,1,80.74285714285715,2.921280121970573,77.0,86.0,2.0,0.8043996665398437,0.0,0.051595184104153965,0.06175066308859998,0.0,0.0
34,2545406,2571406,1,80.37037037037037,3.187337773918543,77.0,86.0,4.0,0.8320502943378437,0.0,0.061301711665454825,0.06654064985098222,0.0,0.0
34,2553406,2571406,1,81.47368421052632,3.135004760386406,77.0,86.0,7.0,0.9128709291752769,0.0,0.08080993530849676,0.07014767492641417,0.0,0.0
34,2561406,2571406,1,83.9090909090909,1.6211413181933645,80.0,86.0,4.0,1.0,0.0,0.10025654700261043,0.07465155703958005,0.0,0.0
34,3705397,3709398,0,90.6,1.3564659966250536,89.0,93.0,2.0,1.7320508075688772,0.0,0.026877042034984106,0.011973953239028777,0.0,0.0
34,3705397,3717470,0,91.46153846153847,1.4472990555559062,89.0,94.0,3.0,1.3228756555322954,0.0,0.3552806212397493,0.5050548820072701,0.0,0.0
34,3705397,3725478,0,92.52380952380952,2.402757297436736,89.0,97.0,3.0,1.3601470508735443,0.0,0.28624338970155555,0.4333816746605684,0.0,0.0
34,3705397,3732502,0,92.85714285714286,2.182958112848018,89.0,97.0,0.0,1.247219128924647,0.0,0.2156730368253699,0.39472415380307624,0.0,0.0
34,3705397,3740834,0,91.71428571428571,3.094432129499956,85.0,97.0,8.0,1.3284223283101428,0.0,0.19982744977565886,0.3573489483629418,0.0,0.0
34,3705397,3748834,0,90.27906976744185,4.110822819211071,83.0,97.0,10.0,1.2344267996967353,0.0,0.2057196383218002,0.32690257917366955,0.0,0.0
34,3713470,3756834,0,88.86046511627907,4.638471055979029,83.0,97.0,6.0,1.0910894511799618,0.0,0.2502273989553384,0.3383869902106195,0.0,0.0
34,3721470,3764834,0,88.06976744186046,4.551490166595374,83.0,97.0,7.0,1.0118347314702751,0.0,0.17995827929669214,0.197745234617762,0.0,0.0
34,3729493,3772834,0,87.02325581395348,3.136346356741063,83.0,94.0,4.0,1.0,0.0,0.1996488432276774,0.19635633285301285,0.0,0.0
34,3736834,3780834,0,87.46666666666667,3.5814336049502113,83.0,96.0,9.0,0.8918825850158447,0.0,0.2267358556864449,0.1885750952198257,0.0,0.0
34,3744834,3788839,0,89.27906976744185,4.928916015530774,83.0,99.0,12.0,0.9258200997725514,0.0,0.2661394350885686,0.29113242193747335,0.0,0.0
34,3752834,3791374,0,90.8108108108108,4.543113813935285,83.0,99.0,12.0,1.0,0.0,0.2725815578075613,0.3100237127498304,0.0,0.0
34,3760834,3791374,0,92.41379310344827,3.746421201528571,87.0,99.0,8.0,1.0,0.0,0.24621916137172375,0.3176284220894981,0.0,0.0
34,3768834,3807374,0,94.26086956521739,2.9813535196406558,90.0,99.0,6.0,1.1281521496355325,0.0,0.26164563801061475,0.3393446739574044,0.0,0.0
34,3776834,3821374,0,96.72222222222223,2.2804861946415325,92.0,100.0,8.0,1.495090003192804,0.0,0.303553811603195,0.36577040614298856,0.0,0.0
34,3784834,3829374,0,98.94444444444444,2.120592742665813,95.0,102.0,3.0,1.3503812097939996,0.0,0.2733161322093413,0.3743464661033001,0.0,0.0
34,3806374,3837374,0,101.04761904761905,2.0581126461880292,96.0,105.0,8.0,1.0488088481701516,0.0,0.17447429659822195,0.12160165640931173,0.0,0.0
34,3806374,3845374,0,104.17241379310344,5.747976948561038,96.0,118.0,21.0,1.267731382092775,0.0,0.19567045417939954,0.13140274931353385,0.0,0.0
34,3819374,3853374,0,108.6,8.609629160754503,100.0,123.0,21.0,1.1245914290767742,0.0,0.1810273962568174,0.12747072659077646,0.0,0.0
34,3819374,3861374,0,110.79069767441861,9.02079803496725,100.0,123.0,20.0,1.0465362369445672,0.0,0.15151102231435937,0.13078922422587239,0.0,0.0
34,3825374,3869374,0,113.6,8.059225217793031,100.0,123.0,18.0,1.0660035817780522,0.0,0.11680179112846996,0.1154096630193674,0.0,0.0
34,3833374,3876664,0,116.33333333333333,5.719362823873924,103.0,123.0,12.0,1.0660035817780522,0.0,0.11337558354856263,0.11984300220239504,0.0,0.0
36,471326,516045,1,85.9090909090909,1.427301678918871,84.0,88.0,3.0,0.34099716973523675,0.0,0.1158377201539636,0.13370252227560506,0.0,0.0
36,480045,524045,1,86.5111111111111,1.3763433393068465,85.0,88.0,2.0,0.30151134457776363,0.0,0.130963061551973,0.14214658738566593,0.0,0.0
36,488045,532045,1,86.82222222222222,1.197940619728316,85.0,88.0,1.0,0.337099931231621,0.0,0.16171751310789248,0.14468998819742723,0.0,0.0
36,496045,540045,1,87.22222222222223,0.8916623398995058,85.0,88.0,3.0,0.3988620176087328,0.0,0.16842922207208103,0.14324553366883835,0.0,0.0
36,504045,548045,1,87.77777777777777,0.8663817195385747,86.0,90.0,3.0,0.3988620176087328,0.0,0.1632796104475207,0.12909897933096612,0.0,0.0
36,512045,556045,1,88.68888888888888,2.2688442698844837,86.0,95.0,7.0,0.5,0.0,0.23716557220209786,0.29077832344773263,0.0,0.0
36,520045,564045,1,90.37777777777778,4.029275583575174,86.0,99.0,11.0,0.5838742081211422,0.0,0.24192570255110496,0.2935789349240145,0.0,0.0
36,528045,572045,1,92.28888888888889,4.712264009875236,86.0,99.0,10.0,0.6030226891555273,0.0,0.23715329723496642,0.32858488529340457,0.0,0.0
36,536045,580045,1,93.88888888888889,3.9901112333268336,87.0,99.0,9.0,0.621581560508061,0.0,0.20823211752536488,0.3343335312794653,0.0,0.0
36,544045,588045,1,94.95555555555555,2.9055927339877607,89.0,99.0,4.0,0.6396021490668313,0.0,0.18468602147605262,0.3375412644016481,0.0,0.0
36,552045,596045,1,95.64444444444445,1.9454283225101594,93.0,99.0,1.0,0.5838742081211422,0.0,0.14974082557672577,0.3368454184213553,0.0,0.0
36,560045,604045,1,95.08888888888889,2.447876378707082,90.0,99.0,7.0,0.5838742081211422,0.0,0.06945520019342863,0.1732718190273668,0.0,0.0
36,568045,612045,1,93.2,3.116978594016256,86.0,99.0,13.0,0.621581560508061,0.0,0.04076513952875535,0.04303936227225247,0.0,0.0
36,576045,620045,1,91.08888888888889,3.6867463657583093,85.0,96.0,10.0,0.5640760748177662,0.0,0.043110179883987916,0.044963821739149305,0.0,0.0
36,584045,628045,1,89.13333333333334,3.896437118987322,82.0,94.0,12.0,0.5640760748177662,0.0,0.04407427360107911,0.048502487577666765,0.0,0.0
36,592045,636045,1,86.77777777777777,4.511165845316554,79.0,94.0,15.0,0.5838742081211422,0.0,0.04115472078820261,0.048726087082936305,0.0,0.0
36,600045,644045,1,84.22222222222223,3.943427098850773,79.0,92.0,13.0,0.5838742081211422,0.0,0.031386260950488604,0.0401356192995728,0.0,0.0
36,608045,650045,1,82.23255813953489,3.2695722592179703,78.0,88.0,10.0,0.5345224838248488,0.0,0.027015197511028464,0.037168498953544724,0.0,0.0
36,616045,650045,1,81.22857142857143,2.736898289103553,78.0,85.0,7.0,0.5144957554275266,0.0,0.027270686539671567,0.03929344367162466,0.0,0.0
36,624045,650045,1,80.11111111111111,2.060804110110156,78.0,85.0,7.0,0.5883484054145521,0.0,0.02183779892091458,0.03769034253468704,0.0,0.0
36,632045,650045,1,79.0,0.7947194142390263,78.0,80.0,2.0,0.4714045207910317,0.0,0.012783440049447762,0.00953013467719556,0.0,0.0
36,640045,650045,1,78.54545454545455,0.655554777357089,78.0,80.0,2.0,0.4472135954999579,0.0,0.012920953837158149,0.01108860436121922,0.0,0.0
36,1040386,1055386,1,86.14285714285714,0.832993127835043,85.0,88.0,2.0,1.0,0.0,0.021070072172741205,0.01280104565081367,0.0,0.0
36,1040386,1055386,1,86.14285714285714,0.832993127835043,85.0,88.0,2.0,1.0,0.0,0.021070072172741205,0.01280104565081367,0.0,0.0
36,1040386,1055386,1,86.14285714285714,0.832993127835043,85.0,88.0,2.0,1.0,0.0,0.021070072172741205,0.01280104565081367,0.0,0.0
36,1040386,1055386,1,86.14285714285714,0.832993127835043,85.0,88.0,2.0,1.0,0.0,0.021070072172741205,0.01280104565081367,0.0,0.0
36,1050386,1055386,1,85.83333333333333,0.37267799624996495,85.0,86.0,0.0,0.6324555320336759,0.0,0.023373264528822647,0.012411487938309452,0.0,0.0
36,1108386,1115386,1,85.75,0.4330127018922193,85.0,86.0,0.0,0.816496580927726,0.0,0.07555512904008413,0.0626797131701873,0.0,0.0
36,1108386,1116386,1,85.8,0.4,85.0,86.0,0.0,0.7071067811865476,0.0,0.06239396068902142,0.06193434074838951,0.0,0.0
36,1108386,1116386,1,85.8,0.4,85.0,86.0,0.0,0.7071067811865476,0.0,0.06239396068902142,0.06193434074838951,0.0,0.0
36,1108386,1116386,1,85.8,0.4,85.0,86.0,0.0,0.7071067811865476,0.0,0.06239396068902142,0.06193434074838951,0.0,0.0
36,1108386,1116386,1,85.8,0.4,85.0,86.0,0.0,0.7071067811865476,0.0,0.06239396068902142,0.06193434074838951,0.0,0.0
36,1113386,1116386,1,85.75,0.4330127018922193,85.0,86.0,1.0,0.5773502691896257,0.0,0.03451680648472521,0.030152107260877713,0.0,0.0
36,2325058,2332058,1,75.875,1.4523687548277813,73.0,78.0,5.0,1.0,0.0,0.035709402767753154,0.022489636167019676,0.0,0.0
36,2325058,2340058,1,75.0,1.6583123951777,72.0,78.0,2.0,1.1547005383792515,0.0,0.02885861579587804,0.021174827590437015,0.0,0.0
36,2325058,2348058,1,75.18181818181819,1.5850541612875173,72.0,78.0,2.0,1.1952286093343936,0.0,0.025171937875984717,0.020690730154940485,0.0,0.0
36,2325058,2356058,1,73.96666666666667,2.483053675528492,70.0,78.0,8.0,1.3130643285972254,0.0,0.022571176375108224,0.019113406431201182,0.0,0.0
36,2325058,2364058,1,73.26315789473684,2.917138202221267,67.0,78.0,2.0,1.4704292441876154,0.0,0.023076835275248148,0.019866447033594456,0.0,0.0
36,2328058,2372058,1,73.23255813953489,2.6133575419311903,67.0,77.0,3.0,1.422606594884729,0.0,0.02182939025547702,0.019863104146156753,0.0,0.0
36,2336058,2380058,1,73.14285714285714,2.6865753432260058,67.0,77.0,3.0,1.5849905747199948,0.0,0.022324787183254483,0.021355675550567704,0.0,0.0
36,2344058,2388058,1,72.21428571428571,2.531099086372166,67.0,77.0,3.0,1.5849905747199948,0.0,0.02106938499570094,0.02147712056503759,0.0,0.0
36,2352058,2396058,1,71.86363636363636,2.417652026722218,67.0,77.0,1.0,1.4547436440031083,0.0,0.02007495560595809,0.020628809334113204,0.0,0.0
36,2360058,2404058,1,72.61363636363636,2.308245192298382,67.0,77.0,8.0,1.4467284665112363,0.0,0.02328215794938845,0.02316007030936201,0.0,0.0
36,2368058,2410058,1,72.78571428571429,2.0763488362498044,69.0,77.0,0.0,1.2687616393795076,0.0,0.023036235851330536,0.02310898466714254,0.0,0.0
36,2376058,2410058,1,72.48571428571428,2.075316548266843,69.0,77.0,2.0,1.1631599960755994,0.0,0.021058276382950842,0.022962218137023007,0.0,0.0
36,2384058,2410058,1,72.44444444444444,1.9499920860871383,69.0,75.0,5.0,1.0190493307301363,0.0,0.020196962287263417,0.020302463761926647,0.0,0.0
36,2392058,2410058,1,73.15789473684211,1.842856989474905,69.0,75.0,3.0,1.0274023338281628,0.0,0.02282418945614911,0.023304283059999865,0.0,0.0
36,2400058,2410058,1,74.36363636363636,0.4810456929208347,74.0,75.0,1.0,0.5477225575051661,0.0,0.02676538164002651,0.0291156536006827,0.0,0.0
36,3163245,3172245,1,75.75,2.436698586202241,73.0,81.0,5.0,2.4784787961282104,0.0,0.03147709913024128,0.018127537148335687,0.0,0.0
36,3163245,3180245,1,74.5,2.179449471770337,72.0,81.0,7.0,1.879716290649558,0.0,0.0348614572612722,0.021539715820680913,0.0,0.0
36,3163245,3188245,1,74.04166666666667,1.9252525086913204,72.0,81.0,8.0,1.5879984667608413,0.0,0.03158417457320709,0.02060220444938532,0.0,0.0
36,3163245,3196245,1,73.90625,1.7385226307126405,72.0,81.0,8.0,1.4591203713417602,0.0,0.030419879470654006,0.01852450647403013,0.0,0.0
36,3163245,3204245,1,74.375,2.2325713874364688,72.0,81.0,3.0,1.6092680291808414,0.0,0.029462862986335037,0.01747975235725762,0.0,0.0
36,3168245,3211245,1,74.51162790697674,2.106160322341879,72.0,79.0,5.0,1.4057704208690964,0.0,0.02943638651192456,0.01718036052136217,0.0,0.0
36,3176245,3211245,1,74.57142857142857,2.2333282566700348,72.0,79.0,5.0,1.3173056280328643,0.0,0.028241110639454423,0.017038195389116422,0.0,0.0
36,3184245,3228245,1,75.40625,2.6676227127350676,72.0,81.0,0.0,1.5862310778250641,0.0,0.02157340518220019,0.014611717855166191,0.0,0.0
36,3192245,3236245,1,75.90625,2.5539109102511777,72.0,81.0,4.0,1.545023227719748,0.0,0.018681446710907587,0.01426777529788782,0.0,0.0
36,3200245,3244245,1,76.15625,2.658822283925723,70.0,81.0,9.0,1.379574501957619,0.0,0.01638484786184577,0.015127700090041468,0.0,0.0
36,3208245,3252245,1,73.78125,4.11350196760619,67.0,81.0,9.0,1.4027622519457354,0.0,0.027462057386266975,0.061864365780576844,0.0,0.0
36,3223245,3260245,1,72.91891891891892,3.865148354751298,67.0,81.0,7.0,1.3017082793177757,0.0,0.034959738478909944,0.06198143430250934,0.0,0.0
36,3224245,3268245,1,73.97727272727273,4.499942607531165,67.0,85.0,4.0,1.363988678940947,0.0,0.04492108190781993,0.06396942275087854,0.0,0.0
36,3232245,3274245,1,74.83333333333333,5.389216157629122,67.0,85.0,6.0,1.18938393563284,0.0,0.0511793801986763,0.06424317190563196,0.0,0.0
36,3240245,3284245,1,76.33333333333333,6.674994798166929,67.0,86.0,7.0,1.3525044520011484,0.0,0.05086486992589498,0.06423459465864922,0.0,0.0
36,3248245,3284245,1,77.61764705882354,6.703882570756393,67.0,86.0,13.0,1.3142574813455419,0.0,0.059654833829866125,0.06830167677335039,0.0,0.0
36,3256245,3284245,1,80.46153846153847,4.885069633633055,71.0,86.0,12.0,1.3564659966250536,0.0,0.05024698016929837,0.05002605925503123,0.0,0.0
36,3264245,3284245,1,83.44444444444444,1.7708197167232476,80.0,86.0,3.0,1.3932610920384718,0.0,0.045324739678653164,0.052478446829197396,0.0,0.0
36,3272245,3284245,1,84.18181818181819,1.2662171161076472,82.0,86.0,1.0,1.449137674618944,0.0,0.020327276653458737,0.02224268922318931,0.0,0.0
36,3280245,3284245,1,84.0,0.8944271909999159,83.0,85.0,2.0,0.7071067811865476,0.0,0.005940376426730955,0.005892067240694166,0.0,0.0
36,4502400,4507400,1,115.0,0.816496580927726,114.0,116.0,2.0,0.6324555320336759,0.0,0.014359839705596789,0.024266556297695273,0.0,0.0
36,4502400,4510400,1,115.77777777777777,1.314684396244359,114.0,118.0,4.0,0.7071067811865476,0.0,0.031587297170039406,0.03868958379007544,0.0,0.0
36,4502400,4510400,1,115.77777777777777,1.314684396244359,114.0,118.0,4.0,0.7071067811865476,0.0,0.031587297170039406,0.03868958379007544,0.0,0.0
36,4502400,4510400,1,115.77777777777777,1.314684396244359,114.0,118.0,4.0,0.7071067811865476,0.0,0.031587297170039406,0.03868958379007544,0.0,0.0
36,4502400,4510400,1,115.77777777777777,1.314684396244359,114.0,118.0,4.0,0.7071067811865476,0.0,0.031587297170039406,0.03868958379007544,0.0,0.0
36,4503400,4510400,1,116.0,1.224744871391589,114.0,118.0,4.0,0.7559289460184544,0.0,0.035353231957288886,0.03945065268387945,0.0,0.0
37,424615,468952,1,82.51162790697674,3.8055778708777224,78.0,91.0,10.0,0.9511897312113419,0.0,0.172729266611642,0.14347523080028413,0.0,0.0
37,433952,476952,1,80.43181818181819,2.2803281987939537,76.0,86.0,8.0,1.034295625950562,0.0,0.19728359540179802,0.1555551627046899,0.0,0.0
37,440952,484952,1,79.5111111111111,1.499958847172107,76.0,82.0,5.0,1.0552897060221726,0.0,0.186434872594803,0.14873150278282027,0.0,0.0
37,448952,493188,1,78.77272727272727,1.4749982490534503,76.0,82.0,2.0,1.0565410875907486,0.0,0.19960933849336007,0.15625676458138713,0.0,0.0
37,456952,501188,1,78.54545454545455,1.4214996155556263,76.0,82.0,0.0,1.0996828295383152,0.0,0.21751533422659275,0.20033810366779325,0.0,0.0
37,464952,509188,1,78.65116279069767,1.5534465946199751,76.0,82.0,1.0,1.123345344008138,0.0,0.2079014813652993,0.19407520489517222,0.0,0.0
37,472952,517188,1,78.81395348837209,1.5738534247152214,76.0,81.0,3.0,0.9880235200593537,0.0,0.2188585736892755,0.20057407480425354,0.0,0.0
37,480952,525188,1,79.4186046511628,1.659820081865626,76.0,82.0,1.0,0.8591246929842246,0.0,0.2267364539045623,0.19892063565883097,0.0,0.0
37,488952,533188,1,80.18604651162791,1.6740955760758311,76.0,83.0,4.0,0.7867957924694432,0.0,0.23810699006178854,0.1995024047115766,0.0,0.0
37,497188,541188,1,80.45454545454545,1.3560394445614816,77.0,83.0,0.0,0.6469966392206306,0.0,0.21074181563223512,0.1753948060946311,0.0,0.0
37,505188,549188,1,80.61363636363636,1.1122440275674688,78.0,83.0,1.0,0.5906244232186183,0.0,0.20670851823465572,0.17322330162897184,0.0,0.0
37,513188,557188,1,80.84444444444445,1.4135150127812668,78.0,85.0,5.0,0.621581560508061,0.0,0.16145631390012283,0.1520446443769205,0.0,0.0
37,521188,565188,1,81.8,2.4639624816768437,78.0,87.0,5.0,0.6571287406727709,0.0,0.13406637800519025,0.15737135607966876,0.0,0.0
37,529188,573188,1,81.95555555555555,2.5206309223909757,78.0,87.0,1.0,0.7229988054812212,0.0,0.11524729374528743,0.15636918016768528,0.0,0.0
37,537188,581188,1,82.15555555555555,2.49404228383968,78.0,87.0,3.0,0.6908492797077574,0.0,0.08408570530066696,0.13009225056601031,0.0,0.0
37,545188,589188,1,82.73333333333333,2.09125161884775,79.0,87.0,4.0,0.674199862463242,0.0,0.04991498799576298,0.06844858677144156,0.0,0.0
37,553188,597188,1,83.22222222222223,1.6040073273438742,81.0,87.0,1.0,0.621581560508061,0.0,0.0378347537728281,0.05102014871188791,0.0,0.0
37,561188,604188,1,83.0,1.4142135623730951,81.0,87.0,4.0,0.5282705437953743,0.0,0.032042580258589116,0.04186351487777083,0.0,0.0
37,569188,604188,1,82.44444444444444,0.5983516452371672,81.0,83.0,1.0,0.4472135954999579,0.0,0.035698153841433225,0.04527241542517247,0.0,0.0
37,577188,604188,1,82.64285714285714,0.47915742374995496,82.0,83.0,0.0,0.3849001794597505,0.0,0.021733832818987376,0.022609058190688477,0.0,0.0
37,585188,604188,1,82.5,0.5,82.0,83.0,1.0,0.39735970711951313,0.0,0.024527752866752982,0.025237700915363665,0.0,0.0
37,593188,604188,1,82.5,0.5,82.0,83.0,0.0,0.4264014327112209,0.0,0.01818866822788336,0.012630727518429885,0.0,0.0
37,601188,604188,1,83.0,0.0,83.0,83.0,0.0,0.0,0.0,0.01722087637870517,0.002528913033771739,0.0,0.0
37,1172830,1180837,1,84.33333333333333,0.4714045207910317,84.0,85.0,1.0,0.6123724356957945,0.0,0.015234033039127372,0.005210889971098893,0.0,0.0
37,1172830,1188846,1,84.11764705882354,0.47058823529411764,83.0,85.0,2.0,0.5,0.0,0.026955750464169863,0.03395965197637609,0.0,0.0
37,1172830,1196985,1,84.08333333333333,0.8122328620674137,82.0,86.0,1.0,0.7518094115561123,0.0,0.02747597971548447,0.032170185376625346,0.0,0.0
37,1172830,1204985,1,84.90625,1.6650708505946525,82.0,88.0,2.0,0.8032193289024988,0.0,0.02197153142103346,0.02946133695431624,0.0,0.0
37,1172830,1212985,1,85.375,1.79843682124227,82.0,88.0,1.0,0.7679476477883045,0.0,0.0201193400535087,0.02685265707649183,0.0,0.0
37,1176833,1220985,1,85.26190476190476,1.8652144496841796,82.0,88.0,2.0,0.7650920556760059,0.0,0.01853081464231056,0.026675856157824262,0.0,0.0
37,1184842,1228985,1,85.57142857142857,1.840585532389304,82.0,88.0,1.0,0.8971499589146108,0.0,0.021371459580607863,0.03172880864504299,0.0,0.0
37,1192985,1231985,1,85.89473684210526,1.6668513286434858,82.0,88.0,2.0,0.9299811099505543,0.0,0.01594712149638641,0.024098178327581744,0.0,0.0
37,1200985,1242985,1,85.94285714285714,1.5846199570128052,82.0,88.0,3.0,0.7859052479933758,0.0,0.014648680378874419,0.021773615120874425,0.0,0.0
37,1208985,1250985,1,84.64516129032258,2.26542578917154,79.0,88.0,8.0,1.2382783747337807,0.0,0.016729668699819105,0.02289469672741609,0.0,0.0
37,1218985,1260985,1,82.93548387096774,2.8276912259111127,78.0,87.0,5.0,1.3038404810405297,0.0,0.01682288557603712,0.023112765109463522,0.0,0.0
37,1224985,1268985,1,81.78787878787878,3.140715762443195,78.0,87.0,9.0,1.2119199643540823,0.0,0.013183847628310267,0.011062239220300127,0.0,0.0
37,1238985,1276985,1,79.75757575757575,2.6745750501353003,75.0,86.0,8.0,1.299038105676658,0.0,0.012295776261207751,0.011147311967836585,0.0,0.0
37,1240985,1284985,1,79.51515151515152,2.297841043651985,75.0,85.0,1.0,1.5103807466993215,0.0,0.01232061869943463,0.011143147968699226,0.0,0.0
37,1248985,1291985,1,79.15625,1.7519520363012224,75.0,84.0,0.0,1.3678332288460768,0.0,0.013454443064322879,0.012267702959519872,0.0,0.0
37,1256985,1300985,1,78.40625,2.234101818964391,72.0,84.0,8.0,1.545023227719748,0.0,0.012819991347915036,0.012078341122804072,0.0,0.0
37,1264985,1308985,1,76.5625,3.648094536878122,70.0,84.0,6.0,1.524001524002286,0.0,0.012551173246118387,0.01131026168442878,0.0,0.0
37,1272985,1316985,1,75.53125,3.5442239541964615,70.0,84.0,0.0,1.481063262354709,0.0,0.010757249044596653,0.009063953203790656,0.0,0.0
37,1284985,1324985,1,75.52941176470588,3.4998764189749454,70.0,84.0,3.0,1.381698559415515,0.0,0.0106645277185332,0.00916025708275293,0.0,0.0
37,1291985,1332985,1,75.85714285714286,3.9143899881835784,70.0,85.0,6.0,1.3060943124220303,0.0,0.013412323183929292,0.015349809583008736,0.0,0.0
37,1297985,1340985,1,77.26315789473684,5.378731069912091,70.0,92.0,14.0,1.559625734730109,0.0,0.011818096612176527,0.014778462593358913,0.0,0.0
37,1304985,1348985,1,80.5,6.86236877930339,71.0,92.0,19.0,1.404625563263382,0.0,0.010978252503806804,0.01502701762902176,0.0,0.0
37,1312985,1351985,1,83.0909090909091,6.263717728283606,74.0,92.0,14.0,1.479019945774904,0.0,0.010848456910245616,0.015786253418044592,0.0,0.0
37,1320985,1351985,1,85.68,4.896692761446239,75.0,92.0,11.0,1.6457014715109584,0.0,0.011611349820363938,0.017742179686748086,0.0,0.0
37,1329985,1351985,1,87.6,3.215587038162705,82.0,92.0,6.0,1.5559732104309982,0.0,0.012496752211255477,0.019281176395145767,0.0,0.0
37,1336985,1351985,1,89.61538461538461,1.9029718272081508,85.0,92.0,3.0,1.6583123951777,0.0,0.004748380453977707,0.0028279486257891217,0.0,0.0
37,1344985,1351985,1,89.875,1.0532687216470449,88.0,91.0,3.0,0.6546536707079771,0.0,0.00573512164836226,0.003199989277623306,0.0,0.0
37,2271615,2276621,0,83.0,0.816496580927726,82.0,84.0,1.0,0.7745966692414834,0.0,0.07029241610724005,0.08102495410000339,0.0,0.0
37,2271615,2285250,0,82.06666666666666,1.1234866364235143,80.0,84.0,1.0,1.0350983390135313,0.0,0.09363279189104898,0.09277310577191943,0.0,0.0
37,2271615,2292250,0,81.95454545454545,1.106890514716902,80.0,84.0,1.0,1.1338934190276817,0.0,0.07825560555807737,0.0825111103162911,0.0,0.0
37,2271615,2301250,0,81.72413793103448,1.141582438430817,80.0,84.0,1.0,1.0856202966836188,0.0,0.06209740703813274,0.07745604373440756,0.0,0.0
37,2271615,2309250,0,81.16216216216216,1.551172416462891,78.0,84.0,5.0,1.0671873729054748,0.0,0.05204066697665379,0.07131772075809664,0.0,0.0
37,2272616,2317250,0,80.75,1.6393596310755,78.0,84.0,3.0,1.1102063499795358,0.0,0.0578209741409371,0.0760897523992447,0.0,0.0
37,2281250,2325250,0,80.82926829268293,1.885793344397825,78.0,85.0,3.0,1.1291589790636214,0.0,0.061758471163337075,0.07699063969955114,0.0,0.0
37,2289250,2331250,0,81.25641025641026,2.192270205107595,78.0,85.0,0.0,1.025978352085154,0.0,0.05581564574843975,0.07413041881542508,0.0,0.0
37,2297250,2331250,0,81.06060606060606,2.3216947041670246,78.0,85.0,3.0,1.0458250331675945,0.0,0.06000588338505194,0.07873544957394205,0.0,0.0
37,2305250,2331250,0,81.28,2.5848791074245616,78.0,85.0,4.0,1.118033988749895,0.0,0.07545526777159245,0.08470043841152479,0.0,0.0
37,2313250,2357250,0,82.47826086956522,1.9971624483227564,78.0,85.0,3.0,1.02247471629109,0.0,0.07604189695859243,0.08631839147186562,0.0,0.0
37,2321250,2365250,0,82.47826086956522,1.4406992631113817,80.0,85.0,2.0,0.9045340337332909,0.0,0.05375524868812892,0.07459345232196597,0.0,0.0
37,2329250,2373250,0,81.88,1.243221621433604,80.0,84.0,0.0,1.0,0.0,0.0506610142115128,0.10826267585791295,0.0,0.0
37,2352250,2381250,0,81.3,2.051828452868319,75.0,84.0,9.0,1.1596670152276025,0.0,0.03756922906663656,0.10025145664119105,0.0,0.0
37,2352250,2389254,0,80.02631578947368,3.082094657732688,74.0,84.0,10.0,1.065427207806866,0.0,0.03248271990443574,0.08996506036040462,0.0,0.0
37,2353250,2397182,0,79.5,3.095695936834452,74.0,84.0,6.0,1.0359395405656244,0.0,0.032329105404196284,0.08605366387647778,0.0,0.0
37,2361250,2405182,0,78.83333333333333,2.9270224320049745,74.0,84.0,2.0,0.9627197246824659,0.0,0.03506862576164694,0.09167745864619263,0.0,0.0
37,2369250,2413182,0,78.88095238095238,3.141143111249704,74.0,85.0,4.0,1.0359395405656244,0.0,0.0430483969451791,0.09350430227369312,0.0,0.0
37,2377250,2419182,0,79.375,4.175449077644224,74.0,89.0,6.0,1.0377490433255416,0.0,0.02774812770171451,0.04606170854755908,0.0,0.0
37,2385250,2429182,0,80.17142857142858,4.178076893812779,74.0,89.0,6.0,1.2366938848016846,0.0,0.032175269141195,0.04795744131044264,0.0,0.0
37,2394182,2437182,0,80.67567567567568,3.6171816268803476,76.0,89.0,4.0,1.2909944487358056,0.0,0.03487521643839455,0.04738967523064945,0.0,0.0
37,2401182,2445182,0,80.71052631578948,3.5534112204949007,75.0,89.0,3.0,1.404625563263382,0.0,0.034515679520693524,0.0455170939228455,0.0,0.0
37,2409182,2451182,0,79.91666666666667,4.590902840279774,72.0,89.0,10.0,1.3938641048743392,0.0,0.025051453199000682,0.02759672256038955,0.0,0.0
37,2417182,2451182,0,78.67857142857143,4.4082193637775875,72.0,89.0,16.0,1.4907119849998598,0.0,0.02349455528358401,0.017305470830154157,0.0,0.0
37,2427182,2451182,0,77.52,3.0347322781425055,72.0,83.0,11.0,1.1726039399558574,0.0,0.02415105387557695,0.017979803663861114,0.0,0.0
37,2433182,2451182,0,76.47368421052632,2.562244514660649,72.0,80.0,5.0,1.1785113019775793,0.0,0.02071940195185931,0.003922718088729744,0.0,0.0
37,2441182,2451182,0,74.9090909090909,2.1086206372260365,72.0,78.0,6.0,0.8944271909999159,0.0,0.02159714092096785,0.004524804024708794,0.0,0.0
37,3484524,3493520,0,77.7,1.4177446878757822,76.0,80.0,4.0,0.6666666666666666,0.0,0.01904103326113843,0.02600026606045502,0.0,0.0
37,3484524,3501070,0,78.11764705882354,1.966853352623587,76.0,82.0,2.0,0.9354143466934853,0.0,0.08375880651845642,0.1859031549748549,0.0,0.0
37,3484524,3509070,0,78.84,2.0333224043422136,76.0,82.0,0.0,0.8660254037844386,0.0,0.06377632204149301,0.15614318613733089,0.0,0.0
37,3484524,3517070,0,79.0,1.8090680674665818,76.0,82.0,0.0,0.7905694150420949,0.0,0.05224900694847705,0.13763085845136258,0.0,0.0
37,3484524,3525070,0,79.5609756097561,2.0005947955521832,76.0,83.0,1.0,0.85146931829632,0.0,0.04511917289150681,0.124363829012648,0.0,0.0
37,3489530,3533070,0,79.77272727272727,1.9524301449922297,76.0,83.0,4.0,0.8352690695845568,0.0,0.04409445699986952,0.12004883024018677,0.0,0.0
37,3497070,3541070,0,80.28888888888889,1.392395573139604,77.0,83.0,1.0,0.917010954628728,0.0,0.018114645514402446,0.00906027793803595,0.0,0.0
37,3505070,3549070,0,79.55555555555556,1.8921540406584887,75.0,83.0,3.0,0.8918825850158447,0.0,0.021746625364376042,0.017691411600458305,0.0,0.0
37,3513070,3556070,0,79.47727272727273,2.310928939189492,75.0,86.0,7.0,1.2294827802684933,0.0,0.027511056410993974,0.028254673181783645,0.0,0.0
37,3521070,3556070,0,79.33333333333333,2.4608038433722332,75.0,86.0,4.0,1.2873006086935783,0.0,0.03008076152434936,0.03017379773966587,0.0,0.0
37,3529070,3556070,0,78.82142857142857,2.479250627401229,75.0,86.0,6.0,1.387777332977422,0.0,0.03386207570213279,0.03312094057490655,0.0,0.0
37,3537070,3556070,0,78.0,2.4899799195977463,75.0,86.0,5.0,1.6383560438182505,0.0,0.04108015697710622,0.03665947143292489,0.0,0.0
37,3545070,3589072,0,79.33333333333333,3.771236166328254,75.0,86.0,9.0,1.7113069358158484,0.0,0.0560319138340657,0.047746614258956585,0.0,0.0
37,3553070,3597510,0,82.66666666666667,2.2705848487901874,77.0,86.0,5.0,1.625686668105863,0.0,0.05393399694419368,0.05345954500428416,0.0,0.0
37,3587070,3605510,0,82.94736842105263,1.3562209186026446,81.0,85.0,3.0,1.0274023338281628,0.0,0.04372779355088357,0.052076360767896665,0.0,0.0
37,3587070,3613510,0,82.03703703703704,1.9144959975289013,78.0,85.0,5.0,1.0190493307301363,0.0,0.0329157966854733,0.0467833460608211,0.0,0.0
37,3587070,3621510,0,81.11428571428571,2.435117228875716,77.0,85.0,8.0,0.9393364366277243,0.0,0.03840224372744765,0.045790365271748006,0.0,0.0
37,3587070,3629510,0,80.6046511627907,2.469719265504811,77.0,85.0,6.0,1.0,0.0,0.0411625849526124,0.046248533442557825,0.0,0.0
37,3593510,3637510,0,80.55555555555556,2.399588442078771,77.0,85.0,0.0,1.1870513506545997,0.0,0.04865812237919326,0.05821306909044806,0.0,0.0
37,3601510,3645510,0,80.26666666666667,2.1847959477565255,77.0,85.0,2.0,1.1677484162422844,0.0,0.05369803616192116,0.07476534716886514,0.0,0.0
37,3609510,3653510,0,80.5813953488372,2.5990388038973973,77.0,86.0,6.0,1.1952286093343936,0.0,0.06898735617263035,0.07764636524905111,0.0,0.0
37,3617510,3657510,0,81.12820512820512,2.681173558393808,77.0,86.0,5.0,1.224744871391589,0.0,0.1167936298830713,0.2293701731641721,0.0,0.0
37,3625510,3657510,0,82.03225806451613,2.235835284021091,77.0,86.0,3.0,1.3038404810405297,0.0,0.12998965046454827,0.2549671366838257,0.0,0.0
37,3633510,3657510,0,82.95652173913044,1.6279691501607874,80.0,86.0,1.0,1.02247471629109,0.0,0.14516532312265087,0.28932720927334854,0.0,0.0
37,3641510,3657510,0,82.6,1.7435595774162693,80.0,86.0,3.0,1.0350983390135313,0.0,0.1926747281535725,0.34754899254488725,0.0,0.0
37,3649510,3657510,0,84.0,1.1952286093343936,83.0,86.0,2.0,1.0,0.0,0.29071858386398475,0.4751068516129169,0.0,0.0
37,4726544,4733553,1,86.125,1.5360257159305635,84.0,88.0,3.0,1.0,0.0,0.05341285955473783,0.03447169308525914,0.0,0.0
37,4726544,4735555,1,86.0,1.4142135623730951,84.0,88.0,1.0,1.0,0.0,0.05748776178265906,0.0338849778368063,0.0,0.0
37,4726544,4735555,1,86.0,1.4142135623730951,84.0,88.0,1.0,1.0,0.0,0.05748776178265906,0.0338849778368063,0.0,0.0
37,4726544,4735555,1,86.0,1.4142135623730951,84.0,88.0,1.0,1.0,0.0,0.05748776178265906,0.0338849778368063,0.0,0.0
37,4726544,4764719,1,86.08333333333333,1.3202482931462383,84.0,88.0,1.0,1.0,0.0,0.05353147954605258,0.034478605810116594,0.0,0.0
37,4729548,4772719,1,85.94117647058823,1.0555504967603742,84.0,88.0,2.0,0.9354143466934853,0.0,0.05844689291023253,0.06073906583583781,0.0,0.0
37,4760661,4776719,1,86.38461538461539,0.6249260311258431,85.0,87.0,0.0,0.7071067811865476,0.0,0.05494102119340852,0.06584512730784492,0.0,0.0
37,4760661,4787719,1,86.57894736842105,0.7480352843974681,85.0,88.0,0.0,0.8819171036881969,0.0,0.05400973927233679,0.05702265988908466,0.0,0.0
37,4760661,4787719,1,86.57894736842105,0.7480352843974681,85.0,88.0,0.0,0.8819171036881969,0.0,0.05400973927233679,0.05702265988908466,0.0,0.0
37,4760661,4787719,1,86.57894736842105,0.7480352843974681,85.0,88.0,0.0,0.8819171036881969,0.0,0.05400973927233679,0.05702265988908466,0.0,0.0
37,4768719,4787719,1,86.5,0.823754471047914,85.0,88.0,1.0,0.9198662110077999,0.0,0.06598200847397766,0.0605519122484608,0.0,0.0
37,4776719,4813719,1,87.125,0.7806247497997998,86.0,88.0,1.0,1.1338934190276817,0.0,0.05379375330685014,0.026322755670595766,0.0,0.0
37,4784719,4825719,1,86.85714285714286,0.832993127835043,86.0,88.0,0.0,1.1547005383792515,0.0,0.10659513955540194,0.08255785291148056,0.0,0.0
37,4865719,4876719,1,87.25,1.0897247358851685,86.0,89.0,2.0,1.8257418583505538,0.0,0.23595518253663866,0.25740188262973135,0.0,0.0
37,4865719,4881719,1,87.11111111111111,0.8748897637790901,86.0,89.0,3.0,1.2747548783981961,0.0,0.1373616872344647,0.1957414926311499,0.0,0.0
37,4865719,4881719,1,87.11111111111111,0.8748897637790901,86.0,89.0,3.0,1.2747548783981961,0.0,0.1373616872344647,0.1957414926311499,0.0,0.0
37,4865719,4881719,1,87.11111111111111,0.8748897637790901,86.0,89.0,3.0,1.2747548783981961,0.0,0.1373616872344647,0.1957414926311499,0.0,0.0
37,4865719,4881719,1,87.11111111111111,0.8748897637790901,86.0,89.0,3.0,1.2747548783981961,0.0,0.1373616872344647,0.1957414926311499,0.0,0.0
37,4874719,4881719,1,86.875,0.5994789404140899,86.0,88.0,0.0,0.7559289460184544,0.0,0.12368769493468865,0.2035221630214393,0.0,0.0
37,5640580,5643583,0,82.75,0.82915619758885,82.0,84.0,1.0,1.2909944487358056,0.0,0.07120474146076827,0.0828743180277169,0.0,0.0
37,5640580,5650091,0,82.5,0.9574271077563381,81.0,84.0,0.0,1.4142135623730951,0.0,0.12195887784439131,0.09911296585336081,0.0,0.0
37,5640580,5655091,0,82.71428571428571,1.0301575072754257,81.0,84.0,1.0,1.35400640077266,0.0,0.1127535640276975,0.09449056468768038,0.0,0.0
37,5640580,5669091,0,84.58333333333333,2.3614378858841256,81.0,88.0,4.0,1.5954480704349312,0.0,0.11126646432309768,0.08996113788238569,0.0,0.0
37,5640580,5677091,0,85.55,2.246664193866097,81.0,88.0,5.0,1.3954814298487213,0.0,0.10655056230697486,0.09682847353584415,0.0,0.0
37,5641581,5681091,0,86.17391304347827,2.29654132978161,81.0,89.0,5.0,1.296849328880646,0.0,0.09646475096814304,0.09414102111917079,0.0,0.0
37,5649091,5681091,0,86.7,1.9519221295943134,81.0,89.0,8.0,1.2977713690461004,0.0,0.09743962567135578,0.0949851380233721,0.0,0.0
37,5663091,5701091,0,87.0,1.4867838833500564,83.0,89.0,5.0,1.4337208778404378,0.0,0.07728857491447862,0.08986482982988969,0.0,0.0
37,5665091,5702091,0,86.72222222222223,1.7576991132840416,83.0,89.0,4.0,1.4552137502179978,0.0,0.07713884566062544,0.09233721223584526,0.0,0.0
37,5673091,5717091,0,86.3076923076923,2.2320950966995246,83.0,89.0,3.0,1.6583123951777,0.0,0.05133426045343826,0.08087348726593575,0.0,0.0
37,5681091,5717091,0,84.4,2.33238075793812,83.0,89.0,6.0,2.5495097567963922,0.0,0.025824707917791408,0.023419630916086787,0.0,0.0
37,5697091,5733091,0,83.18181818181819,0.5749595745760689,82.0,84.0,1.0,0.7071067811865476,0.0,0.038682175677393627,0.0400824716174981,0.0,0.0
37,5697091,5741091,0,82.27777777777777,1.3664859862498715,79.0,84.0,5.0,0.7276068751089989,0.0,0.027342376905609245,0.03474447504709569,0.0,0.0
37,5717091,5749091,0,81.0,2.1157009420498154,77.0,84.0,5.0,0.9219544457292888,0.0,0.030196524040494,0.03478469464495376,0.0,0.0
37,5717091,5757091,0,80.89655172413794,2.0400275114136606,77.0,84.0,1.0,1.0177004891982149,0.0,0.027763227284854454,0.0314594290978158,0.0,0.0
37,5727091,5765091,0,81.22222222222223,1.9735910742590683,77.0,84.0,2.0,0.9258200997725514,0.0,0.022350321507880168,0.02830697112503478,0.0,0.0
37,5729091,5773091,0,81.4047619047619,1.890572145819554,77.0,84.0,0.0,0.9370425713316364,0.0,0.0222318343376963,0.025625358981291774,0.0,0.0
37,5737091,5781091,0,81.45238095238095,1.9173689928845943,77.0,84.0,0.0,0.9106416928094863,0.0,0.03217713115683564,0.051381329944912964,0.0,0.0
37,5745091,5789091,0,81.44444444444444,1.9154988390675507,77.0,84.0,5.0,1.1579762911688178,0.0,0.035258118595788285,0.051129667049478446,0.0,0.0
37,5753091,5797091,0,82.35555555555555,1.7147148198987046,77.0,85.0,5.0,1.177439440635329,0.0,0.0367870081250233,0.05425456782192253,0.0,0.0
37,5761091,5805091,0,82.66666666666667,1.6599866130651644,77.0,85.0,2.0,1.1481209945740989,0.0,0.05860220204728924,0.08037064619522041,0.0,0.0
37,5769091,5813091,0,82.61363636363636,1.773746793076851,77.0,85.0,0.0,1.2199885626608373,0.0,0.07191775943543657,0.08708832811655413,0.0,0.0
37,5777091,5819091,0,82.5952380952381,1.8395072296874948,77.0,85.0,1.0,1.3343492064965785,0.0,0.07791177200699058,0.08808391436876514,0.0,0.0
37,5785091,5819091,0,82.73529411764706,1.9600243625348392,77.0,85.0,5.0,1.3142574813455419,0.0,0.07736246931064251,0.08665479821897772,0.0,0.0
37,5793091,5819091,0,83.26923076923077,1.482142220615207,80.0,85.0,3.0,1.1489125293076057,0.0,0.09184498004443986,0.09218602551855674,0.0,0.0
37,5801091,5819091,0,82.72222222222223,1.4455124256952987,80.0,85.0,3.0,1.3060943124220303,0.0,0.1003290032317746,0.09270990668680966,0.0,0.0
37,5809091,5819091,0,82.9,1.2206555615733703,81.0,85.0,1.0,1.4529663145135578,0.0,0.08750901851726808,0.0842528658297627,0.0,0.0
37,8153616,8156620,0,89.0,0.0,89.0,89.0,0.0,0.0,0.0,0.17862347018937944,0.28606232735147913,0.0,0.0
37,8153616,8164741,0,88.81818181818181,0.5749595745760689,88.0,90.0,1.0,0.5477225575051661,0.0,0.18383745360821635,0.19275266000884264,0.0,0.0
37,8153616,8172741,0,89.0,0.7559289460184544,88.0,91.0,0.0,0.9607689228305228,0.0,0.15628527367400208,0.17929909165680627,0.0,0.0
37,8153616,8178741,0,88.75,0.7664854858377946,88.0,91.0,1.0,0.8271701918685112,0.0,0.12299385464208952,0.16003171221631246,0.0,0.0
37,8153616,8188741,0,88.34782608695652,1.4328049611551374,83.0,91.0,6.0,1.1677484162422844,0.0,0.117383412115198,0.15043947736186516,0.0,0.0
37,8153616,8196741,0,86.64516129032258,3.1576674434878114,81.0,91.0,8.0,1.0645812948447542,0.0,0.09550113127406522,0.1356751125018375,0.0,0.0
37,8160741,8204741,0,84.3030303030303,4.393416896833802,78.0,91.0,9.0,1.103970108290981,0.0,0.06289589765205132,0.06911503428121174,0.0,0.0
37,8172741,8212741,0,82.29411764705883,3.682465700209303,78.0,89.0,9.0,0.9692233691951198,0.0,0.03769146530471738,0.035076854730061634,0.0,0.0
37,8176741,8220741,0,80.28947368421052,3.641196266243757,73.0,88.0,15.0,1.0526671402243484,0.0,0.03599559691444491,0.033747466387568315,0.0,0.0
37,8188741,8228741,0,78.09756097560975,3.1219512195121952,72.0,83.0,9.0,0.85146931829632,0.0,0.030911337846036804,0.02762586144402575,0.0,0.0
37,8192741,8236741,0,77.42222222222222,2.8401008502351064,72.0,82.0,3.0,0.917010954628728,0.0,0.037327515491228924,0.03954375527757963,0.0,0.0
37,8200741,8244741,0,77.33333333333333,2.6997942308422114,72.0,81.0,1.0,0.917010954628728,0.0,0.03535595187159513,0.039327774151698344,0.0,0.0
37,8208741,8252741,0,77.0,2.581988897471611,72.0,81.0,3.0,0.9653072991634227,0.0,0.03572342574381555,0.0403638753865226,0.0,0.0
37,8216741,8260741,0,76.8,2.390722810272148,72.0,81.0,1.0,0.9653072991634227,0.0,0.03395441845190482,0.03941166088923266,0.0,0.0
37,8224741,8268741,0,76.88888888888889,2.359116804816038,71.0,81.0,3.0,0.9653072991634227,0.0,0.03601662479959024,0.03968586897617464,0.0,0.0
37,8232741,8276741,0,75.91111111111111,3.971130386075214,66.0,81.0,10.0,0.9770084209183945,0.0,0.031173928491857784,0.03520960403957366,0.0,0.0
37,8240741,8284741,0,73.8,5.022615520489964,65.0,81.0,13.0,0.9414688716912718,0.0,0.02353724597442944,0.02187614143250804,0.0,0.0
37,8248741,8292741,0,71.64444444444445,4.747656991988812,65.0,79.0,11.0,0.9414688716912718,0.0,0.024245549826120694,0.022215374917429132,0.0,0.0
37,8256741,8300741,0,69.66666666666667,4.305035810923451,64.0,78.0,10.0,0.9770084209183945,0.0,0.02062163944314368,0.01645967033950018,0.0,0.0
37,8264741,8308741,0,67.8,2.6127890589687235,64.0,76.0,10.0,1.1078234188139946,0.0,0.01870208257728764,0.016169809295322794,0.0,0.0
37,8272741,8316741,0,66.62222222222222,1.3870654697179763,64.0,70.0,4.0,1.0660035817780522,0.0,0.01723670441620644,0.016341785241657195,0.0,0.0
37,8280741,8324741,0,66.62222222222222,1.4029950326812972,64.0,69.0,2.0,1.02247471629109,0.0,0.013741613796939904,0.013553416720687467,0.0,0.0
37,8288741,8332741,0,67.17777777777778,1.829254722422816,64.0,71.0,1.0,0.9653072991634227,0.0,0.02619313438775271,0.046505582139417655,0.0,0.0
37,8296741,8332741,0,67.4054054054054,1.7623611229082277,65.0,71.0,4.0,0.97182531580755,0.0,0.027407043748398828,0.0508747978807653,0.0,0.0
37,8304741,8332741,0,67.51724137931035,1.812232185306333,65.0,71.0,1.0,0.6813851438692469,0.0,0.029679537109638224,0.056381555855884904,0.0,0.0
37,8312741,8332741,0,67.85714285714286,1.934294858246657,65.0,71.0,4.0,0.6324555320336759,0.0,0.03940080156652132,0.06359437837664687,0.0,0.0
37,8320741,8332741,0,69.23076923076923,0.9730085108210399,67.0,71.0,2.0,0.7071067811865476,0.0,0.054415130984085854,0.07661375946253453,0.0,0.0
37,8328741,8332741,0,69.4,0.4898979485566356,69.0,70.0,1.0,0.5,0.0,0.12891659498729077,0.07846153232218893,0.0,0.0
37,8915806,8949083,1,85.42857142857143,1.7612611437054218,84.0,89.0,0.0,2.449489742783178,0.0,0.1119704080657027,0.12928043631083197,0.0,0.0
37,8915806,8957083,1,82.66666666666667,3.003701420285016,79.0,89.0,4.0,1.7728105208558367,0.0,0.13488187032616508,0.13696190946955408,0.0,0.0
37,8942083,8965083,1,81.45,2.6358110706194404,79.0,89.0,5.0,1.504379571363837,0.0,0.14111849359081288,0.13175076913943992,0.0,0.0
38,5506062,5550062,0,81.45454545454545,5.297746285212169,75.0,90.0,12.0,1.118033988749895,0.0,0.01996037290729212,0.02091779033591767,0.0,0.0
38,5514062,5558062,0,79.70588235294117,3.8081137199151796,75.0,89.0,6.0,1.2060453783110545,0.0,0.021324197936100023,0.021067414800295264,0.0,0.0
38,5525062,5566062,0,79.17142857142858,2.7201440538084354,75.0,84.0,2.0,1.0846522890932808,0.0,0.022198655438045417,0.021942371465484077,0.0,0.0
38,5531062,5568062,0,79.22857142857143,2.809023361401247,75.0,85.0,3.0,1.0981267472114393,0.0,0.021722544821983134,0.02207388661339243,0.0,0.0
38,5538062,5582062,0,79.73333333333333,3.7052515284240677,75.0,88.0,11.0,1.18903032065977,0.0,0.025309594187997695,0.021937582123957314,0.0,0.0
38,5546062,5590062,0,82.9,4.117847334065053,76.0,90.0,14.0,1.203443335628631,0.0,0.02185206839905934,0.02414342956415098,0.0,0.0
38,5554062,5598062,0,85.38461538461539,2.8966415975019584,81.0,90.0,7.0,1.1489125293076057,0.0,0.021678606572187394,0.025324068649513375,0.0,0.0
38,5565062,5606062,0,87.5,2.1528156875625433,82.0,90.0,8.0,1.0583005244258363,0.0,0.040962336525149884,0.11666284020039716,0.0,0.0
38,5581062,5612062,0,88.75,1.242836617236094,87.0,92.0,4.0,0.816496580927726,0.0,0.03979068650723832,0.1124939950561967,0.0,0.0
38,5581062,5618062,0,89.03333333333333,1.6224124698183944,87.0,94.0,4.0,0.9468641529479986,0.0,0.03736493876451549,0.10906121809123488,0.0,0.0
38,5586062,5618062,0,89.28,1.661806246227279,87.0,94.0,5.0,1.0206207261596576,0.0,0.03799217688879716,0.1175716508809181,0.0,0.0
38,5595062,5638062,0,89.85714285714286,1.7804684853180874,88.0,94.0,6.0,1.0,0.0,0.0469537774572228,0.1286087157067521,0.0,0.0
38,5602062,5642062,0,90.8,1.7204650534085255,89.0,94.0,4.0,1.1338934190276817,0.0,0.06084997745998867,0.15017771592057924,0.0,0.0
38,5610062,5655017,0,90.26666666666667,2.5681813712344295,86.0,94.0,4.0,1.4638501094227998,0.0,0.02707147098113113,0.033092250106707286,0.0,0.0
38,5618062,5662019,0,86.55555555555556,4.763544691161337,79.0,94.0,13.0,1.3932610920384718,0.0,0.03396461190795556,0.03888962061287631,0.0,0.0
38,5638062,5670384,0,83.92,5.153018532860133,78.0,94.0,16.0,1.1547005383792515,0.0,0.06015953553834938,0.09293799720542419,0.0,0.0
39,1043573,1088416,1,83.83720930232558,2.332083932413335,80.0,91.0,9.0,0.7071067811865476,0.0,0.017251541889991822,0.01808207461990907,0.0,0.0
39,1051666,1092416,1,84.92307692307692,3.284654416389718,80.0,92.0,8.0,0.7254762501100116,0.0,0.016145771199808607,0.017512843074199817,0.0,0.0
39,1059666,1092416,1,85.09677419354838,3.6575581375634494,80.0,92.0,8.0,0.7302967433402214,0.0,0.014868946422007707,0.018605927146702218,0.0,0.0
39,1067666,1092416,1,85.47826086956522,4.179344292416666,80.0,92.0,9.0,0.8257228238447705,0.0,0.016824251667772315,0.02092785905874026,0.0,0.0
39,1076416,1120416,1,85.57894736842105,5.4223299466061174,73.0,92.0,8.0,4.109609335312651,0.05555555555555555,0.021399774348086327,0.025187895428779083,0.0,0.0
39,1084416,1128416,1,80.42105263157895,9.432953377298256,70.0,92.0,16.0,4.096068575814836,0.05555555555555555,0.01746955496633933,0.02553642228139355,0.0,0.0
39,1092416,1130416,1,73.07692307692308,5.608531118017903,70.0,92.0,21.0,4.9749371855331,0.08333333333333333,0.011935658032279778,0.018187590626059517,0.0,0.0
39,1118416,1130416,1,71.5,1.3228756555322954,70.0,75.0,4.0,0.8528028654224418,0.0,0.01290647326535139,0.018603813812270453,0.0,0.0
39,1118416,1152416,1,71.94444444444444,1.2680791345014808,70.0,75.0,2.0,0.9074852129730301,0.0,0.018560958464089585,0.025587117639574438,0.0,0.0
39,1118416,1160416,1,72.34615384615384,1.2692307692307692,70.0,75.0,2.0,0.8944271909999159,0.0,0.032878936922482706,0.050657852860999435,0.0,0.0
39,1124416,1168416,1,72.25,1.32624604483051,70.0,74.0,1.0,1.0363754503432017,0.0,0.039386033188780124,0.0527721657798816,0.0,0.0
39,1147416,1176416,1,72.34482758620689,1.320288946143217,69.0,74.0,1.0,1.0522085616183026,0.0,0.04230855494374084,0.050282519555042454,0.0,0.0
39,1147416,1184416,1,72.48648648648648,1.22190860058998,69.0,74.0,0.0,1.0,0.0,0.059024849977833846,0.06512484599316341,0.0,0.0
39,1148416,1192416,1,72.5,1.2522706649050828,69.0,74.0,1.0,1.0454775252553032,0.0,0.05672969226110669,0.06135587572620578,0.0,0.0
39,1156416,1200416,1,72.52272727272727,1.2337790498309058,69.0,74.0,1.0,1.0,0.0,0.06279012841493685,0.060482678457874424,0.0,0.0
39,1164416,1208416,1,72.11111111111111,1.4019386929411113,69.0,74.0,4.0,0.9770084209183945,0.0,0.055340416013561475,0.054913452705599185,0.0,0.0
39,1172416,1216416,1,71.84444444444445,1.5910242061927777,68.0,74.0,1.0,0.9414688716912718,0.0,0.06011019047086281,0.0537065264090031,0.0,0.0
39,1180416,1222416,1,71.74418604651163,1.5861760841841799,68.0,74.0,0.0,0.9258200997725514,0.0,0.06107860195237495,0.05509200599020954,0.0,0.0
39,1188416,1222416,1,71.51428571428572,1.627819375227899,68.0,74.0,2.0,0.9074852129730301,0.0,0.045539028615724286,0.03724296377768781,0.0,0.0
39,1196416,1222416,1,71.14814814814815,1.5800540005704846,68.0,74.0,1.0,0.8987170342729172,0.0,0.04795803091278392,0.03631749164536538,0.0,0.0
39,1204416,1222416,1,70.52631578947368,1.3905099803813585,68.0,73.0,2.0,1.0,0.0,0.04539452307750157,0.03819343558638967,0.0,0.0
39,1212416,1222416,1,70.63636363636364,1.6663911618021234,68.0,73.0,5.0,0.7071067811865476,0.0,0.03375724098861235,0.023650019734265688,0.0,0.0
39,1699431,1703758,1,75.8,1.16619037896906,75.0,78.0,3.0,1.6583123951777,0.0,0.03550346443362501,0.04847739347870954,0.0,0.0
39,1699431,1711758,1,77.0,1.4675987714106855,75.0,79.0,1.0,1.3844373104863459,0.0,0.03402836828081752,0.03670025548369081,0.0,0.0
39,1699431,1718758,1,76.78947368421052,1.3210421471590665,75.0,79.0,0.0,1.247219128924647,0.0,0.027025798839834254,0.03223978389465336,0.0,0.0
39,1699431,1727758,1,76.65,1.4239030865898141,74.0,79.0,1.0,1.2354415362426845,0.0,0.0301892202687416,0.03431575366935406,0.0,0.0
39,1699431,1735758,1,76.52173913043478,1.3790218719264093,74.0,79.0,0.0,1.243163121016122,0.0,0.039507453505722295,0.056525522304464206,0.0,0.0
39,1700431,1743758,1,76.67857142857143,1.2550916707718272,74.0,79.0,2.0,1.247219128924647,0.0,0.04214016621672972,0.052511592611674006,0.0,0.0
39,1707758,1751758,1,75.79310344827586,1.7690697018456083,71.0,79.0,8.0,1.0,0.0,0.03532164212819678,0.04834006526346507,0.0,0.0
39,1715758,1759758,1,73.93103448275862,2.6900972227368394,69.0,78.0,7.0,1.118033988749895,0.0,0.05468567985901533,0.06259320247443168,0.0,0.0
39,1727758,1767758,1,73.76470588235294,2.532829428424822,69.0,78.0,2.0,1.1009637651263606,0.0,0.05809521379468364,0.05900439141949251,0.0,0.0
39,1731758,1775758,1,73.75,2.384848003542364,69.0,78.0,3.0,1.0741723110591492,0.0,0.05818058808764055,0.06132293806948326,0.0,0.0
39,1739758,1779758,1,73.8780487804878,2.4712505173639685,69.0,78.0,0.0,1.0954451150103321,0.0,0.05522131951997226,0.0528676977168572,0.0,0.0
39,1747758,1791758,1,73.57894736842105,2.3354429191930306,69.0,78.0,1.0,1.150792911137501,0.0,0.055369549500226226,0.05480981093071015,0.0,0.0
39,1755758,1800271,1,74.07894736842105,2.144535024408351,69.0,78.0,5.0,1.2627725822944504,0.0,0.055553289266333856,0.05428926931819199,0.0,0.0
39,1763758,1808271,1,74.63888888888889,1.455884186819851,72.0,78.0,1.0,1.2071217242444348,0.0,0.051080021560783145,0.043695648846808995,0.0,0.0
39,1771758,1816271,1,74.33333333333333,1.452966314513558,72.0,78.0,2.0,1.1710800875382399,0.0,0.04554848677334644,0.042057085513032375,0.0,0.0
39,1779758,1824271,1,73.19444444444444,2.424635647822443,69.0,78.0,9.0,1.1338934190276817,0.0,0.03657731317673377,0.031187626641872516,0.0,0.0
39,1787758,1832271,1,72.51162790697674,2.3954617268498772,69.0,77.0,7.0,1.0578504710249077,0.0,0.03842587406038845,0.031930691146790306,0.0,0.0
39,1796271,1840271,1,71.4186046511628,2.233284765474232,68.0,75.0,6.0,1.1126972805283737,0.0,0.04007878461594988,0.031837409445577565,0.0,0.0
39,1804271,1848271,1,70.6,2.069889959501336,68.0,75.0,5.0,1.07661084384791,0.0,0.056750449333324356,0.06418902931667285,0.0,0.0
39,1812271,1856271,1,70.13333333333334,1.54344492037203,68.0,74.0,3.0,1.0975178606954215,0.0,0.05803633455266707,0.06570895820099557,0.0,0.0
39,1820271,1864271,1,70.42222222222222,1.7699829112657666,68.0,75.0,6.0,1.044465935734187,0.0,0.08045816289112538,0.0822347610688248,0.0,0.0
39,1828271,1871271,1,71.22727272727273,2.234681555142155,68.0,76.0,3.0,1.1102063499795358,0.0,0.08583986570989695,0.08248397568809032,0.0,0.0
39,1836271,1878271,1,71.66666666666667,2.389435437378819,68.0,76.0,5.0,1.0882143751650175,0.0,0.09066812912633959,0.08579641055696507,0.0,0.0
39,1844271,1878271,1,72.3225806451613,2.205376081953188,68.0,76.0,6.0,1.0,0.0,0.10213095350933524,0.09224872678747391,0.0,0.0
39,1852271,1878271,1,73.30434782608695,1.4576569229774097,70.0,76.0,2.0,0.9045340337332909,0.0,0.09024592224885536,0.0817399823390409,0.0,0.0
39,1860271,1878271,1,74.13333333333334,0.8055363982396379,73.0,76.0,1.0,0.8864052604279183,0.0,0.1032212263932844,0.08797966752132337,0.0,0.0
39,1868271,1878271,1,74.42857142857143,0.7284313590846836,74.0,76.0,2.0,0.5773502691896257,0.0,0.041697752371844816,0.027884395241870683,0.0,0.0
39,2917109,2920440,1,79.2,0.9797958971132712,78.0,80.0,0.0,1.4142135623730951,0.0,0.029953189073552794,0.02213890045616574,0.0,0.0
39,2917109,2925440,1,78.9,1.0440306508910548,77.0,80.0,0.0,1.4142135623730951,0.0,0.029002019968843985,0.024919565261139913,0.0,0.0
39,2917109,2925440,1,78.9,1.0440306508910548,77.0,80.0,0.0,1.4142135623730951,0.0,0.029002019968843985,0.024919565261139913,0.0,0.0
39,2917109,2925440,1,78.9,1.0440306508910548,77.0,80.0,0.0,1.4142135623730951,0.0,0.029002019968843985,0.024919565261139913,0.0,0.0
39,2917109,2925440,1,78.9,1.0440306508910548,77.0,80.0,0.0,1.4142135623730951,0.0,0.029002019968843985,0.024919565261139913,0.0,0.0
39,2917109,2925440,1,78.9,1.0440306508910548,77.0,80.0,0.0,1.4142135623730951,0.0,0.029002019968843985,0.024919565261139913,0.0,0.0
39,2985467,2989467,1,89.4,1.019803902718557,88.0,91.0,3.0,0.8660254037844386,0.0,0.018791552791316647,0.012085171992754391,0.0,0.0
39,2985467,2989467,1,89.4,1.019803902718557,88.0,91.0,3.0,0.8660254037844386,0.0,0.018791552791316647,0.012085171992754391,0.0,0.0
39,2985467,2989467,1,89.4,1.019803902718557,88.0,91.0,3.0,0.8660254037844386,0.0,0.018791552791316647,0.012085171992754391,0.0,0.0
39,2985467,2989467,1,89.4,1.019803902718557,88.0,91.0,3.0,0.8660254037844386,0.0,0.018791552791316647,0.012085171992754391,0.0,0.0
39,2985467,2989467,1,89.4,1.019803902718557,88.0,91.0,3.0,0.8660254037844386,0.0,0.018791552791316647,0.012085171992754391,0.0,0.0
39,5511175,5520175,1,87.3,1.5524174696260025,85.0,90.0,4.0,1.1547005383792515,0.0,0.03164440113655019,0.02684778286952144,0.0,0.0
39,5511175,5528178,1,87.0,1.4907119849998598,85.0,90.0,0.0,1.3284223283101428,0.0,0.044657830169422943,0.04064221529584386,0.0,0.0
39,5511175,5536198,1,87.76923076923077,1.8461538461538463,85.0,91.0,2.0,1.296148139681572,0.0,0.04224642118460841,0.03555681616164657,0.0,0.0
39,5511175,5544203,1,88.39393939393939,2.0588227577530946,85.0,91.0,0.0,1.1989578808281798,0.0,0.0458767537642222,0.03460938851466444,0.0,0.0
39,5511175,5550666,1,88.02564102564102,2.212866565168351,83.0,91.0,2.0,1.3178930553209385,0.0,0.061538385160880754,0.060522169970159564,0.0,0.0
39,5516175,5559666,1,88.41463414634147,2.357919812411113,83.0,92.0,5.0,1.2747548783981961,0.0,0.07381570649549841,0.06559237983816155,0.0,0.0
39,5524175,5567666,1,89.65853658536585,2.5908822877833173,83.0,93.0,6.0,1.2041594578792296,0.0,0.07300648807552329,0.0663161859415841,0.0,0.0
39,5532194,5575666,1,90.41463414634147,2.347553056686042,83.0,93.0,4.0,1.0723805294763609,0.0,0.06731491014437604,0.06562531144812828,0.0,0.0
39,5540203,5583666,1,90.64285714285714,2.27639469097862,83.0,93.0,1.0,1.0476454436543674,0.0,0.06371571506469467,0.06641670284709915,0.0,0.0
39,5548210,5591666,1,91.1,2.0952326839756963,83.0,94.0,11.0,1.0,0.0,0.06255801757463571,0.06855348304921849,0.0,0.0
39,5555666,5599666,1,91.95,1.182159041753689,90.0,95.0,3.0,0.8623164985025763,0.0,0.04628726509409549,0.046209163476216064,0.0,0.0
39,5563666,5607666,1,92.15,1.1521718621802912,90.0,95.0,1.0,0.8915558282417286,0.0,0.048016594854154784,0.07352287387954623,0.0,0.0
39,5571666,5615666,1,92.225,1.214238444458089,90.0,95.0,2.0,0.9336995618478525,0.0,0.04484338739812714,0.07442548424868078,0.0,0.0
39,5579666,5623666,1,92.5,1.0954451150103321,90.0,95.0,0.0,0.9336995618478525,0.0,0.0437364679441125,0.07461819043097782,0.0,0.0
4,1279364,1291364,1,93.0909090909091,0.51425947722658,92.0,94.0,1.0,0.5477225575051661,0.0,0.019735746497702995,0.022281969337089255,0.0,0.0
4,1287364,1330364,1,90.22222222222223,3.705184889007348,84.0,94.0,5.0,3.6571847095819483,0.125,0.035796687281490554,0.03094119464894968,0.0,0.0
4,1324364,1330364,1,86.25,1.479019945774904,84.0,88.0,4.0,1.4142135623730951,0.0,0.04008250494996177,0.034388617610021786,0.0,0.0
4,1324364,1347364,1,88.5,3.4034296427770228,84.0,93.0,9.0,2.4899799195977463,0.0,0.03387837869712286,0.03050656446634059,0.0,0.0
4,1324364,1351364,1,90.2,3.370459909270543,84.0,93.0,9.0,1.9148542155126762,0.0,0.033725660236674525,0.026921831810400778,0.0,0.0
4,1324364,1359364,1,90.45454545454545,3.3128849378706535,84.0,93.0,9.0,1.816590212458495,0.0,0.030672240271064764,0.027424974291489313,0.0,0.0
4,1328364,1359364,1,91.1,2.7367864366808017,86.0,93.0,7.0,1.7950549357115013,0.0,0.032669044589444876,0.027990759797347744,0.0,0.0
4,1346364,1359364,1,92.85714285714286,0.34992710611188255,92.0,93.0,0.0,0.5773502691896257,0.0,0.025294946168837908,0.02065531377817359,0.0,0.0
4,1346364,1359364,1,92.85714285714286,0.34992710611188255,92.0,93.0,0.0,0.5773502691896257,0.0,0.025294946168837908,0.02065531377817359,0.0,0.0
4,1686713,1691713,0,93.66666666666667,0.47140452079103173,93.0,94.0,1.0,0.4472135954999579,0.0,0.04350526135181867,0.028768517641697803,0.0,0.0
4,1686713,1693713,0,93.75,0.4330127018922193,93.0,94.0,1.0,0.3779644730092272,0.0,0.03468576429871624,0.0294127413673615,0.0,0.0
4,1686713,1704713,0,94.0909090909091,0.668042657122685,93.0,95.0,2.0,0.4472135954999579,0.0,0.026720842727106665,0.028395017030276946,0.0,0.0
4,1686713,1715713,0,93.76923076923077,0.9730085108210398,92.0,95.0,1.0,0.9574271077563381,0.0,0.023906804389229618,0.026940539139535626,0.0,0.0
4,1686713,1723713,0,93.52380952380952,1.1388819755334665,92.0,95.0,2.0,0.8366600265340756,0.0,0.020052089365310118,0.022773441725587713,0.0,0.0
4,1687713,1723713,0,93.55,1.1608186766243898,92.0,95.0,2.0,0.8583950752789521,0.0,0.019621505956812675,0.02325226197437655,0.0,0.0
4,1702713,1723713,0,93.38461538461539,1.3888823142513684,92.0,95.0,0.0,1.0,0.0,0.01104675094475251,0.009619462136372402,0.0,0.0
4,1703713,1723713,0,93.25,1.3616778865306827,92.0,95.0,0.0,1.044465935734187,0.0,0.010880147134162903,0.009994217527636774,0.0,0.0
4,1714713,1750713,0,91.9090909090909,3.3426866019727703,82.0,95.0,10.0,4.147288270665544,0.1,0.01493072737720333,0.011809832969620408,0.0,0.0
4,1719713,1750713,0,91.83333333333333,4.524623986832743,82.0,95.0,10.0,5.865151319446072,0.2,0.02025759037495843,0.013594327791564768,0.0,0.0
4,1750713,1767713,0,85.2,1.5999999999999999,82.0,86.0,4.0,2.0,0.0,0.028722513258534366,0.01999293719600208,0.0,0.0
4,1750713,1767713,0,85.2,1.5999999999999999,82.0,86.0,4.0,2.0,0.0,0.028722513258534366,0.01999293719600208,0.0,0.0
4,1750713,1767713,0,85.2,1.5999999999999999,82.0,86.0,4.0,2.0,0.0,0.028722513258534366,0.01999293719600208,0.0,0.0
4,1764713,1767713,0,86.0,0.0,86.0,86.0,0.0,0.0,0.0,0.0266347929541936,0.021859872868073157,0.0,0.0
4,1764713,1800713,0,87.8,3.6,86.0,95.0,9.0,4.5,0.25,0.03382960975291691,0.024276424541423338,0.0,0.0
4,1800713,1827713,0,94.42857142857143,1.6781914463529615,92.0,96.0,1.0,1.6832508230603465,0.0,0.07640597208294186,0.08857490158346866,0.0,0.0
4,1800713,1829713,0,94.55555555555556,1.4989708403591155,92.0,96.0,0.0,1.5,0.0,0.08021099919683075,0.08654189509833668,0.0,0.0
4,1800713,1842713,0,93.81818181818181,2.081004207683563,90.0,96.0,4.0,2.0976176963403033,0.0,0.0800557197677208,0.08132621345956255,0.0,0.0
4,1812713,1842713,0,93.7,2.1470910553583886,90.0,96.0,1.0,1.9720265943665387,0.0,0.08180040404971187,0.08509914887679708,0.0,0.0
4,1821713,1842713,0,94.125,2.2043990110685496,90.0,96.0,3.0,2.104417123236605,0.0,0.07362586672928889,0.07708906216872573,0.0,0.0
4,1825713,1842713,0,94.14285714285714,2.356060357495806,90.0,96.0,5.0,2.1213203435596424,0.0,0.08278669196376617,0.07823246292368267,0.0,0.0
4,5021498,5027500,0,98.85714285714286,0.34992710611188255,98.0,99.0,1.0,0.408248290463863,0.0,0.033287151585009375,0.025703273031445303,0.0,0.0
4,5021498,5035846,0,99.42857142857143,0.9035079029052512,98.0,101.0,3.0,0.4803844614152614,0.0,0.04448375214372339,0.04791983530048067,0.0,0.0
4,5021498,5036846,0,99.6,1.083205120618128,98.0,102.0,4.0,0.5345224838248488,0.0,0.04342490967841095,0.046464172262139045,0.0,0.0
4,5021498,5036846,0,99.6,1.083205120618128,98.0,102.0,4.0,0.5345224838248488,0.0,0.04342490967841095,0.046464172262139045,0.0,0.0
4,5021498,5036846,0,99.6,1.083205120618128,98.0,102.0,4.0,0.5345224838248488,0.0,0.04342490967841095,0.046464172262139045,0.0,0.0
4,5023500,5036846,0,99.76923076923077,1.0490908997681427,99.0,102.0,3.0,0.5,0.0,0.04761551623015976,0.04855025669945883,0.0,0.0
4,5031846,5036846,0,101.0,0.6324555320336759,100.0,102.0,2.0,0.7071067811865476,0.0,0.0745919165200177,0.06215685587754618,0.0,0.0
4,6368031,6380031,0,98.18181818181819,0.9359663764533637,97.0,100.0,2.0,0.7745966692414834,0.0,0.023640828201994934,0.024837999684561164,0.0,0.0
4,6368031,6383031,0,98.14285714285714,0.832993127835043,97.0,100.0,2.0,0.6793662204867574,0.0,0.028970216175196677,0.027425402850092907,0.0,0.0
4,6368031,6396031,0,97.11764705882354,2.3485252679620148,92.0,100.0,8.0,1.4142135623730951,0.0,0.02536976855984316,0.02610258701823421,0.0,0.0
4,6368031,6400031,0,96.28571428571429,2.7280353499814294,92.0,100.0,7.0,1.3228756555322954,0.0,0.028674742789559515,0.025324886127229964,0.0,0.0
4,6368031,6400031,0,96.28571428571429,2.7280353499814294,92.0,100.0,7.0,1.3228756555322954,0.0,0.028674742789559515,0.025324886127229964,0.0,0.0
4,6376031,6420031,0,95.23529411764706,2.6464051480475272,92.0,98.0,5.0,1.3919410907075054,0.0,0.03238318096433737,0.02647466445162481,0.0,0.0
4,6394031,6425031,0,92.5,0.7319250547113999,91.0,94.0,1.0,0.8320502943378437,0.0,0.02871352871109507,0.020095420947941593,0.0,0.0
4,6394031,6425031,0,92.5,0.7319250547113999,91.0,94.0,1.0,0.8320502943378437,0.0,0.02871352871109507,0.020095420947941593,0.0,0.0
4,6400031,6425031,0,92.5,0.8660254037844386,91.0,94.0,1.0,0.8451542547285166,0.0,0.0325505598523737,0.020277844900644708,0.0,0.0
4,6419031,6425031,0,92.42857142857143,0.9035079029052513,91.0,94.0,2.0,0.816496580927726,0.0,0.029343261403904964,0.019688536198995243,0.0,0.0
4,6419031,6425031,0,92.42857142857143,0.9035079029052513,91.0,94.0,2.0,0.816496580927726,0.0,0.029343261403904964,0.019688536198995243,0.0,0.0
4,7580142,7588142,0,96.0,1.4142135623730951,94.0,98.0,4.0,0.7071067811865476,0.0,0.021640118768006936,0.011085840077756927,0.0,0.0
4,7580142,7595620,0,96.14285714285714,1.3014905113063284,94.0,98.0,0.0,0.7844645405527362,0.0,0.029509730604199362,0.015546804570350936,0.0,0.0
4,7580142,7603620,0,96.42105263157895,1.2275688199674317,94.0,98.0,1.0,0.7071067811865476,0.0,0.031592554602301634,0.018560825239232998,0.0,0.0
4,7580142,7606620,0,96.68181818181819,1.3275528969554755,94.0,99.0,0.0,0.7559289460184544,0.0,0.032657292624552164,0.01914244959512494,0.0,0.0
4,7580142,7606620,0,96.68181818181819,1.3275528969554755,94.0,99.0,0.0,0.7559289460184544,0.0,0.032657292624552164,0.01914244959512494,0.0,0.0
40,4540521,4550322,1,91.3,0.6403124237432849,90.0,92.0,0.0,0.9428090415820634,0.0,0.01911032944721834,0.013987004402327027,0.0,0.0
40,4605322,4609322,1,91.0,0.0,91.0,91.0,0.0,0.0,0.0,0.0076543519913265705,0.004077488764316103,0.0,0.0
40,4605322,4617322,1,90.38461538461539,0.9230769230769231,88.0,91.0,3.0,0.6454972243679028,0.0,0.009523800920694853,0.007244648043111006,0.0,0.0
40,4605322,4625322,1,89.04761904761905,1.9142620230706457,86.0,91.0,5.0,0.6708203932499369,0.0,0.007930850341224184,0.006422825276887455,0.0,0.0
40,4605322,4633322,1,87.27586206896552,3.35175251868217,81.0,91.0,8.0,0.8451542547285166,0.0,0.009386334571109791,0.010207888611565423,0.0,0.0
40,4605322,4641322,1,86.87878787878788,3.328095057623858,81.0,91.0,6.0,0.8660254037844386,0.0,0.008780681639594065,0.009732903007223142,0.0,0.0
40,4605322,4649322,1,86.26829268292683,3.283546493179789,81.0,91.0,9.0,0.85146931829632,0.0,0.007833521040139447,0.009121089705486925,0.0,0.0
40,4613322,4657322,1,84.46341463414635,2.7594410973133563,81.0,91.0,9.0,0.85146931829632,0.0,0.006102289362707882,0.008294751309361302,0.0,0.0
40,4621322,4665322,1,82.85365853658537,1.9576114815435235,80.0,87.0,7.0,0.7905694150420949,0.0,0.005956428098219266,0.008337136908008951,0.0,0.0
40,4629322,4673322,1,81.78048780487805,1.6894535863950173,79.0,85.0,1.0,0.6519202405202649,0.0,0.0045533058514127004,0.0034915679612658665,0.0,0.0
40,4641322,4681322,1,81.92682926829268,1.7995967556777286,79.0,85.0,1.0,0.6519202405202649,0.0,0.006637445628675825,0.00982445365269777,0.0,0.0
40,4645322,4689322,1,81.84444444444445,1.519584088647001,79.0,85.0,2.0,0.6396021490668313,0.0,0.007002847018153911,0.00950967136748758,0.0,0.0
40,4653322,4697329,1,81.97777777777777,1.6260229448823749,79.0,85.0,3.0,0.621581560508061,0.0,0.010072326318727632,0.01662123949237722,0.0,0.0
40,4661322,4705351,1,82.26666666666667,1.6248076809271919,79.0,85.0,2.0,0.674199862463242,0.0,0.014430725809815028,0.020729289970664266,0.0,0.0
40,4669322,4713353,1,83.22727272727273,1.663288587593817,80.0,88.0,8.0,0.7152816976385906,0.0,0.016579674785538304,0.02081816189335084,0.0,0.0
40,4677322,4718353,1,84.02439024390245,1.584802901926167,82.0,88.0,1.0,0.6519202405202649,0.0,0.015716240600685206,0.0207649265994145,0.0,0.0
40,4685322,4718353,1,84.12121212121212,1.7365513675023518,82.0,88.0,2.0,0.7071067811865476,0.0,0.017057466949974568,0.02230617949217144,0.0,0.0
40,4693322,4718353,1,84.56,1.7681628884240277,82.0,88.0,2.0,0.7637626158259734,0.0,0.019789061280377218,0.024819876607066988,0.0,0.0
40,4701341,4718353,1,84.94117647058823,1.954499732451312,82.0,88.0,2.0,0.7905694150420949,0.0,0.01790443199184974,0.022132549977942777,0.0,0.0
40,4709353,4718353,1,86.4,1.0198039027185568,85.0,88.0,0.0,0.816496580927726,0.0,0.008991961191444336,0.009756329441831694,0.0,0.0
40,4907414,4912884,1,81.16666666666667,0.6871842709362769,80.0,82.0,1.0,0.7745966692414834,0.0,0.018606216876152996,0.009651112287360973,0.0,0.0
40,4907414,4920884,1,83.07142857142857,1.9072899889740982,80.0,86.0,5.0,1.0,0.0,0.029037744914732346,0.029118269684535014,0.0,0.0
40,4907414,4927884,1,83.85714285714286,1.9829202679673343,80.0,87.0,4.0,1.0488088481701516,0.0,0.031329145814811624,0.032924231631498865,0.0,0.0
40,4907414,4927884,1,83.85714285714286,1.9829202679673343,80.0,87.0,4.0,1.0488088481701516,0.0,0.031329145814811624,0.032924231631498865,0.0,0.0
40,4907414,4944884,1,83.95652173913044,1.9219161830695952,80.0,87.0,5.0,1.02247471629109,0.0,0.031183583096346213,0.03172533818834783,0.0,0.0
40,4909884,4952884,1,83.70370370370371,2.087259674608203,78.0,87.0,3.0,1.1602387022306428,0.0,0.034226074485900156,0.040334973708965445,0.0,0.0
40,4916884,4960884,1,82.32142857142857,3.4022426577245803,77.0,87.0,8.0,1.0540925533894598,0.0,0.03881136333779411,0.04302163525008821,0.0,0.0
40,4924884,4968884,1,79.64285714285714,3.676316923559363,74.0,86.0,11.0,0.9622504486493763,0.0,0.02946160608179041,0.03662973699872438,0.0,0.0
40,4943884,4976884,1,78.15625,3.345793767927127,73.0,85.0,8.0,2.962126524709418,0.06451612903225806,0.03284308685303722,0.0391332709847979,0.0,0.0
40,4943884,4984884,1,77.6,3.2078029864690882,73.0,85.0,11.0,2.665063620734804,0.05128205128205128,0.029385060277049742,0.03650241046564498,0.0,0.0
40,4948884,4992884,1,76.73333333333333,2.4531159323965466,73.0,84.0,8.0,2.522624895547565,0.045454545454545456,0.023654540675554357,0.027133149638695522,0.0,0.0
40,4956884,5001032,1,75.4,2.694851057521032,67.0,84.0,7.0,2.606809265261758,0.045454545454545456,0.026224695489549126,0.02553256002222518,0.0,0.0
40,4964884,5009032,1,73.68888888888888,3.6013714808680697,66.0,84.0,8.0,2.6371472189745977,0.045454545454545456,0.023796441175981696,0.024992572200571782,0.0,0.0
40,4972884,5017032,1,72.46666666666667,4.063933507767512,66.0,84.0,6.0,2.654327512846624,0.045454545454545456,0.027929263054256245,0.03655415365495849,0.0,0.0
40,4980884,5024036,1,72.02272727272727,3.5833493496983335,66.0,77.0,1.0,1.2667482633857043,0.0,0.049620285784151494,0.0681068389053395,0.0,0.0
40,4988884,5033299,1,71.925,3.8430944562943026,66.0,78.0,2.0,1.3008872711759818,0.0,0.05897173126804389,0.06969329674104055,0.0,0.0
40,4996884,5041299,1,72.075,4.082814592900344,66.0,79.0,2.0,1.2608503439122305,0.0,0.09390350766620818,0.09909508017225967,0.0,0.0
40,5005032,5049299,1,73.975,4.682347167820857,66.0,81.0,12.0,1.1547005383792515,0.0,0.10499123480005146,0.09805672809020215,0.0,0.0
40,5013032,5057299,1,76.775,4.14419775107318,67.0,83.0,15.0,1.1657505560686467,0.0,0.12492839822330537,0.09617293650197153,0.0,0.0
40,5021032,5062299,1,78.94594594594595,2.690784532898085,74.0,83.0,8.0,1.1055415967851334,0.0,0.12677626472935738,0.09364685783197124,0.0,0.0
40,5030299,5062299,1,79.33333333333333,2.5898012871783633,74.0,83.0,7.0,1.159202311936963,0.0,0.11814225041165652,0.0929072481426893,0.0,0.0
40,5037299,5062299,1,79.76923076923077,2.7076486010458525,74.0,83.0,5.0,1.2489995996796797,0.0,0.1194113062837038,0.07914221548250881,0.0,0.0
40,5045299,5062299,1,81.27777777777777,1.2385276005337753,79.0,83.0,3.0,1.0571882797418488,0.0,0.10475731633323387,0.0718816408017656,0.0,0.0
40,5053299,5062299,1,82.1,0.8306623862918076,81.0,83.0,1.0,1.1055415967851334,0.0,0.07925793611921429,0.06687722000610041,0.0,0.0
40,7520327,7523310,0,86.5,0.5,86.0,87.0,0.0,0.816496580927726,0.0,0.07271669148541957,0.09184310212473956,0.0,0.0
40,7520327,7523310,0,86.5,0.5,86.0,87.0,0.0,0.816496580927726,0.0,0.07271669148541957,0.09184310212473956,0.0,0.0
40,7520327,7523310,0,86.5,0.5,86.0,87.0,0.0,0.816496580927726,0.0,0.07271669148541957,0.09184310212473956,0.0,0.0
40,7520327,7523310,0,86.5,0.5,86.0,87.0,0.0,0.816496580927726,0.0,0.07271669148541957,0.09184310212473956,0.0,0.0
40,7520327,7523310,0,86.5,0.5,86.0,87.0,0.0,0.816496580927726,0.0,0.07271669148541957,0.09184310212473956,0.0,0.0
40,7564213,7569213,0,81.66666666666667,0.7453559924999299,81.0,83.0,1.0,0.7745966692414834,0.0,0.03996469613776082,0.05565942072247702,0.0,0.0
40,7564213,7577213,0,81.5,1.2392393980641052,79.0,83.0,2.0,0.7844645405527362,0.0,0.03552468894653446,0.047330736235753616,0.0,0.0
40,7564213,7585213,0,81.18181818181819,1.192261549873091,79.0,83.0,3.0,0.7867957924694432,0.0,0.038341123933830164,0.04506987009075504,0.0,0.0
40,7564213,7593213,0,80.53333333333333,1.6679994670929073,76.0,83.0,6.0,0.9468641529479986,0.0,0.031230122647004976,0.04082404071998119,0.0,0.0
40,7564213,7601213,0,79.55263157894737,2.4354548739841797,75.0,83.0,5.0,0.9725975251592747,0.0,0.04794961990515982,0.11952864171649899,0.0,0.0
40,7565213,7609213,0,78.95555555555555,2.5294316933568353,75.0,83.0,5.0,0.9414688716912718,0.0,0.04074678692107814,0.10942266343126347,0.0,0.0
40,7573213,7617213,0,77.88888888888889,2.2233330556943582,75.0,82.0,5.0,0.9885710532241612,0.0,0.03858192911201264,0.10973703695351149,0.0,0.0
40,7581213,7624213,0,77.35714285714286,1.925040860066396,75.0,82.0,5.0,1.0476454436543674,0.0,0.035426891392406956,0.11278248474065497,0.0,0.0
40,7589213,7624213,0,76.67647058823529,1.3442817508266398,75.0,80.0,4.0,1.0150384378451045,0.0,0.035524826209538875,0.1236929907964564,0.0,0.0
40,7597213,7624213,0,76.53846153846153,1.1512791959304434,75.0,79.0,0.0,1.019803902718557,0.0,0.04018293672837271,0.14082496308640727,0.0,0.0
40,7605213,7649213,0,75.57692307692308,1.8223627293049436,71.0,79.0,6.0,1.019803902718557,0.0,0.014865959843660813,0.026351955467571405,0.0,0.0
40,7613213,7657213,0,74.92307692307692,2.1469670364542863,71.0,79.0,3.0,1.1832159566199232,0.0,0.01333050757342889,0.02413832271355965,0.0,0.0
40,7621213,7665213,0,73.57692307692308,1.3636229154796797,71.0,77.0,5.0,1.0392304845413265,0.0,0.013027969704733819,0.024143091907171326,0.0,0.0
40,7642213,7673213,0,72.34375,1.9938871426186588,68.0,75.0,7.0,1.0924964014113612,0.0,0.0130144777014697,0.022334325377586256,0.0,0.0
40,7642213,7681213,0,71.225,2.9110779790311354,65.0,75.0,7.0,1.0741723110591492,0.0,0.011246126791089174,0.02031751600915777,0.0,0.0
40,7645213,7689213,0,69.97777777777777,3.3697272483681915,63.0,75.0,9.0,1.1579762911688178,0.0,0.027459101149941045,0.07607645442469614,0.0,0.0
40,7653213,7697213,0,69.04444444444445,3.0692420747768088,63.0,75.0,6.0,1.1281521496355325,0.0,0.03769999364904404,0.09266586633885984,0.0,0.0
41,993249,1037744,1,76.83720930232558,3.5629242794801033,71.0,82.0,7.0,0.9880235200593537,0.0,0.04995777782770304,0.09050125294710415,0.0,0.0
41,1001744,1045744,1,75.62222222222222,3.5545832003759683,70.0,81.0,10.0,1.044465935734187,0.0,0.040857921620616536,0.04608272962106209,0.0,0.0
41,1009744,1050744,1,74.70731707317073,3.054336401034456,70.0,80.0,2.0,1.161895003862225,0.0,0.04616225472063236,0.04996000990697864,0.0,0.0
41,1017744,1061744,1,74.78947368421052,3.798600121213923,70.0,84.0,5.0,1.4425952589278397,0.0,0.06658235460011142,0.13954308900292375,0.0,0.0
41,1025744,1068744,1,76.33333333333333,5.196152422706631,70.0,86.0,15.0,1.4040757000349275,0.0,0.05964340249989743,0.14369001401557452,0.0,0.0
41,1033744,1068744,1,77.42857142857143,5.368084065158839,70.0,86.0,11.0,1.551582227085438,0.0,0.07116796746846911,0.16097046633108653,0.0,0.0
41,1041744,1068744,1,79.15,5.424711973920827,70.0,86.0,13.0,1.670171752907624,0.0,0.0824413950399545,0.18668900285969753,0.0,0.0
41,1050744,1068744,1,83.33333333333333,1.8408935028645435,78.0,86.0,8.0,1.651445647689541,0.0,0.0819564698543383,0.2347134756653035,0.0,0.0
41,1057744,1068744,1,83.81818181818181,0.9359663764533637,83.0,86.0,3.0,0.7071067811865476,0.0,0.08931623790853777,0.24382092000995526,0.0,0.0
41,2200009,2203016,1,93.5,0.5,93.0,94.0,1.0,0.5773502691896257,0.0,0.3509514681321355,0.5290395336989585,0.0,0.0
41,2200009,2203016,1,93.5,0.5,93.0,94.0,1.0,0.5773502691896257,0.0,0.3509514681321355,0.5290395336989585,0.0,0.0
41,2200009,2203016,1,93.5,0.5,93.0,94.0,1.0,0.5773502691896257,0.0,0.3509514681321355,0.5290395336989585,0.0,0.0
41,2200009,2203016,1,93.5,0.5,93.0,94.0,1.0,0.5773502691896257,0.0,0.3509514681321355,0.5290395336989585,0.0,0.0
41,2200009,2238242,1,91.6,1.6852299546352716,89.0,94.0,2.0,1.632993161855452,0.0,0.1731271698127844,0.3657817578369474,0.0,0.0
41,2202014,2245355,1,91.26666666666667,1.3399834161494522,89.0,94.0,4.0,1.4142135623730951,0.0,0.20432998308775044,0.3540907585622579,0.0,0.0
41,2233242,2253355,1,90.71428571428571,0.9331389496316869,89.0,92.0,2.0,0.8944271909999159,0.0,0.09945833282631579,0.18420867675315866,0.0,0.0
41,2233242,2258355,1,91.11538461538461,1.2192974987805658,89.0,94.0,2.0,0.938083151964686,0.0,0.10616424175190914,0.1761179248429064,0.0,0.0
41,2233242,2265436,1,91.23333333333333,1.2023125864580955,89.0,94.0,3.0,0.9284766908852593,0.0,0.12127218204186822,0.17806058709130118,0.0,0.0
41,2234242,2265436,1,91.27586206896552,1.200475530036497,89.0,94.0,2.0,0.9258200997725514,0.0,0.12471869279929951,0.1801180590411723,0.0,0.0
41,2242245,2265436,1,91.42857142857143,1.256276757930754,89.0,94.0,1.0,0.8660254037844386,0.0,0.11728336192215834,0.13172473169550555,0.0,0.0
41,2249355,2265436,1,91.92857142857143,1.099628879881475,90.0,94.0,3.0,0.9198662110077999,0.0,0.13334555620208058,0.13233998177617495,0.0,0.0
41,2257355,2265436,1,92.33333333333333,0.9428090415820634,91.0,94.0,1.0,1.1832159566199232,0.0,0.18764968538020288,0.13693347526349062,0.0,0.0
41,3053887,3062173,0,93.77777777777777,0.6285393610547089,93.0,95.0,2.0,0.7071067811865476,0.0,0.06187492341007778,0.07110108506005573,0.0,0.0
41,3053887,3070173,0,93.91666666666667,0.6400954789890507,93.0,95.0,0.0,0.7385489458759964,0.0,0.06564754581834885,0.06640326876928407,0.0,0.0
41,3053887,3075173,0,94.6470588235294,1.280678885710426,93.0,97.0,2.0,0.7905694150420949,0.0,0.05186907521417354,0.06037725970456446,0.0,0.0
41,3053887,3075173,0,94.6470588235294,1.280678885710426,93.0,97.0,2.0,0.7905694150420949,0.0,0.05186907521417354,0.06037725970456446,0.0,0.0
41,3053887,3075173,0,94.6470588235294,1.280678885710426,93.0,97.0,2.0,0.7905694150420949,0.0,0.05186907521417354,0.06037725970456446,0.0,0.0
41,3058173,3075173,0,94.76923076923077,1.4225570776082255,93.0,97.0,4.0,0.816496580927726,0.0,0.04903559353761217,0.05316450046899127,0.0,0.0
41,3069173,3075173,0,95.85714285714286,0.989743318610787,94.0,97.0,3.0,0.9128709291752769,0.0,0.030473827430995228,0.03546150316732455,0.0,0.0
41,4191969,4197986,0,79.28571428571429,0.6998542122237652,78.0,80.0,1.0,0.7071067811865476,0.0,0.031149907112198675,0.015357180002409147,0.0,0.0
41,4191969,4206014,0,81.53333333333333,2.472964932132188,78.0,86.0,4.0,1.0690449676496976,0.0,0.04851851186760196,0.04601387017410877,0.0,0.0
41,4191969,4214226,0,81.6086956521739,2.1210975508957337,78.0,86.0,5.0,1.02247471629109,0.0,0.03962643728544022,0.04216593588544828,0.0,0.0
41,4191969,4222226,0,82.7741935483871,2.7204088570720018,78.0,87.0,6.0,0.9660917830792959,0.0,0.04923478797142419,0.0615621413774134,0.0,0.0
41,4191969,4230226,0,82.97435897435898,2.475388386901984,78.0,87.0,5.0,0.9318911162960933,0.0,0.05114509093191074,0.059326310873957455,0.0,0.0
41,4193975,4238226,0,83.68888888888888,2.5194551635200124,78.0,89.0,11.0,0.9414688716912718,0.0,0.0688082786687023,0.08155324404721287,0.0,0.0
41,4202014,4245226,0,84.97727272727273,2.3402470378887585,80.0,90.0,2.0,0.914991421995628,0.0,0.07195075812609657,0.08439343488713517,0.0,0.0
41,4210028,4253269,0,85.53488372093024,2.2344952836212677,80.0,90.0,5.0,0.9385906354489059,0.0,0.07039598441411443,0.08399077809748114,0.0,0.0
41,4218226,4261519,0,85.83720930232558,1.8034879972410507,83.0,90.0,3.0,0.9128709291752769,0.0,0.06305974922118181,0.07586613168676473,0.0,0.0
41,4226226,4269519,0,85.27906976744185,2.2342532324605484,81.0,90.0,1.0,0.9385906354489059,0.0,0.0537506244349341,0.07631740307073281,0.0,0.0
41,4234226,4277519,0,84.65116279069767,2.9639988774613615,79.0,90.0,6.0,0.9511897312113419,0.0,0.039741835809194395,0.06152919665631697,0.0,0.0
41,4242226,4285519,0,83.44186046511628,2.608593362210221,79.0,89.0,7.0,0.9128709291752769,0.0,0.026013659526991126,0.03691165243063634,0.0,0.0
41,4249253,4293776,0,82.06521739130434,2.5993491987589605,77.0,88.0,8.0,0.8692269873603532,0.0,0.022677411342971063,0.027270857617283824,0.0,0.0
41,4257519,4301776,0,81.45652173913044,1.9858906854972662,77.0,86.0,1.0,0.8819171036881969,0.0,0.047509752404356786,0.09584152694587653,0.0,0.0
41,4265519,4309776,0,81.4186046511628,2.07120410029882,77.0,86.0,5.0,0.9636241116594315,0.0,0.056835755906888184,0.09883650417693142,0.0,0.0
41,4273519,4316776,0,82.02380952380952,2.6591091888082623,77.0,87.0,5.0,0.9499679070317291,0.0,0.07125824461192727,0.10317349171135123,0.0,0.0
41,4281519,4321776,0,83.23684210526316,3.512640411325899,77.0,91.0,8.0,1.0397504898200727,0.0,0.08961772541291561,0.11268586538882919,0.0,0.0
41,4289519,4321776,0,83.83333333333333,3.6795229159347396,77.0,91.0,13.0,1.0985884360051028,0.0,0.1100231259744511,0.11865995495844499,0.0,0.0
41,4297776,4321776,0,85.66666666666667,2.6246692913372707,82.0,91.0,9.0,1.2041594578792296,0.0,0.1266399833035782,0.13464591580778518,0.0,0.0
41,4308776,4321776,0,87.15384615384616,2.0697883149344167,85.0,91.0,5.0,1.0408329997330663,0.0,0.10093420012918737,0.0906718648785694,0.0,0.0
41,4313776,4321776,0,87.75,2.436698586202241,85.0,91.0,5.0,1.2535663410560174,0.0,0.1264710074385344,0.09608517428316103,0.0,0.0
41,5012203,5021593,0,89.8,1.0770329614269007,88.0,92.0,1.0,1.1055415967851334,0.0,0.1789552982584969,0.19869348949750387,0.0,0.0
41,5012203,5029593,0,90.88888888888889,1.4865653511399615,88.0,93.0,0.0,0.9701425001453319,0.0,0.2840689059726238,0.42887770107809464,0.0,0.0
41,5012203,5037593,0,91.53846153846153,1.6226940853637681,88.0,94.0,2.0,0.8944271909999159,0.0,0.238064260925909,0.37116495906589614,0.0,0.0
41,5012203,5045593,0,91.6969696969697,1.5072521352055621,88.0,94.0,0.0,0.9013878188659973,0.0,0.24179630321933018,0.35882070651216635,0.0,0.0
41,5012203,5053593,0,91.8,1.5269016246728444,88.0,94.0,2.0,0.9074852129730301,0.0,0.22882035999960146,0.35238913987477416,0.0,0.0
41,5018593,5061593,0,92.4054054054054,1.1018279519264598,89.0,94.0,3.0,0.7637626158259734,0.0,0.23230748577923876,0.34368172150383164,0.0,0.0
41,5025593,5062593,0,92.74193548387096,0.7169713151900924,91.0,94.0,1.0,0.752772652709081,0.0,0.2421499204363111,0.3631002379164468,0.0,0.0
41,5033593,5062593,0,92.8695652173913,0.7404081028663652,91.0,94.0,1.0,0.7071067811865476,0.0,0.18420253430424882,0.22289311661872388,0.0,0.0
41,5042593,5085681,0,91.16666666666667,3.5784850922639815,83.0,94.0,8.0,2.0579830217101063,0.058823529411764705,0.19877166578946234,0.2346325917383482,0.0,0.0
41,5052593,5093459,0,88.75,4.7315430886762515,83.0,94.0,9.0,1.9056702094980709,0.05263157894736842,0.11343005809729842,0.14164808431805828,0.0,0.0
41,5057593,5101459,0,86.47368421052632,4.2347984610297775,83.0,93.0,10.0,1.9436506316151,0.05555555555555555,0.10629175009945971,0.1482233107213625,0.0,0.0
41,5083681,5108459,0,82.7,1.4177446878757822,80.0,84.0,2.0,0.7254762501100116,0.0,0.05045699796317168,0.07545380624876365,0.0,0.0
41,5083681,5117459,0,82.92592592592592,1.3588100983588252,80.0,85.0,1.0,0.7071067811865476,0.0,0.052921395812965025,0.06916033874903775,0.0,0.0
41,5083681,5125459,0,83.51428571428572,1.645277719872911,80.0,87.0,3.0,0.6642111641550714,0.0,0.04654298107057761,0.062268541894266366,0.0,0.0
41,5091459,5133459,0,84.32432432432432,2.169245155223904,80.0,88.0,3.0,0.6454972243679028,0.0,0.034529777579706586,0.04152548282117603,0.0,0.0
41,5100459,5141459,0,85.2,2.72213151776324,80.0,91.0,7.0,0.6979824404521128,0.0,0.035916345351938626,0.03924873775160826,0.0,0.0
41,5105459,5149459,0,87.0,3.809413065942934,80.0,95.0,14.0,0.6900655593423543,0.0,0.035338108289807636,0.03773332943666286,0.0,0.0
41,5113459,5157459,0,88.53333333333333,3.2427697352040825,83.0,95.0,6.0,0.674199862463242,0.0,0.02435685597236403,0.02026820417574642,0.0,0.0
41,5121459,5165459,0,89.71111111111111,2.680151092110893,85.0,95.0,6.0,0.7385489458759964,0.0,0.019825856550885316,0.012099067890287295,0.0,0.0
41,5129459,5173459,0,90.22222222222223,2.219998887776387,87.0,95.0,0.0,0.7385489458759964,0.0,0.01774598513889225,0.012768992036667532,0.0,0.0
43,4389736,4396757,1,83.85714285714286,1.8070158058105026,80.0,86.0,1.0,2.1984843263788196,0.0,0.06267195741775211,0.04658451669398312,0.0,0.0
43,4455002,4471002,1,83.0,2.0,81.0,85.0,4.0,2.309401076758503,0.0,0.02664335898922532,0.030857044786407148,0.0,0.0
43,4455002,4471002,1,83.0,2.0,81.0,85.0,4.0,2.309401076758503,0.0,0.02664335898922532,0.030857044786407148,0.0,0.0
43,4455002,4487002,1,83.88888888888889,1.5947444549341472,81.0,85.0,3.0,1.4577379737113252,0.0,0.04306761734118117,0.04195156649420542,0.0,0.0
43,4455002,4487002,1,83.88888888888889,1.5947444549341472,81.0,85.0,3.0,1.4577379737113252,0.0,0.04306761734118117,0.04195156649420542,0.0,0.0
43,4470002,4505002,1,84.625,0.4841229182759271,84.0,85.0,1.0,0.3779644730092272,0.0,0.04634758706576592,0.043521750579184365,0.0,0.0
43,4470002,4514002,1,84.3,0.9,82.0,85.0,1.0,1.0,0.0,0.03898152082041084,0.04162160562890505,0.0,0.0
43,4483002,4522002,1,84.0,0.7905694150420949,82.0,85.0,0.0,0.8944271909999159,0.0,0.023470307382415255,0.03362442525235413,0.0,0.0
43,4486002,4530002,1,84.84210526315789,1.7550875790034808,82.0,88.0,4.0,0.8819171036881969,0.0,0.015123950895254548,0.016364935579846227,0.0,0.0
43,4505002,4538002,1,85.82608695652173,2.1799915020385523,82.0,89.0,4.0,0.9045340337332909,0.0,0.011289881034458443,0.0072839903385747045,0.0,0.0
43,4505002,4539002,1,85.91666666666667,2.1778557242286634,82.0,89.0,4.0,0.8846517369293828,0.0,0.011401249259662266,0.0071506009113491325,0.0,0.0
43,4511002,4539002,1,86.0,2.1869176243407464,82.0,89.0,6.0,0.7977240352174656,0.0,0.011775452837994837,0.007070608515368759,0.0,0.0
43,4518002,4539002,1,86.66666666666667,1.9720265943665387,83.0,89.0,4.0,0.7669649888473704,0.0,0.012801654476347223,0.007604121086687107,0.0,0.0
43,4527002,4539002,1,88.0909090909091,0.51425947722658,87.0,89.0,1.0,0.7071067811865476,0.0,0.013426074124727082,0.006610268673867768,0.0,0.0
43,4534002,4539002,1,88.2,0.4,88.0,89.0,0.0,0.7071067811865476,0.0,0.013541504887382696,0.009288847936734172,0.0,0.0
43,7641479,7647501,0,91.14285714285714,1.124858267715973,90.0,93.0,2.0,0.816496580927726,0.0,0.025712323453929296,0.003514729780795148,0.0,0.0
43,7641479,7653089,0,90.875,1.2686114456365274,89.0,93.0,3.0,0.8451542547285166,0.0,0.027621464527547587,0.006026848034075697,0.0,0.0
43,7641479,7659089,0,90.88888888888889,1.1967032904743342,89.0,93.0,1.0,1.0606601717798212,0.0,0.04106048435950805,0.03843364479342178,0.0,0.0
43,7641479,7659089,0,90.88888888888889,1.1967032904743342,89.0,93.0,1.0,1.0606601717798212,0.0,0.04106048435950805,0.03843364479342178,0.0,0.0
43,7641479,7681089,0,91.0,1.1832159566199232,89.0,93.0,0.0,1.0540925533894598,0.0,0.037985524489173146,0.03761022401865955,0.0,0.0
43,7646499,7681089,0,90.4,1.019803902718557,89.0,92.0,2.0,1.224744871391589,0.0,0.05034622344861818,0.05013103325906095,0.0,0.0
43,7726089,7730089,0,83.0,0.6324555320336759,82.0,84.0,2.0,0.7071067811865476,0.0,0.05141305359885605,0.05111519381725944,0.0,0.0
43,7726089,7738089,0,79.92307692307692,2.730498361430592,76.0,84.0,8.0,1.224744871391589,0.0,0.12390385158421958,0.15603031431143322,0.0,0.0
43,7726089,7746089,0,78.71428571428571,2.6751565533691695,76.0,84.0,7.0,1.118033988749895,0.0,0.09447012668128099,0.13429385601403904,0.0,0.0
43,7726089,7754089,0,78.75862068965517,2.3438131679953695,76.0,84.0,5.0,1.0177004891982149,0.0,0.09332483338237403,0.11835532655347655,0.0,0.0
43,7726089,7762089,0,79.43243243243244,2.50987821972841,76.0,84.0,1.0,1.118033988749895,0.0,0.08570679857846168,0.11338224543311815,0.0,0.0
43,7726089,7767089,0,80.02439024390245,3.0080202133308975,76.0,87.0,3.0,1.1067971810589328,0.0,0.08028763966948198,0.10904855861352279,0.0,0.0
43,7734089,7767089,0,79.66666666666667,3.0616559855309307,76.0,87.0,10.0,1.0897247358851685,0.0,0.06739888400068828,0.08349032023117176,0.0,0.0
43,7742089,7767089,0,80.4,3.149603149604724,76.0,87.0,11.0,1.0206207261596576,0.0,0.06447076893580583,0.0720787305280187,0.0,0.0
43,7750089,7794089,0,81.77777777777777,2.593915006650834,77.0,87.0,2.0,2.678893538055459,0.058823529411764705,0.060231699704389983,0.0635493351013069,0.0,0.0
43,7758089,7802089,0,79.72222222222223,4.317992789294009,74.0,87.0,5.0,2.733237683644457,0.058823529411764705,0.01791386486730584,0.014731625989837766,0.0,0.0
43,7767089,7810089,0,78.27777777777777,3.2456048153285626,74.0,87.0,7.0,2.733237683644457,0.058823529411764705,0.014842877451352059,0.012508260958128415,0.0,0.0
43,7794089,7818089,0,79.17391304347827,3.2657933840372033,74.0,84.0,7.0,1.224744871391589,0.0,0.01781504666548703,0.016853675993845445,0.0,0.0
44,486031,527031,1,86.53846153846153,1.4472990555559062,84.0,88.0,3.0,1.0408329997330663,0.0,0.07152794898538682,0.1554453787973244,0.0,0.0
44,494031,538031,1,82.76923076923077,2.3908108104492394,80.0,88.0,6.0,1.224744871391589,0.0,0.06937787886768339,0.15540546592346713,0.0,0.0
44,525031,546031,1,82.0,1.1697953037312037,80.0,84.0,1.0,0.7817359599705717,0.0,0.048690951180312844,0.07145614078668981,0.0,0.0
44,525031,548031,1,82.23809523809524,1.3418097908195592,80.0,85.0,1.0,0.806225774829855,0.0,0.06023459968488608,0.07671856790558086,0.0,0.0
44,525031,548031,1,82.23809523809524,1.3418097908195592,80.0,85.0,1.0,0.806225774829855,0.0,0.06023459968488608,0.07671856790558086,0.0,0.0
44,526031,548031,1,82.15,1.3143439428094914,80.0,85.0,1.0,0.8271701918685112,0.0,0.06251588365094195,0.07791492929694492,0.0,0.0
44,534031,548031,1,82.13333333333334,1.203698005684519,81.0,85.0,4.0,0.6546536707079771,0.0,0.07664869771916134,0.08513669751398308,0.0,0.0
44,542031,586519,1,84.4,1.451436070471816,82.0,87.0,3.0,0.8017837257372732,0.0,0.051808153606945136,0.06183884070509236,0.0,0.0
44,579519,594519,1,85.8125,0.8816709987291178,85.0,87.0,0.0,0.5163977794943222,0.0,0.028579080185938483,0.0387484857573171,0.0,0.0
44,579519,602519,1,86.83333333333333,1.9507833184532708,85.0,92.0,5.0,0.6915640748081247,0.0,0.022061061875006015,0.03363907741736312,0.0,0.0
44,579519,609519,1,88.38709677419355,3.3666046775870324,85.0,95.0,6.0,0.7302967433402214,0.0,0.022306028845749126,0.032557008100606556,0.0,0.0
44,579519,609519,1,88.38709677419355,3.3666046775870324,85.0,95.0,6.0,0.7302967433402214,0.0,0.022306028845749126,0.032557008100606556,0.0,0.0
44,582519,626519,1,88.65517241379311,3.416752461631745,85.0,95.0,5.0,0.9063269671749657,0.0,0.024825824314328795,0.033350209312146814,0.0,0.0
44,590519,633519,1,89.84615384615384,2.769230769230769,86.0,95.0,3.0,1.0392304845413265,0.0,0.019868820315537775,0.02959880513159247,0.0,0.0
44,598519,642519,1,91.10526315789474,2.2453398955475308,88.0,95.0,2.0,1.1547005383792515,0.0,0.0150040955128135,0.02057410132013709,0.0,0.0
44,606519,649519,1,89.05882352941177,3.133698965145224,84.0,94.0,10.0,1.224744871391589,0.0,0.018897004030470024,0.022865728572256074,0.0,0.0
44,626519,649519,1,87.6923076923077,2.1973625933978,84.0,90.0,6.0,1.0801234497346435,0.0,0.015904689550155057,0.0154983034568709,0.0,0.0
44,626519,649519,1,87.6923076923077,2.1973625933978,84.0,90.0,6.0,1.0801234497346435,0.0,0.015904689550155057,0.0154983034568709,0.0,0.0
44,631519,649519,1,87.0,2.04939015319192,84.0,90.0,4.0,1.0540925533894598,0.0,0.01468917985410755,0.014331784321341396,0.0,0.0
44,642519,649519,1,86.42857142857143,2.194613070819602,84.0,90.0,6.0,1.1547005383792515,0.0,0.015414672349676204,0.017032727558353764,0.0,0.0
44,646519,649519,1,84.75,0.82915619758885,84.0,86.0,2.0,0.816496580927726,0.0,0.021110040314017184,0.020661014034379605,0.0,0.0
44,6265859,6274859,1,105.6,0.66332495807108,105.0,107.0,1.0,0.5773502691896257,0.0,0.050697999114942584,0.045379978564099865,0.0,0.0
44,6265859,6282859,1,107.33333333333333,2.2852182001336816,105.0,112.0,6.0,0.6859943405700354,0.0,0.03594555067340831,0.038056384496431145,0.0,0.0
44,6265859,6290859,1,108.6923076923077,2.905819502696016,105.0,113.0,3.0,0.7211102550927979,0.0,0.026996545296171785,0.034529996509407884,0.0,0.0
44,6265859,6298859,1,109.1470588235294,2.766738927086804,105.0,113.0,7.0,0.7177405625652734,0.0,0.022911780571603133,0.031172349507039007,0.0,0.0
44,6265859,6306859,1,109.80952380952381,2.937751774321368,105.0,114.0,3.0,0.7808688094430303,0.0,0.02140144571049878,0.028431745285969624,0.0,0.0
44,6270859,6314859,1,109.84444444444445,2.657948712451896,105.0,114.0,2.0,0.7977240352174656,0.0,0.015028427510048573,0.01732147277464045,0.0,0.0
44,6278859,6322859,1,109.75555555555556,2.741901656033276,105.0,114.0,4.0,0.7977240352174656,0.0,0.011970554936476776,0.007355499283791096,0.0,0.0
44,6286859,6330859,1,108.62222222222222,3.0716545587671575,104.0,114.0,6.0,0.7977240352174656,0.0,0.012205779353402042,0.009337211945730171,0.0,0.0
44,6294859,6338859,1,108.35555555555555,2.945094267916322,104.0,114.0,2.0,0.7977240352174656,0.0,0.021554209578315775,0.05916151633650176,0.0,0.0
6,2290054,2333054,0,88.13333333333334,3.263263533472111,83.0,95.0,4.0,1.4142135623730951,0.0,0.09035865739029086,0.12266905871900459,0.0,0.0
6,2298054,2333054,0,87.8695652173913,3.63921094918984,83.0,95.0,6.0,1.5666989036012806,0.0,0.09959889622771417,0.1381006435866372,0.0,0.0
6,2308054,2350054,0,88.3913043478261,4.157122023235312,83.0,95.0,7.0,1.1481209945740989,0.0,0.0977596879582951,0.1394470943639429,0.0,0.0
6,2314054,2358054,0,90.84615384615384,3.61292878948227,84.0,95.0,9.0,1.0392304845413265,0.0,0.08413664680983368,0.1347392387438477,0.0,0.0
6,2322054,2360054,0,92.9,1.8138357147217055,88.0,95.0,4.0,1.025978352085154,0.0,0.03658147990607764,0.04051270289656052,0.0,0.0
6,2330054,2360054,0,93.58823529411765,0.7714633558002355,92.0,95.0,1.0,0.75,0.0,0.039678897481756764,0.043142592292184784,0.0,0.0
6,2348054,2380054,0,92.4375,2.262983373778959,87.0,95.0,8.0,1.0954451150103321,0.0,0.029890926785111037,0.0330750868358972,0.0,0.0
6,2348054,2390054,0,92.0,2.807552838536876,85.0,95.0,10.0,1.1726039399558574,0.0,0.02978742458811435,0.032090218193432,0.0,0.0
6,2354054,2395054,0,90.75,3.003470215156683,85.0,94.0,6.0,1.5374122295716148,0.0,0.01899624399938327,0.015850708246634475,0.0,0.0
6,2378054,2405054,0,87.33333333333333,1.247219128924647,85.0,89.0,2.0,1.7888543819998317,0.0,0.02025944561083638,0.01670384211417301,0.0,0.0
6,2378054,2414054,0,86.0909090909091,1.8317674254190803,83.0,89.0,3.0,1.760681686165901,0.0,0.022870240511239506,0.015251893932541742,0.0,0.0
6,2378054,2414054,0,86.0909090909091,1.8317674254190803,83.0,89.0,3.0,1.760681686165901,0.0,0.022870240511239506,0.015251893932541742,0.0,0.0
6,2390054,2429054,0,85.4,1.2,83.0,88.0,0.0,1.4142135623730951,0.0,0.019390016841544604,0.015195204810440769,0.0,0.0
7,3040140,3052140,0,98.81818181818181,1.192261549873091,97.0,102.0,5.0,1.140175425099138,0.0,0.01215165601351661,0.011703210072987616,0.0,0.0
9,463781,493552,1,107.23809523809524,1.2688488185213551,106.0,111.0,4.0,1.0,0.0,0.06489572425637648,0.13165141787675416,0.0,0.0
9,472552,493552,1,107.42857142857143,1.4982983545287878,106.0,111.0,5.0,1.2089410496539776,0.0,0.08055672032940156,0.1568368611388025,0.0,0.0
9,480552,493552,1,108.33333333333333,1.8856180831641267,107.0,111.0,4.0,1.7888543819998317,0.0,0.155934319724608,0.216685954772337,0.0,0.0
9,546552,556552,1,101.63636363636364,0.48104569292083466,101.0,102.0,0.0,0.4472135954999579,0.0,0.06068529884124783,0.052399460957740444,0.0,0.0
9,546552,564552,1,101.26315789473684,0.6359497880839248,100.0,102.0,0.0,0.4714045207910317,0.0,0.061199947425054683,0.04466186802216808,0.0,0.0
9,546552,572552,1,101.44444444444444,0.8314794192830979,100.0,103.0,1.0,0.5883484054145521,0.0,0.05983533722921022,0.054263413007990154,0.0,0.0
9,546552,580552,1,101.54285714285714,0.9053131153002777,100.0,103.0,2.0,0.5940885257860046,0.0,0.05418867524432121,0.04981346082917966,0.0,0.0
9,546552,588552,1,101.90697674418605,1.137397140524417,100.0,104.0,3.0,0.5563486402641868,0.0,0.05954247517669407,0.052343355079561636,0.0,0.0
9,552552,596552,1,102.57777777777778,1.7573830150904481,100.0,106.0,4.0,0.5640760748177662,0.0,0.05503978975608637,0.047032947004612004,0.0,0.0
9,560552,604552,1,103.55555555555556,2.2066118377433614,100.0,107.0,7.0,0.543557306504609,0.0,0.05743846083994009,0.04938104257924409,0.0,0.0
9,568552,612552,1,104.62222222222222,2.3691432008582427,100.0,108.0,5.0,0.5,0.0,0.05362013971439058,0.0488364119343416,0.0,0.0
9,576552,620552,1,105.66666666666667,1.7888543819998317,102.0,108.0,5.0,0.3988620176087328,0.0,0.06125170697588183,0.050376863035253724,0.0,0.0
9,584552,628552,1,106.64444444444445,1.3849276845229233,103.0,109.0,6.0,0.4264014327112209,0.0,0.06121765397447982,0.04968799954305234,0.0,0.0
9,592552,635552,1,107.13636363636364,0.9436608860012132,105.0,109.0,0.0,0.4822428221704121,0.0,0.05588643337860056,0.04746537373058681,0.0,0.0
9,600552,638552,1,107.26315789473684,0.9647527778854402,105.0,109.0,2.0,0.46499055497527714,0.0,0.05200354681852754,0.04587769528663523,0.0,0.0
9,608552,638552,1,107.33333333333333,1.0749676997731399,105.0,109.0,2.0,0.5252257314388902,0.0,0.0566507764590667,0.04795282426037109,0.0,0.0
9,616552,638552,1,107.27272727272727,1.212878551284212,105.0,109.0,2.0,0.5345224838248488,0.0,0.04436180983038456,0.0327996037707878,0.0,0.0
9,624552,638552,1,107.21428571428571,1.4725377234348787,105.0,109.0,3.0,0.6201736729460423,0.0,0.03198961295150294,0.028831840069547268,0.0,0.0
9,632552,638552,1,105.66666666666667,0.74535599249993,105.0,107.0,2.0,0.6324555320336759,0.0,0.05097351132729739,0.034344423101296796,0.0,0.0
9,1075135,1098359,1,104.0,0.0,104.0,104.0,0.0,0.0,0.0,0.07761851744247991,0.0732739234789904,0.0,0.0
9,1075135,1098359,1,104.0,0.0,104.0,104.0,0.0,0.0,0.0,0.07761851744247991,0.0732739234789904,0.0,0.0
9,1075135,1116359,1,103.66666666666667,0.7453559924999299,102.0,104.0,2.0,0.8944271909999159,0.0,0.07438621893359403,0.0672789862185079,0.0,0.0
9,1095359,1124360,1,103.0,1.0,102.0,104.0,2.0,0.7559289460184544,0.0,0.0718574785766539,0.05698130429438883,0.0,0.0
9,1095359,1124360,1,103.0,1.0,102.0,104.0,2.0,0.7559289460184544,0.0,0.0718574785766539,0.05698130429438883,0.0,0.0
9,1096359,1124360,1,102.85714285714286,0.989743318610787,102.0,104.0,2.0,0.816496580927726,0.0,0.05915325836872222,0.04918871602829711,0.0,0.0
9,1116359,1142393,1,102.4,0.8,102.0,104.0,2.0,1.0,0.0,0.040480361391568624,0.0211850192902365,0.0,0.0
9,1116359,1142393,1,102.4,0.8,102.0,104.0,2.0,1.0,0.0,0.040480361391568624,0.0211850192902365,0.0,0.0
9,1122359,1142393,1,102.5,0.8660254037844386,102.0,104.0,2.0,1.1547005383792515,0.0,0.03604427014216964,0.021508411727615886,0.0,0.0
9,1142393,1172393,1,104.8,0.4,104.0,105.0,1.0,0.5,0.0,0.017117628399176226,0.012541081663160905,0.0,0.0
9,1142393,1180393,1,106.16666666666667,1.4624940645653537,104.0,108.0,4.0,0.6030226891555273,0.0,0.015935367736187197,0.009765351101181458,0.0,0.0
9,1169393,1181393,1,106.58333333333333,1.4976833963009524,105.0,109.0,4.0,0.6030226891555273,0.0,0.01560856852401389,0.010072763479782868,0.0,0.0
9,1169393,1181393,1,106.58333333333333,1.4976833963009524,105.0,109.0,4.0,0.6030226891555273,0.0,0.01560856852401389,0.010072763479782868,0.0,0.0
9,1169393,1181393,1,106.58333333333333,1.4976833963009524,105.0,109.0,4.0,0.6030226891555273,0.0,0.01560856852401389,0.010072763479782868,0.0,0.0
9,1169393,1181393,1,106.58333333333333,1.4976833963009524,105.0,109.0,4.0,0.6030226891555273,0.0,0.01560856852401389,0.010072763479782868,0.0,0.0
9,1177393,1181393,1,108.2,0.4,108.0,109.0,1.0,0.5,0.0,0.014597033492046583,0.009324210841101167,0.0,0.0
9,1229393,1232393,1,101.25,0.4330127018922193,101.0,102.0,1.0,0.5773502691896257,0.0,0.007490814724244861,0.005374720152992316,0.0,0.0
9,1229393,1232393,1,101.25,0.4330127018922193,101.0,102.0,1.0,0.5773502691896257,0.0,0.007490814724244861,0.005374720152992316,0.0,0.0
9,1229393,1232393,1,101.25,0.4330127018922193,101.0,102.0,1.0,0.5773502691896257,0.0,0.007490814724244861,0.005374720152992316,0.0,0.0
9,1229393,1232393,1,101.25,0.4330127018922193,101.0,102.0,1.0,0.5773502691896257,0.0,0.007490814724244861,0.005374720152992316,0.0,0.0
9,1229393,1232393,1,101.25,0.4330127018922193,101.0,102.0,1.0,0.5773502691896257,0.0,0.007490814724244861,0.005374720152992316,0.0,0.0
9,2343448,2348448,1,99.5,0.5,99.0,100.0,0.0,0.6324555320336759,0.0,0.01116822247909003,0.00538323595434999,0.0,0.0
9,2343448,2356448,1,100.71428571428571,1.3324827218698305,99.0,103.0,1.0,0.7337993857053428,0.0,0.013606999809243694,0.014823784301709587,0.0,0.0
9,2343448,2364448,1,100.18181818181819,1.4024771473219555,98.0,103.0,2.0,0.6900655593423543,0.0,0.012590923954063648,0.012144193456889807,0.0,0.0
9,2343448,2372448,1,99.43333333333334,1.7641491496532322,96.0,103.0,4.0,0.6432675209026769,0.0,0.019264758825845205,0.0232825971466596,0.0,0.0
9,2343448,2374448,1,99.3125,1.775484088917724,96.0,103.0,2.0,0.672021505032247,0.0,0.019100282894935684,0.02256087863652286,0.0,0.0
9,2344448,2387448,1,99.28947368421052,1.652874604993916,96.0,103.0,2.0,0.7352146220938077,0.0,0.018794506555947426,0.02137742431734955,0.0,0.0
9,2352448,2387448,1,99.13333333333334,1.7838784213679537,96.0,103.0,4.0,0.7427813527082074,0.0,0.019453381449084362,0.021988209394360973,0.0,0.0
9,2360448,2387448,1,98.27272727272727,1.0523488093445659,96.0,100.0,1.0,0.7237468644557459,0.0,0.022876325022246544,0.02463470933324985,0.0,0.0
9,2368448,2412448,1,93.16666666666667,9.627795409357454,71.0,100.0,23.0,4.795831523312719,0.058823529411764705,0.02384684231042183,0.019852817115075683,0.0,0.0
9,2381448,2420448,1,83.78947368421052,11.976199851408897,71.0,100.0,26.0,4.737556801183965,0.05555555555555555,0.03219341889223049,0.037607185667861066,0.0,0.0
9,2384448,2428448,1,78.08333333333333,9.477678454605266,69.0,99.0,25.0,4.348912907642653,0.043478260869565216,0.031098738681480817,0.03485583768004762,0.0,0.0
9,2409448,2436448,1,74.82142857142857,2.420943904297475,69.0,80.0,4.0,2.09054308024742,0.0,0.038393950539688096,0.05174586638595198,0.0,0.0
9,2409448,2444448,1,74.5,2.5873624493766707,69.0,80.0,2.0,2.1111946516469904,0.0,0.03617423622019974,0.048993033475761325,0.0,0.0
9,2409448,2449448,1,75.60975609756098,3.90045681364962,69.0,85.0,5.0,2.079663434308542,0.0,0.033541971663226464,0.046526149116939856,0.0,0.0
