subject,window_start_ms,window_end_ms,label,hr_mean,hr_std,hr_min,hr_max,hr_delta_abs,rmssd,pnn50,motion_mean,motion_std,temp_mean,temp_spread
1,492488,521325,0,98.53846153846153,1.598816130063579,95.0,100.0,1.0,1.1902380714238083,0.0,0.05045378829104122,0.06316668591435513,0.0,0.0
1,504325,541325,0,97.33333333333333,1.5986105077709065,95.0,100.0,2.0,1.6733200530681511,0.0,0.0801809407479356,0.06752121681719216,0.0,0.0
1,521325,553325,0,96.33333333333333,2.054804667656325,94.0,100.0,6.0,1.4142135623730951,0.0,0.05365670260958249,0.07733001875458632,0.0,0.0
1,521325,554325,0,95.85714285714286,2.2314999074019015,93.0,100.0,7.0,1.35400640077266,0.0,0.061124264515010907,0.07389345514956659,0.0,0.0
1,541325,554325,0,95.16666666666667,1.5723301886761003,93.0,98.0,5.0,1.1832159566199232,0.0,0.034427421124404285,0.037164943658056004,0.0,0.0
1,541325,577325,0,95.5,1.5,93.0,98.0,2.0,1.8516401995451028,0.0,0.04149488754221215,0.03751447394081385,0.0,0.0
1,541325,577325,0,95.5,1.5,93.0,98.0,2.0,1.8516401995451028,0.0,0.04149488754221215,0.03751447394081385,0.0,0.0
1,550325,577325,0,95.14285714285714,1.2453996981544782,93.0,97.0,0.0,1.8257418583505538,0.0,0.04310584101723584,0.03984497899703895,0.0,0.0
1,3109754,3112757,0,96.0,0.7071067811865476,95.0,97.0,2.0,0.816496580927726,0.0,0.0059240265387419475,0.0034519146153268072,0.0,0.0
1,3109754,3120745,0,96.0,0.9534625892455924,95.0,98.0,1.0,0.7071067811865476,0.0,0.040885324840272345,0.05538347787133439,0.0,0.0
1,3109754,3126745,0,96.88235294117646,1.4504503536397593,95.0,99.0,2.0,0.7905694150420949,0.0,0.03862167617719637,0.04944532104826716,0.0,0.0
1,3109754,3136745,0,97.20833333333333,1.3533651474093096,95.0,99.0,1.0,0.7518094115561123,0.0,0.030065678169285074,0.04380287539131816,0.0,0.0
1,3109754,3144745,0,97.40625,1.221151480161245,95.0,99.0,1.0,0.6475761258027333,0.0,0.025178209927476658,0.03901891780840084,0.0,0.0
1,3109754,3152745,0,97.45,1.1169153951844337,95.0,99.0,1.0,0.6201736729460423,0.0,0.023036208590983036,0.035288813526932056,0.0,0.0
1,3116761,3160745,0,97.53658536585365,1.0842005254094083,94.0,99.0,2.0,0.6708203932499369,0.0,0.028317520320720713,0.035075993304661816,0.0,0.0
1,3124745,3168745,0,96.73809523809524,1.9767641163988396,92.0,99.0,7.0,0.6439209162167846,0.0,0.015813382731247945,0.013636624890289491,0.0,0.0
1,3132745,3176745,0,95.75555555555556,2.386588039259353,92.0,98.0,6.0,0.6396021490668313,0.0,0.014307790887958952,0.013874413982632273,0.0,0.0
1,3140745,3184745,0,94.73333333333333,2.4979991993593593,91.0,98.0,5.0,0.6571287406727709,0.0,0.01390324342289859,0.013976317912825042,0.0,0.0
1,3148745,3192745,0,94.28888888888889,2.1041992113361445,91.0,98.0,2.0,0.7385489458759964,0.0,0.01293370047791206,0.01403265243443227,0.0,0.0
1,3156745,3198745,0,93.76744186046511,1.6115456873553873,91.0,97.0,3.0,0.7400128699009549,0.0,0.010540282664279933,0.01052481260261141,0.0,0.0
1,3164745,3198745,0,93.54285714285714,1.5370260178643163,91.0,97.0,0.0,0.6859943405700354,0.0,0.008273108435437649,0.006517319355494973,0.0,0.0
1,3172745,3198745,0,93.74074074074075,1.6463785756216938,91.0,97.0,1.0,0.6504436355879909,0.0,0.007838567068016082,0.00665325427318972,0.0,0.0
1,3180745,3198745,0,94.36842105263158,1.5630781478860527,91.0,97.0,2.0,0.7453559924999299,0.0,0.008165487870630981,0.006899793452560981,0.0,0.0
1,3188745,3198745,0,95.36363636363636,0.8813963377120598,94.0,97.0,2.0,0.6324555320336759,0.0,0.01038159496134909,0.008282598753628684,0.0,0.0
1,3598207,3601213,0,92.5,0.5,92.0,93.0,1.0,0.5773502691896257,0.0,0.004957862781337789,0.003673037556022625,0.0,0.0
1,3598207,3609230,0,92.66666666666667,0.4714045207910317,92.0,93.0,0.0,0.6030226891555273,0.0,0.013321750594568893,0.01604406526020637,0.0,0.0
1,3598207,3617243,0,92.72222222222223,0.7307192465536614,91.0,94.0,2.0,0.6859943405700354,0.0,0.014086481324226284,0.014486484256077202,0.0,0.0
1,3598207,3625020,0,92.47619047619048,0.957131011535323,90.0,94.0,1.0,0.806225774829855,0.0,0.014040559698568864,0.013619252037523852,0.0,0.0
1,3598207,3633020,0,92.06896551724138,1.080582042482234,90.0,94.0,3.0,0.7319250547113999,0.0,0.019023081317813422,0.01904873330799692,0.0,0.0
1,3598207,3641020,0,91.27027027027027,1.8254751125154896,88.0,94.0,5.0,0.6871842709362768,0.0,0.017425087041736537,0.017968309991867364,0.0,0.0
1,3605224,3649020,0,90.84210526315789,1.8140724146962197,88.0,94.0,1.0,0.677834389404565,0.0,0.02072389859470398,0.020896773293071918,0.0,0.0
1,3613236,3657020,0,90.575,1.6107063667844614,88.0,94.0,4.0,0.7161148740394329,0.0,0.020693317900956087,0.02018085009718639,0.0,0.0
1,3623020,3665020,0,90.46511627906976,1.3699233930254084,88.0,93.0,2.0,0.6900655593423543,0.0,0.034085680671088775,0.054330943196215196,0.0,0.0
1,3629020,3673020,0,90.91111111111111,1.786644554865936,88.0,94.0,3.0,0.6908492797077574,0.0,0.03654932822249283,0.053706795615663605,0.0,0.0
1,3637020,3681020,0,91.53333333333333,2.006655592438988,88.0,95.0,4.0,0.7071067811865476,0.0,0.040248448105344545,0.05259585653837816,0.0,0.0
10,501078,519078,0,81.36363636363636,0.9791208740244554,80.0,83.0,3.0,0.9486832980505138,0.0,0.012406485777643866,0.005032967244360472,0.0,0.0
10,512078,519078,0,81.125,0.9270248108869579,80.0,83.0,3.0,0.6546536707079771,0.0,0.011626582483811264,0.005696872859909324,0.0,0.0
10,1010618,1017638,0,76.5,2.23606797749979,74.0,81.0,7.0,1.2535663410560174,0.0,0.008660947915661812,0.004222586825746003,0.0,0.0
10,1010618,1020650,0,76.9090909090909,2.0650575802910085,74.0,81.0,3.0,1.5811388300841898,0.0,0.01731281240576057,0.018418700175343104,0.0,0.0
10,1010618,1028684,0,77.5,2.7838821814150108,74.0,84.0,3.0,2.354878881270658,0.09090909090909091,0.01640955872014964,0.01788721179771606,0.0,0.0
10,1010618,1039064,0,78.4375,2.9148059540902547,74.0,84.0,1.0,2.1756225162774294,0.06666666666666667,0.014015713229051395,0.016292465774176933,0.0,0.0
10,1010618,1050064,0,78.26315789473684,2.7307624781205995,74.0,84.0,3.0,2.48327740429189,0.1111111111111111,0.01214871463138233,0.015576601662261257,0.0,0.0
10,1013633,1058064,0,77.04166666666667,2.8501340124437813,74.0,84.0,2.0,2.1669453555438456,0.08695652173913043,0.013028170816961851,0.01483134201590995,0.0,0.0
10,1028684,1066064,0,77.20833333333333,2.7835703491898474,74.0,84.0,7.0,1.7569736827110218,0.043478260869565216,0.03787275983485605,0.1022451847290956,0.0,0.0
10,1036064,1074064,0,77.19354838709677,2.1911751868053795,74.0,82.0,2.0,1.505545305418162,0.03333333333333333,0.04843177255686291,0.09477509396860867,0.0,0.0
10,1038064,1082064,0,77.29032258064517,2.4651578289732647,74.0,85.0,4.0,1.7701224063135672,0.03333333333333333,0.05275704991735838,0.09475103937094313,0.0,0.0
10,1048064,1090064,0,78.54054054054055,3.5685911717453944,74.0,85.0,9.0,1.3017082793177757,0.0,0.05077691618494449,0.08708382335908801,0.0,0.0
10,1054064,1098064,0,80.17948717948718,4.13782920215974,74.0,86.0,9.0,1.2030662579644695,0.0,0.05276314646049561,0.08374455830392093,0.0,0.0
10,1062064,1100064,0,81.71875,3.4571879378332904,76.0,86.0,7.0,1.2572371141874243,0.0,0.07791151933487792,0.12825974941060828,0.0,0.0
10,1070064,1100064,0,83.16666666666667,2.7028791233711424,78.0,86.0,8.0,1.318760946791574,0.0,0.06767239635293566,0.11391298807177123,0.0,0.0
10,1082064,1100064,0,84.66666666666667,0.7453559924999299,83.0,86.0,1.0,0.8043996665398437,0.0,0.06036215339689556,0.12820896677379992,0.0,0.0
10,1086064,1100064,0,84.85714285714286,0.6388765649999399,84.0,86.0,2.0,0.7844645405527362,0.0,0.06912474168561832,0.14391720343603215,0.0,0.0
10,1094064,1100064,0,85.0,0.5773502691896257,84.0,86.0,1.0,1.0,0.0,0.11577442227985947,0.21002189409773164,0.0,0.0
10,3519081,3529637,1,82.2,0.7483314773547882,81.0,83.0,1.0,1.2018504251546631,0.0,0.05100765823184018,0.06662160938509055,0.0,0.0
10,3519081,3537637,1,81.83333333333333,0.9574271077563381,80.0,83.0,1.0,1.1114378604524227,0.0,0.06462763139483824,0.07418930865701685,0.0,0.0
10,3519081,3541637,1,82.04545454545455,1.0214638661020106,80.0,84.0,3.0,1.0465362369445672,0.0,0.06468293410046745,0.06794759669187357,0.0,0.0
10,3519081,3541637,1,82.04545454545455,1.0214638661020106,80.0,84.0,3.0,1.0465362369445672,0.0,0.06468293410046745,0.06794759669187357,0.0,0.0
10,3519081,3541637,1,82.04545454545455,1.0214638661020106,80.0,84.0,3.0,1.0465362369445672,0.0,0.06468293410046745,0.06794759669187357,0.0,0.0
10,3525107,3541637,1,82.0,1.0606601717798212,80.0,84.0,2.0,0.8944271909999159,0.0,0.08387449118870544,0.07044731527303637,0.0,0.0
10,3533637,3541637,1,82.44444444444444,0.8314794192830981,81.0,84.0,3.0,0.9354143466934853,0.0,0.08658652952495777,0.07284753457317644,0.0,0.0
10,4745461,4753497,0,73.88888888888889,0.5665577237325317,73.0,75.0,1.0,0.6123724356957945,0.0,0.009955874181060163,0.007876835495721924,0.0,0.0
10,4745461,4761544,0,75.47058823529412,2.172492389719928,73.0,80.0,4.0,0.8660254037844386,0.0,0.011137383128052028,0.013421131856854888,0.0,0.0
10,4745461,4769555,0,76.6,2.4331050121192876,73.0,80.0,4.0,0.7071067811865476,0.0,0.00934282199116456,0.011452293192425004,0.0,0.0
10,4745461,4777555,0,76.93939393939394,2.2284577346485137,73.0,80.0,2.0,0.6614378277661477,0.0,0.00837136720186636,0.010230343042096284,0.0,0.0
10,4745461,4785555,0,76.78048780487805,2.0304054037334063,73.0,80.0,1.0,0.6123724356957945,0.0,0.008107649190509686,0.009321985288920547,0.0,0.0
10,4749479,4793555,0,77.04444444444445,1.775832268800627,73.0,80.0,4.0,0.6030226891555273,0.0,0.007842498982079657,0.008645188264410431,0.0,0.0
10,4757525,4801555,0,77.73333333333333,1.1430952132988161,76.0,80.0,0.0,0.5222329678670935,0.0,0.006077854348229667,0.003067616493958199,0.0,0.0
10,4765555,4809555,0,77.46666666666667,1.0022197585581938,76.0,79.0,1.0,0.45226701686664544,0.0,0.006072759675454166,0.0030448353623061396,0.0,0.0
10,4773555,4817555,0,77.24444444444444,0.7931808132255442,76.0,79.0,0.0,0.4767312946227962,0.0,0.0059568756345635705,0.003136951636969069,0.0,0.0
10,4781555,4825555,0,77.53333333333333,0.9333333333333332,76.0,79.0,3.0,0.45226701686664544,0.0,0.005790654286889696,0.0031100647244848545,0.0,0.0
10,4789555,4833555,0,77.97777777777777,0.8024653371230127,77.0,79.0,1.0,0.45226701686664544,0.0,0.005233122467219412,0.0028802256493320887,0.0,0.0
10,4797555,4834555,0,78.05263157894737,0.7929746933325982,77.0,79.0,1.0,0.43495883620084,0.0,0.005208233896264017,0.0024853283538062427,0.0,0.0
10,4805555,4834555,0,78.2,0.7483314773547884,77.0,79.0,1.0,0.41522739926869984,0.0,0.005078380010846228,0.002676726296985609,0.0,0.0
10,4813555,4834555,0,78.54545454545455,0.49792959773196926,78.0,79.0,0.0,0.3086066999241838,0.0,0.004727837536968356,0.002783094009261829,0.0,0.0
10,4821555,4834555,0,78.78571428571429,0.410325903324145,78.0,79.0,1.0,0.2773500981126146,0.0,0.004865136760716799,0.0024918055761466206,0.0,0.0
10,4829555,4834555,0,78.5,0.5,78.0,79.0,1.0,0.4472135954999579,0.0,0.005054430065307573,0.0032633841994645376,0.0,0.0
10,5446866,5449894,0,76.25,0.4330127018922193,76.0,77.0,0.0,0.816496580927726,0.0,0.009715485725009604,0.004821628175000616,0.0,0.0
10,5446866,5457933,0,76.25,0.4330127018922193,76.0,77.0,0.0,0.7385489458759964,0.0,0.010590779541494429,0.010087991975973903,0.0,0.0
10,5446866,5465957,0,76.7,0.7810249675906654,76.0,78.0,2.0,0.7254762501100116,0.0,0.008531683472113714,0.008475696937999103,0.0,0.0
10,5446866,5473881,0,77.3076923076923,1.3521842947113034,76.0,80.0,4.0,0.6928203230275509,0.0,0.00785405034908107,0.007605785987804475,0.0,0.0
10,5446866,5481881,0,78.0,1.7320508075688772,76.0,81.0,4.0,0.6513389472789296,0.0,0.00821320525528643,0.0075624222441807816,0.0,0.0
10,5446866,5489881,0,78.88095238095238,2.4122937212811433,76.0,83.0,7.0,0.6439209162167846,0.0,0.007479954669796686,0.0070385982025542235,0.0,0.0
10,5453913,5497881,0,79.97674418604652,2.35745598092543,76.0,83.0,5.0,0.5976143046671968,0.0,0.0059744359759609025,0.004672168065658611,0.0,0.0
10,5461938,5505881,0,81.0,1.7914525741926286,77.0,83.0,4.0,0.5345224838248488,0.0,0.005723324944898208,0.00424950396902408,0.0,0.0
10,5469881,5513881,0,81.64444444444445,1.1954646805611346,79.0,83.0,2.0,0.5222329678670935,0.0,0.005984573299358285,0.004219801469107923,0.0,0.0
10,5477881,5521881,0,81.82222222222222,1.1409331247105277,80.0,84.0,4.0,0.674199862463242,0.0,0.005806714204682866,0.0037148945354160455,0.0,0.0
10,5485881,5529881,0,81.97777777777777,0.9997530559290662,80.0,84.0,2.0,0.674199862463242,0.0,0.005958885791538153,0.003446255315319362,0.0,0.0
10,5493881,5535881,0,81.62790697674419,0.9650462288951827,80.0,84.0,2.0,0.6900655593423543,0.0,0.006155303882049701,0.003327791216783765,0.0,0.0
10,5501881,5535881,0,81.51428571428572,1.0245954901166348,80.0,84.0,2.0,0.7276068751089989,0.0,0.006514471036232546,0.0034208919526286003,0.0,0.0
10,5509881,5535881,0,81.37037037037037,1.1270462262742917,80.0,84.0,2.0,0.8320502943378437,0.0,0.006699140293770996,0.003788307791371826,0.0,0.0
10,5517881,5535881,0,81.3157894736842,1.1263649767911947,80.0,84.0,0.0,0.8819171036881969,0.0,0.006371085692245647,0.0038586274215620673,0.0,0.0
10,5525881,5535881,0,80.9090909090909,0.28747978728803447,80.0,81.0,1.0,0.31622776601683794,0.0,0.007558559245176363,0.0031936647650569927,0.0,0.0
10,7207857,7217881,0,75.63636363636364,1.3666633071248098,74.0,77.0,2.0,0.7745966692414834,0.0,0.01920055854180994,0.0310437323869686,0.0,0.0
10,7207857,7225872,0,77.78947368421052,3.44244324753007,74.0,84.0,7.0,1.130388330520878,0.0,0.013619825294485017,0.024646518804284544,0.0,0.0
10,7207857,7233193,0,79.46153846153847,4.030945386638123,74.0,84.0,7.0,0.9591663046625439,0.0,0.011086631736615575,0.021567297006675576,0.0,0.0
10,7207857,7241193,0,80.47058823529412,3.9722218861492076,74.0,84.0,6.0,0.8528028654224418,0.0,0.01057233332496959,0.018935092123294032,0.0,0.0
10,7207857,7249193,0,80.95238095238095,3.709398494123895,74.0,84.0,6.0,0.7650920556760059,0.0,0.00972756611121913,0.017224057418604773,0.0,0.0
10,7213874,7257193,0,81.72727272727273,3.2359039510104886,74.0,84.0,8.0,0.6819943394704735,0.0,0.009934006436389831,0.010918605639223684,0.0,0.0
10,7221873,7265193,0,83.3409090909091,0.9279298028451638,81.0,85.0,4.0,0.5282705437953743,0.0,0.01168131804308169,0.013274874884978185,0.0,0.0
10,7229193,7273193,0,83.84444444444445,1.3817148050408725,82.0,87.0,0.0,0.5640760748177662,0.0,0.013936170014395597,0.013793742304768954,0.0,0.0
10,7237193,7281193,0,83.17777777777778,2.068696732931027,78.0,87.0,6.0,0.7071067811865476,0.0,0.015450632957969423,0.014437968474633711,0.0,0.0
11,404049,448494,0,62.97727272727273,1.21521858048135,60.0,65.0,1.0,0.7624928516630234,0.0,0.01333441747467972,0.012674299751123767,0.0,0.0
11,413044,456494,0,62.651162790697676,1.0539785296395032,60.0,65.0,2.0,0.7559289460184544,0.0,0.010419593500364045,0.011825196955149714,0.0,0.0
11,420494,464494,0,62.31111111111111,0.7837863150465955,60.0,64.0,2.0,0.674199862463242,0.0,0.007961132121440456,0.007628302711250376,0.0,0.0
11,428494,472494,0,61.977777777777774,0.745024649521787,60.0,64.0,3.0,0.621581560508061,0.0,0.006619201163291984,0.004980056891748443,0.0,0.0
11,436494,480494,0,61.666666666666664,0.6666666666666667,60.0,63.0,1.0,0.45226701686664544,0.0,0.006248450910614764,0.0031465692201920856,0.0,0.0
11,444494,488494,0,61.93333333333333,0.7717224601860151,61.0,64.0,1.0,0.3988620176087328,0.0,0.006116814081098148,0.0032237470672701884,0.0,0.0
11,452494,492494,0,62.09756097560975,1.0313353420422426,61.0,65.0,2.0,0.5,0.0,0.005885873731305814,0.0031205404726001927,0.0,0.0
11,460494,492494,0,62.03030303030303,1.1142288673242566,61.0,65.0,3.0,0.5303300858899106,0.0,0.006070368648706795,0.003160016273888918,0.0,0.0
11,468494,492494,0,62.08,1.26237870704476,61.0,65.0,4.0,0.5773502691896257,0.0,0.006035986208203107,0.002779135283503508,0.0,0.0
11,476494,492494,0,62.588235294117645,1.2394886768062046,61.0,65.0,4.0,0.7071067811865476,0.0,0.006268776237107174,0.002910222047236349,0.0,0.0
11,484494,492494,0,63.55555555555556,0.6849348892187752,63.0,65.0,2.0,0.8660254037844386,0.0,0.005183770996715187,0.0029228287770691015,0.0,0.0
11,990101,1000098,0,68.0,0.9534625892455924,67.0,70.0,2.0,0.6324555320336759,0.0,0.014170246530874403,0.002450238421422237,0.0,0.0
11,990101,1008088,0,68.0,0.8583950752789521,67.0,70.0,2.0,0.816496580927726,0.0,0.011883942765199149,0.003762934296045568,0.0,0.0
11,990101,1016520,0,68.0,0.7637626158259734,67.0,70.0,2.0,0.7223151185146152,0.0,0.011420363147255955,0.0039342995105966115,0.0,0.0
11,990101,1024520,0,67.96875,0.6839396446324778,67.0,70.0,3.0,0.6475761258027333,0.0,0.010743130771806324,0.004018461682503437,0.0,0.0
11,990101,1032520,0,67.775,0.757875319561206,66.0,70.0,4.0,0.6405126152203485,0.0,0.010572788881221559,0.003717990710425235,0.0,0.0
11,996097,1040520,0,66.88095238095238,1.7210514636667809,63.0,69.0,4.0,0.6246950475544243,0.0,0.010056917486307129,0.0034640892726524246,0.0,0.0
11,1004098,1048520,0,66.02380952380952,2.1323818031007042,63.0,69.0,4.0,0.5843487097907776,0.0,0.009460601408270241,0.003068379103538908,0.0,0.0
11,1012089,1056520,0,65.52380952380952,1.9424836242258228,63.0,68.0,2.0,0.4938647983247948,0.0,0.009993304991962847,0.0029280822320455384,0.0,0.0
11,1020520,1064520,0,65.57777777777778,1.8677245679511725,63.0,68.0,1.0,0.543557306504609,0.0,0.009600382958147262,0.0026736721581204605,0.0,0.0
11,1028520,1072520,0,65.46666666666667,1.7587874611030556,63.0,68.0,1.0,0.543557306504609,0.0,0.009876050938634409,0.0027780526639193167,0.0,0.0
11,1036520,1079520,0,65.27272727272727,1.7236804750780492,63.0,68.0,1.0,0.5057805388588732,0.0,0.009872414341729602,0.003041157301687433,0.0,0.0
11,1044520,1079520,0,65.77777777777777,1.4927809825049334,63.0,68.0,1.0,0.560611910581388,0.0,0.00972146125148333,0.003052534578390479,0.0,0.0
11,1052520,1079520,0,66.32142857142857,1.1666059265043625,64.0,68.0,1.0,0.5773502691896257,0.0,0.009333822840349407,0.002932203590665986,0.0,0.0
11,1060520,1079520,0,66.35,1.2359207094308275,64.0,68.0,4.0,0.5619514869490163,0.0,0.00919078889604635,0.0033174433488290665,0.0,0.0
11,1068520,1079520,0,65.66666666666667,1.1055415967851332,64.0,67.0,3.0,0.5222329678670935,0.0,0.009328977099213372,0.0040110111095366455,0.0,0.0
11,1076520,1079520,0,64.5,0.5,64.0,65.0,1.0,0.5773502691896257,0.0,0.009167425999707938,0.00392987459915585,0.0,0.0
11,2293868,2296865,0,63.0,0.0,63.0,63.0,0.0,0.0,0.0,0.010833525877302285,0.0012482219479413514,0.0,0.0
11,2293868,2304277,0,63.375,0.4841229182759271,63.0,64.0,1.0,0.6546536707079771,0.0,0.007640853037093538,0.0033503212619026765,0.0,0.0
11,2293868,2312277,0,62.6875,1.0439558180306292,61.0,64.0,2.0,0.6324555320336759,0.0,0.007775347189845835,0.003149131095843305,0.0,0.0
11,2293868,2320277,0,63.125,1.3010412496663328,61.0,65.0,2.0,0.7223151185146152,0.0,0.007580326749282675,0.0033632162374808597,0.0,0.0
11,2293868,2328277,0,63.71875,1.5659337270459437,61.0,67.0,4.0,0.672021505032247,0.0,0.013016607538656222,0.02368633454960772,0.0,0.0
11,2293868,2336277,0,64.375,1.945347012746055,61.0,68.0,4.0,0.6793662204867574,0.0,0.011450106598396728,0.021495235598538477,0.0,0.0
11,2303277,2344277,0,65.47619047619048,2.674732699044499,61.0,72.0,8.0,0.6984302957695782,0.0,0.01320472882225185,0.0223231305033528,0.0,0.0
11,2308277,2352277,0,67.53333333333333,4.688520259337931,61.0,80.0,16.0,0.9293203772845852,0.0,0.012857786999089228,0.021639440507163307,0.0,0.0
11,2316277,2360277,0,70.66666666666667,5.637178175095921,64.0,80.0,15.0,0.8918825850158447,0.0,0.012954371046586505,0.021607457500756527,0.0,0.0
11,2324277,2368277,0,72.6,5.259488779550938,65.0,80.0,7.0,1.0335288182638247,0.0,0.01252837631374581,0.02172294555019992,0.0,0.0
11,2332277,2376277,0,72.77777777777777,5.120281628056926,64.0,80.0,4.0,1.1078234188139946,0.0,0.00853453775725032,0.009077086134084773,0.0,0.0
11,2340277,2382277,0,72.37209302325581,6.046422181807105,61.0,80.0,8.0,1.1126972805283737,0.0,0.008446216279550578,0.009346466308980728,0.0,0.0
11,2348277,2382277,0,72.65714285714286,6.6243829131166505,61.0,80.0,15.0,1.0981267472114393,0.0,0.005888648575621891,0.003483527769200904,0.0,0.0
11,2356277,2382277,0,71.0,6.649979114420001,61.0,80.0,19.0,1.0190493307301363,0.0,0.005839680873729501,0.0036469591328353243,0.0,0.0
11,2364277,2382277,0,67.63157894736842,4.922670716248388,61.0,77.0,16.0,1.1547005383792515,0.0,0.004691283917188395,0.0031126784079732717,0.0,0.0
11,2372277,2382277,0,64.0,2.174229226018436,61.0,68.0,7.0,0.8366600265340756,0.0,0.005214845508420686,0.0034336290333367263,0.0,0.0
11,2931266,2936262,0,67.66666666666667,0.4714045207910317,67.0,68.0,1.0,0.4472135954999579,0.0,0.014302310911705717,0.002452193353252275,0.0,0.0
11,2931266,2945038,0,67.42857142857143,0.7284313590846836,66.0,68.0,1.0,0.6201736729460423,0.0,0.013504947155088817,0.007402814542360294,0.0,0.0
11,2931266,2953038,0,67.5909090909091,0.8344345341220826,66.0,69.0,1.0,0.7867957924694432,0.0,0.012333093433572523,0.007195487659539498,0.0,0.0
11,2931266,2961038,0,67.33333333333333,0.9428090415820634,66.0,69.0,2.0,0.7427813527082074,0.0,0.01040985626336474,0.00717331007096119,0.0,0.0
11,2931266,2969038,0,66.28947368421052,2.3831413891933537,59.0,69.0,9.0,0.8542421961772491,0.0,0.009326380258380687,0.006993388306259065,0.0,0.0
11,2932266,2977038,0,64.84444444444445,3.747328266352238,57.0,69.0,11.0,0.8918825850158447,0.0,0.008242880722406691,0.006756754319518732,0.0,0.0
11,2941038,2985038,0,62.77777777777778,4.934634463053025,55.0,69.0,12.0,0.9293203772845852,0.0,0.006287257585285234,0.0051247578148277476,0.0,0.0
11,2949038,2993038,0,60.888888888888886,4.799176884157543,55.0,69.0,10.0,0.8790490729915326,0.0,0.005074760861798915,0.0038554979772574853,0.0,0.0
11,2957038,3001038,0,58.84444444444444,3.5712155139270974,55.0,66.0,10.0,0.8528028654224418,0.0,0.004590745303404056,0.0033313604937826153,0.0,0.0
11,2965038,3009038,0,57.333333333333336,1.849924923401548,55.0,63.0,6.0,0.7977240352174656,0.0,0.004402256497302674,0.003238207325261597,0.0,0.0
11,2973038,3017038,0,56.888888888888886,1.0375660026603337,55.0,60.0,2.0,0.674199862463242,0.0,0.004227228555820806,0.0030519262545147647,0.0,0.0
12,551716,596352,0,73.92857142857143,1.6675167899898216,70.0,77.0,1.0,0.7156780854205468,0.0,0.015348283110148384,0.013601880066602252,0.0,0.0
12,560711,604352,0,73.58536585365853,1.950304663580859,70.0,77.0,3.0,0.758287544405155,0.0,0.01768235232481417,0.013797104480686183,0.0,0.0
12,568352,612352,0,73.15555555555555,2.04347803245736,70.0,77.0,3.0,0.7833494518006403,0.0,0.0152478048279901,0.008811452267133157,0.0,0.0
12,576352,620352,0,72.75555555555556,1.7907857438138475,70.0,76.0,1.0,0.6908492797077574,0.0,0.015093364262729019,0.009003223520019907,0.0,0.0
12,584352,628352,0,72.17777777777778,1.1979406197283158,70.0,75.0,3.0,0.7229988054812212,0.0,0.0136675600250885,0.008086337054950366,0.0,0.0
12,592352,636352,0,71.91111111111111,0.938609425864128,70.0,74.0,1.0,0.6908492797077574,0.0,0.012244981676766385,0.007808827103935013,0.0,0.0
12,600352,640352,0,72.1219512195122,0.8022870343121232,71.0,74.0,0.0,0.6708203932499369,0.0,0.012593191937334988,0.007965791617701593,0.0,0.0
12,608352,640352,0,72.24242424242425,0.8176204583776995,71.0,74.0,0.0,0.6614378277661477,0.0,0.010093507007890065,0.004476359125032419,0.0,0.0
12,616352,640352,0,72.44,0.8039900496896714,71.0,74.0,1.0,0.67700320038633,0.0,0.009488432023216893,0.004107263576673971,0.0,0.0
12,624352,640352,0,72.05882352941177,0.5391265523477459,71.0,73.0,0.0,0.7071067811865476,0.0,0.010320018971291953,0.003296219224854967,0.0,0.0
12,632352,640352,0,72.0,0.6666666666666666,71.0,73.0,1.0,0.7905694150420949,0.0,0.010530316488429956,0.003843083733504677,0.0,0.0
12,1858332,1868329,0,74.0909090909091,0.8999540851465151,73.0,76.0,2.0,0.6324555320336759,0.0,0.0034784309784647322,0.0014180185577984759,0.0,0.0
12,1858332,1876329,0,75.47368421052632,1.81712384227706,73.0,78.0,3.0,0.6236095644623235,0.0,0.0033773293339825526,0.001851826287051207,0.0,0.0
12,1858332,1883749,0,76.0,2.0216222500108993,73.0,79.0,5.0,0.6396021490668313,0.0,0.0034294530295578165,0.0018664873079029742,0.0,0.0
12,1858332,1891749,0,75.83870967741936,1.8508371984233611,73.0,79.0,0.0,0.7302967433402214,0.0,0.004196004045663302,0.0033378758275023727,0.0,0.0
12,1858332,1899749,0,75.43589743589743,1.836871250109981,73.0,79.0,0.0,0.6882472016116853,0.0,0.004211793668750158,0.0031325361906816293,0.0,0.0
12,1864332,1907749,0,75.97560975609755,1.6891014334810524,73.0,79.0,2.0,0.7416198487095663,0.0,0.004721687430832817,0.003251218004692418,0.0,0.0
12,1872328,1915749,0,75.73170731707317,1.767241066608468,73.0,79.0,4.0,0.7745966692414834,0.0,0.004988015375677302,0.0031553932065542896,0.0,0.0
12,1880749,1923749,0,75.18181818181819,1.7092359706330151,73.0,79.0,3.0,0.7624928516630234,0.0,0.004899291060839942,0.003262246417756516,0.0,0.0
12,1887749,1931749,0,74.84444444444445,1.2988123729957741,73.0,78.0,2.0,0.674199862463242,0.0,0.004940253236604497,0.003404057222744662,0.0,0.0
12,1895749,1939749,0,75.11111111111111,1.3859969892900155,73.0,78.0,0.0,0.7071067811865476,0.0,0.004798412956338571,0.0027918369402984548,0.0,0.0
12,1903749,1946749,0,75.20454545454545,1.324241557450656,73.0,78.0,2.0,0.6819943394704735,0.0,0.004535419115669888,0.002938661381994784,0.0,0.0
12,1911749,1946749,0,74.91666666666667,1.1873172373979173,73.0,77.0,0.0,0.6324555320336759,0.0,0.004206109877159827,0.003000856665363104,0.0,0.0
12,1919749,1946749,0,75.28571428571429,1.0301575072754257,73.0,77.0,2.0,0.6085806194501846,0.0,0.004406498001462619,0.0031738667939079043,0.0,0.0
12,1927749,1946749,0,75.6,0.9695359714832658,74.0,77.0,0.0,0.6488856845230502,0.0,0.004421820592306348,0.0030034061955313777,0.0,0.0
12,1935749,1946749,0,75.16666666666667,0.7993052538854533,74.0,76.0,1.0,0.674199862463242,0.0,0.0045497732441049194,0.003187454834926025,0.0,0.0
12,1943749,1946749,0,75.75,0.4330127018922193,75.0,76.0,1.0,0.5773502691896257,0.0,0.0031721322289710798,0.0031478146790617106,0.0,0.0
12,2508761,2515767,0,72.875,0.33071891388307384,72.0,73.0,1.0,0.3779644730092272,0.0,0.006560430768596283,0.00565649436311623,0.0,0.0
12,2508761,2523773,0,73.375,0.6959705453537527,72.0,75.0,2.0,0.5163977794943222,0.0,0.0049362016020621236,0.004771468956347105,0.0,0.0
12,2508761,2531825,0,73.56521739130434,0.6478114967717972,72.0,75.0,2.0,0.4264014327112209,0.0,0.0044619153436466245,0.00462291103448213,0.0,0.0
12,2508761,2539825,0,73.45161290322581,0.6137515351754982,72.0,75.0,1.0,0.408248290463863,0.0,0.003910150318463025,0.004230775208946639,0.0,0.0
12,2508761,2547825,0,73.25641025641026,0.705943584509549,72.0,75.0,1.0,0.42919753763947605,0.0,0.005289324501984858,0.008267202604403409,0.0,0.0
12,2511762,2555825,0,73.3409090909091,0.7961036312789543,72.0,75.0,2.0,0.4822428221704121,0.0,0.004668636495729458,0.007648656744288754,0.0,0.0
12,2519771,2563825,0,73.5,0.8660254037844386,72.0,75.0,0.0,0.5705974021574557,0.0,0.004974085090249842,0.008378643634691596,0.0,0.0
12,2528825,2571825,0,73.27272727272727,0.888400922076912,72.0,75.0,2.0,0.6099942813304187,0.0,0.005197039293341802,0.008301530374360678,0.0,0.0
12,2535825,2579825,0,73.13333333333334,0.9092121131323905,72.0,75.0,0.0,0.674199862463242,0.0,0.005030576580715146,0.008136064472934966,0.0,0.0
12,2543825,2587825,0,73.2,0.956846672960488,72.0,75.0,2.0,0.7071067811865476,0.0,0.005160920782441803,0.00807886601363149,0.0,0.0
12,2551825,2595825,0,73.42222222222222,0.8816370855501056,72.0,75.0,1.0,0.6908492797077574,0.0,0.004012929380427455,0.004418229613612275,0.0,0.0
12,2559825,2597825,0,73.23076923076923,0.7666623788577465,72.0,74.0,0.0,0.6882472016116853,0.0,0.0035819142711387263,0.002308863679316057,0.0,0.0
12,2567825,2597825,0,73.12903225806451,0.7927874662867423,72.0,74.0,0.0,0.6324555320336759,0.0,0.00370958188945388,0.0023747453990717996,0.0,0.0
12,2575825,2597825,0,73.30434782608695,0.7480282840906632,72.0,74.0,1.0,0.6396021490668313,0.0,0.0037866529193233455,0.0024607260207781664,0.0,0.0
12,2583825,2597825,0,73.66666666666667,0.47140452079103173,73.0,74.0,0.0,0.5345224838248488,0.0,0.004115977585617237,0.002292947198957106,0.0,0.0
12,2591825,2597825,0,73.42857142857143,0.4948716593053935,73.0,74.0,1.0,0.7071067811865476,0.0,0.004016518846000338,0.002581250384370329,0.0,0.0
12,3161193,3164194,0,79.25,0.82915619758885,78.0,80.0,2.0,0.816496580927726,0.0,0.002513884321482452,0.0020198921934269413,0.0,0.0
12,3161193,3172200,0,77.58333333333333,1.3819269959814167,76.0,80.0,3.0,0.674199862463242,0.0,0.003758480665610086,0.002746929166396228,0.0,0.0
12,3161193,3179197,0,77.78947368421052,1.195559651747426,76.0,80.0,2.0,0.6666666666666666,0.0,0.003694167761353561,0.0023932740216048294,0.0,0.0
12,3161193,3188612,0,77.48,1.2039933554633928,76.0,80.0,3.0,0.67700320038633,0.0,0.004003879141052052,0.0024283840013976927,0.0,0.0
12,3161193,3196612,0,77.03030303030303,1.3367724242492591,75.0,80.0,4.0,0.6614378277661477,0.0,0.003958263272770954,0.002426606504357615,0.0,0.0
12,3161193,3204612,0,76.6829268292683,1.4045053706232165,75.0,80.0,5.0,0.6519202405202649,0.0,0.003947675742157589,0.0025146621789767943,0.0,0.0
12,3168198,3212612,0,76.21428571428571,1.1027177311342296,75.0,79.0,1.0,0.6048583789091339,0.0,0.004267844254385604,0.002708324989522927,0.0,0.0
12,3176195,3220612,0,75.78571428571429,1.0809104250301111,74.0,79.0,3.0,0.6048583789091339,0.0,0.005402408296998206,0.006674132690155593,0.0,0.0
12,3184612,3228612,0,75.35555555555555,0.7350149070462768,74.0,77.0,3.0,0.621581560508061,0.0,0.0057041252151301455,0.006447022665718741,0.0,0.0
12,3192612,3236612,0,74.73333333333333,1.1234866364235145,72.0,76.0,4.0,0.6030226891555273,0.0,0.005976610269344616,0.006656243916399775,0.0,0.0
12,3200612,3244612,0,73.97777777777777,1.7319082460798858,70.0,76.0,5.0,0.5838742081211422,0.0,0.006108173586633594,0.006625171698211888,0.0,0.0
12,3208612,3249612,0,73.38095238095238,1.8510277833882676,70.0,76.0,4.0,0.6246950475544243,0.0,0.006118079724237588,0.007018934999383765,0.0,0.0
12,3216612,3249612,0,73.0,1.8149704259460602,70.0,76.0,3.0,0.6276459144608478,0.0,0.005320534955295174,0.0038091032569807187,0.0,0.0
12,3224612,3249612,0,72.3076923076923,1.4876215081395165,70.0,75.0,3.0,0.6633249580710799,0.0,0.005431359387398049,0.004119781568026505,0.0,0.0
12,3232612,3249612,0,71.5,0.8975274678557507,70.0,73.0,1.0,0.6416889479197478,0.0,0.004790007729015258,0.003779676650598459,0.0,0.0
12,3240612,3249612,0,70.9,0.7000000000000001,70.0,72.0,1.0,0.7453559924999299,0.0,0.004680293490103181,0.004647273365499817,0.0,0.0
12,3812620,3820625,0,78.77777777777777,0.6285393610547089,78.0,80.0,2.0,0.5,0.0,0.007231500421253373,0.010188587272338909,0.0,0.0
12,3812620,3828638,0,78.17647058823529,0.9226110083151836,76.0,80.0,4.0,0.5,0.0,0.004797659036377572,0.007978491693297491,0.0,0.0
12,3812620,3836111,0,77.83333333333333,1.0274023338281628,76.0,80.0,4.0,0.5897678246195885,0.0,0.004516843043693919,0.006904670846554612,0.0,0.0
12,3812620,3844111,0,77.0,1.7320508075688772,74.0,80.0,5.0,0.5956833971812706,0.0,0.00435730300345043,0.006232876305848857,0.0,0.0
12,3812620,3852111,0,76.825,1.6107063667844614,74.0,80.0,4.0,0.5991446895152781,0.0,0.004279974841094802,0.0056391410641619,0.0,0.0
12,3816623,3860111,0,76.43181818181819,1.3882252776432231,74.0,79.0,2.0,0.6099942813304187,0.0,0.0037919711076149156,0.004167879693111766,0.0,0.0
12,3824636,3868111,0,76.13636363636364,1.119880454068629,74.0,78.0,1.0,0.6287677132370127,0.0,0.003781593795449849,0.003173553541414503,0.0,0.0
12,3832111,3876111,0,76.44444444444444,1.438449096238423,74.0,79.0,1.0,0.621581560508061,0.0,0.0037353151423050192,0.002999404941742459,0.0,0.0
12,3840111,3884111,0,76.35555555555555,1.4166557733785983,74.0,79.0,0.0,0.6030226891555273,0.0,0.0037147073841136374,0.0029482038921474713,0.0,0.0
12,3848111,3892111,0,76.37777777777778,1.4029950326812974,74.0,79.0,0.0,0.6030226891555273,0.0,0.003544747862585865,0.002943461013108842,0.0,0.0
12,3856111,3900111,0,76.4888888888889,1.3923955731396036,74.0,79.0,3.0,0.5838742081211422,0.0,0.0043484188631786784,0.006292737354585947,0.0,0.0
12,3864111,3901111,0,76.60526315789474,1.531072442925143,74.0,79.0,3.0,0.5927489783638191,0.0,0.004159612128139796,0.00657439949579609,0.0,0.0
12,3872111,3901111,0,76.36666666666666,1.5595583420386114,74.0,79.0,0.0,0.5872202195147035,0.0,0.00438842191070588,0.007342963266454256,0.0,0.0
12,3880111,3901111,0,75.77272727272727,1.3118972445147101,74.0,79.0,3.0,0.5773502691896257,0.0,0.005310870707654074,0.008352749533739181,0.0,0.0
12,3888111,3901111,0,76.35714285714286,1.171515676204052,74.0,79.0,5.0,0.6201736729460423,0.0,0.005606160413347862,0.010211641619011448,0.0,0.0
12,3896111,3901111,0,77.33333333333333,0.9428090415820634,76.0,79.0,3.0,0.7745966692414834,0.0,0.009208069232647657,0.014655304700693157,0.0,0.0
13,2252704,2296960,1,83.97619047619048,4.091152447009425,79.0,92.0,12.0,1.0359395405656244,0.0,0.07044683388972255,0.07061802833711403,0.0,0.0
13,2260960,2304960,1,82.43181818181819,2.9649293052489405,79.0,90.0,8.0,1.0996828295383152,0.0,0.06458451848342382,0.0594972440740506,0.0,0.0
13,2268960,2312960,1,81.3409090909091,1.8579458576388486,79.0,86.0,3.0,1.0890576254854043,0.0,0.05959037013791182,0.06161906911668751,0.0,0.0
13,2276960,2320960,1,81.04545454545455,1.7445310056723176,79.0,86.0,1.0,1.1713637450663281,0.0,0.060589365525323235,0.10219355210392851,0.0,0.0
13,2284960,2328960,1,80.37777777777778,1.1602468873072547,78.0,83.0,3.0,0.917010954628728,0.0,0.07680482706889258,0.1377450300806632,0.0,0.0
13,2292960,2336960,1,80.35555555555555,1.3191841848582961,78.0,83.0,2.0,0.9770084209183945,0.0,0.07253924242777508,0.13667183965797827,0.0,0.0
14,1709849,1740996,1,103.28571428571429,1.5319721849662298,101.0,106.0,0.0,0.769800358919501,0.0,0.04961289077094622,0.10511964839763324,0.0,0.0
14,1717868,1740996,1,103.52380952380952,1.5620209016054025,101.0,106.0,4.0,0.6324555320336759,0.0,0.05886465343824001,0.11846895071741066,0.0,0.0
14,1725890,1740996,1,104.33333333333333,1.0110500592068732,102.0,106.0,3.0,0.7071067811865476,0.0,0.07906865010728062,0.134914073491956,0.0,0.0
14,1733996,1740996,1,104.875,0.5994789404140899,104.0,106.0,0.0,0.7559289460184544,0.0,0.05082034433044265,0.07629367968246802,0.0,0.0
14,5474602,5482602,1,105.33333333333333,0.6666666666666666,104.0,106.0,2.0,0.7071067811865476,0.0,0.04539998496184968,0.07441633165625185,0.0,0.0
14,5474602,5490602,1,103.23529411764706,2.413915826903905,99.0,106.0,6.0,0.7905694150420949,0.0,0.045244952367878545,0.07494353812085186,0.0,0.0
14,5474602,5493602,1,102.8,2.4819347291981715,99.0,106.0,7.0,0.8885233166386386,0.0,0.06907980111537429,0.11385401573811725,0.0,0.0
14,5474602,5493602,1,102.8,2.4819347291981715,99.0,106.0,7.0,0.8885233166386386,0.0,0.06907980111537429,0.11385401573811725,0.0,0.0
14,5474602,5514602,1,100.5925925925926,4.305545599351292,94.0,106.0,12.0,1.1435437497937313,0.0,0.052545975958533345,0.101910690620398,0.0,0.0
14,5478602,5522602,1,98.19354838709677,4.313664371758056,93.0,106.0,12.0,1.0645812948447542,0.0,0.036281832644907516,0.08937873051330275,0.0,0.0
14,5486602,5530602,1,96.06451612903226,2.6388595272538784,93.0,101.0,5.0,1.0488088481701516,0.0,0.035694938243348094,0.08948351379431525,0.0,0.0
14,5508602,5538602,1,95.12903225806451,1.2376339415000568,93.0,97.0,1.0,0.6055300708194983,0.0,0.009704625156589925,0.011393971754463963,0.0,0.0
14,5508602,5546602,1,95.2051282051282,1.1363343490338638,93.0,97.0,1.0,0.5848976518656018,0.0,0.018281957427753386,0.02459279867532645,0.0,0.0
14,5510602,5554602,1,95.42222222222222,1.183007258151659,93.0,98.0,2.0,0.6030226891555273,0.0,0.025819624028622545,0.03156428917960698,0.0,0.0
14,5518602,5555602,1,95.76315789473684,1.0621282142426616,94.0,98.0,3.0,0.5927489783638191,0.0,0.03208577079028093,0.035104829713558855,0.0,0.0
14,5526602,5555602,1,96.16666666666667,0.7781745019952501,95.0,98.0,1.0,0.6158817620514397,0.0,0.03921403212693076,0.03623712253232792,0.0,0.0
14,5534602,5555602,1,96.0909090909091,0.8479435502808012,95.0,98.0,0.0,0.6172133998483676,0.0,0.049706552324595796,0.03689460311949491,0.0,0.0
14,5542602,5555602,1,96.07142857142857,0.8835226340609272,95.0,98.0,2.0,0.6793662204867574,0.0,0.054171771031858364,0.03639457176673059,0.0,0.0
14,5550602,5555602,1,96.83333333333333,0.6871842709362769,96.0,98.0,1.0,0.7745966692414834,0.0,0.05120231981959541,0.03756955454329868,0.0,0.0
14,6065182,6073742,1,104.71428571428571,1.385051387833237,103.0,107.0,4.0,0.816496580927726,0.0,0.04035333196750196,0.05524141534385473,0.0,0.0
14,6065182,6082742,1,102.15384615384616,3.230769230769231,97.0,107.0,10.0,1.1547005383792515,0.0,0.03884773455577337,0.042542062066935726,0.0,0.0
14,6065182,6090742,1,100.47619047619048,3.4033463590867883,96.0,107.0,11.0,1.02469507659596,0.0,0.04833665356889084,0.0635638381602622,0.0,0.0
14,6065182,6098742,1,99.51724137931035,3.307470016077737,96.0,107.0,10.0,0.9258200997725514,0.0,0.047864960261256945,0.05760239989378393,0.0,0.0
14,6065182,6106742,1,99.27027027027027,2.9832745354695414,96.0,107.0,9.0,0.8660254037844386,0.0,0.04816149528653532,0.05844179434654842,0.0,0.0
14,6070742,6114742,1,98.26829268292683,1.9383723401273685,96.0,104.0,5.0,0.9082951062292475,0.0,0.049029955774284824,0.06480373006066137,0.0,0.0
14,6078742,6122742,1,97.97674418604652,1.2101964494193198,96.0,100.0,0.0,0.8728715609439694,0.0,0.050003612793070265,0.0633837510346337,0.0,0.0
14,6086742,6130742,1,98.38095238095238,1.661215575477372,96.0,102.0,1.0,0.8695387058524823,0.0,0.055339121151628194,0.0692304196375548,0.0,0.0
14,6094742,6138742,1,98.54761904761905,1.8153102968701804,94.0,102.0,3.0,0.9499679070317291,0.0,0.04461972592068113,0.06119980982420192,0.0,0.0
14,6102742,6146742,1,97.92857142857143,2.4533054198352877,94.0,102.0,5.0,0.9239364353597956,0.0,0.032463449494441146,0.054840377305681295,0.0,0.0
15,4212773,4254664,1,82.2051282051282,4.432858007174217,74.0,87.0,11.0,0.9597148699373931,0.0,0.08133992290471267,0.08965601110804414,0.0,0.0
15,4220791,4262664,1,83.61764705882354,3.09662725332268,76.0,87.0,7.0,1.0588730430094635,0.0,0.0881504060421948,0.0935852384330618,0.0,0.0
15,4229664,4273664,1,84.84375,1.3718002542279981,82.0,87.0,2.0,1.1071614388213236,0.0,0.07884358135089015,0.08971374579192322,0.0,0.0
15,4237664,4281664,1,84.46875,1.7317688753121763,81.0,87.0,1.0,1.121634751658949,0.0,0.08210960541199328,0.08812591466721463,0.0,0.0
15,4245664,4289664,1,84.5,1.8027756377319946,81.0,87.0,1.0,1.1385500851066221,0.0,0.09962186816731432,0.11067165776553481,0.0,0.0
15,4253664,4296664,1,84.52,2.1376622745419818,81.0,90.0,5.0,1.3070322617798436,0.0,0.08645250555035927,0.10301931957494762,0.0,0.0
15,4262664,4301664,1,84.88461538461539,2.3911201603645464,81.0,90.0,4.0,1.2649110640673518,0.0,0.10165739178008026,0.10939546216322502,0.0,0.0
15,4269664,4301664,1,84.96,2.4079867109267856,81.0,90.0,4.0,1.2909944487358056,0.0,0.10084880711905711,0.11148570666043575,0.0,0.0
15,4277664,4301664,1,85.52941176470588,2.659448130695839,81.0,90.0,5.0,1.346291201783626,0.0,0.13138539350220566,0.12140229423654844,0.0,0.0
15,4286664,4301664,1,87.08333333333333,1.2555432644432802,86.0,90.0,1.0,1.1677484162422844,0.0,0.16967970997793222,0.12402952165091899,0.0,0.0
15,4293664,4301664,1,88.2,1.16619037896906,87.0,90.0,0.0,1.7320508075688772,0.0,0.1652487681060038,0.10013040780434856,0.0,0.0
15,6089200,6097291,0,70.88888888888889,0.7370277311900889,70.0,72.0,0.0,0.7071067811865476,0.0,0.010062929858435685,0.009064140025811247,0.0,0.0
15,6089200,6105291,0,72.23529411764706,1.733049395606616,70.0,75.0,2.0,0.8660254037844386,0.0,0.006614239872223934,0.007600177205716651,0.0,0.0
15,6089200,6111309,0,72.78260869565217,1.768234731101109,70.0,75.0,3.0,0.8257228238447705,0.0,0.008067918875618507,0.009873545977870941,0.0,0.0
15,6089200,6121072,0,73.03225806451613,1.6555648284330766,70.0,75.0,0.0,0.7745966692414834,0.0,0.006964332948578866,0.008868031273109516,0.0,0.0
15,6089200,6129072,0,72.82051282051282,1.6309788609014617,70.0,75.0,1.0,1.0882143751650175,0.0,0.006680130928102997,0.008054209418213075,0.0,0.0
15,6093218,6137072,0,72.6046511627907,1.7000620355811225,70.0,75.0,0.0,1.0465362369445672,0.0,0.006673699167656779,0.007659575994615897,0.0,0.0
15,6101291,6145072,0,72.37209302325581,1.8302783599954418,70.0,75.0,5.0,0.9636241116594315,0.0,0.005839705240710345,0.006471261841433369,0.0,0.0
15,6109299,6153072,0,71.46511627906976,1.8844385655705018,69.0,75.0,5.0,0.9636241116594315,0.0,0.00488684344328337,0.0031429173369901665,0.0,0.0
15,6117072,6161072,0,70.57777777777778,1.5561903466676976,68.0,75.0,5.0,0.9414688716912718,0.0,0.005079196486730025,0.0029248439372069,0.0,0.0
15,6125072,6169072,0,69.91111111111111,1.2077936214845504,68.0,75.0,2.0,0.9045340337332909,0.0,0.004974692325102196,0.0030067260940578114,0.0,0.0
15,6133072,6177072,0,69.35555555555555,0.7646511348482335,68.0,71.0,2.0,0.5222329678670935,0.0,0.004807980582660843,0.002883644821044774,0.0,0.0
16,1071052,1115333,1,49.80952380952381,1.693658975597975,46.0,54.0,3.0,0.7808688094430303,0.0,0.011791243477963374,0.00818064040640735,0.0,0.0
16,1079077,1123333,1,48.92857142857143,2.1201174399508327,45.0,54.0,8.0,0.7650920556760059,0.0,0.009112846736316753,0.007829045580301541,0.0,0.0
16,1087106,1131333,1,47.88095238095238,1.8542407116607178,45.0,52.0,3.0,0.7156780854205468,0.0,0.006506954280747458,0.006725505831903773,0.0,0.0
16,1095137,1139333,1,47.07142857142857,1.843816656814223,45.0,52.0,4.0,0.7325198740332296,0.0,0.004191207914823557,0.0027460561961555824,0.0,0.0
16,1106333,1147333,1,46.285714285714285,1.0973065354098013,45.0,49.0,3.0,0.563092506371473,0.0,0.005561658789262553,0.006965025519647486,0.0,0.0
16,1111333,1155333,1,46.44444444444444,1.3259052346823377,45.0,50.0,1.0,0.6908492797077574,0.0,0.005291207973443005,0.006818063897115409,0.0,0.0
16,1119333,1159333,1,46.63414634146341,1.5889265829173007,45.0,50.0,3.0,0.689202437604511,0.0,0.005304506481264566,0.007152324587659053,0.0,0.0
16,1127333,1159333,1,46.81818181818182,1.7136624867392354,45.0,50.0,3.0,0.7288689868556626,0.0,0.005279950592676938,0.00790199143112823,0.0,0.0
16,1135333,1159333,1,47.16,1.8260339536821324,45.0,50.0,4.0,0.7637626158259734,0.0,0.0059847493983391006,0.008925049178234334,0.0,0.0
16,1143333,1159333,1,48.0,1.6087993330796875,46.0,50.0,3.0,0.82915619758885,0.0,0.004286258401322692,0.006567698705773067,0.0,0.0
16,1151333,1159333,1,49.333333333333336,0.4714045207910317,49.0,50.0,1.0,0.7905694150420949,0.0,0.0018532804158577078,0.0009881341263717788,0.0,0.0
16,2389504,2395515,0,60.57142857142857,0.4948716593053935,60.0,61.0,1.0,0.7071067811865476,0.0,0.010690582447840009,0.004586544029278908,0.0,0.0
16,2389504,2403541,0,61.0,0.816496580927726,60.0,63.0,3.0,0.7071067811865476,0.0,0.00900213355373095,0.004206419862568421,0.0,0.0
16,2389504,2411811,0,61.34782608695652,0.8134037797334656,60.0,63.0,2.0,0.6030226891555273,0.0,0.006852901541709167,0.004602060807801544,0.0,0.0
16,2389504,2419811,0,61.32258064516129,0.7355970484510568,60.0,63.0,2.0,0.5773502691896257,0.0,0.006864322176596999,0.004208773655892195,0.0,0.0
16,2389504,2427811,0,61.46153846153846,0.710584946694924,60.0,63.0,2.0,0.512989176042577,0.0,0.006604856642447324,0.004037279349860763,0.0,0.0
16,2391510,2435811,0,61.355555555555554,1.1576903357894317,56.0,63.0,5.0,0.6908492797077574,0.0,0.006030368933751873,0.0037172543960978235,0.0,0.0
16,2399529,2443811,0,59.77777777777778,3.9208212795500947,49.0,63.0,11.0,0.7833494518006403,0.0,0.005389622483369929,0.0029631756151696047,0.0,0.0
16,2407556,2451811,0,57.37777777777778,5.654060051125067,48.0,62.0,14.0,0.7687061147858074,0.0,0.005752395588104496,0.0033991886171759063,0.0,0.0
16,2415811,2459811,0,55.044444444444444,6.06247311308789,48.0,62.0,12.0,0.7977240352174656,0.0,0.005705046471123869,0.003191996742621477,0.0,0.0
16,2423811,2467811,0,52.86666666666667,5.528109984434101,48.0,62.0,13.0,0.8393720596645177,0.0,0.005783766115168275,0.0029427985365998123,0.0,0.0
16,2431811,2475811,0,50.44444444444444,3.6791034871468073,47.0,62.0,15.0,0.8660254037844386,0.0,0.005829370276734318,0.0032507028190538073,0.0,0.0
16,2439811,2477811,0,48.82051282051282,1.0590705860545326,47.0,52.0,5.0,0.6688560540599386,0.0,0.005847938773501226,0.0033106402074959953,0.0,0.0
16,2447811,2477811,0,48.516129032258064,0.7565186709392628,47.0,50.0,1.0,0.5477225575051661,0.0,0.005833597076433829,0.0032681333660822248,0.0,0.0
16,2455811,2477811,0,48.608695652173914,0.8203461853962264,47.0,50.0,1.0,0.5640760748177662,0.0,0.005503164057533254,0.0030540121885488302,0.0,0.0
16,2463811,2477811,0,48.46666666666667,0.8844332774281066,47.0,50.0,3.0,0.4629100498862757,0.0,0.006007677215450386,0.003319793983577179,0.0,0.0
16,2471811,2477811,0,47.714285714285715,0.6998542122237651,47.0,49.0,2.0,0.5773502691896257,0.0,0.006533460481718266,0.0022979784844669024,0.0,0.0
16,3603655,3611689,0,51.77777777777778,0.6285393610547089,51.0,53.0,0.0,0.8660254037844386,0.0,0.004156567915307519,0.0023364894305836948,0.0,0.0
16,3603655,3619713,0,51.64705882352941,0.5882352941176471,51.0,53.0,0.0,0.7071067811865476,0.0,0.006649270866685703,0.012743397158025017,0.0,0.0
16,3603655,3627753,0,52.92,3.0452586097078846,50.0,63.0,12.0,1.3228756555322954,0.0,0.043536595408101064,0.0787382903412536,0.0,0.0
16,3603655,3635788,0,56.21212121212121,6.432670286561457,50.0,69.0,18.0,1.5612494995995996,0.0,0.03554396354806824,0.07008945743637919,0.0,0.0
16,3603655,3643847,0,58.951219512195124,8.060597386056886,50.0,73.0,20.0,1.51657508881031,0.0,0.03817202832778538,0.0743194722559974,0.0,0.0
16,3607674,3651858,0,62.355555555555554,9.355106877602095,50.0,77.0,22.0,1.5666989036012806,0.0,0.04668109316272753,0.0753895944712374,0.0,0.0
16,3615705,3659920,0,66.42222222222222,8.713945117234378,50.0,77.0,22.0,1.7188791273808215,0.0,0.05344561826449375,0.07330459321822204,0.0,0.0
16,3623737,3667991,0,70.20454545454545,5.487918737200442,54.0,77.0,19.0,1.6774842736586513,0.0,0.058023719180322,0.07473404267556195,0.0,0.0
16,3631771,3675991,0,72.11363636363636,2.9788337337325728,64.0,77.0,6.0,1.4941747352752568,0.0,0.05653211551530244,0.07133037459175436,0.0,0.0
16,3639847,3683113,0,72.04545454545455,3.147542659502557,63.0,77.0,6.0,1.4941747352752568,0.0,0.11065336069193131,0.15080630736876247,0.0,0.0
16,3647847,3691113,0,71.18181818181819,3.7067060068863835,63.0,77.0,7.0,1.4386686351833995,0.0,0.1418175951206608,0.16605272966589377,0.0,0.0
17,2409572,2454398,1,90.2439024390244,1.6495452116010652,88.0,94.0,1.0,0.689202437604511,0.0,0.026449175666787932,0.06271543206611868,0.0,0.0
17,2417581,2462398,1,89.6829268292683,2.2571190831725416,84.0,94.0,6.0,0.7416198487095663,0.0,0.023578767830953522,0.06333255815772748,0.0,0.0
17,2425592,2470398,1,88.36585365853658,3.274112037960943,83.0,94.0,10.0,0.7071067811865476,0.0,0.01335272376001355,0.0386225905103659,0.0,0.0
17,2434398,2478398,1,86.69767441860465,3.1068931892399503,82.0,93.0,9.0,0.7071067811865476,0.0,0.007721212570805747,0.018215741210141537,0.0,0.0
17,2442398,2486398,1,86.04444444444445,2.5206309223909757,82.0,90.0,0.0,0.6396021490668313,0.0,0.00508241494001853,0.0033418518140227917,0.0,0.0
17,2450398,2494398,1,85.95555555555555,2.40328992615036,82.0,90.0,1.0,0.621581560508061,0.0,0.004965173731145393,0.003574181267374859,0.0,0.0
17,2458398,2498398,1,85.78048780487805,2.4645010885988543,82.0,90.0,2.0,0.6324555320336759,0.0,0.004551260060660353,0.0036543360524748498,0.0,0.0
17,2466398,2498398,1,85.87878787878788,2.6486998040499583,82.0,90.0,7.0,0.5303300858899106,0.0,0.0048490751558571965,0.00375520462533751,0.0,0.0
17,2474398,2498398,1,86.8,2.4,82.0,90.0,8.0,0.5773502691896257,0.0,0.004841590809571344,0.0038798520572472734,0.0,0.0
17,2482398,2498398,1,88.23529411764706,1.164646463130784,86.0,90.0,4.0,0.5,0.0,0.004006367571075888,0.0028865635958930007,0.0,0.0
17,2490398,2498398,1,89.11111111111111,0.5665577237325317,88.0,90.0,2.0,0.5,0.0,0.0033391028989925623,0.002588088961975519,0.0,0.0
17,4149517,4157741,1,86.77777777777777,0.7856742013183862,86.0,88.0,2.0,0.5,0.0,0.027482820976459797,0.02442090958955029,0.0,0.0
17,4149517,4165741,1,87.82352941176471,1.3820400146436154,86.0,90.0,3.0,0.6614378277661477,0.0,0.017759886722782194,0.020790736162948444,0.0,0.0
17,4149517,4173741,1,88.12,1.3948476619330155,86.0,90.0,1.0,0.67700320038633,0.0,0.015752333141876042,0.018781460162434652,0.0,0.0
19,1969726,2014478,1,78.65217391304348,2.198985846330746,74.0,82.0,4.0,1.1547005383792515,0.0,0.06322532629188198,0.07902499388261118,0.0,0.0
19,1978478,2022478,1,79.38636363636364,2.3857141973432103,74.0,83.0,7.0,1.1713637450663281,0.0,0.07604684351437467,0.11111673756185712,0.0,0.0
19,1986478,2030478,1,79.86363636363636,2.667914652878034,74.0,84.0,2.0,1.034295625950562,0.0,0.07580504233874147,0.11130091064408804,0.0,0.0
19,1994478,2038478,1,79.86363636363636,2.7435122569677413,74.0,84.0,2.0,1.0565410875907486,0.0,0.07287714003894118,0.11128838463627187,0.0,0.0
19,2002478,2046478,1,80.20454545454545,2.6763233383823875,74.0,84.0,7.0,1.0674899923282326,0.0,0.09241757553404786,0.1278877681483236,0.0,0.0
19,2010478,2054478,1,81.54545454545455,1.6576893208009518,78.0,84.0,6.0,0.9400643223910575,0.0,0.07508260718425662,0.11816862060917949,0.0,0.0
19,2018478,2057478,1,81.95,1.5960889699512366,79.0,85.0,4.0,0.9336995618478525,0.0,0.05410793396494642,0.08181311355023659,0.0,0.0
19,2026478,2057478,1,81.90625,1.7021929789245402,79.0,85.0,1.0,0.9332565252573828,0.0,0.057413036225277644,0.08957227168274322,0.0,0.0
19,2034478,2057478,1,81.58333333333333,1.8008485654145259,79.0,85.0,5.0,0.9555330859059091,0.0,0.0679107152699265,0.10116224317042183,0.0,0.0
19,2042478,2057478,1,82.6875,1.0439558180306292,81.0,85.0,4.0,1.0954451150103321,0.0,0.08674432909634956,0.11884119910098803,0.0,0.0
19,2050478,2057478,1,83.25,0.82915619758885,82.0,85.0,2.0,1.0690449676496976,0.0,0.03259162007725232,0.017447459726181825,0.0,0.0
19,3935670,3942694,1,74.625,0.6959705453537527,73.0,75.0,1.0,0.8451542547285166,0.0,0.02430827068148494,0.011763954212017131,0.0,0.0
19,3935670,3950709,1,75.125,0.8569568250501305,73.0,77.0,4.0,0.816496580927726,0.0,0.02905145699806168,0.04292000106941093,0.0,0.0
19,3935670,3958655,1,76.0,1.6832508230603465,73.0,80.0,6.0,1.0215078369104984,0.0,0.026584884533090044,0.036005878935642804,0.0,0.0
21,406738,414790,1,99.5,1.118033988749895,98.0,101.0,1.0,0.8451542547285166,0.0,0.1355913828156073,0.20414847425796456,0.0,0.0
21,3851207,3867260,0,95.0,1.2792042981336627,93.0,97.0,1.0,1.224744871391589,0.0,0.010248713274792553,0.003981491432065422,0.0,0.0
21,3851207,3875183,0,95.0,1.0606601717798212,93.0,97.0,2.0,1.0327955589886444,0.0,0.011465477041807474,0.0042517346387357675,0.0,0.0
21,3851207,3883183,0,95.125,0.9270248108869579,93.0,97.0,2.0,0.8846517369293828,0.0,0.012468088947982637,0.004282478871336012,0.0,0.0
21,3851207,3891183,0,94.53125,1.5203695068962677,90.0,97.0,7.0,0.861356769214109,0.0,0.012336051029756913,0.004433800969095718,0.0,0.0
21,3859235,3899183,0,92.89473684210526,3.2508255929857386,86.0,96.0,7.0,0.7165985720844785,0.0,0.013362538072840631,0.0043108252459765,0.0,0.0
21,3863240,3907183,0,91.11904761904762,4.686365130950593,83.0,96.0,11.0,0.7156780854205468,0.0,0.01395457733274258,0.003901225094874464,0.0,0.0
21,3872183,3915183,0,89.43181818181819,4.702019523917971,83.0,96.0,11.0,0.6988362419217079,0.0,0.013457631073907626,0.0041013670717724125,0.0,0.0
21,3879183,3923183,0,87.73333333333333,4.122566622330748,83.0,96.0,10.0,0.7071067811865476,0.0,0.013440760741436065,0.004288610714546848,0.0,0.0
21,3887183,3931183,0,86.17777777777778,2.4430298937443222,83.0,93.0,6.0,0.7071067811865476,0.0,0.013911781261783909,0.004079938158587677,0.0,0.0
21,3895183,3939183,0,85.4,1.1234866364235143,83.0,87.0,0.0,0.6030226891555273,0.0,0.013970046656053543,0.0038144921002013867,0.0,0.0
21,3903183,3939183,0,85.32432432432432,1.14027151944481,83.0,87.0,3.0,0.6009252125773316,0.0,0.01343160255836884,0.0038508374453542263,0.0,0.0
21,3911183,3939183,0,85.62068965517241,0.9252695079309474,84.0,87.0,1.0,0.5669467095138409,0.0,0.014049860795193136,0.003458260958899989,0.0,0.0
21,3919183,3939183,0,86.04761904761905,0.5753831415997416,85.0,87.0,2.0,0.5477225575051661,0.0,0.014077568434676311,0.0036154333232595952,0.0,0.0
21,3927183,3939183,0,86.23076923076923,0.5756395979652217,85.0,87.0,2.0,0.5773502691896257,0.0,0.014564257531965441,0.002740775693512893,0.0,0.0
21,3935183,3939183,0,86.4,0.4898979485566356,86.0,87.0,1.0,0.5,0.0,0.01309723998193888,0.003149099794641522,0.0,0.0
21,4500074,4507095,0,85.0,1.118033988749895,84.0,87.0,3.0,0.6546536707079771,0.0,0.010047094260575998,0.0049089522265692714,0.0,0.0
21,4500074,4515113,0,85.3125,1.2103072956898178,84.0,87.0,0.0,0.6324555320336759,0.0,0.007305058314539339,0.005096112780732857,0.0,0.0
21,4500074,4519125,0,85.65,1.2757350822173072,84.0,87.0,0.0,0.5619514869490163,0.0,0.006517942010124897,0.00489421211032031,0.0,0.0
21,4500074,4530870,0,85.96428571428571,1.2095495872768642,84.0,87.0,1.0,0.5091750772173156,0.0,0.005607541689774556,0.004479253114734128,0.0,0.0
21,4500074,4538870,0,85.77777777777777,1.1811273125260722,84.0,87.0,3.0,0.50709255283711,0.0,0.004960448641882817,0.004212645169593796,0.0,0.0
21,4503084,4546870,0,85.17073170731707,1.5911713590536676,82.0,87.0,3.0,0.5244044240850758,0.0,0.00883622709414309,0.01717667886024442,0.0,0.0
21,4511107,4554870,0,84.85365853658537,1.9071236880316695,81.0,87.0,2.0,0.6708203932499369,0.0,0.012571311363632607,0.018867713802646346,0.0,0.0
21,4519125,4562870,0,84.41463414634147,1.6816891878964098,81.0,87.0,3.0,0.724568837309472,0.0,0.018866454582676297,0.020831861861860094,0.0,0.0
21,4526870,4570870,0,83.82222222222222,1.5816853021577104,81.0,87.0,5.0,0.7537783614444091,0.0,0.023709502205080266,0.020297708823834984,0.0,0.0
21,4534870,4578870,0,83.28888888888889,1.0877545111573703,81.0,85.0,1.0,0.7537783614444091,0.0,0.028457340348424454,0.018720628083078398,0.0,0.0
21,4542870,4586870,0,83.37777777777778,1.252355804764922,81.0,87.0,4.0,0.7687061147858074,0.0,0.03454326432648453,0.016497335879288456,0.0,0.0
21,4550870,4588870,0,83.74358974358974,1.4450259285749099,81.0,87.0,5.0,0.7071067811865476,0.0,0.03325881475170111,0.01291453224162718,0.0,0.0
21,4558870,4588870,0,83.80645161290323,1.5116612275948367,81.0,87.0,3.0,0.6582805886043833,0.0,0.03445589391030733,0.01299586137999722,0.0,0.0
21,4566870,4588870,0,83.78260869565217,1.7183541604669132,81.0,87.0,5.0,0.6396021490668313,0.0,0.03362029768534826,0.014215057308175839,0.0,0.0
21,4574870,4588870,0,84.73333333333333,1.339983416149452,83.0,87.0,3.0,0.5976143046671968,0.0,0.030548525934039717,0.016302313097067745,0.0,0.0
21,4582870,4588870,0,85.85714285714286,1.124858267715973,84.0,87.0,3.0,0.7071067811865476,0.0,0.03528687896919285,0.02087397424632845,0.0,0.0
21,5734409,5739423,1,89.83333333333333,0.3726779962499649,89.0,90.0,0.0,0.6324555320336759,0.0,0.014911862358968594,0.00720622907620601,0.0,0.0
21,5734409,5747446,1,89.5,0.5,89.0,90.0,1.0,0.6201736729460423,0.0,0.017823355789625267,0.008331406770941487,0.0,0.0
21,5734409,5755168,1,89.2,0.6782329983125268,88.0,90.0,1.0,0.6069769786668839,0.0,0.016198907222030635,0.008180195602921974,0.0,0.0
21,5734409,5763168,1,89.25,0.7849021777084254,88.0,91.0,0.0,0.6666666666666666,0.0,0.014209660058728488,0.007706314108611332,0.0,0.0
21,5734409,5771168,1,88.94444444444444,1.052627517860912,86.0,91.0,4.0,0.6761234037828132,0.0,0.013133349449336727,0.007395505919064912,0.0,0.0
21,5735412,5779168,1,88.25581395348837,1.7533094720903035,84.0,91.0,6.0,0.6900655593423543,0.0,0.01231125587517694,0.007150298532086089,0.0,0.0
21,5743435,5787168,1,86.86046511627907,2.8577222621963974,81.0,91.0,7.0,0.7071067811865476,0.0,0.010577631838327724,0.006427749276077158,0.0,0.0
21,5751168,5795168,1,85.77777777777777,3.017643590536525,81.0,91.0,4.0,0.674199862463242,0.0,0.011697002959582361,0.013347928373689527,0.0,0.0
21,5759168,5803168,1,85.26666666666667,2.78408173570948,81.0,91.0,3.0,0.6908492797077574,0.0,0.012352370208170507,0.013644046495095112,0.0,0.0
21,5767168,5811168,1,84.44444444444444,1.9038622213870127,81.0,88.0,3.0,0.6908492797077574,0.0,0.012485679478520036,0.013826066886631199,0.0,0.0
21,5775168,5819168,1,84.22222222222223,1.6850834320114554,81.0,87.0,1.0,0.6908492797077574,0.0,0.012901639486339043,0.013974200859951132,0.0,0.0
21,5783168,5823168,1,84.7560975609756,2.195121951219512,81.0,90.0,9.0,0.689202437604511,0.0,0.013659968341516494,0.014464516117172041,0.0,0.0
21,5791168,5823168,1,85.48484848484848,1.794287435525753,82.0,90.0,8.0,0.75,0.0,0.013864997766248947,0.015598047523868976,0.0,0.0
21,5799168,5823168,1,86.08,1.547126368465097,84.0,90.0,5.0,0.7905694150420949,0.0,0.011852115122294133,0.007261743384005651,0.0,0.0
21,5807168,5823168,1,86.29411764705883,1.77448272105863,84.0,90.0,4.0,0.7905694150420949,0.0,0.010991280957936568,0.007119313829892181,0.0,0.0
21,5815168,5823168,1,87.55555555555556,1.4989708403591155,85.0,90.0,5.0,0.7905694150420949,0.0,0.011884713610768935,0.005170999581358878,0.0,0.0
21,6714977,6722977,1,90.83333333333333,0.6871842709362769,90.0,92.0,1.0,1.1832159566199232,0.0,0.1143111511235414,0.10664412111670338,0.0,0.0
21,6714977,6725977,1,90.88888888888889,0.7370277311900889,90.0,92.0,1.0,1.0606601717798212,0.0,0.12424862892077823,0.10140231356835704,0.0,0.0
21,6714977,6725977,1,90.88888888888889,0.7370277311900889,90.0,92.0,1.0,1.0606601717798212,0.0,0.12424862892077823,0.10140231356835704,0.0,0.0
21,6714977,6746977,1,92.26666666666667,1.8061622912192088,90.0,95.0,3.0,1.0350983390135313,0.0,0.11590111825656572,0.10719929557686485,0.0,0.0
21,6714977,6748977,1,92.3529411764706,1.7129670327718869,90.0,95.0,2.0,1.0,0.0,0.10641344710728223,0.10400877824957112,0.0,0.0
22,1013168,1057412,0,79.93181818181819,2.2197228253742862,76.0,86.0,0.0,1.2389042420341585,0.0,0.04304664694341229,0.06880236094147202,0.0,0.0
22,1021412,1065421,0,80.35555555555555,2.272106761532668,76.0,86.0,6.0,1.2613124477737825,0.0,0.06434933788916336,0.09846368236148202,0.0,0.0
22,1029412,1073760,0,81.44186046511628,1.9565314061677401,78.0,86.0,6.0,1.2724180205607036,0.0,0.0666397732073013,0.10280717203490468,0.0,0.0
22,1037412,1081760,0,82.475,2.7293543192484186,79.0,89.0,8.0,1.3587324409735149,0.0,0.06427337342274791,0.1052105480735641,0.0,0.0
22,1045412,1089760,0,83.675,2.9443802403901573,79.0,89.0,5.0,1.3301243435223524,0.0,0.06251789921228426,0.1060586494071832,0.0,0.0
22,1053412,1097760,0,84.0,2.701851217221259,79.0,89.0,1.0,1.0500305245868344,0.0,0.04544416716360445,0.09858663633007941,0.0,0.0
22,1061412,1101760,0,84.66666666666667,2.1213203435596424,81.0,89.0,2.0,1.01418510567422,0.0,0.02858963591091735,0.0818061541012814,0.0,0.0
22,1069760,1101760,0,85.06666666666666,1.9988885800753267,82.0,89.0,1.0,1.0339078862458586,0.0,0.005401826784890917,0.004001413887824051,0.0,0.0
22,1080760,1101760,0,85.13636363636364,2.0067036413312835,82.0,89.0,6.0,0.9759000729485332,0.0,0.004715469320776978,0.004161120548377124,0.0,0.0
22,1085760,1101760,0,84.41176470588235,1.647058823529412,82.0,87.0,4.0,1.0606601717798212,0.0,0.003447970650221812,0.002487898551076628,0.0,0.0
22,1093760,1101760,0,83.77777777777777,1.1331154474650633,82.0,86.0,1.0,1.0606601717798212,0.0,0.002818611814003589,0.0014572845888393613,0.0,0.0
22,1685823,1689832,0,81.2,0.7483314773547882,80.0,82.0,2.0,0.7071067811865476,0.0,0.02324245361239813,0.017295595928580355,0.0,0.0
22,1685823,1697851,0,80.6923076923077,0.8213137116947163,80.0,82.0,0.0,0.5773502691896257,0.0,0.015403717855461012,0.01615988509595824,0.0,0.0
22,1685823,1706049,0,81.42857142857143,1.2177820811947069,80.0,84.0,0.0,0.6324555320336759,0.0,0.012998172059906953,0.0140792972739807,0.0,0.0
22,1685823,1714049,0,81.34482758620689,1.0915304683685803,80.0,84.0,0.0,0.6546536707079771,0.0,0.011102372870626301,0.012763398601127143,0.0,0.0
22,1685823,1722049,0,81.48648648648648,1.2865546200445301,79.0,84.0,3.0,0.7637626158259734,0.0,0.00939386952165196,0.011790705945715395,0.0,0.0
22,1685823,1730049,0,80.57777777777778,2.3044776596770506,75.0,84.0,5.0,0.7833494518006403,0.0,0.011117252881424738,0.019700548088501222,0.0,0.0
22,1693844,1738058,0,80.4,2.3981474331473267,75.0,84.0,1.0,0.8660254037844386,0.0,0.017339545416527376,0.034909888795307674,0.0,0.0
22,1701863,1745539,0,79.77272727272727,2.4667206456754793,75.0,84.0,4.0,0.9644856443408242,0.0,0.037192064837546106,0.0652928267936201,0.0,0.0
22,1710049,1753539,0,78.81818181818181,2.6394965710832685,74.0,84.0,2.0,1.1206310514564426,0.0,0.05317219152108235,0.08251491154042857,0.0,0.0
22,1718049,1761539,0,77.97727272727273,2.0833608813605653,74.0,83.0,4.0,1.0783277320343843,0.0,0.05324220380245312,0.08244807892788009,0.0,0.0
22,1726049,1769539,0,78.27272727272727,2.239760908137258,74.0,83.0,7.0,1.0454775252553032,0.0,0.054190513588248286,0.081916546505222,0.0,0.0
22,1734049,1774539,0,79.46341463414635,3.147570189268415,74.0,86.0,7.0,1.08397416943394,0.0,0.05449432442743016,0.08371260931912282,0.0,0.0
22,1741539,1774539,0,79.29411764705883,3.37403068228235,74.0,86.0,10.0,0.9847319278346619,0.0,0.05078553159182968,0.08835545512702078,0.0,0.0
22,1749539,1774539,0,79.8076923076923,3.6376157742001918,74.0,86.0,11.0,0.8717797887081347,0.0,0.021915003228997396,0.06258768991195002,0.0,0.0
22,1757539,1774539,0,81.44444444444444,3.113094605804866,77.0,86.0,9.0,0.8043996665398437,0.0,0.007646721955393963,0.0043214916967270435,0.0,0.0
22,1765539,1774539,0,83.8,1.9899748742132397,81.0,86.0,5.0,0.8819171036881969,0.0,0.007471192442533319,0.0043781816196322414,0.0,0.0
22,3584012,3587012,0,93.0,0.7071067811865476,92.0,94.0,1.0,1.2909944487358056,0.0,0.1477679908820802,0.07400934636170914,0.0,0.0
22,3584012,3587012,0,93.0,0.7071067811865476,92.0,94.0,1.0,1.2909944487358056,0.0,0.1477679908820802,0.07400934636170914,0.0,0.0
22,3584012,3587012,0,93.0,0.7071067811865476,92.0,94.0,1.0,1.2909944487358056,0.0,0.1477679908820802,0.07400934636170914,0.0,0.0
22,3584012,3587012,0,93.0,0.7071067811865476,92.0,94.0,1.0,1.2909944487358056,0.0,0.1477679908820802,0.07400934636170914,0.0,0.0
22,3584012,3587012,0,93.0,0.7071067811865476,92.0,94.0,1.0,1.2909944487358056,0.0,0.1477679908820802,0.07400934636170914,0.0,0.0
22,4798179,4801179,0,89.5,1.118033988749895,88.0,91.0,3.0,1.0,0.0,0.04188056391583169,0.04834038540920126,0.0,0.0
22,4798179,4809179,0,88.9090909090909,1.4431370787625042,86.0,91.0,1.0,1.224744871391589,0.0,0.09576765725650814,0.11968254136911094,0.0,0.0
22,4798179,4815179,0,89.11764705882354,1.2779741754353195,86.0,91.0,0.0,1.0606601717798212,0.0,0.11213046451357415,0.11882000701079164,0.0,0.0
22,4798179,4825179,0,89.0952380952381,1.3768411709334247,86.0,92.0,3.0,1.3228756555322954,0.0,0.09503039800363859,0.11277344126433947,0.0,0.0
22,4798179,4832179,0,89.03571428571429,1.3223934701124012,86.0,92.0,0.0,1.186342028003479,0.0,0.07414031011445109,0.10420718166467265,0.0,0.0
22,4798179,4832179,0,89.03571428571429,1.3223934701124012,86.0,92.0,0.0,1.186342028003479,0.0,0.07414031011445109,0.10420718166467265,0.0,0.0
22,4805179,4832179,0,89.23809523809524,1.1507662831994832,88.0,92.0,1.0,1.118033988749895,0.0,0.06064164459792018,0.08404328197579729,0.0,0.0
22,4813179,4832179,0,89.14285714285714,1.355261854357877,88.0,92.0,2.0,1.3008872711759818,0.0,0.030068901936530338,0.03468843625863644,0.0,0.0
22,4823179,4832179,0,88.6,1.0198039027185568,88.0,91.0,3.0,0.5773502691896257,0.0,0.016593287869608155,0.01201574918358963,0.0,0.0
22,4829179,4832179,0,89.5,1.118033988749895,88.0,91.0,3.0,1.0,0.0,0.015183667675285834,0.006429927817750243,0.0,0.0
22,6871805,6881830,0,83.36363636363636,0.77138921583987,82.0,85.0,1.0,0.7071067811865476,0.0,0.01804589446805058,0.015950761980503284,0.0,0.0
22,6871805,6889852,0,85.05263157894737,2.1392001508317446,82.0,89.0,5.0,0.7817359599705717,0.0,0.026404642003688833,0.03453093191934238,0.0,0.0
22,6871805,6897886,0,85.92592592592592,2.308212807538205,82.0,90.0,3.0,0.7595545253127499,0.0,0.04613278137962665,0.08320734425362826,0.0,0.0
22,6871805,6905899,0,86.125,2.190176933491904,82.0,90.0,3.0,0.861356769214109,0.0,0.04160001758546368,0.0773337476136977,0.0,0.0
22,6871805,6913941,0,86.8048780487805,2.431696308412589,82.0,92.0,8.0,0.8366600265340756,0.0,0.04435173537155617,0.07205950319641635,0.0,0.0
22,6877818,6914941,0,87.55555555555556,2.1530913750084553,83.0,92.0,9.0,0.8451542547285166,0.0,0.049964644838062636,0.07669158922841472,0.0,0.0
22,6885841,6927119,0,88.5,1.5206906325745548,86.0,92.0,3.0,0.9672041516493516,0.0,0.06266546403691524,0.08049576296261954,0.0,0.0
22,6893884,6927119,0,88.625,1.6282019735483269,86.0,92.0,2.0,1.0215078369104984,0.0,0.06560156886982656,0.08635600759458052,0.0,0.0
23,1084786,1129291,0,79.04545454545455,2.392740397863974,75.0,84.0,2.0,1.2199885626608373,0.0,0.036630227682521006,0.04550605910398607,0.0,0.0
23,1092795,1137291,0,78.9090909090909,2.353123473735415,75.0,84.0,4.0,1.1613945106217463,0.0,0.034814442801002064,0.045428014263161856,0.0,0.0
23,1100808,1145291,0,78.48837209302326,2.316493872546781,75.0,84.0,2.0,1.0910894511799618,0.0,0.034937679830949114,0.045748990496312474,0.0,0.0
23,1110291,1153291,0,78.52272727272727,2.2308644509129434,75.0,84.0,1.0,1.0454775252553032,0.0,0.024957846692552525,0.034729534138312715,0.0,0.0
23,1117291,1161291,0,78.64444444444445,2.2425734776076203,75.0,84.0,1.0,1.0112997936948631,0.0,0.019158235398723144,0.006408603512741721,0.0,0.0
23,1125291,1169291,0,78.44444444444444,1.9385625322279452,75.0,83.0,1.0,0.8660254037844386,0.0,0.02109784238248586,0.011720338777571905,0.0,0.0
23,1133291,1173291,0,78.46341463414635,1.9518291730480541,77.0,83.0,0.0,0.5916079783099616,0.0,0.020646685288855327,0.012280653991636834,0.0,0.0
23,1141291,1173291,0,78.81818181818181,2.021918462740882,77.0,83.0,0.0,0.6614378277661477,0.0,0.020901004912029092,0.013501000144075995,0.0,0.0
23,1149291,1173291,0,79.4,2.0,77.0,83.0,0.0,0.7637626158259734,0.0,0.023020325004962993,0.014334361068155537,0.0,0.0
23,1157291,1173291,0,80.17647058823529,1.9474053361466883,77.0,83.0,3.0,0.82915619758885,0.0,0.025192224765287527,0.01643819874796561,0.0,0.0
23,1165291,1173291,0,79.11111111111111,1.6629588385661962,77.0,82.0,5.0,0.7905694150420949,0.0,0.028268290972314966,0.021526899429449565,0.0,0.0
23,4595797,4600800,1,74.66666666666667,0.4714045207910317,74.0,75.0,1.0,0.4472135954999579,0.0,0.010911393011554119,0.011367262610361927,0.0,0.0
23,4595797,4608146,1,74.6923076923077,0.910166120476864,74.0,77.0,2.0,0.7071067811865476,0.0,0.010252427425538026,0.01116667519325766,0.0,0.0
23,4595797,4617146,1,75.66666666666667,1.4584183648679576,74.0,78.0,2.0,0.7071067811865476,0.0,0.021338128913347264,0.032174577659946225,0.0,0.0
23,4595797,4625146,1,75.82758620689656,1.3408429031188678,74.0,78.0,0.0,0.8451542547285166,0.0,0.044220763493946574,0.054238201856657106,0.0,0.0
23,4595797,4632146,1,75.69444444444444,1.350297178081848,73.0,78.0,0.0,0.9856107606091623,0.0,0.05774449001989837,0.06467336551548043,0.0,0.0
23,4596797,4632146,1,75.71428571428571,1.3642670155786656,73.0,78.0,0.0,1.0,0.0,0.05920598360543827,0.06500195105749586,0.0,0.0
23,4605146,4649146,1,76.07142857142857,1.279748061940637,73.0,78.0,1.0,1.1055415967851334,0.0,0.07157115713624847,0.06697112128927353,0.0,0.0
23,4613146,4653146,1,76.04347826086956,1.1970347737335831,73.0,78.0,0.0,1.1677484162422844,0.0,0.08415833702068075,0.06767321092474873,0.0,0.0
23,4621146,4665146,1,75.33333333333333,1.2084359562332876,73.0,78.0,2.0,1.2649110640673518,0.0,0.0795904562697548,0.0679751181185155,0.0,0.0
23,4629146,4673729,1,73.95238095238095,1.9142620230706457,70.0,77.0,4.0,1.0488088481701516,0.0,0.042294670348201883,0.03794446017439459,0.0,0.0
23,4649146,4681729,1,73.08,1.7417232845661792,70.0,77.0,0.0,1.0801234497346435,0.0,0.030275699969919044,0.033051411563897494,0.0,0.0
23,4649146,4684729,1,73.17857142857143,1.6914400337449458,70.0,77.0,2.0,1.0540925533894598,0.0,0.028516167963945443,0.03177941115504884,0.0,0.0
23,4653146,4684729,1,73.03846153846153,1.675175518490967,70.0,77.0,4.0,1.019803902718557,0.0,0.028819624123642147,0.03252888154213158,0.0,0.0
23,4661146,4684729,1,72.79166666666667,1.4713702985841313,70.0,75.0,2.0,0.9780192938436515,0.0,0.030815141010105948,0.03306619345512455,0.0,0.0
23,4669729,4684729,1,72.3125,1.4456291882775472,70.0,75.0,0.0,1.0954451150103321,0.0,0.022429642082494088,0.022567328921207476,0.0,0.0
23,4677729,4684729,1,73.0,1.5,71.0,75.0,2.0,1.0690449676496976,0.0,0.022192101310537435,0.030955951325048036,0.0,0.0
23,5011288,5024288,1,79.85714285714286,0.832993127835043,79.0,81.0,2.0,0.816496580927726,0.0,0.04217729015941361,0.0387963499257555,0.0,0.0
23,5011288,5033288,1,79.76923076923077,1.186711432349347,78.0,82.0,1.0,1.3844373104863459,0.0,0.025180252945724256,0.03392634272092954,0.0,0.0
23,5011288,5041288,1,78.52380952380952,1.892819706128742,75.0,82.0,2.0,1.224744871391589,0.0,0.020855487947861233,0.027406327649926454,0.0,0.0
23,5011288,5049288,1,77.6896551724138,2.1672077741338853,74.0,82.0,4.0,1.2817398889233114,0.0,0.018657137351627696,0.024760000995549928,0.0,0.0
23,5017288,5057288,1,76.82857142857142,2.5910363540010595,72.0,82.0,6.0,1.212678125181665,0.0,0.018281474411479776,0.023328350419947307,0.0,0.0
23,5023288,5065288,1,76.02702702702703,2.60442955819386,72.0,82.0,7.0,1.4043582955293932,0.0,0.018006333138263907,0.020579555125763954,0.0,0.0
23,5029288,5073288,1,75.5609756097561,2.164556851935004,72.0,82.0,7.0,1.2747548783981961,0.0,0.018146792910623828,0.019975480722037166,0.0,0.0
23,5037288,5081288,1,74.73170731707317,1.2883036728043178,72.0,77.0,2.0,1.284523257866513,0.0,0.018228656596834307,0.020137932595157115,0.0,0.0
23,5045288,5084288,1,74.41666666666667,1.114924013354971,72.0,77.0,0.0,1.3309502512973848,0.0,0.01859066721034343,0.02098242054182974,0.0,0.0
23,5053288,5084288,1,74.24137931034483,1.103448275862069,72.0,76.0,1.0,1.2955969390869324,0.0,0.02097290129162457,0.022394795406969766,0.0,0.0
23,5062288,5084288,1,74.63636363636364,0.8813963377120597,72.0,76.0,0.0,1.3451854182690985,0.0,0.020593850242842666,0.024455107674437454,0.0,0.0
23,5069288,5084288,1,74.625,0.5994789404140899,74.0,76.0,0.0,0.9660917830792959,0.0,0.009894341828052707,0.009249163352985439,0.0,0.0
23,5077288,5084288,1,74.625,0.6959705453537527,74.0,76.0,1.0,1.1338934190276817,0.0,0.008366126087921978,0.01013734911705469,0.0,0.0
23,5834131,5841140,1,71.625,2.117634293262177,69.0,75.0,6.0,0.9258200997725514,0.0,0.058303432900936314,0.07935253771681099,0.0,0.0
23,5834131,5848988,1,74.06666666666666,3.0868898407440604,69.0,78.0,9.0,0.8864052604279183,0.0,0.05923999535306667,0.06270308964420726,0.0,0.0
23,5834131,5856988,1,75.52173913043478,3.2285353418672993,69.0,80.0,9.0,0.9293203772845852,0.0,0.06592019628462899,0.06276899814629495,0.0,0.0
23,5834131,5864988,1,75.6774193548387,2.8442028961493055,69.0,80.0,6.0,0.9660917830792959,0.0,0.05837334546865002,0.057250609497581505,0.0,0.0
23,5834131,5872988,1,75.38461538461539,2.6371642172002225,69.0,80.0,4.0,0.9176629354822471,0.0,0.05817558632612697,0.05441335114446178,0.0,0.0
23,5837135,5880988,1,75.06818181818181,2.5619393158018475,70.0,80.0,0.0,0.914991421995628,0.0,0.061356453719551715,0.05367711483838224,0.0,0.0
23,5844988,5888988,1,75.46666666666667,2.5612496949731396,70.0,80.0,4.0,1.0,0.0,0.05274124844612482,0.044515764327293914,0.0,0.0
23,5852988,5896988,1,75.46666666666667,2.68824602048746,70.0,81.0,4.0,1.0660035817780522,0.0,0.048502367902201894,0.039242984638668786,0.0,0.0
23,5860988,5904988,1,75.42222222222222,2.6372451020705423,70.0,81.0,0.0,1.044465935734187,0.0,0.05230843549111042,0.045790679955093914,0.0,0.0
23,5868988,5912988,1,74.75555555555556,3.099502150385915,69.0,81.0,5.0,1.118033988749895,0.0,0.04934391434804811,0.04590281687399321,0.0,0.0
23,5876988,5920988,1,75.13636363636364,3.29318103394181,69.0,81.0,6.0,1.5096588248481377,0.023255813953488372,0.05707836372086574,0.0613440590406795,0.0,0.0
23,5884988,5923988,1,75.76923076923077,3.075640758435662,69.0,81.0,2.0,1.504379571363837,0.02631578947368421,0.05259346395529919,0.061888617338071945,0.0,0.0
23,5892988,5923988,1,75.06451612903226,2.9831298120508114,69.0,79.0,2.0,1.570562531918633,0.03333333333333333,0.055654860749036035,0.06665625082730196,0.0,0.0
23,5900988,5923988,1,74.65217391304348,3.3180493962328543,69.0,79.0,4.0,1.7056057308448835,0.045454545454545456,0.06338226490487739,0.074859371506741,0.0,0.0
23,5908988,5923988,1,73.6,3.282275633357645,69.0,79.0,4.0,1.889822365046136,0.07142857142857142,0.05528112748380249,0.07588683632735112,0.0,0.0
23,5917988,5923988,1,76.85714285714286,1.4568627181693672,75.0,79.0,3.0,1.0801234497346435,0.0,0.0895627393520763,0.09688905976335757,0.0,0.0
23,7075084,7081091,1,75.85714285714286,2.9485382057928993,71.0,80.0,9.0,1.5811388300841898,0.0,0.014215632702061182,0.0031450003261239905,0.0,0.0
23,7075084,7089103,1,73.2,3.290390047800817,69.0,80.0,8.0,1.3093073414159542,0.0,0.017824913139022694,0.009809848578454999,0.0,0.0
23,7075084,7097112,1,73.82608695652173,2.8840215568307817,69.0,80.0,5.0,1.224744871391589,0.0,0.027510883572198493,0.03559143050437934,0.0,0.0
23,7075084,7105125,1,74.03225806451613,2.520674141365974,69.0,80.0,5.0,1.1105554165971787,0.0,0.028717191572279317,0.03441158604314168,0.0,0.0
23,7075084,7113142,1,74.51282051282051,2.489689455166842,69.0,80.0,3.0,1.0882143751650175,0.0,0.028417002619692384,0.031338719132176715,0.0,0.0
23,7077086,7120150,1,74.45454545454545,2.147456692912312,69.0,78.0,1.0,1.0454775252553032,0.0,0.03978029952280121,0.055554777033278636,0.0,0.0
23,7085097,7129585,1,75.13636363636364,2.0515061993448653,69.0,78.0,7.0,0.9764672918705589,0.0,0.04687365446842873,0.05883536875334894,0.0,0.0
23,7093108,7137585,1,75.81818181818181,1.1535070491317745,74.0,78.0,1.0,1.0454775252553032,0.0,0.06060238704746392,0.07109013788697108,0.0,0.0
23,7101118,7145585,1,75.88636363636364,1.2651968781560712,73.0,78.0,1.0,1.1910519095164538,0.0,0.0621575072551888,0.07575065094221323,0.0,0.0
23,7109129,7153585,1,76.11363636363636,1.1719430076685216,73.0,78.0,1.0,1.1713637450663281,0.0,0.0649549191660488,0.07642067791642285,0.0,0.0
23,7117146,7161585,1,76.06818181818181,1.1361363409045442,73.0,78.0,0.0,1.1613945106217463,0.0,0.06689304392263042,0.07657290653221997,0.0,0.0
24,4823753,4858753,0,96.4,1.3564659966250536,94.0,98.0,1.0,2.29128784747792,0.0,0.1300833975017182,0.1068855896386203,0.0,0.0
24,4823753,4859753,0,96.5,1.2583057392117916,94.0,98.0,1.0,2.04939015319192,0.0,0.1657577394195238,0.12603068839243925,0.0,0.0
24,4849753,4859753,0,96.6,1.3564659966250534,94.0,98.0,3.0,2.0615528128088303,0.0,0.18859919263504757,0.1262144579278649,0.0,0.0
24,4849753,4859753,0,96.6,1.3564659966250534,94.0,98.0,3.0,2.0615528128088303,0.0,0.18859919263504757,0.1262144579278649,0.0,0.0
24,4849753,4859753,0,96.6,1.3564659966250534,94.0,98.0,3.0,2.0615528128088303,0.0,0.18859919263504757,0.1262144579278649,0.0,0.0
24,4854753,4859753,0,97.25,0.4330127018922193,97.0,98.0,1.0,0.5773502691896257,0.0,0.15991226218791155,0.12568974439124647,0.0,0.0
24,6641824,6650847,0,102.55555555555556,1.1653431646335017,101.0,105.0,4.0,0.7071067811865476,0.0,0.07202775446075384,0.061773362043952514,0.0,0.0
24,6641824,6658847,0,102.41176470588235,1.0323487514578966,101.0,105.0,2.0,0.6123724356957945,0.0,0.04414663594319095,0.05409512441277475,0.0,0.0
24,6641824,6666847,0,102.36,0.8890444308357148,101.0,105.0,3.0,0.5400617248673217,0.0,0.03458111649766915,0.04722033227586843,0.0,0.0
24,6641824,6674847,0,102.0,1.1009637651263606,100.0,105.0,5.0,0.5303300858899106,0.0,0.02957016988821027,0.04226661299124199,0.0,0.0
24,6641824,6682847,0,101.3170731707317,1.7170454543217601,98.0,105.0,7.0,0.570087712549569,0.0,0.028985993740839558,0.03991136313525763,0.0,0.0
24,6646847,6687847,0,100.14285714285714,3.1590491982137117,90.0,103.0,10.0,1.2493900951088486,0.024390243902439025,0.03243730246764346,0.04221154930770496,0.0,0.0
24,6654847,6687847,0,99.79411764705883,3.4108771665046365,90.0,103.0,10.0,1.3706888336846839,0.030303030303030304,0.02376557505970582,0.02924878748364733,0.0,0.0
24,6662847,6687847,0,98.88461538461539,3.411822466714629,90.0,102.0,10.0,1.5491933384829668,0.04,0.027956201648782802,0.03207614042703796,0.0,0.0
24,6670847,6714847,0,97.29166666666667,2.8647159060231826,90.0,101.0,3.0,1.944892977943047,0.043478260869565216,0.037244809199380356,0.036649394214329105,0.0,0.0
24,6678847,6721847,0,96.75,2.843853020111975,90.0,101.0,3.0,2.23606797749979,0.05263157894736842,0.04779075853322699,0.04434214405605671,0.0,0.0
24,6686847,6730847,0,97.5,2.7131367660166177,90.0,101.0,9.0,1.697749375254331,0.0,0.06646871698567487,0.043602171333417365,0.0,0.0
24,6707847,6730847,0,98.3125,1.4882351124738322,96.0,101.0,2.0,1.1547005383792515,0.0,0.06040505434695054,0.042422577685683936,0.0,0.0
24,6707847,6730847,0,98.3125,1.4882351124738322,96.0,101.0,2.0,1.1547005383792515,0.0,0.06040505434695054,0.042422577685683936,0.0,0.0
24,6710847,6730847,0,98.4,1.4966629547095764,96.0,101.0,3.0,1.164964745021435,0.0,0.06221407303397453,0.04321218184228898,0.0,0.0
24,6721847,6730847,0,99.57142857142857,0.7284313590846836,99.0,101.0,2.0,1.0,0.0,0.06665065211864597,0.03352958308959203,0.0,0.0
24,6726847,6730847,0,99.25,0.4330127018922193,99.0,100.0,1.0,0.5773502691896257,0.0,0.06222795346964556,0.021520106344573464,0.0,0.0
24,7496275,7532293,1,89.0,2.5495097567963922,86.0,92.0,5.0,3.0,0.0,0.017485211476301925,0.01406742585065999,0.0,0.0
24,7521428,7544293,1,85.0,1.5811388300841898,83.0,87.0,4.0,1.4142135623730951,0.0,0.03054569705387241,0.022729579467879343,0.0,0.0
24,7521428,7554293,1,81.33333333333333,2.8087165910587863,79.0,87.0,8.0,1.1281521496355325,0.0,0.052474992988497525,0.04366421812559488,0.0,0.0
24,7521428,7562293,1,81.55,2.2688102609076854,79.0,87.0,5.0,1.0,0.0,0.09350082463902878,0.11700882921668151,0.0,0.0
24,7532293,7567293,1,80.8695652173913,2.070587982572288,77.0,86.0,9.0,1.0660035817780522,0.0,0.08911400166226359,0.11078967457745793,0.0,0.0
24,7543293,7567293,1,80.63636363636364,1.7976109030259262,77.0,84.0,7.0,1.0,0.0,0.09312512325194972,0.1116343489531888,0.0,0.0
24,7543293,7584293,1,80.79166666666667,1.8022940628235142,77.0,84.0,2.0,1.5879984667608413,0.043478260869565216,0.0908155223304657,0.10728190749488149,0.0,0.0
24,7550293,7584293,1,80.63157894736842,1.7535085525218614,77.0,83.0,3.0,1.6832508230603465,0.05555555555555555,0.09862814457466682,0.11809508847550969,0.0,0.0
24,7558293,7584293,1,81.18181818181819,1.9455395053666085,77.0,83.0,1.0,2.1213203435596424,0.1,0.12468039318506617,0.1423840372892713,0.0,0.0
24,7566293,7584293,1,80.0,2.5495097567963922,77.0,83.0,4.0,3.559026084010437,0.3333333333333333,0.06715634629912959,0.03290614080795968,0.0,0.0
24,8892632,8894638,0,93.75,0.82915619758885,93.0,95.0,2.0,0.816496580927726,0.0,0.15655849553710943,0.10631452911149418,0.0,0.0
24,8892632,8894638,0,93.75,0.82915619758885,93.0,95.0,2.0,0.816496580927726,0.0,0.15655849553710943,0.10631452911149418,0.0,0.0
24,8892632,8894638,0,93.75,0.82915619758885,93.0,95.0,2.0,0.816496580927726,0.0,0.15655849553710943,0.10631452911149418,0.0,0.0
24,8892632,8921756,0,88.0909090909091,4.58167387940151,82.0,95.0,6.0,4.266145801540309,0.1,0.0740092423237187,0.08990042470518884,0.0,0.0
24,8892632,8921756,0,88.0909090909091,4.58167387940151,82.0,95.0,6.0,4.266145801540309,0.1,0.0740092423237187,0.08990042470518884,0.0,0.0
24,8894635,8921756,0,87.0,4.371625682868,82.0,95.0,7.0,4.756574397610112,0.125,0.0786936801197519,0.09750308905188965,0.0,0.0
25,448063,486063,1,89.80952380952381,1.219642711891971,87.0,91.0,0.0,1.0,0.0,0.15074561462491784,0.14055375715676297,0.0,0.0
25,456063,486063,1,89.6923076923077,1.3803352649943357,87.0,91.0,2.0,1.224744871391589,0.0,0.147693541838731,0.08021477614562536,0.0,0.0
25,464063,486063,1,89.0,1.4142135623730951,87.0,91.0,2.0,1.7320508075688772,0.0,0.16826567716994964,0.09636383392017873,0.0,0.0
25,480063,516413,1,88.5,1.3228756555322954,87.0,91.0,4.0,0.7559289460184544,0.0,0.17667754958383114,0.08958470497712395,0.0,0.0
25,480063,521413,1,87.38461538461539,1.7775723089678988,85.0,91.0,6.0,0.7071067811865476,0.0,0.15064676297096422,0.13404635273831414,0.0,0.0
25,512413,521413,1,86.6,1.1135528725660042,85.0,88.0,3.0,0.5773502691896257,0.0,0.1361783658264441,0.136647683575054,0.0,0.0
25,512413,521413,1,86.6,1.1135528725660042,85.0,88.0,3.0,0.5773502691896257,0.0,0.1361783658264441,0.136647683575054,0.0,0.0
25,512413,521413,1,86.6,1.1135528725660042,85.0,88.0,3.0,0.5773502691896257,0.0,0.1361783658264441,0.136647683575054,0.0,0.0
25,512413,521413,1,86.6,1.1135528725660042,85.0,88.0,3.0,0.5773502691896257,0.0,0.1361783658264441,0.136647683575054,0.0,0.0
25,1185496,1202496,1,87.33333333333333,3.543381937578217,85.0,95.0,8.0,4.560701700396552,0.2,0.0969525321839828,0.03237725012076968,0.0,0.0
25,1185496,1202496,1,87.33333333333333,3.543381937578217,85.0,95.0,8.0,4.560701700396552,0.2,0.0969525321839828,0.03237725012076968,0.0,0.0
25,1185496,1202496,1,87.33333333333333,3.543381937578217,85.0,95.0,8.0,4.560701700396552,0.2,0.0969525321839828,0.03237725012076968,0.0,0.0
25,1185496,1228496,1,88.5,3.6742346141747673,85.0,95.0,3.0,4.292851200376205,0.14285714285714285,0.0917409769627261,0.029564939621604492,0.0,0.0
25,1198496,1229496,1,88.125,3.0998991919093113,85.0,92.0,7.0,2.0354009783964297,0.0,0.09004884261804547,0.03247356034764411,0.0,0.0
25,1200496,1229496,1,89.16666666666667,2.91070819942883,85.0,92.0,7.0,2.4083189157584592,0.0,0.08710523924798408,0.03345587848281056,0.0,0.0
25,6464206,6476197,0,105.8,0.7483314773547882,105.0,107.0,0.0,1.224744871391589,0.0,0.037224666099372826,0.0491641347427639,0.0,0.0
25,6464206,6479197,0,105.75,0.6614378277661477,105.0,107.0,1.0,1.0,0.0,0.02696401336256843,0.04115591648828711,0.0,0.0
25,6464206,6479197,0,105.75,0.6614378277661477,105.0,107.0,1.0,1.0,0.0,0.02696401336256843,0.04115591648828711,0.0,0.0
25,6464206,6479197,0,105.75,0.6614378277661477,105.0,107.0,1.0,1.0,0.0,0.02696401336256843,0.04115591648828711,0.0,0.0
25,6464206,6479197,0,105.75,0.6614378277661477,105.0,107.0,1.0,1.0,0.0,0.02696401336256843,0.04115591648828711,0.0,0.0
25,6473197,6479197,0,106.0,0.6324555320336759,105.0,107.0,2.0,0.7071067811865476,0.0,0.01451925346562038,0.010568708085648292,0.0,0.0
25,6525197,6532197,0,92.0,1.5811388300841898,90.0,94.0,2.0,2.449489742783178,0.0,0.011239819729444035,0.006653793642537047,0.0,0.0
25,6525197,6533197,0,92.4,1.624807680927192,90.0,94.0,3.0,2.179449471770337,0.0,0.023956451269520708,0.026120284201636562,0.0,0.0
25,6525197,6542197,0,91.33333333333333,2.808716591058786,86.0,94.0,5.0,4.0743097574926725,0.2,0.03600960583823328,0.035985419004530214,0.0,0.0
25,6525197,6542197,0,91.33333333333333,2.808716591058786,86.0,94.0,5.0,4.0743097574926725,0.2,0.03600960583823328,0.035985419004530214,0.0,0.0
25,6525197,6542197,0,91.33333333333333,2.808716591058786,86.0,94.0,5.0,4.0743097574926725,0.2,0.03600960583823328,0.035985419004530214,0.0,0.0
25,6531197,6542197,0,91.75,3.344772040064913,86.0,94.0,8.0,4.69041575982343,0.3333333333333333,0.0514492964093317,0.034970851737485195,0.0,0.0
26,5976368,6021080,1,94.54285714285714,4.8067979073858496,85.0,100.0,13.0,1.0981267472114393,0.0,0.04069649469664916,0.06580237168865873,0.0,0.0
26,5986080,6029080,1,92.77777777777777,5.022787578798092,85.0,100.0,10.0,1.0419761445034554,0.0,0.04638782073081894,0.06073938949332176,0.0,0.0
26,5993080,6035080,1,91.09677419354838,4.002860579632919,85.0,98.0,5.0,1.3291601358251257,0.0,0.06182809765114347,0.0655118280737018,0.0,0.0
27,2507324,2551351,0,70.13636363636364,3.415146137502152,65.0,75.0,5.0,0.7924058156930615,0.0,0.0035341705540576944,0.002613098040076519,0.0,0.0
27,2515357,2559351,0,69.72727272727273,3.459924042542738,65.0,75.0,2.0,0.8352690695845568,0.0,0.0028389399311044743,0.001753529227706815,0.0,0.0
27,2523351,2567351,0,68.6,3.006659275674582,65.0,75.0,10.0,0.8528028654224418,0.0,0.0031335925289671285,0.0017334205979721068,0.0,0.0
27,2531351,2575351,0,66.55555555555556,2.6124110239441056,61.0,71.0,10.0,0.8528028654224418,0.0,0.0029822645562816693,0.0017893451182934526,0.0,0.0
27,2539351,2583351,0,65.28888888888889,2.9786068497591454,61.0,70.0,6.0,0.7385489458759964,0.0,0.002845342044285412,0.0016872116148285421,0.0,0.0
27,2547351,2591351,0,64.4,3.0724582991474434,61.0,70.0,2.0,0.6396021490668313,0.0,0.0026796754904567046,0.0015693731580463468,0.0,0.0
27,2555351,2596351,0,64.07142857142857,3.04249942006378,61.0,70.0,4.0,0.6246950475544243,0.0,0.0025154846445907915,0.0014567887691958673,0.0,0.0
27,2563351,2596351,0,62.85294117647059,1.8807437974997843,61.0,68.0,3.0,0.6276459144608478,0.0,0.002491771025816717,0.001504502110262872,0.0,0.0
27,2571351,2596351,0,62.11538461538461,1.2504437082314506,61.0,65.0,3.0,0.5291502622129182,0.0,0.002238669620774085,0.001466814088029712,0.0,0.0
27,2579351,2596351,0,62.388888888888886,1.37997137204158,61.0,65.0,3.0,0.5423261445466404,0.0,0.0022200601742352077,0.0014282811066865725,0.0,0.0
27,2587351,2596351,0,63.3,1.1874342087037917,62.0,65.0,3.0,0.5773502691896257,0.0,0.002083711799674285,0.001515111314720794,0.0,0.0
27,3209855,3215880,0,67.57142857142857,0.4948716593053935,67.0,68.0,0.0,0.5773502691896257,0.0,0.010059990041839535,0.006647060168674756,0.0,0.0
27,3209855,3224265,0,69.53333333333333,2.3626726862225804,67.0,74.0,6.0,0.7559289460184544,0.0,0.007535070115417749,0.006407664885713804,0.0,0.0
27,3209855,3232265,0,71.43478260869566,3.2413910990636174,67.0,76.0,7.0,0.7071067811865476,0.0,0.013936888623817213,0.029113294147374257,0.0,0.0
27,3209855,3240265,0,72.6774193548387,3.6842042671662543,67.0,80.0,12.0,0.9660917830792959,0.0,0.02994847132630636,0.09120987389916146,0.0,0.0
27,3209855,3248265,0,73.82051282051282,4.03110848706048,67.0,80.0,8.0,0.9176629354822471,0.0,0.024256744949009378,0.08208985749160834,0.0,0.0
27,3211869,3256265,0,74.0,3.6147844564602556,67.0,80.0,4.0,0.9293203772845852,0.0,0.021483419027149245,0.07675115689621573,0.0,0.0
27,3219890,3264265,0,73.95555555555555,3.693571325398018,67.0,80.0,4.0,0.9293203772845852,0.0,0.020523855184712236,0.07687428909664444,0.0,0.0
27,3228265,3272265,0,73.0,4.3256341860022225,67.0,80.0,7.0,0.917010954628728,0.0,0.020495245468153536,0.07688047323796726,0.0,0.0
27,3236265,3280265,0,71.73333333333333,4.6542692468552165,67.0,80.0,9.0,0.8393720596645177,0.0,0.004261914395432573,0.0036978583901258193,0.0,0.0
27,3244265,3288265,0,69.71111111111111,3.6247434988008145,67.0,79.0,12.0,0.6396021490668313,0.0,0.00438762528407446,0.005763860234788932,0.0,0.0
27,3252265,3296290,0,68.33333333333333,1.7511900715418265,67.0,74.0,4.0,0.6030226891555273,0.0,0.005624288475378305,0.006222662521439977,0.0,0.0
27,3260265,3298297,0,67.8974358974359,1.1501364867695283,67.0,71.0,4.0,0.45883146774112354,0.0,0.006741239557630112,0.008196413856425076,0.0,0.0
27,3268265,3298297,0,68.06451612903226,1.2164327506428905,67.0,71.0,3.0,0.48304589153964794,0.0,0.007260089216971919,0.00900320509097052,0.0,0.0
27,3276265,3298297,0,68.04347826086956,1.3980813209403067,67.0,71.0,3.0,0.4767312946227962,0.0,0.008487142837520197,0.01004877780964144,0.0,0.0
27,3284265,3298297,0,68.46666666666667,1.5434449203720302,67.0,71.0,4.0,0.5345224838248488,0.0,0.011649936389867834,0.011141374170846808,0.0,0.0
27,3292274,3298297,0,70.0,0.7559289460184544,69.0,71.0,2.0,0.5773502691896257,0.0,0.015490739880150912,0.009283556269919087,0.0,0.0
27,4764098,4768121,0,76.2,0.4,76.0,77.0,0.0,0.7071067811865476,0.0,0.040027959950778604,0.04777306389910155,0.0,0.0
27,4764098,4776007,0,75.66666666666667,0.6236095644623235,75.0,77.0,1.0,0.674199862463242,0.0,0.03166161396076033,0.03917943810668664,0.0,0.0
27,4764098,4784007,0,75.0,1.0954451150103321,73.0,77.0,3.0,0.6069769786668839,0.0,0.0711633942534397,0.11601955064251852,0.0,0.0
27,4764098,4792007,0,75.64285714285714,1.8168710488538433,73.0,81.0,5.0,0.7934920476158722,0.0,0.07077820445709328,0.10717955565777905,0.0,0.0
27,4764098,4800007,0,76.36111111111111,2.335151408103002,73.0,81.0,0.0,0.8944271909999159,0.0,0.06410143854461442,0.09611972583236128,0.0,0.0
27,4764098,4808007,0,76.43181818181819,2.136242743194518,73.0,81.0,0.0,0.8626621856275073,0.0,0.05604984111098909,0.08886602455729324,0.0,0.0
27,4772007,4816007,0,76.31111111111112,2.1480970619723685,73.0,81.0,1.0,0.8118441408859887,0.0,0.06402085362583955,0.09803987938465387,0.0,0.0
27,4780007,4824007,0,76.31111111111112,2.2392679579841093,73.0,81.0,5.0,0.9653072991634227,0.0,0.06636211287831159,0.07611587173905075,0.0,0.0
27,4788007,4832007,0,77.24444444444444,2.1721014459177606,74.0,81.0,1.0,1.0975178606954215,0.0,0.07311440582179693,0.08064582871097745,0.0,0.0
27,4796007,4840007,0,75.97777777777777,2.6540442003259765,69.0,81.0,10.0,1.2060453783110545,0.0,0.07123004381140571,0.07765212376797771,0.0,0.0
27,4804007,4848007,0,74.82222222222222,3.1076170855845935,69.0,81.0,8.0,1.1281521496355325,0.0,0.08306011216660378,0.08145060919204927,0.0,0.0
27,4812007,4853007,0,74.0,3.498298906339371,68.0,81.0,5.0,1.2783373347686495,0.0,0.09188301334636961,0.0821834628942248,0.0,0.0
27,4820007,4853007,0,73.82352941176471,3.8613513958297196,68.0,81.0,5.0,1.403458930534474,0.0,0.0802094365633988,0.06559010188439919,0.0,0.0
27,4828007,4853007,0,72.84615384615384,3.748767055695755,68.0,81.0,9.0,1.4,0.0,0.08693139783990213,0.07113897282636146,0.0,0.0
27,4836007,4853007,0,70.61111111111111,1.3391078659104387,68.0,73.0,2.0,1.2366938848016846,0.0,0.08260175740960934,0.0690100185102411,0.0,0.0
27,4844007,4853007,0,70.1,1.2206555615733703,68.0,72.0,2.0,1.3333333333333333,0.0,0.08256434230603736,0.06528053403950493,0.0,0.0
27,6509377,6519959,0,81.36363636363636,1.9666643320712667,79.0,85.0,5.0,0.9486832980505138,0.0,0.07203711357916191,0.08268901404516996,0.0,0.0
27,6509377,6527959,0,83.78947368421052,3.253806634962891,79.0,88.0,8.0,0.816496580927726,0.0,0.0899437167343117,0.07864943328666467,0.0,0.0
27,6509377,6535959,0,84.81481481481481,3.17440034625424,79.0,88.0,6.0,0.7844645405527362,0.0,0.08573949534738771,0.0755409769793709,0.0,0.0
27,6509377,6543959,0,84.94285714285714,2.807569942065885,79.0,88.0,5.0,0.7071067811865476,0.0,0.10376717359964864,0.09732200185145023,0.0,0.0
27,6509377,6551959,0,84.72093023255815,2.581919075302627,79.0,88.0,4.0,0.6900655593423543,0.0,0.10985364028469329,0.10111837406746577,0.0,0.0
27,6515959,6559959,0,85.28888888888889,1.707788982830298,81.0,88.0,3.0,0.6571287406727709,0.0,0.1099677229687257,0.09857896064853196,0.0,0.0
27,6523959,6567959,0,85.24444444444444,1.5514230822850719,83.0,88.0,2.0,0.5640760748177662,0.0,0.1089935195701883,0.09449405681721838,0.0,0.0
27,6531959,6575959,0,84.66666666666667,1.1547005383792515,83.0,88.0,4.0,0.5222329678670935,0.0,0.1145853314418074,0.09788299080146616,0.0,0.0
27,6539959,6583959,0,84.35555555555555,0.6378977819736589,83.0,86.0,0.0,0.5222329678670935,0.0,0.12199800136486502,0.09773873338683783,0.0,0.0
27,6547959,6586959,0,84.525,0.9483538369195328,83.0,88.0,5.0,0.6979824404521128,0.0,0.10362596338816055,0.08133743162666472,0.0,0.0
27,6555959,6586959,0,84.625,0.9921567416492215,83.0,88.0,4.0,0.7184212081070996,0.0,0.10484595585135406,0.07195928530312536,0.0,0.0
27,6563959,6586959,0,84.83333333333333,1.0671873729054748,83.0,88.0,5.0,0.8075728530872482,0.0,0.10726297666109942,0.0723034736179293,0.0,0.0
27,6571959,6586959,0,85.0625,1.1439378261076953,84.0,88.0,4.0,0.8944271909999159,0.0,0.10699819010834252,0.07774201829451204,0.0,0.0
27,6579959,6586959,0,85.875,1.0532687216470449,85.0,88.0,3.0,1.2535663410560174,0.0,0.08686121189878851,0.046547262482493815,0.0,0.0
27,7918610,7928108,0,75.2,0.6,74.0,76.0,2.0,0.6666666666666666,0.0,0.055287133571983525,0.0743509162034715,0.0,0.0
27,7918610,7936108,0,74.88888888888889,0.6573421981221795,74.0,76.0,1.0,0.7276068751089989,0.0,0.063951053707555,0.0737057571315763,0.0,0.0
27,7918610,7944108,0,75.26923076923077,1.093958665640607,74.0,79.0,5.0,0.8246211251235321,0.0,0.06067327169230434,0.0624255620894682,0.0,0.0
27,7918610,7952108,0,75.41176470588235,1.3529411764705883,73.0,79.0,1.0,0.8348471099367218,0.0,0.050434469862818763,0.057853550770456445,0.0,0.0
27,7918610,7960108,0,75.0,1.5735915849388864,72.0,79.0,1.0,0.8115026712006891,0.0,0.050430082219474474,0.05773674354680392,0.0,0.0
27,7924108,7968108,0,75.28888888888889,1.746389573723422,72.0,79.0,1.0,0.917010954628728,0.0,0.04680920459024104,0.04678413629645603,0.0,0.0
27,7932108,7976108,0,75.15555555555555,1.8006857404340353,72.0,79.0,0.0,0.9770084209183945,0.0,0.038993802735790936,0.03396967612666971,0.0,0.0
27,7940108,7984108,0,75.11111111111111,1.8039736660091028,72.0,79.0,1.0,0.9653072991634227,0.0,0.03505671925281262,0.034647806852574604,0.0,0.0
27,7948108,7992108,0,74.66666666666667,1.534781924429512,72.0,79.0,0.0,1.044465935734187,0.0,0.042590056738371865,0.07091653327823152,0.0,0.0
27,7956108,8000108,0,74.64444444444445,1.5370325747369409,71.0,79.0,2.0,1.1481209945740989,0.0,0.04458179627922198,0.07158429414181187,0.0,0.0
28,1018974,1063777,1,85.67857142857143,4.27662727114797,77.0,91.0,7.0,1.6216132799251584,0.0,0.016872939890581466,0.028036645785491976,0.0,0.0
28,1030777,1071777,1,83.7741935483871,5.586329381851649,77.0,91.0,11.0,1.224744871391589,0.0,0.023416972499958826,0.05168235872071395,0.0,0.0
28,1035777,1079777,1,81.6470588235294,4.89226492080747,77.0,91.0,11.0,1.2185435916898848,0.0,0.02470006749451507,0.049731484162595305,0.0,0.0
28,1048777,1087777,1,80.58823529411765,3.3529411764705883,77.0,87.0,2.0,1.0150384378451045,0.0,0.016080721888631046,0.0450052676979553,0.0,0.0
28,1056777,1095777,1,81.625,3.941367148591971,77.0,89.0,5.0,0.9740215340114143,0.0,0.016169717947699797,0.04239220600165784,0.0,0.0
28,1059777,1103777,1,83.08888888888889,4.902707742653701,77.0,91.0,9.0,0.8660254037844386,0.0,0.015446480362239067,0.040020819640001724,0.0,0.0
28,1067777,1107777,1,84.46341463414635,4.716848684344809,77.0,91.0,11.0,0.8215838362577492,0.0,0.016924163852861725,0.04163907635160588,0.0,0.0
28,1075777,1107777,1,86.0909090909091,3.728381209892705,77.0,91.0,11.0,0.8477912478906585,0.0,0.010675634267902821,0.015311884647120527,0.0,0.0
28,1083777,1107777,1,87.92,1.6951696080333671,86.0,91.0,2.0,0.6454972243679028,0.0,0.009705630549586959,0.013245626028030479,0.0,0.0
28,1091777,1107777,1,88.70588235294117,1.485803640037069,86.0,91.0,2.0,0.7071067811865476,0.0,0.0063048786448117716,0.00400784171696384,0.0,0.0
28,1099777,1107777,1,89.22222222222223,1.227262335243029,88.0,91.0,2.0,0.7071067811865476,0.0,0.00500513375233848,0.003251963283228672,0.0,0.0
28,3702004,3727004,1,91.875,1.2686114456365274,89.0,93.0,3.0,1.0,0.0,0.03624995719292566,0.03900904687272539,0.0,0.0
28,3702004,3728004,1,91.77777777777777,1.227262335243029,89.0,93.0,2.0,1.0,0.0,0.035160379711381785,0.0369069743449732,0.0,0.0
28,3702004,3728004,1,91.77777777777777,1.227262335243029,89.0,93.0,2.0,1.0,0.0,0.035160379711381785,0.0369069743449732,0.0,0.0
28,3718004,3746004,1,91.88888888888889,0.9938079899999066,90.0,93.0,1.0,0.7905694150420949,0.0,0.027240195556932464,0.035495012288262226,0.0,0.0
28,3718004,3746004,1,91.88888888888889,0.9938079899999066,90.0,93.0,1.0,0.7905694150420949,0.0,0.027240195556932464,0.035495012288262226,0.0,0.0
28,3726004,3746004,1,91.25,0.82915619758885,90.0,92.0,2.0,0.816496580927726,0.0,0.03926309480077233,0.04716755195111854,0.0,0.0
28,7067171,7071171,1,89.4,1.019803902718557,88.0,91.0,1.0,1.5,0.0,0.07034533547028846,0.05874351634081979,0.0,0.0
28,7067171,7079171,1,88.15384615384616,1.2917581249035894,87.0,91.0,3.0,1.118033988749895,0.0,0.07236550764031907,0.05973914606500481,0.0,0.0
29,1058775,1102775,1,80.81481481481481,3.10360646890913,77.0,87.0,4.0,1.3008872711759818,0.0,0.07461959916200042,0.12362498116412125,0.0,0.0
29,1077775,1110775,1,81.53125,3.6825973765129416,77.0,87.0,2.0,1.831621879558502,0.03225806451612903,0.07761379216857314,0.1253989700289571,0.0,0.0
29,1077775,1118775,1,81.51428571428572,3.52437575888212,77.0,87.0,4.0,1.7656860023298393,0.029411764705882353,0.0722782390296381,0.121173964462059,0.0,0.0
29,1082775,1126775,1,81.94594594594595,3.0397896970816194,77.0,87.0,3.0,1.740051084818425,0.027777777777777776,0.06760075768978863,0.11831884388531427,0.0,0.0
29,1091775,1131775,1,82.5,2.7143409989946967,78.0,87.0,1.0,1.7320508075688772,0.030303030303030304,0.03299218750775527,0.05973051968921406,0.0,0.0
29,1098775,1131775,1,82.70370370370371,2.991528963897581,78.0,87.0,3.0,1.9115036368906426,0.038461538461538464,0.0332097925569662,0.06570094504250776,0.0,0.0
29,1106775,1131775,1,81.21052631578948,2.1662226976059658,78.0,87.0,6.0,2.260776661041756,0.05555555555555555,0.03927311713278921,0.07705830108251698,0.0,0.0
29,1114775,1131775,1,80.71428571428571,0.6998542122237652,80.0,82.0,0.0,0.6793662204867574,0.0,0.021271613462872478,0.015440251245644064,0.0,0.0
29,1122775,1131775,1,80.4,0.4898979485566356,80.0,81.0,0.0,0.6666666666666666,0.0,0.022165432473104728,0.018109158199436974,0.0,0.0
29,1910440,1917498,1,80.75,0.82915619758885,80.0,82.0,1.0,1.2909944487358056,0.0,0.08219660729683038,0.12439250586572381,0.0,0.0
29,1910440,1927498,1,80.8,0.7483314773547882,80.0,82.0,0.0,1.224744871391589,0.0,0.10821038730133772,0.1228237086760326,0.0,0.0
29,1910440,1932498,1,81.25,0.82915619758885,80.0,82.0,1.0,1.0,0.0,0.17901987055008012,0.19712349336325552,0.0,0.0
29,1910440,1943498,1,81.72727272727273,1.1354541815269814,80.0,84.0,1.0,1.140175425099138,0.0,0.13273989878301953,0.1843330756135701,0.0,0.0
29,1910440,1951498,1,80.375,2.666341125962693,74.0,84.0,5.0,1.61245154965971,0.0,0.09658103363537227,0.1620334890715757,0.0,0.0
29,1917498,1959498,1,79.16666666666667,3.562926387738658,74.0,84.0,0.0,2.275185835978084,0.058823529411764705,0.07011934993819137,0.14765522253885574,0.0,0.0
29,1927498,1965498,1,79.16666666666667,3.562926387738658,74.0,84.0,1.0,2.2622217085916954,0.058823529411764705,0.06980533598301567,0.14778337678593162,0.0,0.0
29,1931498,1975498,1,79.04545454545455,3.183441144526024,74.0,84.0,4.0,2.1157009420498154,0.047619047619047616,0.041666800252039796,0.12006900837433196,0.0,0.0
29,1940498,1983498,1,78.85714285714286,2.7608782985839557,74.0,84.0,3.0,1.8757714462371258,0.037037037037037035,0.013611897750547466,0.015032419757400578,0.0,0.0
29,1949498,1991498,1,78.51612903225806,2.2414132601342214,74.0,82.0,3.0,1.622754859285078,0.03333333333333333,0.012762114527366693,0.015092372932405765,0.0,0.0
29,1955498,1998498,1,79.625,1.3635890143294642,75.0,82.0,5.0,1.4919136877222163,0.03225806451612903,0.011554439009615926,0.015397167618483297,0.0,0.0
29,1965498,1998498,1,79.7,1.0376254944182253,78.0,82.0,2.0,0.8304547985373997,0.0,0.01201782755270411,0.015792156127851415,0.0,0.0
29,1971498,1998498,1,79.55555555555556,0.9558139185602917,78.0,81.0,0.0,0.7337993857053428,0.0,0.01103396945798976,0.015546063786025466,0.0,0.0
29,1979498,1998498,1,79.85,0.8529361054615989,78.0,81.0,2.0,0.7254762501100116,0.0,0.008604116742849844,0.00999030196798781,0.0,0.0
29,1987498,1998498,1,80.0,0.816496580927726,79.0,81.0,1.0,0.674199862463242,0.0,0.0061339261846641594,0.009264248697183668,0.0,0.0
29,1995498,1998498,1,80.75,0.4330127018922193,80.0,81.0,1.0,0.5773502691896257,0.0,0.011254151894307935,0.013949272091320476,0.0,0.0
29,3189058,3195073,0,84.5,0.7637626158259734,83.0,85.0,0.0,1.0954451150103321,0.0,0.12250793806692888,0.1676530160155312,0.0,0.0
29,3189058,3195073,0,84.5,0.7637626158259734,83.0,85.0,0.0,1.0954451150103321,0.0,0.12250793806692888,0.1676530160155312,0.0,0.0
3,482310,515310,0,102.81818181818181,0.7767276132106848,102.0,105.0,3.0,0.6546536707079771,0.0,0.08658093578925968,0.07664564138480592,0.0,0.0
3,495310,532310,0,102.5,1.1579762911688178,98.0,104.0,6.0,1.0690449676496976,0.0,0.07975659502129938,0.0744940491250358,0.0,0.0
3,498310,542310,0,102.3,1.1874342087037917,98.0,104.0,1.0,1.2773327473170102,0.0,0.07967969928838624,0.07820880755630345,0.0,0.0
3,506310,548310,0,102.06666666666666,1.2892719737209146,98.0,103.0,1.0,1.4880476182856899,0.0,0.058504552846940595,0.056754379302272666,0.0,0.0
3,514310,557310,0,102.16666666666667,1.4624940645653535,98.0,103.0,0.0,1.651445647689541,0.0,0.05142129380281785,0.06154201496499933,0.0,0.0
3,532310,557310,0,102.1,1.5779733838059498,98.0,103.0,5.0,1.2018504251546631,0.0,0.026236100678626268,0.020544849359762918,0.0,0.0
3,532310,557310,0,102.1,1.5779733838059498,98.0,103.0,5.0,1.2018504251546631,0.0,0.026236100678626268,0.020544849359762918,0.0,0.0
3,542310,557310,0,102.55555555555556,0.8314794192830981,101.0,103.0,2.0,0.7071067811865476,0.0,0.025603796983563614,0.02156366706471899,0.0,0.0
3,547310,557310,0,103.0,0.0,103.0,103.0,0.0,0.0,0.0,0.024907357573861758,0.023306608966357195,0.0,0.0
3,554310,557310,0,103.0,0.0,103.0,103.0,0.0,0.0,0.0,0.0232141471403518,0.010817233306002502,0.0,0.0
3,7527661,7534858,0,93.0,1.5,92.0,96.0,4.0,0.9258200997725514,0.0,0.0888759392166479,0.09785128010352533,0.0,0.0
3,7527661,7542858,0,96.6875,3.9956030521061523,92.0,103.0,11.0,1.0,0.0,0.07193489127137986,0.07888712687844857,0.0,0.0
3,7527661,7550858,0,98.95833333333333,4.58693040666147,92.0,104.0,12.0,0.8340576562282991,0.0,0.06830709738171921,0.07433334346388029,0.0,0.0
3,7527661,7558858,0,100.25,4.562071897723665,92.0,105.0,13.0,0.7405316311773545,0.0,0.06958198049382293,0.07135836819983124,0.0,0.0
3,7527661,7566858,0,101.275,4.571583423716557,92.0,106.0,14.0,0.6793662204867574,0.0,0.06251856045032124,0.06734833570819819,0.0,0.0
3,7530676,7574858,0,102.75555555555556,3.853745973036023,92.0,107.0,14.0,0.674199862463242,0.0,0.0596110437502195,0.06425040777778855,0.0,0.0
3,7538858,7582858,0,104.35555555555555,1.5225060562631683,100.0,107.0,3.0,0.5,0.0,0.045182575894209244,0.046766356140708606,0.0,0.0
30,487740,532088,0,84.75,3.4845437943216404,76.0,88.0,12.0,0.5705974021574557,0.0,0.2157076295560163,0.22034751658285615,0.0,0.0
30,496088,540088,0,86.2,2.315167380558045,80.0,88.0,8.0,0.4767312946227962,0.0,0.18934992854171911,0.1321919777389579,0.0,0.0
30,504088,546088,0,87.23255813953489,1.197617971124068,84.0,88.0,4.0,0.3779644730092272,0.0,0.22425758276353489,0.15054279986644448,0.0,0.0
30,512088,555825,0,88.14285714285714,1.1458294681443775,87.0,92.0,5.0,0.4131969352706687,0.0,0.27084623369855426,0.17778735162106238,0.0,0.0
30,520088,563825,0,89.5,2.6748386689222783,87.0,97.0,9.0,0.5179697702828122,0.0,0.2884257558405783,0.18487371636968336,0.0,0.0
30,528088,570825,0,91.51219512195122,4.4999834754141705,87.0,100.0,12.0,0.5916079783099616,0.0,0.25556082743830216,0.20907106226634206,0.0,0.0
30,536088,570825,0,92.36363636363636,4.63071551391347,87.0,100.0,13.0,0.6373774391990981,0.0,0.2711309736483687,0.21877381136486043,0.0,0.0
30,544088,570825,0,93.88,4.329618920875139,88.0,100.0,12.0,0.7071067811865476,0.0,0.268736103372322,0.24252371601945988,0.0,0.0
30,551825,570825,0,95.3,3.64828726939094,89.0,100.0,11.0,0.7608859102526822,0.0,0.21864564263782768,0.20805321516400072,0.0,0.0
30,559825,570825,0,97.83333333333333,2.229848026709942,94.0,100.0,6.0,0.7385489458759964,0.0,0.11928454745459871,0.14564347955419119,0.0,0.0
30,567825,570825,0,100.0,0.0,100.0,100.0,0.0,0.0,0.0,0.005064503236767952,0.004113792487061156,0.0,0.0
30,1027823,1036091,1,86.375,0.6959705453537527,86.0,88.0,2.0,0.5345224838248488,0.0,0.035502703654545234,0.04311464827634473,0.0,0.0
30,1027823,1044091,1,88.0625,1.919269066598011,86.0,91.0,3.0,0.9309493362512627,0.0,0.061727379306898984,0.09950230946893501,0.0,0.0
30,1027823,1052091,1,88.0,1.6832508230603465,86.0,91.0,1.0,0.8597269536210951,0.0,0.05378386526878021,0.08338584309394423,0.0,0.0
30,1027823,1060091,1,87.9375,1.4986973510352248,86.0,91.0,1.0,0.8230548917531015,0.0,0.04574112815240014,0.07403940344988709,0.0,0.0
30,1027823,1068091,1,86.9,2.567099530598687,81.0,91.0,2.0,1.0127393670836666,0.0,0.03942575987320447,0.06742422635047261,0.0,0.0
30,1031831,1076091,1,86.54545454545455,2.64965302577994,81.0,91.0,1.0,1.0229915092057102,0.0,0.06718238227239562,0.1806634184911662,0.0,0.0
30,1040091,1084091,1,86.72093023255815,2.773005936770612,81.0,91.0,3.0,1.1019463300386794,0.0,0.0683720237237651,0.19980579646333252,0.0,0.0
30,1048091,1092091,1,86.64285714285714,3.0223093391472355,81.0,96.0,8.0,1.3792893185949944,0.0,0.10205392356928776,0.24908370042287642,0.0,0.0
30,1056091,1098091,1,86.86111111111111,3.614421559513575,81.0,96.0,5.0,1.52127765851133,0.0,0.11399803626083517,0.2670692187649486,0.0,0.0
30,1064091,1108091,1,87.1875,3.617988909601576,81.0,96.0,7.0,1.6943930305379222,0.0,0.127118971593438,0.28054401004639534,0.0,0.0
30,1072091,1116091,1,87.65625,3.1584150989855657,83.0,96.0,1.0,1.7133253838567097,0.0,0.13051906208710137,0.27940617252318206,0.0,0.0
30,1081091,1116091,1,88.0,3.1749015732775088,83.0,96.0,8.0,1.7795130420052185,0.0,0.11125431336133071,0.23178114378419223,0.0,0.0
30,1088091,1116091,1,87.83333333333333,3.5939764421413036,83.0,96.0,4.0,2.0291986247835694,0.0,0.03195607244314462,0.033222081275188296,0.0,0.0
30,1097091,1116091,1,87.0,3.2071349029490928,83.0,94.0,11.0,1.593255013631383,0.0,0.024423509620958007,0.01616154124198026,0.0,0.0
30,1105091,1116091,1,85.91666666666667,1.9346977943739831,83.0,88.0,5.0,0.7977240352174656,0.0,0.02581621069273919,0.01705961478072866,0.0,0.0
30,1112091,1116091,1,83.8,0.7483314773547882,83.0,85.0,2.0,1.0,0.0,0.032507547302635935,0.023246331774320343,0.0,0.0
30,1840231,1860231,0,87.8,2.1354156504062622,84.0,90.0,5.0,3.122498999199199,0.0,0.14813488996458554,0.2232038836188459,0.0,0.0
30,1840231,1868231,0,85.6923076923077,2.2320950966995246,83.0,90.0,4.0,1.8708286933869707,0.0,0.1673517134338543,0.15234209367800286,0.0,0.0
30,1840231,1876231,0,85.28571428571429,1.8553104513122056,83.0,90.0,4.0,1.4832396974191326,0.0,0.13281112830884226,0.1413365430712919,0.0,0.0
30,1840231,1884231,0,85.06896551724138,1.6594771607608232,83.0,90.0,3.0,1.2955969390869324,0.0,0.10114145535105523,0.1312027250229596,0.0,0.0
30,1854231,1891231,0,84.54545454545455,1.0756508696544755,83.0,89.0,6.0,1.0897247358851685,0.0,0.07490540405288547,0.09002349373577051,0.0,0.0
30,1860231,1900231,0,83.75,2.0733092174374548,76.0,86.0,8.0,0.8618916073713346,0.0,0.06922307459285522,0.08824522216090941,0.0,0.0
30,1864231,1908231,0,81.45,5.069270164431957,71.0,86.0,14.0,0.9607689228305228,0.0,0.056891416282400506,0.08191132278814454,0.0,0.0
30,1872231,1916231,0,78.5,6.332456079595025,68.0,86.0,11.0,1.1875421719907089,0.0,0.019480211195159768,0.02416456898881981,0.0,0.0
30,1880231,1917231,0,77.0,6.2182527020592095,68.0,86.0,9.0,1.334634781503914,0.0,0.01825796074553543,0.021415771524017035,0.0,0.0
30,1888231,1917231,0,74.52,5.044759657307769,68.0,84.0,9.0,1.4577379737113252,0.0,0.016190485178469983,0.02138900957291889,0.0,0.0
30,1897231,1917231,0,72.76190476190476,3.3080675110396958,68.0,81.0,6.0,1.51657508881031,0.0,0.010773913039698959,0.0117919296786348,0.0,0.0
30,1904231,1917231,0,71.07142857142857,1.7914194577120646,68.0,75.0,3.0,1.4411533842457842,0.0,0.010709080139056512,0.013774585096052961,0.0,0.0
30,1912231,1917231,0,70.66666666666667,2.5603819159562025,68.0,75.0,7.0,1.8439088914585775,0.0,0.0037971687547883443,0.004821313676696454,0.0,0.0
30,2234688,2244437,1,87.875,0.7806247497997998,87.0,89.0,2.0,1.0690449676496976,0.0,0.01990085043302562,0.022206684136109735,0.0,0.0
30,2234688,2252437,1,86.4375,1.6189792308735773,84.0,89.0,4.0,0.8944271909999159,0.0,0.031288095722326215,0.05266714975504905,0.0,0.0
30,2234688,2257437,1,85.9047619047619,1.743143354068869,83.0,89.0,4.0,0.9486832980505138,0.0,0.031985354450008406,0.04753972213806503,0.0,0.0
30,2234688,2268437,1,84.96551724137932,2.266438168986894,80.0,89.0,9.0,0.9063269671749657,0.0,0.025910464073456645,0.041851881952405544,0.0,0.0
30,2234688,2276437,1,83.64864864864865,3.2317363437432745,78.0,89.0,11.0,0.8660254037844386,0.0,0.022034958254772086,0.037852428789877796,0.0,0.0
30,2240437,2284437,1,82.525,2.889528508251822,78.0,89.0,5.0,0.8915558282417286,0.0,0.01967459461488311,0.0358427001968757,0.0,0.0
30,2248437,2292437,1,82.325,2.6113933062639183,78.0,87.0,2.0,0.8473185457363234,0.0,0.02197174350639553,0.03779813802915974,0.0,0.0
30,2256437,2300437,1,82.55,2.8013389655662877,78.0,87.0,0.0,0.7510676161988108,0.0,0.011649699084627218,0.01645818609115626,0.0,0.0
30,2264437,2308437,1,83.34883720930233,3.503378574835364,78.0,90.0,6.0,0.7867957924694432,0.0,0.010663020725506398,0.015598826337626538,0.0,0.0
30,2272437,2316437,1,84.86046511627907,3.8068566985377488,78.0,90.0,10.0,0.7237468644557459,0.0,0.010600797962752899,0.01620494327931255,0.0,0.0
30,2280437,2324437,1,86.62790697674419,2.4780267451111597,80.0,90.0,9.0,0.7071067811865476,0.0,0.00944627900786011,0.015544360940305898,0.0,0.0
30,2288437,2324437,1,87.48571428571428,1.6796501093370366,85.0,90.0,4.0,0.6416889479197478,0.0,0.006928115541395875,0.007593406224926999,0.0,0.0
30,2296437,2324437,1,87.79310344827586,1.6687660182845327,85.0,90.0,4.0,0.5976143046671968,0.0,0.007042465045826369,0.00817478365159737,0.0,0.0
30,2304437,2324437,1,88.71428571428571,0.764875162105191,87.0,90.0,1.0,0.5916079783099616,0.0,0.007449814907832217,0.009475568395801718,0.0,0.0
30,2312437,2324437,1,88.46153846153847,0.7457969011409736,87.0,89.0,0.0,0.5773502691896257,0.0,0.008412032492829681,0.011420623535778423,0.0,0.0
30,2320437,2324437,1,87.8,0.7483314773547882,87.0,89.0,1.0,0.8660254037844386,0.0,0.004959454128429863,0.006503683985220502,0.0,0.0
30,3136815,3155802,0,95.6,2.33238075793812,91.0,97.0,5.0,3.0413812651491097,0.25,0.03334111573214351,0.042302296396148804,0.0,0.0
30,3136815,3163802,0,93.6923076923077,2.365931769112261,91.0,97.0,0.0,1.8708286933869707,0.08333333333333333,0.015944970669021917,0.029840911243300725,0.0,0.0
30,3136815,3171802,0,92.9047619047619,2.223355719986429,91.0,97.0,3.0,1.5329709716755893,0.05,0.011931246601239086,0.02409105094781203,0.0,0.0
30,3136815,3179802,0,93.65517241379311,2.2935571239056403,91.0,97.0,5.0,1.349603116263656,0.03571428571428571,0.015057199349239887,0.025603595526286948,0.0,0.0
30,3152802,3187802,0,94.44444444444444,2.4203356567546623,91.0,98.0,1.0,0.7367883976130072,0.0,0.017560997566519354,0.02767114302848503,0.0,0.0
30,3152802,3193802,0,94.85714285714286,2.464717008496673,91.0,98.0,0.0,0.7650920556760059,0.0,0.020169401257200067,0.027322651914068477,0.0,0.0
30,3159802,3203802,0,95.3170731707317,2.8322104130721533,91.0,100.0,4.0,0.8944271909999159,0.0,0.02047478325586149,0.027491161553879945,0.0,0.0
30,3167802,3211802,0,96.09756097560975,2.104639219980939,91.0,100.0,3.0,0.9082951062292475,0.0,0.021501509840486308,0.02700109388659669,0.0,0.0
30,3175802,3219802,0,95.78048780487805,2.532830241121399,90.0,100.0,5.0,0.8803408430829505,0.0,0.021232524940148302,0.02717025648883862,0.0,0.0
31,2601282,2646145,1,79.04651162790698,1.7111601989904328,76.0,83.0,1.0,1.0350983390135313,0.0,0.05565564104959131,0.06252171651676466,0.0,0.0
31,2611145,2654145,1,78.72727272727273,1.8136306675690914,76.0,83.0,0.0,0.9883036912035246,0.0,0.04673072090103743,0.06310134102081924,0.0,0.0
31,2618145,2662145,1,78.15555555555555,1.4291497947389802,76.0,82.0,3.0,0.9414688716912718,0.0,0.037374935532308196,0.055867932216333994,0.0,0.0
31,2626145,2670145,1,77.57777777777778,1.639632599617486,73.0,82.0,5.0,1.07661084384791,0.0,0.0256949939512074,0.039390326250018516,0.0,0.0
31,2634145,2678145,1,77.57777777777778,1.6122984130859603,73.0,82.0,5.0,1.1381803659589922,0.0,0.02494827756253932,0.036238033626488336,0.0,0.0
31,2642145,2680145,1,77.87179487179488,1.8970893654455296,73.0,82.0,6.0,1.1920791213585393,0.0,0.026152597823341457,0.03843715354649161,0.0,0.0
31,2650145,2689145,1,78.6470588235294,2.806320103970956,73.0,86.0,7.0,1.4459976109624424,0.0,0.024251615446220974,0.04033911624764902,0.0,0.0
31,2658145,2689145,1,79.0,3.1008683647302115,73.0,86.0,7.0,1.5620499351813308,0.0,0.029641541108858797,0.044660045339611036,0.0,0.0
31,2666145,2689145,1,79.5,3.5784850922639815,73.0,86.0,8.0,1.6449566416599486,0.0,0.022301121593611972,0.026034109822083217,0.0,0.0
31,2674145,2689145,1,81.9,2.3,79.0,86.0,4.0,1.699673171197595,0.0,0.024017872904232566,0.027972588139159475,0.0,0.0
31,3999076,4006076,1,87.375,0.8569568250501305,86.0,88.0,0.0,0.9258200997725514,0.0,0.02241704042152226,0.01927636410312041,0.0,0.0
31,3999076,4014076,1,87.9375,0.899218410621135,86.0,89.0,0.0,0.7302967433402214,0.0,0.017955722046273916,0.014760355026827649,0.0,0.0
31,3999076,4022076,1,87.95238095238095,0.7853534524986019,86.0,89.0,0.0,0.6324555320336759,0.0,0.015704770763787658,0.013755151979005833,0.0,0.0
31,3999076,4024076,1,87.8695652173913,0.7969696860792764,86.0,89.0,1.0,0.6396021490668313,0.0,0.01834455833602469,0.015735197469876203,0.0,0.0
31,3999076,4034076,1,88.23076923076923,1.249852062251686,86.0,91.0,3.0,1.0,0.0,0.02926538556361176,0.0383918438631446,0.0,0.0
31,4002076,4046076,1,88.41379310344827,1.246159379282252,86.0,91.0,1.0,1.0177004891982149,0.0,0.027177148094448267,0.0357965810927977,0.0,0.0
31,4010076,4048076,1,88.78260869565217,1.1016399529843413,87.0,91.0,0.0,1.0,0.0,0.03505369964302889,0.040012030793720586,0.0,0.0
31,4021076,4048076,1,89.0,1.2649110640673518,87.0,91.0,1.0,1.224744871391589,0.0,0.04718551498168742,0.044859906178151214,0.0,0.0
31,4032076,4067076,1,89.08333333333333,1.8008485654145256,84.0,91.0,7.0,1.6236882817719773,0.0,0.05539960400585315,0.046814051677011574,0.0,0.0
31,4034076,4067076,1,88.7,1.7349351572897473,84.0,91.0,7.0,1.7950549357115013,0.0,0.051200121284534515,0.0494180018731302,0.0,0.0
31,4042076,4067076,1,88.25,1.6393596310755,84.0,89.0,5.0,1.9639610121239315,0.0,0.036726986325959846,0.022795981398252126,0.0,0.0
31,5304759,5317759,1,89.0,0.9534625892455924,87.0,90.0,1.0,0.9486832980505138,0.0,0.1552972967744297,0.07868768480681547,0.0,0.0
31,5304759,5323759,1,89.29411764705883,1.1764705882352942,87.0,92.0,4.0,0.9354143466934853,0.0,0.12179112439345824,0.08572258322523772,0.0,0.0
31,5304759,5329759,1,89.23809523809524,1.1086139739831253,87.0,92.0,1.0,1.02469507659596,0.0,0.1239406709992881,0.08222701442589589,0.0,0.0
32,1035743,1080740,1,86.75555555555556,2.9974474737724246,82.0,95.0,6.0,0.9534625892455924,0.0,0.06533375271155019,0.10815183892389321,0.0,0.0
32,1043783,1088740,1,87.44186046511628,3.16450022198587,82.0,95.0,4.0,1.0,0.0,0.06398650634654442,0.11129807172144054,0.0,0.0
32,1052740,1096740,1,88.27906976744185,2.5547546316017598,84.0,95.0,4.0,0.9759000729485332,0.0,0.05263445939950184,0.10213850431969126,0.0,0.0
32,1060740,1104740,1,88.81395348837209,2.38459995136904,85.0,95.0,3.0,1.0801234497346435,0.0,0.03730388676552818,0.08428266780916949,0.0,0.0
32,1068740,1112740,1,89.65116279069767,2.1981357950543434,85.0,95.0,6.0,1.0465362369445672,0.0,0.0342791925326015,0.07255958854778645,0.0,0.0
32,1076740,1120740,1,89.83720930232558,1.952103606644959,87.0,95.0,3.0,1.0578504710249077,0.0,0.032450178897726306,0.0612294736086964,0.0,0.0
33,1743649,1786084,1,93.0,3.03315017762062,88.0,98.0,5.0,0.954863710632231,0.0,0.07324313990251785,0.08813024522404432,0.0,0.0
33,1752084,1786084,1,93.71428571428571,2.9259570211805777,89.0,98.0,7.0,0.9622504486493763,0.0,0.0725573086942894,0.06896747483456078,0.0,0.0
33,1760084,1804084,1,95.79166666666667,1.5540046832476264,92.0,98.0,6.0,1.0215078369104984,0.0,0.06294028489382432,0.06100834141051577,0.0,0.0
33,1775084,1811084,1,96.14285714285714,1.0367400503370114,95.0,98.0,1.0,0.7416198487095663,0.0,0.05605515461246508,0.06748342687304913,0.0,0.0
33,1776084,1811084,1,96.2,1.0295630140987,95.0,98.0,1.0,0.7608859102526822,0.0,0.05200432459540919,0.06661170953584644,0.0,0.0
33,1784084,1811084,1,96.66666666666667,1.0274023338281626,95.0,98.0,1.0,0.9045340337332909,0.0,0.020403407900063775,0.028794438360011474,0.0,0.0
33,1801084,1831084,1,96.3,2.5317977802344322,89.0,98.0,9.0,2.4267032964268394,0.1111111111111111,0.011142004921644041,0.01159057024172417,0.0,0.0
33,1801084,1831084,1,96.3,2.5317977802344322,89.0,98.0,9.0,2.4267032964268394,0.1111111111111111,0.011142004921644041,0.01159057024172417,0.0,0.0
33,2433763,2444609,1,95.11111111111111,0.5665577237325317,94.0,96.0,1.0,0.6123724356957945,0.0,0.06785167113814498,0.05810290656294419,0.0,0.0
33,2433763,2452609,1,95.41176470588235,0.9112901991076274,94.0,97.0,1.0,0.6614378277661477,0.0,0.05571968071432096,0.07014301996134595,0.0,0.0
33,2433763,2454609,1,95.57894736842105,0.9902572485382516,94.0,97.0,1.0,0.6236095644623235,0.0,0.0668067239687716,0.07627556569978201,0.0,0.0
33,2433763,2454609,1,95.57894736842105,0.9902572485382516,94.0,97.0,1.0,0.6236095644623235,0.0,0.0668067239687716,0.07627556569978201,0.0,0.0
33,2433763,2476609,1,95.77777777777777,0.9162456945817025,94.0,97.0,0.0,0.5547001962252291,0.0,0.04879083624434087,0.06979854395314417,0.0,0.0
33,2441609,2484609,1,95.7,0.9000000000000001,94.0,97.0,1.0,0.5570860145311556,0.0,0.11631520459578973,0.3417753359686174,0.0,0.0
33,2448609,2492609,1,96.48387096774194,1.1603939192648351,95.0,99.0,1.0,0.6582805886043833,0.0,0.10817058411852506,0.33484604030970055,0.0,0.0
33,2469609,2493609,1,96.44,1.2354756169184402,95.0,99.0,1.0,0.67700320038633,0.0,0.12003692147713195,0.3698112691434267,0.0,0.0
33,2469609,2508609,1,96.0,1.8754309849499513,89.0,99.0,8.0,1.0690449676496976,0.0,0.1077337434402565,0.3448913270695287,0.0,0.0
33,2472609,2516609,1,93.67647058823529,4.410686142669295,86.0,99.0,10.0,1.0150384378451045,0.0,0.09557392858709815,0.3200527722743883,0.0,0.0
33,2480609,2522609,1,92.0,4.892596447695231,86.0,99.0,7.0,1.0924964014113612,0.0,0.103322040959439,0.3286052053524104,0.0,0.0
33,2488609,2522609,1,90.5,4.681523968396046,86.0,98.0,10.0,1.1420804814403216,0.0,0.030324381872033665,0.03461188324899912,0.0,0.0
33,2501609,2522609,1,88.27777777777777,3.0332519321597107,86.0,96.0,8.0,1.2833778958394957,0.0,0.020737143451358936,0.024409671422335428,0.0,0.0
33,2508609,2522609,1,87.0,0.9660917830792959,86.0,89.0,1.0,0.7071067811865476,0.0,0.01686580166655839,0.022057549141231238,0.0,0.0
33,2512609,2522609,1,86.81818181818181,0.8331955809010617,86.0,88.0,2.0,0.6324555320336759,0.0,0.021722037409120834,0.02395792574507603,0.0,0.0
33,2951865,2955879,1,95.4,1.019803902718557,94.0,97.0,3.0,0.8660254037844386,0.0,0.03642228981602377,0.03928513574222536,0.0,0.0
33,2951865,2963929,1,94.91666666666667,1.114924013354971,93.0,97.0,1.0,1.0,0.0,0.04650868370769689,0.04479832014396564,0.0,0.0
33,2951865,2971929,1,95.7,1.3453624047073711,93.0,98.0,1.0,0.8885233166386386,0.0,0.08591348157513291,0.0827474408127208,0.0,0.0
33,2951865,2979929,1,96.39285714285714,1.5887840299668015,93.0,99.0,1.0,0.7934920476158722,0.0,0.07287300792501661,0.07485529462568702,0.0,0.0
33,2951865,2987929,1,96.91666666666667,1.7219981933143185,93.0,99.0,2.0,0.7171371656006361,0.0,0.06338004162997343,0.06896441487343047,0.0,0.0
33,2951865,2995929,1,97.29545454545455,1.7655741463092685,93.0,100.0,2.0,0.7152816976385906,0.0,0.060563191722608996,0.06470394556614077,0.0,0.0
33,2959929,3002929,1,97.61363636363636,1.495689398524809,93.0,100.0,3.0,0.6647258571142536,0.0,0.055249633439407725,0.06338651072179924,0.0,0.0
33,2967929,3011929,1,97.71428571428571,1.350233036072174,94.0,100.0,1.0,0.6048583789091339,0.0,0.042255637773610986,0.05460195578329374,0.0,0.0
33,2975929,3019929,1,96.9047619047619,2.201833908894646,93.0,100.0,5.0,0.6807456457050177,0.0,0.024626792622924866,0.029249730617338293,0.0,0.0
33,2983929,3026929,1,96.1951219512195,2.4115526037674684,92.0,100.0,3.0,0.758287544405155,0.0,0.021559998386878332,0.02650667050872324,0.0,0.0
33,2991929,3026929,1,95.54545454545455,2.2440616462513474,92.0,100.0,3.0,0.8100925873009825,0.0,0.018865429737600383,0.02744891698366744,0.0,0.0
33,2999929,3026929,1,94.52,1.4729562111617576,92.0,97.0,1.0,0.8416254115301732,0.0,0.011731078478118145,0.015598389824186555,0.0,0.0
33,3007929,3026929,1,94.05,1.2439855304624727,92.0,96.0,0.0,0.9176629354822471,0.0,0.008453629900337906,0.012095734655928768,0.0,0.0
33,3015929,3026929,1,93.75,1.2332207155790618,92.0,96.0,3.0,0.7977240352174656,0.0,0.010813697920049723,0.014885694103196881,0.0,0.0
33,3023929,3026929,1,95.25,0.82915619758885,94.0,96.0,2.0,0.816496580927726,0.0,0.020142815053269366,0.022478372328037146,0.0,0.0
33,3720424,3723440,1,99.25,0.82915619758885,98.0,100.0,2.0,0.816496580927726,0.0,0.014420924342681763,0.003319326091105299,0.0,0.0
33,3720424,3728974,1,99.5,0.9574271077563381,98.0,101.0,1.0,1.1832159566199232,0.0,0.019823565604335236,0.008141872322564697,0.0,0.0
33,3720424,3739974,1,98.3,1.7916472867168916,95.0,101.0,3.0,1.1055415967851334,0.0,0.02234082783389753,0.010460079286437166,0.0,0.0
33,3720424,3747974,1,97.33333333333333,1.8856180831641265,94.0,101.0,0.0,1.0846522890932808,0.0,0.01723340083888275,0.010147071291155137,0.0,0.0
33,3720424,3749974,1,97.5,1.857417562100671,94.0,101.0,1.0,1.0513149660756937,0.0,0.023298077317802163,0.023021313454952654,0.0,0.0
33,3720424,3763974,1,97.48148148148148,1.6186498802527525,94.0,101.0,1.0,1.0190493307301363,0.0,0.028951372008325774,0.024440982109436352,0.0,0.0
33,3728974,3768974,1,97.03846153846153,1.2241408048338114,94.0,99.0,2.0,0.938083151964686,0.0,0.052554574223368185,0.07155919147418317,0.0,0.0
33,3736974,3779974,1,97.81818181818181,1.8497263590341642,94.0,101.0,2.0,1.0,0.0,0.045763947241999114,0.06570855275002052,0.0,0.0
33,3743974,3787974,1,98.55882352941177,1.498846153675401,96.0,101.0,2.0,0.9211323729436766,0.0,0.058234664961890045,0.07806068252385254,0.0,0.0
33,3756974,3795974,1,98.46875,1.7317688753121763,94.0,101.0,2.0,1.0472698761772856,0.0,0.06901402862292855,0.0941836801088717,0.0,0.0
33,3759974,3803974,1,97.64864864864865,2.4297282265575726,93.0,101.0,5.0,1.0137937550497031,0.0,0.08247651477446236,0.10987030325156966,0.0,0.0
33,3767974,3808974,1,97.27777777777777,2.714274111179135,93.0,101.0,0.0,1.0690449676496976,0.0,0.07684068841985064,0.11263456808520855,0.0,0.0
33,3775974,3808974,1,97.0,2.747432819337753,93.0,101.0,4.0,1.0,0.0,0.06893690234374118,0.10862550862809131,0.0,0.0
33,3783974,3808974,1,95.8695652173913,2.2516534567346174,93.0,100.0,3.0,1.1078234188139946,0.0,0.08732095164763497,0.1204730508966927,0.0,0.0
33,3794974,3808974,1,94.46666666666667,1.2578641509408806,93.0,97.0,3.0,0.8864052604279183,0.0,0.09472922654909265,0.1320941025273873,0.0,0.0
33,3799974,3808974,1,94.2,1.4000000000000001,93.0,97.0,2.0,0.9428090415820634,0.0,0.05248294188290218,0.0891447720401045,0.0,0.0
33,6183219,6187237,1,92.6,1.019803902718557,91.0,94.0,3.0,0.8660254037844386,0.0,0.017328416586551487,0.008620011844819362,0.0,0.0
33,6183219,6195863,1,92.5,1.2041594578792296,91.0,94.0,0.0,0.9428090415820634,0.0,0.021770099893317095,0.02316650729132902,0.0,0.0
33,6183219,6201863,1,92.6875,1.1021995055342748,91.0,94.0,0.0,1.0327955589886444,0.0,0.015832832249324077,0.02003955713676623,0.0,0.0
33,6183219,6201863,1,92.6875,1.1021995055342748,91.0,94.0,0.0,1.0327955589886444,0.0,0.015832832249324077,0.02003955713676623,0.0,0.0
33,6183219,6219863,1,92.76470588235294,1.1129934075543824,91.0,94.0,0.0,1.0,0.0,0.015088751661751883,0.01966773412329948,0.0,0.0
33,6184222,6227863,1,93.25,1.2332207155790618,91.0,95.0,1.0,0.8597269536210951,0.0,0.014973443592285751,0.01775615627055816,0.0,0.0
33,6191863,6228863,1,93.57142857142857,1.2936264483053452,91.0,96.0,5.0,0.9746794344808963,0.0,0.014128296415013265,0.01851530829207959,0.0,0.0
33,6199863,6228863,1,94.07692307692308,1.0714144828603167,92.0,96.0,4.0,0.9128709291752769,0.0,0.011344490762602367,0.010217846496929221,0.0,0.0
33,6219863,6228863,1,94.5,0.6708203932499369,94.0,96.0,2.0,0.816496580927726,0.0,0.013001099165885077,0.010664623350105843,0.0,0.0
33,6219863,6228863,1,94.5,0.6708203932499369,94.0,96.0,2.0,0.816496580927726,0.0,0.013001099165885077,0.010664623350105843,0.0,0.0
33,6223863,6267863,1,94.0,1.1832159566199232,92.0,96.0,1.0,1.5986105077709065,0.0,0.015114086928334863,0.011505596531479569,0.0,0.0
33,6264863,6269863,1,93.0,0.5773502691896257,92.0,94.0,2.0,0.6324555320336759,0.0,0.014998081366719365,0.00770010581193859,0.0,0.0
33,6264863,6269863,1,93.0,0.5773502691896257,92.0,94.0,2.0,0.6324555320336759,0.0,0.014998081366719365,0.00770010581193859,0.0,0.0
33,6264863,6269863,1,93.0,0.5773502691896257,92.0,94.0,2.0,0.6324555320336759,0.0,0.014998081366719365,0.00770010581193859,0.0,0.0
33,6264863,6269863,1,93.0,0.5773502691896257,92.0,94.0,2.0,0.6324555320336759,0.0,0.014998081366719365,0.00770010581193859,0.0,0.0
33,6264863,6269863,1,93.0,0.5773502691896257,92.0,94.0,2.0,0.6324555320336759,0.0,0.014998081366719365,0.00770010581193859,0.0,0.0
33,7552387,7556385,1,88.2,0.4,88.0,89.0,1.0,0.5,0.0,0.015409195693850191,0.0032314027340750707,0.0,0.0
33,7552387,7563844,1,88.25,0.7216878364870323,87.0,90.0,2.0,0.7385489458759964,0.0,0.03284344336174428,0.02641510491014461,0.0,0.0
33,7552387,7566844,1,88.6,0.9521904571390466,87.0,90.0,2.0,0.6546536707079771,0.0,0.030035003410181,0.025013725998787553,0.0,0.0
33,7552387,7566844,1,88.6,0.9521904571390466,87.0,90.0,2.0,0.6546536707079771,0.0,0.030035003410181,0.025013725998787553,0.0,0.0
33,7552387,7586844,1,89.0,1.8027756377319946,87.0,95.0,7.0,1.4375905768565218,0.0,0.029020404027162376,0.024536141942883886,0.0,0.0
33,7552387,7586844,1,89.0,1.8027756377319946,87.0,95.0,7.0,1.4375905768565218,0.0,0.029020404027162376,0.024536141942883886,0.0,0.0
33,7559844,7602844,1,89.8,2.08806130178211,87.0,95.0,4.0,2.211083193570267,0.0,0.02408183967728276,0.02182338606765957,0.0,0.0
33,7586844,7607844,1,91.25,2.277608394786075,89.0,95.0,6.0,2.449489742783178,0.0,0.022063220128459484,0.025976249522938574,0.0,0.0
33,7586844,7613844,1,90.8,2.227105745132009,89.0,95.0,6.0,2.1213203435596424,0.0,0.017882899260943177,0.024692362415207305,0.0,0.0
33,7586844,7613844,1,90.8,2.227105745132009,89.0,95.0,6.0,2.1213203435596424,0.0,0.017882899260943177,0.024692362415207305,0.0,0.0
33,7602844,7613844,1,89.75,0.82915619758885,89.0,91.0,2.0,0.816496580927726,0.0,0.018903270755708235,0.027512454672716548,0.0,0.0
33,7602844,7613844,1,89.75,0.82915619758885,89.0,91.0,2.0,0.816496580927726,0.0,0.018903270755708235,0.027512454672716548,0.0,0.0
33,8102639,8105660,1,90.0,0.7071067811865476,89.0,91.0,2.0,0.816496580927726,0.0,0.022463369572947832,0.012200290100362143,0.0,0.0
33,8102639,8116021,1,92.75,2.520747243709029,89.0,97.0,8.0,0.8528028654224418,0.0,0.010755806618528874,0.011252892867224534,0.0,0.0
33,8102639,8120021,1,93.875,2.9341736485763756,89.0,98.0,8.0,0.816496580927726,0.0,0.014757926287645488,0.014477273108821442,0.0,0.0
33,8102639,8132021,1,94.81818181818181,2.9485954073139737,89.0,98.0,9.0,0.7867957924694432,0.0,0.011651024692433927,0.013427303468860036,0.0,0.0
33,8102639,8134021,1,95.0,2.886751345948129,89.0,98.0,8.0,0.7801894976054939,0.0,0.012523520126274688,0.013561237683949925,0.0,0.0
33,8103653,8134021,1,95.26086956521739,2.657514224336718,90.0,98.0,7.0,0.7687061147858074,0.0,0.01223300960336795,0.013779608796760422,0.0,0.0
33,8112021,8156021,1,96.05,1.8567444627627143,92.0,98.0,2.0,1.1697953037312037,0.0,0.030374488258313747,0.06652216838297306,0.0,0.0
33,8120021,8158021,1,95.28571428571429,2.657296462534039,91.0,98.0,6.0,1.3008872711759818,0.0,0.04442645433073926,0.07649664541368674,0.0,0.0
33,8128021,8172021,1,94.26666666666667,2.7438820836342233,91.0,98.0,6.0,1.2535663410560174,0.0,0.038732347848490785,0.075250239528424,0.0,0.0
33,8154021,8180021,1,90.25,2.222048604328897,86.0,93.0,7.0,0.9309493362512627,0.0,0.05138145066480888,0.06976745820539987,0.0,0.0
33,8154021,8188021,1,89.45,2.5782746168707473,85.0,93.0,6.0,0.9176629354822471,0.0,0.06532890300715591,0.07608137032253848,0.0,0.0
33,8154021,8192021,1,89.29166666666667,2.4062274529968186,85.0,93.0,4.0,0.9325048082403138,0.0,0.09894600968746825,0.11832085249787172,0.0,0.0
33,8170021,8192021,1,88.63157894736842,2.252729953582389,85.0,92.0,3.0,0.97182531580755,0.0,0.09807495702265859,0.12185642712860834,0.0,0.0
33,8170021,8192021,1,88.63157894736842,2.252729953582389,85.0,92.0,3.0,0.97182531580755,0.0,0.09807495702265859,0.12185642712860834,0.0,0.0
33,8176021,8192021,1,87.3076923076923,1.3234346564680965,85.0,89.0,0.0,0.9128709291752769,0.0,0.1332661775693089,0.13259343402630933,0.0,0.0
33,8186021,8192021,1,87.71428571428571,1.1605769149479943,86.0,89.0,3.0,0.9128709291752769,0.0,0.1874687406891215,0.14495178256458605,0.0,0.0
33,8784705,8787717,1,99.25,0.4330127018922193,99.0,100.0,0.0,0.816496580927726,0.0,0.020817665248044834,0.003087242758227174,0.0,0.0
33,8784705,8795857,1,97.16666666666667,1.8181186857726188,94.0,100.0,5.0,0.7977240352174656,0.0,0.03145638905878737,0.023565016675543726,0.0,0.0
33,8784705,8803857,1,96.2,2.039607805437114,93.0,100.0,3.0,0.8885233166386386,0.0,0.07509562817880815,0.09925612997287617,0.0,0.0
34,608549,652902,1,81.02272727272727,1.9008208318278565,78.0,86.0,3.0,0.7313574508612273,0.0,0.1150163985534586,0.12895724311879506,0.0,0.0
34,616568,660902,1,81.56818181818181,2.579620543560686,78.0,87.0,3.0,0.7624928516630234,0.0,0.12208211250321571,0.1255688224672777,0.0,0.0
34,624595,668902,1,82.61363636363636,2.542510472767464,78.0,87.0,8.0,0.806946584785929,0.0,0.10159290146062486,0.0993880345915446,0.0,0.0
34,633902,676902,1,83.27272727272727,2.5968830649246724,78.0,88.0,1.0,0.9276125895432153,0.0,0.08978821165533689,0.08920399091419014,0.0,0.0
34,640902,685041,1,83.61363636363636,2.1236322773933294,80.0,88.0,0.0,0.8892118276421005,0.0,0.10416028758290956,0.12372369642983432,0.0,0.0
34,648902,693041,1,84.11363636363636,2.0250242320762157,80.0,88.0,5.0,0.9764672918705589,0.0,0.08830982972767529,0.11325092729873129,0.0,0.0
34,656902,697041,1,84.4,2.416609194718914,80.0,90.0,4.0,1.0377490433255416,0.0,0.09486588166901304,0.1156048415896315,0.0,0.0
34,664902,697041,1,84.28125,2.6602910437581824,80.0,90.0,6.0,1.1071614388213236,0.0,0.10098192235233079,0.12654014063100363,0.0,0.0
34,672902,697041,1,83.79166666666667,2.798499101701164,80.0,90.0,5.0,1.0834726777719228,0.0,0.11860860451326909,0.14120904109125315,0.0,0.0
34,680905,697041,1,84.9375,2.536452985962878,81.0,90.0,9.0,1.1254628677422756,0.0,0.09127435790513369,0.08719090667638839,0.0,0.0
34,689041,697041,1,86.66666666666667,1.9436506316151,84.0,90.0,5.0,1.2747548783981961,0.0,0.09705710128753188,0.09328676811597054,0.0,0.0
34,2392384,2396404,1,86.2,0.7483314773547882,85.0,87.0,1.0,0.8660254037844386,0.0,0.05160819730303891,0.06178800513597813,0.0,0.0
34,2392384,2405406,1,85.5,1.118033988749895,83.0,87.0,1.0,1.243163121016122,0.0,0.06236589051027755,0.0638233257157205,0.0,0.0
34,2392384,2413406,1,84.9,1.2206555615733703,83.0,87.0,2.0,1.0760551736979407,0.0,0.07675619235246714,0.06458207981343643,0.0,0.0
34,2392384,2421406,1,83.39285714285714,2.8578124215446143,75.0,87.0,10.0,1.186342028003479,0.0,0.09084941166604224,0.0709590787437207,0.0,0.0
34,2392384,2429406,1,81.72222222222223,4.052510272185974,74.0,87.0,8.0,1.2421180068162376,0.0,0.10637856112384722,0.08137002908104503,0.0,0.0
34,2393389,2437406,1,81.27906976744185,3.8114001663024895,74.0,87.0,4.0,1.1751393027860062,0.0,0.10272903164488817,0.08442218075501769,0.0,0.0
34,2401406,2445406,1,81.0,3.3796778281697537,74.0,86.0,0.0,1.1870513506545997,0.0,0.10598955020279163,0.08691386389052752,0.0,0.0
34,2409406,2453406,1,81.08888888888889,3.4948992814749786,74.0,87.0,3.0,1.1579762911688178,0.0,0.11506395296653633,0.08455061757285513,0.0,0.0
34,2417406,2461406,1,81.6,3.860915262818735,74.0,87.0,5.0,1.1579762911688178,0.0,0.12146787724796955,0.08563583419529543,0.0,0.0
34,2425406,2469406,1,82.86046511627907,3.6381786610491456,74.0,88.0,11.0,1.1019463300386794,0.0,0.11582176394689327,0.08774730769363308,0.0,0.0
34,2433406,2477406,1,84.73809523809524,2.1163707008250365,79.0,89.0,6.0,1.147638083514009,0.0,0.10186224826969328,0.07738219170922332,0.0,0.0
34,2441406,2481406,1,85.36842105263158,1.4220269564322419,83.0,89.0,1.0,1.1740436015661335,0.0,0.11043662051825566,0.07046721304028158,0.0,0.0
34,2449406,2481406,1,85.63333333333334,1.4255603186895398,83.0,89.0,0.0,1.2317635241028795,0.0,0.11214072552271365,0.0745901868195751,0.0,0.0
34,2457406,2481406,1,85.72727272727273,1.482682402754554,84.0,89.0,1.0,1.2149857925879117,0.0,0.10085178070993846,0.07671968708518777,0.0,0.0
34,2465406,2481406,1,86.07142857142857,1.6675167899898216,84.0,89.0,2.0,1.1766968108291043,0.0,0.08940653396139112,0.054683957539341355,0.0,0.0
34,2473406,2481406,1,85.0,1.224744871391589,84.0,88.0,4.0,1.1952286093343936,0.0,0.1004799587308701,0.05955640341895908,0.0,0.0
34,3705397,3709398,0,90.6,1.3564659966250536,89.0,93.0,2.0,1.7320508075688772,0.0,0.026877042034984106,0.011973953239028777,0.0,0.0
34,3705397,3717470,0,91.46153846153847,1.4472990555559062,89.0,94.0,3.0,1.3228756555322954,0.0,0.3552806212397493,0.5050548820072701,0.0,0.0
34,3705397,3725478,0,92.52380952380952,2.402757297436736,89.0,97.0,3.0,1.3601470508735443,0.0,0.28624338970155555,0.4333816746605684,0.0,0.0
34,3705397,3732502,0,92.85714285714286,2.182958112848018,89.0,97.0,0.0,1.247219128924647,0.0,0.2156730368253699,0.39472415380307624,0.0,0.0
34,3705397,3740834,0,91.71428571428571,3.094432129499956,85.0,97.0,8.0,1.3284223283101428,0.0,0.19982744977565886,0.3573489483629418,0.0,0.0
34,3705397,3748834,0,90.27906976744185,4.110822819211071,83.0,97.0,10.0,1.2344267996967353,0.0,0.2057196383218002,0.32690257917366955,0.0,0.0
34,3713470,3756834,0,88.86046511627907,4.638471055979029,83.0,97.0,6.0,1.0910894511799618,0.0,0.2502273989553384,0.3383869902106195,0.0,0.0
34,3721470,3764834,0,88.06976744186046,4.551490166595374,83.0,97.0,7.0,1.0118347314702751,0.0,0.17995827929669214,0.197745234617762,0.0,0.0
34,3729493,3772834,0,87.02325581395348,3.136346356741063,83.0,94.0,4.0,1.0,0.0,0.1996488432276774,0.19635633285301285,0.0,0.0
34,3736834,3780834,0,87.46666666666667,3.5814336049502113,83.0,96.0,9.0,0.8918825850158447,0.0,0.2267358556864449,0.1885750952198257,0.0,0.0
34,3744834,3788839,0,89.27906976744185,4.928916015530774,83.0,99.0,12.0,0.9258200997725514,0.0,0.2661394350885686,0.29113242193747335,0.0,0.0
36,471326,516045,1,85.9090909090909,1.427301678918871,84.0,88.0,3.0,0.34099716973523675,0.0,0.1158377201539636,0.13370252227560506,0.0,0.0
36,480045,524045,1,86.5111111111111,1.3763433393068465,85.0,88.0,2.0,0.30151134457776363,0.0,0.130963061551973,0.14214658738566593,0.0,0.0
36,488045,532045,1,86.82222222222222,1.197940619728316,85.0,88.0,1.0,0.337099931231621,0.0,0.16171751310789248,0.14468998819742723,0.0,0.0
36,496045,540045,1,87.22222222222223,0.8916623398995058,85.0,88.0,3.0,0.3988620176087328,0.0,0.16842922207208103,0.14324553366883835,0.0,0.0
36,504045,548045,1,87.77777777777777,0.8663817195385747,86.0,90.0,3.0,0.3988620176087328,0.0,0.1632796104475207,0.12909897933096612,0.0,0.0
36,512045,556045,1,88.68888888888888,2.2688442698844837,86.0,95.0,7.0,0.5,0.0,0.23716557220209786,0.29077832344773263,0.0,0.0
36,520045,560045,1,89.58536585365853,3.2757468688953866,86.0,97.0,9.0,0.570087712549569,0.0,0.26063862405575766,0.30093775336558043,0.0,0.0
36,528045,560045,1,90.0909090909091,3.458530396987578,86.0,97.0,10.0,0.6123724356957945,0.0,0.27404819959448345,0.32491450744330636,0.0,0.0
36,536045,560045,1,91.2,3.2619012860600183,87.0,97.0,10.0,0.6454972243679028,0.0,0.30277755314869675,0.3608487092661743,0.0,0.0
36,544045,560045,1,92.76470588235294,2.797675753080968,89.0,97.0,8.0,0.7071067811865476,0.0,0.35753561932182404,0.42135688922397574,0.0,0.0
36,552045,560045,1,95.11111111111111,1.4487116456005886,93.0,97.0,4.0,0.7071067811865476,0.0,0.47869867926689896,0.5347558467297029,0.0,0.0
36,1040386,1055386,1,86.14285714285714,0.832993127835043,85.0,88.0,2.0,1.0,0.0,0.021070072172741205,0.01280104565081367,0.0,0.0
36,1040386,1055386,1,86.14285714285714,0.832993127835043,85.0,88.0,2.0,1.0,0.0,0.021070072172741205,0.01280104565081367,0.0,0.0
36,1040386,1055386,1,86.14285714285714,0.832993127835043,85.0,88.0,2.0,1.0,0.0,0.021070072172741205,0.01280104565081367,0.0,0.0
36,1040386,1055386,1,86.14285714285714,0.832993127835043,85.0,88.0,2.0,1.0,0.0,0.021070072172741205,0.01280104565081367,0.0,0.0
36,1050386,1055386,1,85.83333333333333,0.37267799624996495,85.0,86.0,0.0,0.6324555320336759,0.0,0.023373264528822647,0.012411487938309452,0.0,0.0
36,1108386,1115386,1,85.75,0.4330127018922193,85.0,86.0,0.0,0.816496580927726,0.0,0.07555512904008413,0.0626797131701873,0.0,0.0
36,1108386,1115386,1,85.75,0.4330127018922193,85.0,86.0,0.0,0.816496580927726,0.0,0.07555512904008413,0.0626797131701873,0.0,0.0
36,1108386,1115386,1,85.75,0.4330127018922193,85.0,86.0,0.0,0.816496580927726,0.0,0.07555512904008413,0.0626797131701873,0.0,0.0
36,1108386,1115386,1,85.75,0.4330127018922193,85.0,86.0,0.0,0.816496580927726,0.0,0.07555512904008413,0.0626797131701873,0.0,0.0
36,1108386,1115386,1,85.75,0.4330127018922193,85.0,86.0,0.0,0.816496580927726,0.0,0.07555512904008413,0.0626797131701873,0.0,0.0
36,3163245,3172245,1,75.75,2.436698586202241,73.0,81.0,5.0,2.4784787961282104,0.0,0.03147709913024128,0.018127537148335687,0.0,0.0
36,3163245,3180245,1,74.5,2.179449471770337,72.0,81.0,7.0,1.879716290649558,0.0,0.0348614572612722,0.021539715820680913,0.0,0.0
36,3163245,3188245,1,74.04166666666667,1.9252525086913204,72.0,81.0,8.0,1.5879984667608413,0.0,0.03158417457320709,0.02060220444938532,0.0,0.0
36,3163245,3196245,1,73.90625,1.7385226307126405,72.0,81.0,8.0,1.4591203713417602,0.0,0.030419879470654006,0.01852450647403013,0.0,0.0
36,3163245,3199245,1,73.8,1.7204650534085253,72.0,81.0,7.0,1.4450727642986174,0.0,0.02913453310689152,0.018211932601935935,0.0,0.0
36,3168245,3199245,1,73.46875,1.089276566120836,72.0,77.0,0.0,1.2181424250644648,0.0,0.02970527253658883,0.01829097152784932,0.0,0.0
36,3176245,3199245,1,73.20833333333333,0.8154327412825387,72.0,75.0,0.0,0.9780192938436515,0.0,0.02805179056412464,0.01846238650309943,0.0,0.0
36,3184245,3199245,1,73.25,0.82915619758885,72.0,75.0,1.0,1.0,0.0,0.02219165688325785,0.0130806509502718,0.0,0.0
36,3192245,3199245,1,72.875,0.5994789404140899,72.0,74.0,1.0,0.8451542547285166,0.0,0.01903628464503009,0.005845511135759214,0.0,0.0
36,4502400,4507400,1,115.0,0.816496580927726,114.0,116.0,2.0,0.6324555320336759,0.0,0.014359839705596789,0.024266556297695273,0.0,0.0
36,4502400,4510400,1,115.77777777777777,1.314684396244359,114.0,118.0,4.0,0.7071067811865476,0.0,0.031587297170039406,0.03868958379007544,0.0,0.0
36,4502400,4510400,1,115.77777777777777,1.314684396244359,114.0,118.0,4.0,0.7071067811865476,0.0,0.031587297170039406,0.03868958379007544,0.0,0.0
36,4502400,4510400,1,115.77777777777777,1.314684396244359,114.0,118.0,4.0,0.7071067811865476,0.0,0.031587297170039406,0.03868958379007544,0.0,0.0
36,4502400,4510400,1,115.77777777777777,1.314684396244359,114.0,118.0,4.0,0.7071067811865476,0.0,0.031587297170039406,0.03868958379007544,0.0,0.0
36,4503400,4510400,1,116.0,1.224744871391589,114.0,118.0,4.0,0.7559289460184544,0.0,0.035353231957288886,0.03945065268387945,0.0,0.0
37,424615,468952,1,82.51162790697674,3.8055778708777224,78.0,91.0,10.0,0.9511897312113419,0.0,0.172729266611642,0.14347523080028413,0.0,0.0
37,433952,476952,1,80.43181818181819,2.2803281987939537,76.0,86.0,8.0,1.034295625950562,0.0,0.19728359540179802,0.1555551627046899,0.0,0.0
37,440952,484952,1,79.5111111111111,1.499958847172107,76.0,82.0,5.0,1.0552897060221726,0.0,0.186434872594803,0.14873150278282027,0.0,0.0
37,448952,493188,1,78.77272727272727,1.4749982490534503,76.0,82.0,2.0,1.0565410875907486,0.0,0.19960933849336007,0.15625676458138713,0.0,0.0
37,456952,501188,1,78.54545454545455,1.4214996155556263,76.0,82.0,0.0,1.0996828295383152,0.0,0.21751533422659275,0.20033810366779325,0.0,0.0
37,464952,509188,1,78.65116279069767,1.5534465946199751,76.0,82.0,1.0,1.123345344008138,0.0,0.2079014813652993,0.19407520489517222,0.0,0.0
37,472952,514188,1,78.65,1.509138827278657,76.0,81.0,2.0,1.0127393670836666,0.0,0.22493377287360627,0.20578865952196415,0.0,0.0
37,480952,514188,1,78.84375,1.5433197781082182,76.0,81.0,1.0,0.9672041516493516,0.0,0.244601675926514,0.22058554715652234,0.0,0.0
37,488952,514188,1,79.125,1.423390904378227,76.0,81.0,3.0,0.9555330859059091,0.0,0.25997973647656697,0.23805974116187442,0.0,0.0
37,497188,514188,1,79.52941176470588,1.1939872429520257,77.0,81.0,2.0,0.7905694150420949,0.0,0.21978311305398776,0.18577477987735913,0.0,0.0
37,505188,514188,1,80.44444444444444,0.4969039949999533,80.0,81.0,1.0,0.6123724356957945,0.0,0.2724179984829129,0.21740318846554735,0.0,0.0
37,1172830,1180837,1,84.33333333333333,0.4714045207910317,84.0,85.0,1.0,0.6123724356957945,0.0,0.015234033039127372,0.005210889971098893,0.0,0.0
37,1172830,1188846,1,84.11764705882354,0.47058823529411764,83.0,85.0,2.0,0.5,0.0,0.026955750464169863,0.03395965197637609,0.0,0.0
37,1172830,1196985,1,84.08333333333333,0.8122328620674137,82.0,86.0,1.0,0.7518094115561123,0.0,0.02747597971548447,0.032170185376625346,0.0,0.0
37,1172830,1204985,1,84.90625,1.6650708505946525,82.0,88.0,2.0,0.8032193289024988,0.0,0.02197153142103346,0.02946133695431624,0.0,0.0
37,1172830,1212985,1,85.375,1.79843682124227,82.0,88.0,1.0,0.7679476477883045,0.0,0.0201193400535087,0.02685265707649183,0.0,0.0
37,1176833,1220985,1,85.26190476190476,1.8652144496841796,82.0,88.0,2.0,0.7650920556760059,0.0,0.01853081464231056,0.026675856157824262,0.0,0.0
37,1184842,1228985,1,85.57142857142857,1.840585532389304,82.0,88.0,1.0,0.8971499589146108,0.0,0.021371459580607863,0.03172880864504299,0.0,0.0
37,1192985,1231985,1,85.89473684210526,1.6668513286434858,82.0,88.0,2.0,0.9299811099505543,0.0,0.01594712149638641,0.024098178327581744,0.0,0.0
37,1200985,1242985,1,85.94285714285714,1.5846199570128052,82.0,88.0,3.0,0.7859052479933758,0.0,0.014648680378874419,0.021773615120874425,0.0,0.0
37,1208985,1250985,1,84.64516129032258,2.26542578917154,79.0,88.0,8.0,1.2382783747337807,0.0,0.016729668699819105,0.02289469672741609,0.0,0.0
37,1218985,1260985,1,82.93548387096774,2.8276912259111127,78.0,87.0,5.0,1.3038404810405297,0.0,0.01682288557603712,0.023112765109463522,0.0,0.0
37,1224985,1261985,1,82.57692307692308,3.0656041809214116,78.0,87.0,8.0,1.296148139681572,0.0,0.012729728335977908,0.009642089791381559,0.0,0.0
37,1238985,1261985,1,81.22222222222223,2.6782157318208775,78.0,86.0,7.0,1.475286612233465,0.0,0.012004150962028731,0.010638282257195408,0.0,0.0
37,1240985,1261985,1,80.625,2.2043990110685496,78.0,85.0,6.0,1.5491933384829668,0.0,0.012880334037375405,0.010860676083089648,0.0,0.0
37,1248985,1261985,1,79.58333333333333,0.759202798262025,78.0,81.0,0.0,0.9534625892455924,0.0,0.01241001472028328,0.010787124696196793,0.0,0.0
37,1256985,1261985,1,79.16666666666667,0.6871842709362769,78.0,80.0,1.0,1.1832159566199232,0.0,0.011696327405609101,0.012495069618183224,0.0,0.0
37,2271615,2276621,0,83.0,0.816496580927726,82.0,84.0,1.0,0.7745966692414834,0.0,0.07029241610724005,0.08102495410000339,0.0,0.0
37,2271615,2285250,0,82.06666666666666,1.1234866364235143,80.0,84.0,1.0,1.0350983390135313,0.0,0.09363279189104898,0.09277310577191943,0.0,0.0
37,2271615,2292250,0,81.95454545454545,1.106890514716902,80.0,84.0,1.0,1.1338934190276817,0.0,0.07825560555807737,0.0825111103162911,0.0,0.0
37,2271615,2301250,0,81.72413793103448,1.141582438430817,80.0,84.0,1.0,1.0856202966836188,0.0,0.06209740703813274,0.07745604373440756,0.0,0.0
37,2271615,2309250,0,81.16216216216216,1.551172416462891,78.0,84.0,5.0,1.0671873729054748,0.0,0.05204066697665379,0.07131772075809664,0.0,0.0
37,2272616,2317250,0,80.75,1.6393596310755,78.0,84.0,3.0,1.1102063499795358,0.0,0.0578209741409371,0.0760897523992447,0.0,0.0
37,2281250,2325250,0,80.82926829268293,1.885793344397825,78.0,85.0,3.0,1.1291589790636214,0.0,0.061758471163337075,0.07699063969955114,0.0,0.0
37,2289250,2331250,0,81.25641025641026,2.192270205107595,78.0,85.0,0.0,1.025978352085154,0.0,0.05581564574843975,0.07413041881542508,0.0,0.0
37,2297250,2331250,0,81.06060606060606,2.3216947041670246,78.0,85.0,3.0,1.0458250331675945,0.0,0.06000588338505194,0.07873544957394205,0.0,0.0
37,2305250,2331250,0,81.28,2.5848791074245616,78.0,85.0,4.0,1.118033988749895,0.0,0.07545526777159245,0.08470043841152479,0.0,0.0
37,2313250,2357250,0,82.47826086956522,1.9971624483227564,78.0,85.0,3.0,1.02247471629109,0.0,0.07604189695859243,0.08631839147186562,0.0,0.0
37,2321250,2361250,0,82.73684210526316,1.408325069501016,80.0,85.0,3.0,0.9128709291752769,0.0,0.06384375509616656,0.07839514100958467,0.0,0.0
37,2329250,2361250,0,82.15384615384616,1.2917581249035897,80.0,84.0,3.0,0.9574271077563381,0.0,0.03366773838825794,0.02867642273214102,0.0,0.0
37,2352250,2361250,0,81.8,1.2489995996796797,80.0,84.0,3.0,1.0,0.0,0.027001750181747514,0.021618413293789135,0.0,0.0
37,2352250,2361250,0,81.8,1.2489995996796797,80.0,84.0,3.0,1.0,0.0,0.027001750181747514,0.021618413293789135,0.0,0.0
37,2353250,2361250,0,81.55555555555556,1.0657403385139377,80.0,83.0,2.0,1.0,0.0,0.029765930903246092,0.021044649301244642,0.0,0.0
37,3484524,3493520,0,77.7,1.4177446878757822,76.0,80.0,4.0,0.6666666666666666,0.0,0.01904103326113843,0.02600026606045502,0.0,0.0
37,3484524,3501070,0,78.11764705882354,1.966853352623587,76.0,82.0,2.0,0.9354143466934853,0.0,0.08375880651845642,0.1859031549748549,0.0,0.0
37,3484524,3509070,0,78.84,2.0333224043422136,76.0,82.0,0.0,0.8660254037844386,0.0,0.06377632204149301,0.15614318613733089,0.0,0.0
37,3484524,3517070,0,79.0,1.8090680674665818,76.0,82.0,0.0,0.7905694150420949,0.0,0.05224900694847705,0.13763085845136258,0.0,0.0
37,3484524,3525070,0,79.5609756097561,2.0005947955521832,76.0,83.0,1.0,0.85146931829632,0.0,0.04511917289150681,0.124363829012648,0.0,0.0
37,3489530,3533070,0,79.77272727272727,1.9524301449922297,76.0,83.0,4.0,0.8352690695845568,0.0,0.04409445699986952,0.12004883024018677,0.0,0.0
37,3497070,3541070,0,80.28888888888889,1.392395573139604,77.0,83.0,1.0,0.917010954628728,0.0,0.018114645514402446,0.00906027793803595,0.0,0.0
37,3505070,3549070,0,79.55555555555556,1.8921540406584887,75.0,83.0,3.0,0.8918825850158447,0.0,0.021746625364376042,0.017691411600458305,0.0,0.0
37,3513070,3556070,0,79.47727272727273,2.310928939189492,75.0,86.0,7.0,1.2294827802684933,0.0,0.027511056410993974,0.028254673181783645,0.0,0.0
37,3521070,3556070,0,79.33333333333333,2.4608038433722332,75.0,86.0,4.0,1.2873006086935783,0.0,0.03008076152434936,0.03017379773966587,0.0,0.0
37,3529070,3556070,0,78.82142857142857,2.479250627401229,75.0,86.0,6.0,1.387777332977422,0.0,0.03386207570213279,0.03312094057490655,0.0,0.0
37,3537070,3556070,0,78.0,2.4899799195977463,75.0,86.0,5.0,1.6383560438182505,0.0,0.04108015697710622,0.03665947143292489,0.0,0.0
37,3545070,3556070,0,78.0,2.972092416687835,75.0,86.0,11.0,1.8829377433825436,0.0,0.0554670291650183,0.041346341532064214,0.0,0.0
37,3553070,3556070,0,81.0,3.391164991562634,77.0,86.0,9.0,3.1091263510296048,0.0,0.025280075780747636,0.017113068871961366,0.0,0.0
37,4726544,4733553,1,86.125,1.5360257159305635,84.0,88.0,3.0,1.0,0.0,0.05341285955473783,0.03447169308525914,0.0,0.0
37,4726544,4735555,1,86.0,1.4142135623730951,84.0,88.0,1.0,1.0,0.0,0.05748776178265906,0.0338849778368063,0.0,0.0
37,4726544,4735555,1,86.0,1.4142135623730951,84.0,88.0,1.0,1.0,0.0,0.05748776178265906,0.0338849778368063,0.0,0.0
37,4726544,4735555,1,86.0,1.4142135623730951,84.0,88.0,1.0,1.0,0.0,0.05748776178265906,0.0338849778368063,0.0,0.0
37,4726544,4764719,1,86.08333333333333,1.3202482931462383,84.0,88.0,1.0,1.0,0.0,0.05353147954605258,0.034478605810116594,0.0,0.0
37,4729548,4772719,1,85.94117647058823,1.0555504967603742,84.0,88.0,2.0,0.9354143466934853,0.0,0.05844689291023253,0.06073906583583781,0.0,0.0
37,4760661,4776719,1,86.38461538461539,0.6249260311258431,85.0,87.0,0.0,0.7071067811865476,0.0,0.05494102119340852,0.06584512730784492,0.0,0.0
37,4760661,4787719,1,86.57894736842105,0.7480352843974681,85.0,88.0,0.0,0.8819171036881969,0.0,0.05400973927233679,0.05702265988908466,0.0,0.0
37,4760661,4787719,1,86.57894736842105,0.7480352843974681,85.0,88.0,0.0,0.8819171036881969,0.0,0.05400973927233679,0.05702265988908466,0.0,0.0
37,4760661,4787719,1,86.57894736842105,0.7480352843974681,85.0,88.0,0.0,0.8819171036881969,0.0,0.05400973927233679,0.05702265988908466,0.0,0.0
37,4768719,4787719,1,86.5,0.823754471047914,85.0,88.0,1.0,0.9198662110077999,0.0,0.06598200847397766,0.0605519122484608,0.0,0.0
37,4776719,4813719,1,87.125,0.7806247497997998,86.0,88.0,1.0,1.1338934190276817,0.0,0.05379375330685014,0.026322755670595766,0.0,0.0
37,4784719,4813719,1,87.0,0.8944271909999159,86.0,88.0,2.0,1.224744871391589,0.0,0.05716892466327148,0.03148567746171586,0.0,0.0
37,5640580,5643583,0,82.75,0.82915619758885,82.0,84.0,1.0,1.2909944487358056,0.0,0.07120474146076827,0.0828743180277169,0.0,0.0
37,5640580,5650091,0,82.5,0.9574271077563381,81.0,84.0,0.0,1.4142135623730951,0.0,0.12195887784439131,0.09911296585336081,0.0,0.0
37,5640580,5655091,0,82.71428571428571,1.0301575072754257,81.0,84.0,1.0,1.35400640077266,0.0,0.1127535640276975,0.09449056468768038,0.0,0.0
37,5640580,5669091,0,84.58333333333333,2.3614378858841256,81.0,88.0,4.0,1.5954480704349312,0.0,0.11126646432309768,0.08996113788238569,0.0,0.0
37,5640580,5677091,0,85.55,2.246664193866097,81.0,88.0,5.0,1.3954814298487213,0.0,0.10655056230697486,0.09682847353584415,0.0,0.0
37,5641581,5681091,0,86.17391304347827,2.29654132978161,81.0,89.0,5.0,1.296849328880646,0.0,0.09646475096814304,0.09414102111917079,0.0,0.0
37,5649091,5681091,0,86.7,1.9519221295943134,81.0,89.0,8.0,1.2977713690461004,0.0,0.09743962567135578,0.0949851380233721,0.0,0.0
37,5663091,5701091,0,87.0,1.4867838833500564,83.0,89.0,5.0,1.4337208778404378,0.0,0.07728857491447862,0.08986482982988969,0.0,0.0
37,5665091,5702091,0,86.72222222222223,1.7576991132840416,83.0,89.0,4.0,1.4552137502179978,0.0,0.07713884566062544,0.09233721223584526,0.0,0.0
37,5673091,5717091,0,86.3076923076923,2.2320950966995246,83.0,89.0,3.0,1.6583123951777,0.0,0.05133426045343826,0.08087348726593575,0.0,0.0
37,5681091,5717091,0,84.4,2.33238075793812,83.0,89.0,6.0,2.5495097567963922,0.0,0.025824707917791408,0.023419630916086787,0.0,0.0
37,5697091,5729091,0,83.42857142857143,0.4948716593053935,83.0,84.0,1.0,0.7071067811865476,0.0,0.040253860514404514,0.03535187898200695,0.0,0.0
37,5697091,5729091,0,83.42857142857143,0.4948716593053935,83.0,84.0,1.0,0.7071067811865476,0.0,0.040253860514404514,0.03535187898200695,0.0,0.0
37,5717091,5729091,0,83.5,0.5,83.0,84.0,0.0,0.816496580927726,0.0,0.05819445881432993,0.037367175478278114,0.0,0.0
37,5717091,5729091,0,83.5,0.5,83.0,84.0,0.0,0.816496580927726,0.0,0.05819445881432993,0.037367175478278114,0.0,0.0
37,8153616,8156620,0,89.0,0.0,89.0,89.0,0.0,0.0,0.0,0.17862347018937944,0.28606232735147913,0.0,0.0
37,8153616,8164741,0,88.81818181818181,0.5749595745760689,88.0,90.0,1.0,0.5477225575051661,0.0,0.18383745360821635,0.19275266000884264,0.0,0.0
37,8153616,8172741,0,89.0,0.7559289460184544,88.0,91.0,0.0,0.9607689228305228,0.0,0.15628527367400208,0.17929909165680627,0.0,0.0
37,8153616,8178741,0,88.75,0.7664854858377946,88.0,91.0,1.0,0.8271701918685112,0.0,0.12299385464208952,0.16003171221631246,0.0,0.0
37,8153616,8188741,0,88.34782608695652,1.4328049611551374,83.0,91.0,6.0,1.1677484162422844,0.0,0.117383412115198,0.15043947736186516,0.0,0.0
37,8153616,8196741,0,86.64516129032258,3.1576674434878114,81.0,91.0,8.0,1.0645812948447542,0.0,0.09550113127406522,0.1356751125018375,0.0,0.0
37,8160741,8204741,0,84.3030303030303,4.393416896833802,78.0,91.0,9.0,1.103970108290981,0.0,0.06289589765205132,0.06911503428121174,0.0,0.0
37,8172741,8212741,0,82.29411764705883,3.682465700209303,78.0,89.0,9.0,0.9692233691951198,0.0,0.03769146530471738,0.035076854730061634,0.0,0.0
37,8176741,8220741,0,80.28947368421052,3.641196266243757,73.0,88.0,15.0,1.0526671402243484,0.0,0.03599559691444491,0.033747466387568315,0.0,0.0
37,8188741,8228741,0,78.09756097560975,3.1219512195121952,72.0,83.0,9.0,0.85146931829632,0.0,0.030911337846036804,0.02762586144402575,0.0,0.0
37,8192741,8236741,0,77.42222222222222,2.8401008502351064,72.0,82.0,3.0,0.917010954628728,0.0,0.037327515491228924,0.03954375527757963,0.0,0.0
37,8200741,8242741,0,77.23255813953489,2.7180465737092057,72.0,81.0,3.0,0.9128709291752769,0.0,0.0362539674278989,0.03999235430254448,0.0,0.0
37,8208741,8242741,0,76.82857142857142,2.8333293317298676,72.0,81.0,1.0,0.985184366143778,0.0,0.039447555174749106,0.04343270296714462,0.0,0.0
37,8216741,8242741,0,76.11111111111111,2.7666443551086073,72.0,81.0,5.0,0.9805806756909202,0.0,0.04046462080113205,0.04500373102476863,0.0,0.0
37,8224741,8242741,0,77.0,2.7338039817306425,73.0,81.0,7.0,0.97182531580755,0.0,0.05027912182150611,0.050294828790569804,0.0,0.0
37,8232741,8242741,0,79.0909090909091,1.504813214295168,76.0,81.0,5.0,1.0488088481701516,0.0,0.047004100262115926,0.05422502731781817,0.0,0.0
37,8915806,8949083,1,85.42857142857143,1.7612611437054218,84.0,89.0,0.0,2.449489742783178,0.0,0.1119704080657027,0.12928043631083197,0.0,0.0
37,8915806,8957083,1,82.66666666666667,3.003701420285016,79.0,89.0,4.0,1.7728105208558367,0.0,0.13488187032616508,0.13696190946955408,0.0,0.0
37,8942083,8965083,1,81.45,2.6358110706194404,79.0,89.0,5.0,1.504379571363837,0.0,0.14111849359081288,0.13175076913943992,0.0,0.0
38,5506062,5550062,0,81.45454545454545,5.297746285212169,75.0,90.0,12.0,1.118033988749895,0.0,0.01996037290729212,0.02091779033591767,0.0,0.0
38,5514062,5558062,0,79.70588235294117,3.8081137199151796,75.0,89.0,6.0,1.2060453783110545,0.0,0.021324197936100023,0.021067414800295264,0.0,0.0
38,5525062,5566062,0,79.17142857142858,2.7201440538084354,75.0,84.0,2.0,1.0846522890932808,0.0,0.022198655438045417,0.021942371465484077,0.0,0.0
38,5531062,5568062,0,79.22857142857143,2.809023361401247,75.0,85.0,3.0,1.0981267472114393,0.0,0.021722544821983134,0.02207388661339243,0.0,0.0
38,5538062,5582062,0,79.73333333333333,3.7052515284240677,75.0,88.0,11.0,1.18903032065977,0.0,0.025309594187997695,0.021937582123957314,0.0,0.0
39,1043573,1088416,1,83.83720930232558,2.332083932413335,80.0,91.0,9.0,0.7071067811865476,0.0,0.017251541889991822,0.01808207461990907,0.0,0.0
39,1051666,1092416,1,84.92307692307692,3.284654416389718,80.0,92.0,8.0,0.7254762501100116,0.0,0.016145771199808607,0.017512843074199817,0.0,0.0
39,1059666,1092416,1,85.09677419354838,3.6575581375634494,80.0,92.0,8.0,0.7302967433402214,0.0,0.014868946422007707,0.018605927146702218,0.0,0.0
39,1067666,1092416,1,85.47826086956522,4.179344292416666,80.0,92.0,9.0,0.8257228238447705,0.0,0.016824251667772315,0.02092785905874026,0.0,0.0
39,1076416,1120416,1,85.57894736842105,5.4223299466061174,73.0,92.0,8.0,4.109609335312651,0.05555555555555555,0.021399774348086327,0.025187895428779083,0.0,0.0
39,1084416,1128416,1,80.42105263157895,9.432953377298256,70.0,92.0,16.0,4.096068575814836,0.05555555555555555,0.01746955496633933,0.02553642228139355,0.0,0.0
39,1092416,1130416,1,73.07692307692308,5.608531118017903,70.0,92.0,21.0,4.9749371855331,0.08333333333333333,0.011935658032279778,0.018187590626059517,0.0,0.0
39,1118416,1130416,1,71.5,1.3228756555322954,70.0,75.0,4.0,0.8528028654224418,0.0,0.01290647326535139,0.018603813812270453,0.0,0.0
39,1118416,1130416,1,71.5,1.3228756555322954,70.0,75.0,4.0,0.8528028654224418,0.0,0.01290647326535139,0.018603813812270453,0.0,0.0
39,1118416,1130416,1,71.5,1.3228756555322954,70.0,75.0,4.0,0.8528028654224418,0.0,0.01290647326535139,0.018603813812270453,0.0,0.0
39,1124416,1130416,1,70.71428571428571,0.4517539514526256,70.0,71.0,0.0,0.5773502691896257,0.0,0.008558986427983918,0.007812357307008731,0.0,0.0
39,1699431,1703758,1,75.8,1.16619037896906,75.0,78.0,3.0,1.6583123951777,0.0,0.03550346443362501,0.04847739347870954,0.0,0.0
39,1699431,1711758,1,77.0,1.4675987714106855,75.0,79.0,1.0,1.3844373104863459,0.0,0.03402836828081752,0.03670025548369081,0.0,0.0
39,1699431,1718758,1,76.78947368421052,1.3210421471590665,75.0,79.0,0.0,1.247219128924647,0.0,0.027025798839834254,0.03223978389465336,0.0,0.0
39,1699431,1727758,1,76.65,1.4239030865898141,74.0,79.0,1.0,1.2354415362426845,0.0,0.0301892202687416,0.03431575366935406,0.0,0.0
39,1699431,1735758,1,76.52173913043478,1.3790218719264093,74.0,79.0,0.0,1.243163121016122,0.0,0.039507453505722295,0.056525522304464206,0.0,0.0
39,1700431,1743758,1,76.67857142857143,1.2550916707718272,74.0,79.0,2.0,1.247219128924647,0.0,0.04214016621672972,0.052511592611674006,0.0,0.0
39,1707758,1751758,1,75.79310344827586,1.7690697018456083,71.0,79.0,8.0,1.0,0.0,0.03532164212819678,0.04834006526346507,0.0,0.0
39,1715758,1759758,1,73.93103448275862,2.6900972227368394,69.0,78.0,7.0,1.118033988749895,0.0,0.05468567985901533,0.06259320247443168,0.0,0.0
39,1727758,1767758,1,73.76470588235294,2.532829428424822,69.0,78.0,2.0,1.1009637651263606,0.0,0.05809521379468364,0.05900439141949251,0.0,0.0
39,1731758,1775758,1,73.75,2.384848003542364,69.0,78.0,3.0,1.0741723110591492,0.0,0.05818058808764055,0.06132293806948326,0.0,0.0
39,1739758,1779758,1,73.8780487804878,2.4712505173639685,69.0,78.0,0.0,1.0954451150103321,0.0,0.05522131951997226,0.0528676977168572,0.0,0.0
39,1747758,1788758,1,73.42857142857143,2.3698790118088824,69.0,78.0,1.0,1.1757350641945108,0.0,0.057931512057303805,0.0561971226632895,0.0,0.0
39,1755758,1788758,1,73.85185185185185,2.429810291386181,69.0,78.0,5.0,1.255755978254962,0.0,0.06576286042950198,0.06020448243222935,0.0,0.0
39,1763758,1788758,1,75.10526315789474,1.5524085477634344,72.0,78.0,1.0,1.224744871391589,0.0,0.05780717391530764,0.05159458601239907,0.0,0.0
39,1771758,1788758,1,75.0,1.954016841836789,72.0,78.0,0.0,1.4142135623730951,0.0,0.06260343779588819,0.05666605894702868,0.0,0.0
39,2917109,2920440,1,79.2,0.9797958971132712,78.0,80.0,0.0,1.4142135623730951,0.0,0.029953189073552794,0.02213890045616574,0.0,0.0
39,2917109,2925440,1,78.9,1.0440306508910548,77.0,80.0,0.0,1.4142135623730951,0.0,0.029002019968843985,0.024919565261139913,0.0,0.0
39,2917109,2925440,1,78.9,1.0440306508910548,77.0,80.0,0.0,1.4142135623730951,0.0,0.029002019968843985,0.024919565261139913,0.0,0.0
39,2917109,2925440,1,78.9,1.0440306508910548,77.0,80.0,0.0,1.4142135623730951,0.0,0.029002019968843985,0.024919565261139913,0.0,0.0
39,2917109,2925440,1,78.9,1.0440306508910548,77.0,80.0,0.0,1.4142135623730951,0.0,0.029002019968843985,0.024919565261139913,0.0,0.0
39,2917109,2925440,1,78.9,1.0440306508910548,77.0,80.0,0.0,1.4142135623730951,0.0,0.029002019968843985,0.024919565261139913,0.0,0.0
39,2985467,2989467,1,89.4,1.019803902718557,88.0,91.0,3.0,0.8660254037844386,0.0,0.018791552791316647,0.012085171992754391,0.0,0.0
39,2985467,2989467,1,89.4,1.019803902718557,88.0,91.0,3.0,0.8660254037844386,0.0,0.018791552791316647,0.012085171992754391,0.0,0.0
39,2985467,2989467,1,89.4,1.019803902718557,88.0,91.0,3.0,0.8660254037844386,0.0,0.018791552791316647,0.012085171992754391,0.0,0.0
39,2985467,2989467,1,89.4,1.019803902718557,88.0,91.0,3.0,0.8660254037844386,0.0,0.018791552791316647,0.012085171992754391,0.0,0.0
39,2985467,2989467,1,89.4,1.019803902718557,88.0,91.0,3.0,0.8660254037844386,0.0,0.018791552791316647,0.012085171992754391,0.0,0.0
39,5511175,5520175,1,87.3,1.5524174696260025,85.0,90.0,4.0,1.1547005383792515,0.0,0.03164440113655019,0.02684778286952144,0.0,0.0
39,5511175,5528178,1,87.0,1.4907119849998598,85.0,90.0,0.0,1.3284223283101428,0.0,0.044657830169422943,0.04064221529584386,0.0,0.0
4,1279364,1291364,1,93.0909090909091,0.51425947722658,92.0,94.0,1.0,0.5477225575051661,0.0,0.019735746497702995,0.022281969337089255,0.0,0.0
4,1287364,1291364,1,93.4,0.4898979485566356,93.0,94.0,1.0,0.5,0.0,0.03236803314671358,0.027399483111896085,0.0,0.0
4,1686713,1691713,0,93.66666666666667,0.47140452079103173,93.0,94.0,1.0,0.4472135954999579,0.0,0.04350526135181867,0.028768517641697803,0.0,0.0
4,1686713,1693713,0,93.75,0.4330127018922193,93.0,94.0,1.0,0.3779644730092272,0.0,0.03468576429871624,0.0294127413673615,0.0,0.0
4,1686713,1704713,0,94.0909090909091,0.668042657122685,93.0,95.0,2.0,0.4472135954999579,0.0,0.026720842727106665,0.028395017030276946,0.0,0.0
4,1686713,1715713,0,93.76923076923077,0.9730085108210398,92.0,95.0,1.0,0.9574271077563381,0.0,0.023906804389229618,0.026940539139535626,0.0,0.0
4,1686713,1723713,0,93.52380952380952,1.1388819755334665,92.0,95.0,2.0,0.8366600265340756,0.0,0.020052089365310118,0.022773441725587713,0.0,0.0
4,1687713,1723713,0,93.55,1.1608186766243898,92.0,95.0,2.0,0.8583950752789521,0.0,0.019621505956812675,0.02325226197437655,0.0,0.0
4,1702713,1723713,0,93.38461538461539,1.3888823142513684,92.0,95.0,0.0,1.0,0.0,0.01104675094475251,0.009619462136372402,0.0,0.0
4,1703713,1723713,0,93.25,1.3616778865306827,92.0,95.0,0.0,1.044465935734187,0.0,0.010880147134162903,0.009994217527636774,0.0,0.0
4,1714713,1750713,0,91.9090909090909,3.3426866019727703,82.0,95.0,10.0,4.147288270665544,0.1,0.01493072737720333,0.011809832969620408,0.0,0.0
4,1719713,1750713,0,91.83333333333333,4.524623986832743,82.0,95.0,10.0,5.865151319446072,0.2,0.02025759037495843,0.013594327791564768,0.0,0.0
4,5021498,5027500,0,98.85714285714286,0.34992710611188255,98.0,99.0,1.0,0.408248290463863,0.0,0.033287151585009375,0.025703273031445303,0.0,0.0
4,5021498,5035846,0,99.42857142857143,0.9035079029052512,98.0,101.0,3.0,0.4803844614152614,0.0,0.04448375214372339,0.04791983530048067,0.0,0.0
4,5021498,5036846,0,99.6,1.083205120618128,98.0,102.0,4.0,0.5345224838248488,0.0,0.04342490967841095,0.046464172262139045,0.0,0.0
4,5021498,5036846,0,99.6,1.083205120618128,98.0,102.0,4.0,0.5345224838248488,0.0,0.04342490967841095,0.046464172262139045,0.0,0.0
4,5021498,5036846,0,99.6,1.083205120618128,98.0,102.0,4.0,0.5345224838248488,0.0,0.04342490967841095,0.046464172262139045,0.0,0.0
4,5023500,5036846,0,99.76923076923077,1.0490908997681427,99.0,102.0,3.0,0.5,0.0,0.04761551623015976,0.04855025669945883,0.0,0.0
4,5031846,5036846,0,101.0,0.6324555320336759,100.0,102.0,2.0,0.7071067811865476,0.0,0.0745919165200177,0.06215685587754618,0.0,0.0
4,6368031,6380031,0,98.18181818181819,0.9359663764533637,97.0,100.0,2.0,0.7745966692414834,0.0,0.023640828201994934,0.024837999684561164,0.0,0.0
4,6368031,6383031,0,98.14285714285714,0.832993127835043,97.0,100.0,2.0,0.6793662204867574,0.0,0.028970216175196677,0.027425402850092907,0.0,0.0
4,6368031,6396031,0,97.11764705882354,2.3485252679620148,92.0,100.0,8.0,1.4142135623730951,0.0,0.02536976855984316,0.02610258701823421,0.0,0.0
4,6368031,6400031,0,96.28571428571429,2.7280353499814294,92.0,100.0,7.0,1.3228756555322954,0.0,0.028674742789559515,0.025324886127229964,0.0,0.0
4,6368031,6400031,0,96.28571428571429,2.7280353499814294,92.0,100.0,7.0,1.3228756555322954,0.0,0.028674742789559515,0.025324886127229964,0.0,0.0
4,6376031,6420031,0,95.23529411764706,2.6464051480475272,92.0,98.0,5.0,1.3919410907075054,0.0,0.03238318096433737,0.02647466445162481,0.0,0.0
4,6394031,6425031,0,92.5,0.7319250547113999,91.0,94.0,1.0,0.8320502943378437,0.0,0.02871352871109507,0.020095420947941593,0.0,0.0
4,6394031,6425031,0,92.5,0.7319250547113999,91.0,94.0,1.0,0.8320502943378437,0.0,0.02871352871109507,0.020095420947941593,0.0,0.0
4,6400031,6425031,0,92.5,0.8660254037844386,91.0,94.0,1.0,0.8451542547285166,0.0,0.0325505598523737,0.020277844900644708,0.0,0.0
4,6419031,6425031,0,92.42857142857143,0.9035079029052513,91.0,94.0,2.0,0.816496580927726,0.0,0.029343261403904964,0.019688536198995243,0.0,0.0
4,6419031,6425031,0,92.42857142857143,0.9035079029052513,91.0,94.0,2.0,0.816496580927726,0.0,0.029343261403904964,0.019688536198995243,0.0,0.0
4,7580142,7588142,0,96.0,1.4142135623730951,94.0,98.0,4.0,0.7071067811865476,0.0,0.021640118768006936,0.011085840077756927,0.0,0.0
4,7580142,7595620,0,96.14285714285714,1.3014905113063284,94.0,98.0,0.0,0.7844645405527362,0.0,0.029509730604199362,0.015546804570350936,0.0,0.0
4,7580142,7603620,0,96.42105263157895,1.2275688199674317,94.0,98.0,1.0,0.7071067811865476,0.0,0.031592554602301634,0.018560825239232998,0.0,0.0
4,7580142,7606620,0,96.68181818181819,1.3275528969554755,94.0,99.0,0.0,0.7559289460184544,0.0,0.032657292624552164,0.01914244959512494,0.0,0.0
4,7580142,7606620,0,96.68181818181819,1.3275528969554755,94.0,99.0,0.0,0.7559289460184544,0.0,0.032657292624552164,0.01914244959512494,0.0,0.0
40,4540521,4550322,1,91.3,0.6403124237432849,90.0,92.0,0.0,0.9428090415820634,0.0,0.01911032944721834,0.013987004402327027,0.0,0.0
40,4605322,4609322,1,91.0,0.0,91.0,91.0,0.0,0.0,0.0,0.0076543519913265705,0.004077488764316103,0.0,0.0
40,4605322,4617322,1,90.38461538461539,0.9230769230769231,88.0,91.0,3.0,0.6454972243679028,0.0,0.009523800920694853,0.007244648043111006,0.0,0.0
40,4605322,4625322,1,89.04761904761905,1.9142620230706457,86.0,91.0,5.0,0.6708203932499369,0.0,0.007930850341224184,0.006422825276887455,0.0,0.0
40,4605322,4628322,1,88.375,2.54644359843292,83.0,91.0,8.0,0.7801894976054939,0.0,0.010362075333391446,0.010902730842065772,0.0,0.0
40,4605322,4628322,1,88.375,2.54644359843292,83.0,91.0,8.0,0.7801894976054939,0.0,0.010362075333391446,0.010902730842065772,0.0,0.0
40,4605322,4628322,1,88.375,2.54644359843292,83.0,91.0,8.0,0.7801894976054939,0.0,0.010362075333391446,0.010902730842065772,0.0,0.0
40,4613322,4628322,1,87.125,2.2325713874364688,83.0,91.0,7.0,0.9309493362512627,0.0,0.00916747751709799,0.012123909025155309,0.0,0.0
40,4621322,4628322,1,85.375,1.4947825928876748,83.0,87.0,4.0,1.0690449676496976,0.0,0.014280248723614001,0.015389169951068205,0.0,0.0
40,4907414,4912884,1,81.16666666666667,0.6871842709362769,80.0,82.0,1.0,0.7745966692414834,0.0,0.018606216876152996,0.009651112287360973,0.0,0.0
40,4907414,4920884,1,83.07142857142857,1.9072899889740982,80.0,86.0,5.0,1.0,0.0,0.029037744914732346,0.029118269684535014,0.0,0.0
40,4907414,4927884,1,83.85714285714286,1.9829202679673343,80.0,87.0,4.0,1.0488088481701516,0.0,0.031329145814811624,0.032924231631498865,0.0,0.0
40,4907414,4927884,1,83.85714285714286,1.9829202679673343,80.0,87.0,4.0,1.0488088481701516,0.0,0.031329145814811624,0.032924231631498865,0.0,0.0
40,4907414,4944884,1,83.95652173913044,1.9219161830695952,80.0,87.0,5.0,1.02247471629109,0.0,0.031183583096346213,0.03172533818834783,0.0,0.0
40,4909884,4952884,1,83.70370370370371,2.087259674608203,78.0,87.0,3.0,1.1602387022306428,0.0,0.034226074485900156,0.040334973708965445,0.0,0.0
40,4916884,4960884,1,82.32142857142857,3.4022426577245803,77.0,87.0,8.0,1.0540925533894598,0.0,0.03881136333779411,0.04302163525008821,0.0,0.0
40,4924884,4968884,1,79.64285714285714,3.676316923559363,74.0,86.0,11.0,0.9622504486493763,0.0,0.02946160608179041,0.03662973699872438,0.0,0.0
40,4943884,4976884,1,78.15625,3.345793767927127,73.0,85.0,8.0,2.962126524709418,0.06451612903225806,0.03284308685303722,0.0391332709847979,0.0,0.0
40,4943884,4984884,1,77.6,3.2078029864690882,73.0,85.0,11.0,2.665063620734804,0.05128205128205128,0.029385060277049742,0.03650241046564498,0.0,0.0
40,4948884,4992884,1,76.73333333333333,2.4531159323965466,73.0,84.0,8.0,2.522624895547565,0.045454545454545456,0.023654540675554357,0.027133149638695522,0.0,0.0
40,4956884,4993884,1,76.07894736842105,1.855029847218643,73.0,84.0,0.0,2.681266340591548,0.05405405405405406,0.023351084289663232,0.02427034264865794,0.0,0.0
40,4964884,4993884,1,75.63333333333334,1.8345450541089352,73.0,84.0,1.0,3.0114723171965867,0.06896551724137931,0.021965380503238853,0.025315827975497224,0.0,0.0
40,4972884,4993884,1,75.81818181818181,2.059045755073841,73.0,84.0,0.0,3.491486243775878,0.09523809523809523,0.01783995782959157,0.020477275549241506,0.0,0.0
40,4980884,4993884,1,75.35714285714286,0.8112726208286106,74.0,77.0,2.0,0.7844645405527362,0.0,0.013338232425237271,0.009001262310710205,0.0,0.0
40,4988884,4993884,1,75.83333333333333,0.6871842709362768,75.0,77.0,1.0,0.7745966692414834,0.0,0.019388188350009553,0.007256853475775212,0.0,0.0
40,7520327,7523310,0,86.5,0.5,86.0,87.0,0.0,0.816496580927726,0.0,0.07271669148541957,0.09184310212473956,0.0,0.0
40,7520327,7523310,0,86.5,0.5,86.0,87.0,0.0,0.816496580927726,0.0,0.07271669148541957,0.09184310212473956,0.0,0.0
40,7520327,7523310,0,86.5,0.5,86.0,87.0,0.0,0.816496580927726,0.0,0.07271669148541957,0.09184310212473956,0.0,0.0
40,7520327,7523310,0,86.5,0.5,86.0,87.0,0.0,0.816496580927726,0.0,0.07271669148541957,0.09184310212473956,0.0,0.0
40,7520327,7523310,0,86.5,0.5,86.0,87.0,0.0,0.816496580927726,0.0,0.07271669148541957,0.09184310212473956,0.0,0.0
40,7564213,7569213,0,81.66666666666667,0.7453559924999299,81.0,83.0,1.0,0.7745966692414834,0.0,0.03996469613776082,0.05565942072247702,0.0,0.0
40,7564213,7577213,0,81.5,1.2392393980641052,79.0,83.0,2.0,0.7844645405527362,0.0,0.03552468894653446,0.047330736235753616,0.0,0.0
40,7564213,7585213,0,81.18181818181819,1.192261549873091,79.0,83.0,3.0,0.7867957924694432,0.0,0.038341123933830164,0.04506987009075504,0.0,0.0
40,7564213,7593213,0,80.53333333333333,1.6679994670929073,76.0,83.0,6.0,0.9468641529479986,0.0,0.031230122647004976,0.04082404071998119,0.0,0.0
40,7564213,7601213,0,79.55263157894737,2.4354548739841797,75.0,83.0,5.0,0.9725975251592747,0.0,0.04794961990515982,0.11952864171649899,0.0,0.0
41,993249,1037744,1,76.83720930232558,3.5629242794801033,71.0,82.0,7.0,0.9880235200593537,0.0,0.04995777782770304,0.09050125294710415,0.0,0.0
41,1001744,1045744,1,75.62222222222222,3.5545832003759683,70.0,81.0,10.0,1.044465935734187,0.0,0.040857921620616536,0.04608272962106209,0.0,0.0
41,1009744,1050744,1,74.70731707317073,3.054336401034456,70.0,80.0,2.0,1.161895003862225,0.0,0.04616225472063236,0.04996000990697864,0.0,0.0
41,1017744,1061744,1,74.78947368421052,3.798600121213923,70.0,84.0,5.0,1.4425952589278397,0.0,0.06658235460011142,0.13954308900292375,0.0,0.0
41,1025744,1068744,1,76.33333333333333,5.196152422706631,70.0,86.0,15.0,1.4040757000349275,0.0,0.05964340249989743,0.14369001401557452,0.0,0.0
41,1033744,1068744,1,77.42857142857143,5.368084065158839,70.0,86.0,11.0,1.551582227085438,0.0,0.07116796746846911,0.16097046633108653,0.0,0.0
41,1041744,1068744,1,79.15,5.424711973920827,70.0,86.0,13.0,1.670171752907624,0.0,0.0824413950399545,0.18668900285969753,0.0,0.0
41,1050744,1068744,1,83.33333333333333,1.8408935028645435,78.0,86.0,8.0,1.651445647689541,0.0,0.0819564698543383,0.2347134756653035,0.0,0.0
41,1057744,1068744,1,83.81818181818181,0.9359663764533637,83.0,86.0,3.0,0.7071067811865476,0.0,0.08931623790853777,0.24382092000995526,0.0,0.0
41,2200009,2203016,1,93.5,0.5,93.0,94.0,1.0,0.5773502691896257,0.0,0.3509514681321355,0.5290395336989585,0.0,0.0
41,2200009,2203016,1,93.5,0.5,93.0,94.0,1.0,0.5773502691896257,0.0,0.3509514681321355,0.5290395336989585,0.0,0.0
41,2200009,2203016,1,93.5,0.5,93.0,94.0,1.0,0.5773502691896257,0.0,0.3509514681321355,0.5290395336989585,0.0,0.0
41,2200009,2203016,1,93.5,0.5,93.0,94.0,1.0,0.5773502691896257,0.0,0.3509514681321355,0.5290395336989585,0.0,0.0
41,2200009,2238242,1,91.6,1.6852299546352716,89.0,94.0,2.0,1.632993161855452,0.0,0.1731271698127844,0.3657817578369474,0.0,0.0
41,2202014,2245355,1,91.26666666666667,1.3399834161494522,89.0,94.0,4.0,1.4142135623730951,0.0,0.20432998308775044,0.3540907585622579,0.0,0.0
41,2233242,2253355,1,90.71428571428571,0.9331389496316869,89.0,92.0,2.0,0.8944271909999159,0.0,0.09945833282631579,0.18420867675315866,0.0,0.0
41,2233242,2258355,1,91.11538461538461,1.2192974987805658,89.0,94.0,2.0,0.938083151964686,0.0,0.10616424175190914,0.1761179248429064,0.0,0.0
41,2233242,2265436,1,91.23333333333333,1.2023125864580955,89.0,94.0,3.0,0.9284766908852593,0.0,0.12127218204186822,0.17806058709130118,0.0,0.0
41,2234242,2265436,1,91.27586206896552,1.200475530036497,89.0,94.0,2.0,0.9258200997725514,0.0,0.12471869279929951,0.1801180590411723,0.0,0.0
41,2242245,2265436,1,91.42857142857143,1.256276757930754,89.0,94.0,1.0,0.8660254037844386,0.0,0.11728336192215834,0.13172473169550555,0.0,0.0
41,2249355,2265436,1,91.92857142857143,1.099628879881475,90.0,94.0,3.0,0.9198662110077999,0.0,0.13334555620208058,0.13233998177617495,0.0,0.0
41,2257355,2265436,1,92.33333333333333,0.9428090415820634,91.0,94.0,1.0,1.1832159566199232,0.0,0.18764968538020288,0.13693347526349062,0.0,0.0
41,3053887,3062173,0,93.77777777777777,0.6285393610547089,93.0,95.0,2.0,0.7071067811865476,0.0,0.06187492341007778,0.07110108506005573,0.0,0.0
41,3053887,3070173,0,93.91666666666667,0.6400954789890507,93.0,95.0,0.0,0.7385489458759964,0.0,0.06564754581834885,0.06640326876928407,0.0,0.0
41,3053887,3075173,0,94.6470588235294,1.280678885710426,93.0,97.0,2.0,0.7905694150420949,0.0,0.05186907521417354,0.06037725970456446,0.0,0.0
41,3053887,3075173,0,94.6470588235294,1.280678885710426,93.0,97.0,2.0,0.7905694150420949,0.0,0.05186907521417354,0.06037725970456446,0.0,0.0
41,3053887,3075173,0,94.6470588235294,1.280678885710426,93.0,97.0,2.0,0.7905694150420949,0.0,0.05186907521417354,0.06037725970456446,0.0,0.0
41,3058173,3075173,0,94.76923076923077,1.4225570776082255,93.0,97.0,4.0,0.816496580927726,0.0,0.04903559353761217,0.05316450046899127,0.0,0.0
41,3069173,3075173,0,95.85714285714286,0.989743318610787,94.0,97.0,3.0,0.9128709291752769,0.0,0.030473827430995228,0.03546150316732455,0.0,0.0
41,4191969,4197986,0,79.28571428571429,0.6998542122237652,78.0,80.0,1.0,0.7071067811865476,0.0,0.031149907112198675,0.015357180002409147,0.0,0.0
41,4191969,4206014,0,81.53333333333333,2.472964932132188,78.0,86.0,4.0,1.0690449676496976,0.0,0.04851851186760196,0.04601387017410877,0.0,0.0
41,4191969,4214226,0,81.6086956521739,2.1210975508957337,78.0,86.0,5.0,1.02247471629109,0.0,0.03962643728544022,0.04216593588544828,0.0,0.0
41,4191969,4222226,0,82.7741935483871,2.7204088570720018,78.0,87.0,6.0,0.9660917830792959,0.0,0.04923478797142419,0.0615621413774134,0.0,0.0
41,4191969,4230226,0,82.97435897435898,2.475388386901984,78.0,87.0,5.0,0.9318911162960933,0.0,0.05114509093191074,0.059326310873957455,0.0,0.0
41,4193975,4238226,0,83.68888888888888,2.5194551635200124,78.0,89.0,11.0,0.9414688716912718,0.0,0.0688082786687023,0.08155324404721287,0.0,0.0
41,4202014,4245226,0,84.97727272727273,2.3402470378887585,80.0,90.0,2.0,0.914991421995628,0.0,0.07195075812609657,0.08439343488713517,0.0,0.0
41,4210028,4253269,0,85.53488372093024,2.2344952836212677,80.0,90.0,5.0,0.9385906354489059,0.0,0.07039598441411443,0.08399077809748114,0.0,0.0
41,4218226,4261519,0,85.83720930232558,1.8034879972410507,83.0,90.0,3.0,0.9128709291752769,0.0,0.06305974922118181,0.07586613168676473,0.0,0.0
41,4226226,4269519,0,85.27906976744185,2.2342532324605484,81.0,90.0,1.0,0.9385906354489059,0.0,0.0537506244349341,0.07631740307073281,0.0,0.0
41,4234226,4277519,0,84.65116279069767,2.9639988774613615,79.0,90.0,6.0,0.9511897312113419,0.0,0.039741835809194395,0.06152919665631697,0.0,0.0
41,4242226,4281519,0,83.64102564102564,2.655301223794794,79.0,89.0,5.0,0.9318911162960933,0.0,0.02768243412943167,0.03834142474712955,0.0,0.0
41,4249253,4281519,0,83.0,2.335496832484569,79.0,88.0,5.0,0.8838834764831844,0.0,0.019579655664282873,0.022268132175267998,0.0,0.0
41,4257519,4281519,0,82.12,1.9041008376659048,79.0,86.0,2.0,0.8660254037844386,0.0,0.014819221946419823,0.012525763176773902,0.0,0.0
41,4265519,4281519,0,81.29411764705883,1.4043925160368613,79.0,84.0,2.0,0.8660254037844386,0.0,0.01767771694604978,0.013989875450425926,0.0,0.0
41,4273519,4281519,0,80.55555555555556,1.2570787221094177,79.0,83.0,2.0,0.8660254037844386,0.0,0.02138285313731943,0.01546628957974754,0.0,0.0
41,5012203,5021593,0,89.8,1.0770329614269007,88.0,92.0,1.0,1.1055415967851334,0.0,0.1789552982584969,0.19869348949750387,0.0,0.0
41,5012203,5029593,0,90.88888888888889,1.4865653511399615,88.0,93.0,0.0,0.9701425001453319,0.0,0.2840689059726238,0.42887770107809464,0.0,0.0
41,5012203,5037593,0,91.53846153846153,1.6226940853637681,88.0,94.0,2.0,0.8944271909999159,0.0,0.238064260925909,0.37116495906589614,0.0,0.0
41,5012203,5045593,0,91.6969696969697,1.5072521352055621,88.0,94.0,0.0,0.9013878188659973,0.0,0.24179630321933018,0.35882070651216635,0.0,0.0
41,5012203,5053593,0,91.8,1.5269016246728444,88.0,94.0,2.0,0.9074852129730301,0.0,0.22882035999960146,0.35238913987477416,0.0,0.0
41,5018593,5061593,0,92.4054054054054,1.1018279519264598,89.0,94.0,3.0,0.7637626158259734,0.0,0.23230748577923876,0.34368172150383164,0.0,0.0
41,5025593,5062593,0,92.74193548387096,0.7169713151900924,91.0,94.0,1.0,0.752772652709081,0.0,0.2421499204363111,0.3631002379164468,0.0,0.0
41,5033593,5062593,0,92.8695652173913,0.7404081028663652,91.0,94.0,1.0,0.7071067811865476,0.0,0.18420253430424882,0.22289311661872388,0.0,0.0
41,5042593,5085681,0,91.16666666666667,3.5784850922639815,83.0,94.0,8.0,2.0579830217101063,0.058823529411764705,0.19877166578946234,0.2346325917383482,0.0,0.0
41,5052593,5093459,0,88.75,4.7315430886762515,83.0,94.0,9.0,1.9056702094980709,0.05263157894736842,0.11343005809729842,0.14164808431805828,0.0,0.0
43,4389736,4396757,1,83.85714285714286,1.8070158058105026,80.0,86.0,1.0,2.1984843263788196,0.0,0.06267195741775211,0.04658451669398312,0.0,0.0
43,4455002,4471002,1,83.0,2.0,81.0,85.0,4.0,2.309401076758503,0.0,0.02664335898922532,0.030857044786407148,0.0,0.0
43,4455002,4471002,1,83.0,2.0,81.0,85.0,4.0,2.309401076758503,0.0,0.02664335898922532,0.030857044786407148,0.0,0.0
43,4455002,4471002,1,83.0,2.0,81.0,85.0,4.0,2.309401076758503,0.0,0.02664335898922532,0.030857044786407148,0.0,0.0
43,4455002,4471002,1,83.0,2.0,81.0,85.0,4.0,2.309401076758503,0.0,0.02664335898922532,0.030857044786407148,0.0,0.0
43,7641479,7647501,0,91.14285714285714,1.124858267715973,90.0,93.0,2.0,0.816496580927726,0.0,0.025712323453929296,0.003514729780795148,0.0,0.0
43,7641479,7653089,0,90.875,1.2686114456365274,89.0,93.0,3.0,0.8451542547285166,0.0,0.027621464527547587,0.006026848034075697,0.0,0.0
43,7641479,7659089,0,90.88888888888889,1.1967032904743342,89.0,93.0,1.0,1.0606601717798212,0.0,0.04106048435950805,0.03843364479342178,0.0,0.0
43,7641479,7659089,0,90.88888888888889,1.1967032904743342,89.0,93.0,1.0,1.0606601717798212,0.0,0.04106048435950805,0.03843364479342178,0.0,0.0
43,7641479,7681089,0,91.0,1.1832159566199232,89.0,93.0,0.0,1.0540925533894598,0.0,0.037985524489173146,0.03761022401865955,0.0,0.0
43,7646499,7681089,0,90.4,1.019803902718557,89.0,92.0,2.0,1.224744871391589,0.0,0.05034622344861818,0.05013103325906095,0.0,0.0
44,486031,527031,1,86.53846153846153,1.4472990555559062,84.0,88.0,3.0,1.0408329997330663,0.0,0.07152794898538682,0.1554453787973244,0.0,0.0
44,494031,538031,1,82.76923076923077,2.3908108104492394,80.0,88.0,6.0,1.224744871391589,0.0,0.06937787886768339,0.15540546592346713,0.0,0.0
44,525031,546031,1,82.0,1.1697953037312037,80.0,84.0,1.0,0.7817359599705717,0.0,0.048690951180312844,0.07145614078668981,0.0,0.0
44,525031,548031,1,82.23809523809524,1.3418097908195592,80.0,85.0,1.0,0.806225774829855,0.0,0.06023459968488608,0.07671856790558086,0.0,0.0
44,525031,548031,1,82.23809523809524,1.3418097908195592,80.0,85.0,1.0,0.806225774829855,0.0,0.06023459968488608,0.07671856790558086,0.0,0.0
44,526031,548031,1,82.15,1.3143439428094914,80.0,85.0,1.0,0.8271701918685112,0.0,0.06251588365094195,0.07791492929694492,0.0,0.0
44,534031,548031,1,82.13333333333334,1.203698005684519,81.0,85.0,4.0,0.6546536707079771,0.0,0.07664869771916134,0.08513669751398308,0.0,0.0
44,542031,548031,1,83.14285714285714,0.989743318610787,82.0,85.0,3.0,0.7071067811865476,0.0,0.0961327545531937,0.06633273143071211,0.0,0.0
44,6265859,6274859,1,105.6,0.66332495807108,105.0,107.0,1.0,0.5773502691896257,0.0,0.050697999114942584,0.045379978564099865,0.0,0.0
44,6265859,6282859,1,107.33333333333333,2.2852182001336816,105.0,112.0,6.0,0.6859943405700354,0.0,0.03594555067340831,0.038056384496431145,0.0,0.0
6,2290054,2333054,0,88.13333333333334,3.263263533472111,83.0,95.0,4.0,1.4142135623730951,0.0,0.09035865739029086,0.12266905871900459,0.0,0.0
6,2298054,2333054,0,87.8695652173913,3.63921094918984,83.0,95.0,6.0,1.5666989036012806,0.0,0.09959889622771417,0.1381006435866372,0.0,0.0
7,3040140,3052140,0,98.81818181818181,1.192261549873091,97.0,102.0,5.0,1.140175425099138,0.0,0.01215165601351661,0.011703210072987616,0.0,0.0
9,463781,493552,1,107.23809523809524,1.2688488185213551,106.0,111.0,4.0,1.0,0.0,0.06489572425637648,0.13165141787675416,0.0,0.0
9,472552,493552,1,107.42857142857143,1.4982983545287878,106.0,111.0,5.0,1.2089410496539776,0.0,0.08055672032940156,0.1568368611388025,0.0,0.0
9,480552,493552,1,108.33333333333333,1.8856180831641267,107.0,111.0,4.0,1.7888543819998317,0.0,0.155934319724608,0.216685954772337,0.0,0.0
9,1075135,1098359,1,104.0,0.0,104.0,104.0,0.0,0.0,0.0,0.07761851744247991,0.0732739234789904,0.0,0.0
9,1075135,1098359,1,104.0,0.0,104.0,104.0,0.0,0.0,0.0,0.07761851744247991,0.0732739234789904,0.0,0.0
9,1075135,1116359,1,103.66666666666667,0.7453559924999299,102.0,104.0,2.0,0.8944271909999159,0.0,0.07438621893359403,0.0672789862185079,0.0,0.0
9,1095359,1124360,1,103.0,1.0,102.0,104.0,2.0,0.7559289460184544,0.0,0.0718574785766539,0.05698130429438883,0.0,0.0
9,1095359,1124360,1,103.0,1.0,102.0,104.0,2.0,0.7559289460184544,0.0,0.0718574785766539,0.05698130429438883,0.0,0.0
9,1096359,1124360,1,102.85714285714286,0.989743318610787,102.0,104.0,2.0,0.816496580927726,0.0,0.05915325836872222,0.04918871602829711,0.0,0.0
9,1116359,1142393,1,102.4,0.8,102.0,104.0,2.0,1.0,0.0,0.040480361391568624,0.0211850192902365,0.0,0.0
9,1116359,1142393,1,102.4,0.8,102.0,104.0,2.0,1.0,0.0,0.040480361391568624,0.0211850192902365,0.0,0.0
9,1122359,1142393,1,102.5,0.8660254037844386,102.0,104.0,2.0,1.1547005383792515,0.0,0.03604427014216964,0.021508411727615886,0.0,0.0
9,2343448,2348448,1,99.5,0.5,99.0,100.0,0.0,0.6324555320336759,0.0,0.01116822247909003,0.00538323595434999,0.0,0.0
9,2343448,2356448,1,100.71428571428571,1.3324827218698305,99.0,103.0,1.0,0.7337993857053428,0.0,0.013606999809243694,0.014823784301709587,0.0,0.0
9,2343448,2364448,1,100.18181818181819,1.4024771473219555,98.0,103.0,2.0,0.6900655593423543,0.0,0.012590923954063648,0.012144193456889807,0.0,0.0
9,2343448,2372448,1,99.43333333333334,1.7641491496532322,96.0,103.0,4.0,0.6432675209026769,0.0,0.019264758825845205,0.0232825971466596,0.0,0.0
