subject,window_start_ms,window_end_ms,label,hr_mean,hr_std,hr_min,hr_max,hr_delta_abs,rmssd,pnn50,motion_mean,motion_std,temp_mean,temp_spread
1,492488,552325,0,97.94117647058823,1.8620225636875782,95.0,100.0,4.0,1.2747548783981961,0.0,0.04120455079952294,0.05797340758440171,0.0,0.0
1,500487,554325,0,96.25,1.920286436967152,93.0,100.0,5.0,1.5075567228888183,0.0,0.0661998122675533,0.062306350211934446,0.0,0.0
1,505325,554325,0,96.1,2.0223748416156684,93.0,100.0,2.0,1.4907119849998598,0.0,0.06421304485277482,0.062407565372449604,0.0,0.0
1,521325,554325,0,95.85714285714286,2.2314999074019015,93.0,100.0,7.0,1.35400640077266,0.0,0.061124264515010907,0.07389345514956659,0.0,0.0
1,521325,576325,0,96.0,2.1213203435596424,93.0,100.0,3.0,1.9639610121239315,0.0,0.05759963803803554,0.0697472101041594,0.0,0.0
1,541325,577325,0,95.5,1.5,93.0,98.0,2.0,1.8516401995451028,0.0,0.04149488754221215,0.03751447394081385,0.0,0.0
1,541325,577325,0,95.5,1.5,93.0,98.0,2.0,1.8516401995451028,0.0,0.04149488754221215,0.03751447394081385,0.0,0.0
1,541325,577325,0,95.5,1.5,93.0,98.0,2.0,1.8516401995451028,0.0,0.04149488754221215,0.03751447394081385,0.0,0.0
1,541325,577325,0,95.5,1.5,93.0,98.0,2.0,1.8516401995451028,0.0,0.04149488754221215,0.03751447394081385,0.0,0.0
1,550325,577325,0,95.14285714285714,1.2453996981544782,93.0,97.0,0.0,1.8257418583505538,0.0,0.04310584101723584,0.03984497899703895,0.0,0.0
1,553325,577325,0,95.0,1.5811388300841898,93.0,97.0,2.0,2.449489742783178,0.0,0.07184524613233578,0.028943486444843205,0.0,0.0
1,3109754,3113758,0,95.8,0.7483314773547882,95.0,97.0,2.0,0.7071067811865476,0.0,0.005287278501587987,0.0033398149440475207,0.0,0.0
1,3109754,3118764,0,95.8,0.7483314773547882,95.0,97.0,0.0,0.6666666666666666,0.0,0.03662316916460277,0.056340366542976784,0.0,0.0
1,3109754,3125745,0,96.75,1.3919410907075054,95.0,99.0,1.0,0.7745966692414834,0.0,0.04000474934389278,0.050647044394304924,0.0,0.0
1,3109754,3131745,0,97.05263157894737,1.468034282208563,95.0,99.0,1.0,0.7817359599705717,0.0,0.03601171142637254,0.047392358276222915,0.0,0.0
1,3109754,3137745,0,97.24,1.335065541462291,95.0,99.0,1.0,0.7359800721939872,0.0,0.02945365637367822,0.04302248148497017,0.0,0.0
1,3109754,3143745,0,97.38709677419355,1.235951229720517,95.0,99.0,1.0,0.6582805886043833,0.0,0.02521659768238768,0.039642665379967544,0.0,0.0
1,3109754,3149745,0,97.45945945945945,1.153012378794678,95.0,99.0,0.0,0.6236095644623235,0.0,0.023481424502680436,0.036569256734516394,0.0,0.0
1,3109754,3155745,0,97.44186046511628,1.0848282595061023,95.0,99.0,0.0,0.6172133998483676,0.0,0.024659545027163925,0.034811984004636407,0.0,0.0
1,3109754,3161745,0,97.16326530612245,1.3753951384076937,93.0,99.0,4.0,0.67700320038633,0.0,0.024432082453793403,0.03329106222360944,0.0,0.0
1,3109754,3167745,0,96.76363636363637,1.736910908518981,93.0,99.0,4.0,0.6666666666666666,0.0,0.022918754559268048,0.03173228446966282,0.0,0.0
1,3114759,3173745,0,96.39285714285714,2.160345304976659,92.0,99.0,2.0,0.6875516509523286,0.0,0.023019501825110224,0.03141042985492781,0.0,0.0
1,3120745,3179745,0,95.98245614035088,2.52351208945394,92.0,99.0,6.0,0.6546536707079771,0.0,0.017407309290246833,0.020175047395984372,0.0,0.0
1,3126745,3185745,0,95.36842105263158,2.5998082179428357,91.0,99.0,5.0,0.6408699444616557,0.0,0.013142935975978966,0.012782271804676839,0.0,0.0
1,3132745,3191745,0,95.23333333333333,2.438350991050213,91.0,98.0,2.0,0.6638357975446149,0.0,0.012384702960546463,0.012620918746584104,0.0,0.0
1,3138745,3197745,0,94.95,2.2834549845938863,91.0,98.0,4.0,0.6638357975446149,0.0,0.012746632228894106,0.012867270534318586,0.0,0.0
1,3144745,3198745,0,94.6,2.13711785526038,91.0,98.0,4.0,0.693888666488711,0.0,0.013306873865055777,0.013232203696878457,0.0,0.0
1,3150745,3198745,0,94.20408163265306,1.9164123777254662,91.0,98.0,3.0,0.7216878364870323,0.0,0.013158773145569591,0.013874814203083695,0.0,0.0
1,3156745,3198745,0,93.76744186046511,1.6115456873553873,91.0,97.0,3.0,0.7400128699009549,0.0,0.010540282664279933,0.01052481260261141,0.0,0.0
1,3162745,3198745,0,93.54054054054055,1.4994520547762376,91.0,97.0,1.0,0.6871842709362768,0.0,0.008551906770167811,0.006445454462485075,0.0,0.0
1,3168745,3198745,0,93.54838709677419,1.6231929839237578,91.0,97.0,2.0,0.6831300510639732,0.0,0.008163260966849783,0.006866881790021212,0.0,0.0
1,3174745,3198745,0,93.8,1.6970562748477143,91.0,97.0,2.0,0.6454972243679028,0.0,0.007922563840718936,0.00666197406571668,0.0,0.0
1,3180745,3198745,0,94.36842105263158,1.5630781478860527,91.0,97.0,2.0,0.7453559924999299,0.0,0.008165487870630981,0.006899793452560981,0.0,0.0
1,3186745,3198745,0,95.23076923076923,0.890448992522325,94.0,97.0,0.0,0.7071067811865476,0.0,0.009566865430692338,0.007854824111002225,0.0,0.0
1,3192745,3198745,0,94.85714285714286,0.6388765649999399,94.0,96.0,2.0,0.5773502691896257,0.0,0.012326842285459941,0.00971383178717872,0.0,0.0
1,3598207,3606225,0,92.55555555555556,0.4969039949999533,92.0,93.0,0.0,0.7071067811865476,0.0,0.012124263942187677,0.017710773080994637,0.0,0.0
1,3598207,3610232,0,92.6923076923077,0.46153846153846145,92.0,93.0,0.0,0.5773502691896257,0.0,0.012603900483781932,0.015613930000552514,0.0,0.0
1,3598207,3617243,0,92.72222222222223,0.7307192465536614,91.0,94.0,2.0,0.6859943405700354,0.0,0.014086481324226284,0.014486484256077202,0.0,0.0
1,3598207,3624020,0,92.5,0.9746794344808963,90.0,94.0,3.0,0.6882472016116853,0.0,0.014411410299406091,0.01385171808237915,0.0,0.0
1,3598207,3630020,0,92.23076923076923,1.0117651106127619,90.0,94.0,2.0,0.7483314773547883,0.0,0.016782653830652996,0.016077364355953104,0.0,0.0
1,3598207,3636020,0,91.78125,1.3859648038460428,88.0,94.0,5.0,0.7405316311773545,0.0,0.01811194068591719,0.01847974782377829,0.0,0.0
1,3598207,3642020,0,91.21052631578948,1.8375884473785362,88.0,94.0,4.0,0.6974858324629157,0.0,0.017194983404670256,0.01778546901714433,0.0,0.0
1,3598207,3648020,0,91.06818181818181,1.7888255069220353,88.0,94.0,1.0,0.6988362419217079,0.0,0.01866418872611334,0.02013045217410696,0.0,0.0
1,3598207,3654020,0,91.16,1.7130090484291083,88.0,94.0,2.0,0.6998542122237652,0.0,0.01810392486885114,0.01938833773263706,0.0,0.0
1,3601213,3660020,0,91.0,1.636840029758213,88.0,94.0,1.0,0.6933752452815364,0.0,0.01948172428598,0.01956590794040941,0.0,0.0
1,3607227,3666020,0,90.9245283018868,1.6001067960086182,88.0,94.0,0.0,0.6793662204867574,0.0,0.03184334713941749,0.049974998177153084,0.0,0.0
1,3613236,3672020,0,91.05454545454545,1.7100577536039998,88.0,94.0,0.0,0.7453559924999299,0.0,0.03315369574191726,0.04937799866582273,0.0,0.0
1,3623020,3678020,0,91.25,1.9015970731391623,88.0,95.0,3.0,0.7261354744623948,0.0,0.036316205933970766,0.04886964857400538,0.0,0.0
1,3625020,3684020,0,91.33333333333333,1.8499249234015476,88.0,95.0,0.0,0.6888949638271721,0.0,0.03637731040160901,0.0473524768721871,0.0,0.0
10,501078,519078,0,81.36363636363636,0.9791208740244554,80.0,83.0,3.0,0.9486832980505138,0.0,0.012406485777643866,0.005032967244360472,0.0,0.0
10,512078,519078,0,81.125,0.9270248108869579,80.0,83.0,3.0,0.6546536707079771,0.0,0.011626582483811264,0.005696872859909324,0.0,0.0
10,513078,519078,0,80.85714285714286,0.6388765649999399,80.0,82.0,2.0,0.5773502691896257,0.0,0.01224605764985998,0.00583272678329675,0.0,0.0
10,1010618,1016645,0,76.85714285714286,2.166535841157586,75.0,81.0,6.0,1.2909944487358056,0.0,0.008816649059024345,0.004492602119504325,0.0,0.0
10,1010618,1020650,0,76.9090909090909,2.0650575802910085,74.0,81.0,3.0,1.5811388300841898,0.0,0.01731281240576057,0.018418700175343104,0.0,0.0
10,1010618,1028684,0,77.5,2.7838821814150108,74.0,84.0,3.0,2.354878881270658,0.09090909090909091,0.01640955872014964,0.01788721179771606,0.0,0.0
10,1010618,1028684,0,77.5,2.7838821814150108,74.0,84.0,3.0,2.354878881270658,0.09090909090909091,0.01640955872014964,0.01788721179771606,0.0,0.0
10,1010618,1039064,0,78.4375,2.9148059540902547,74.0,84.0,1.0,2.1756225162774294,0.06666666666666667,0.014015713229051395,0.016292465774176933,0.0,0.0
10,1010618,1039064,0,78.4375,2.9148059540902547,74.0,84.0,1.0,2.1756225162774294,0.06666666666666667,0.014015713229051395,0.016292465774176933,0.0,0.0
10,1010618,1053064,0,77.9090909090909,2.712078889122963,74.0,84.0,6.0,2.3502786055720124,0.09523809523809523,0.011434437220972817,0.0146363157042683,0.0,0.0
10,1010618,1059064,0,77.14285714285714,2.8248171333264556,74.0,84.0,7.0,2.0816659994661326,0.07407407407407407,0.01258590493675069,0.013838093682368173,0.0,0.0
10,1010618,1065064,0,77.11764705882354,2.6207846364641725,74.0,84.0,4.0,2.0,0.06060606060606061,0.031309715179807227,0.08707769184117971,0.0,0.0
10,1011623,1071064,0,77.1025641025641,2.3943830830623085,74.0,84.0,0.0,1.8637822325921867,0.05263157894736842,0.03839352991398294,0.08528714767971383,0.0,0.0
10,1017638,1075064,0,77.43243243243244,2.411016837639374,74.0,84.0,6.0,1.8856180831641267,0.05555555555555555,0.04718543607123516,0.08808999815363672,0.0,0.0
10,1028684,1083064,0,77.88571428571429,2.8960211973516707,74.0,85.0,0.0,1.7489492643904123,0.029411764705882353,0.04745395965844082,0.09040651356780505,0.0,0.0
10,1036064,1089064,0,78.65,3.387845923296985,74.0,85.0,4.0,1.585187847802434,0.02564102564102564,0.04642518638043637,0.08480698572988044,0.0,0.0
10,1036064,1095064,0,79.5,3.849054090462272,74.0,86.0,4.0,1.4907119849998598,0.022222222222222223,0.04494300219545153,0.07923732491908479,0.0,0.0
10,1048064,1100064,0,79.82608695652173,4.135237482408576,74.0,86.0,10.0,1.2292725943057183,0.0,0.058040109294090626,0.1112469901248087,0.0,0.0
10,1048064,1100064,0,79.82608695652173,4.135237482408576,74.0,86.0,10.0,1.2292725943057183,0.0,0.058040109294090626,0.1112469901248087,0.0,0.0
10,1054064,1100064,0,80.325,4.185615247487519,74.0,86.0,11.0,1.2299676877139956,0.0,0.06606347050828973,0.11720438746334423,0.0,0.0
10,1060064,1100064,0,81.38235294117646,3.6219486620777284,75.0,86.0,11.0,1.3142574813455419,0.0,0.07475562061658741,0.12506897930737415,0.0,0.0
10,1066064,1100064,0,82.32142857142857,3.251961731330923,77.0,86.0,9.0,1.2619796324000607,0.0,0.06534164725284093,0.1070641472733498,0.0,0.0
10,1072064,1100064,0,83.5909090909091,2.4056579313453166,78.0,86.0,8.0,1.3451854182690985,0.0,0.06278760185139289,0.11745420874980882,0.0,0.0
10,1082064,1100064,0,84.66666666666667,0.7453559924999299,83.0,86.0,1.0,0.8043996665398437,0.0,0.06036215339689556,0.12820896677379992,0.0,0.0
10,1084064,1100064,0,84.6875,0.7680128579652817,83.0,86.0,3.0,0.7745966692414834,0.0,0.06517293216776227,0.13503883293208038,0.0,0.0
10,1090064,1100064,0,85.1,0.5385164807134505,84.0,86.0,1.0,0.8819171036881969,0.0,0.08401742793337408,0.16735543528270133,0.0,0.0
10,1096064,1100064,0,85.0,0.7071067811865476,84.0,86.0,1.0,1.2909944487358056,0.0,0.15745090839010617,0.24681866237961117,0.0,0.0
10,3519081,3524102,1,82.16666666666667,0.8975274678557508,81.0,83.0,0.0,1.4142135623730951,0.0,0.013505448531832895,0.009645534884697403,0.0,0.0
10,3519081,3530637,1,82.0909090909091,0.7925270806437589,81.0,83.0,0.0,1.1832159566199232,0.0,0.0498491337654533,0.06362677256249186,0.0,0.0
10,3519081,3536637,1,81.82352941176471,0.9843059135695006,80.0,83.0,1.0,1.14564392373896,0.0,0.05200303834618117,0.054396462012429585,0.0,0.0
10,3519081,3541637,1,82.04545454545455,1.0214638661020106,80.0,84.0,3.0,1.0465362369445672,0.0,0.06468293410046745,0.06794759669187357,0.0,0.0
10,3519081,3541637,1,82.04545454545455,1.0214638661020106,80.0,84.0,3.0,1.0465362369445672,0.0,0.06468293410046745,0.06794759669187357,0.0,0.0
10,3519081,3541637,1,82.04545454545455,1.0214638661020106,80.0,84.0,3.0,1.0465362369445672,0.0,0.06468293410046745,0.06794759669187357,0.0,0.0
10,3519081,3541637,1,82.04545454545455,1.0214638661020106,80.0,84.0,3.0,1.0465362369445672,0.0,0.06468293410046745,0.06794759669187357,0.0,0.0
10,3519081,3541637,1,82.04545454545455,1.0214638661020106,80.0,84.0,3.0,1.0465362369445672,0.0,0.06468293410046745,0.06794759669187357,0.0,0.0
10,3519081,3541637,1,82.04545454545455,1.0214638661020106,80.0,84.0,3.0,1.0465362369445672,0.0,0.06468293410046745,0.06794759669187357,0.0,0.0
10,3519081,3541637,1,82.04545454545455,1.0214638661020106,80.0,84.0,3.0,1.0465362369445672,0.0,0.06468293410046745,0.06794759669187357,0.0,0.0
10,3525107,3541637,1,82.0,1.0606601717798212,80.0,84.0,2.0,0.8944271909999159,0.0,0.08387449118870544,0.07044731527303637,0.0,0.0
10,3531637,3541637,1,82.0,1.2060453783110545,80.0,84.0,4.0,0.8944271909999159,0.0,0.07951673443548164,0.0688861549291715,0.0,0.0
10,3537637,3541637,1,82.8,0.7483314773547882,82.0,84.0,2.0,0.7071067811865476,0.0,0.10779457966504088,0.0885916108796411,0.0,0.0
10,4745461,4748475,0,74.25,0.4330127018922193,74.0,75.0,1.0,0.5773502691896257,0.0,0.010587565142973366,0.008392266022593737,0.0,0.0
10,4745461,4754511,0,74.0,0.6324555320336759,73.0,75.0,0.0,0.6666666666666666,0.0,0.014799602329507574,0.01633999403514439,0.0,0.0
10,4745461,4760540,0,75.25,2.0463381929681126,73.0,80.0,5.0,0.8563488385776752,0.0,0.011611760088015063,0.01369522305720443,0.0,0.0
10,4745461,4766555,0,76.27272727272727,2.415514591924804,73.0,80.0,4.0,0.7559289460184544,0.0,0.009772107382041532,0.012142564671888933,0.0,0.0
10,4745461,4772555,0,76.82142857142857,2.391257461022957,73.0,80.0,3.0,0.693888666488711,0.0,0.008822132094332302,0.01096948245545134,0.0,0.0
10,4745461,4778555,0,76.94117647058823,2.1954656007672377,73.0,80.0,2.0,0.6513389472789296,0.0,0.008410339280123223,0.01008126018955235,0.0,0.0
10,4745461,4784555,0,76.8,2.0518284528683193,73.0,80.0,1.0,0.6201736729460423,0.0,0.008111419719039711,0.009437759907823527,0.0,0.0
10,4745461,4790555,0,76.78260869565217,1.9214243299116829,73.0,80.0,2.0,0.5962847939999439,0.0,0.008150904386719388,0.00887811097563803,0.0,0.0
10,4745461,4796555,0,76.90384615384616,1.8528524307611538,73.0,80.0,4.0,0.5940885257860046,0.0,0.007772611494992211,0.008495942666249808,0.0,0.0
10,4745461,4802555,0,76.98275862068965,1.7858773494429199,73.0,80.0,2.0,0.5923488777590924,0.0,0.007595069523455516,0.008069080548526487,0.0,0.0
10,4749479,4808555,0,77.18333333333334,1.5967849643024015,73.0,80.0,4.0,0.582222509739582,0.0,0.007151757442308309,0.007647743853324282,0.0,0.0
10,4755516,4814555,0,77.55,1.1317390747576639,75.0,80.0,3.0,0.5674803065350239,0.0,0.006041609684909165,0.00297381194069713,0.0,0.0
10,4761544,4820555,0,77.63333333333334,0.9826268648655784,76.0,79.0,0.0,0.4509876168016973,0.0,0.005803143495655857,0.0030639014253195395,0.0,0.0
10,4767555,4826555,0,77.63333333333334,0.9826268648655784,76.0,79.0,0.0,0.4509876168016973,0.0,0.005768116242669837,0.0030090287466065942,0.0,0.0
10,4773555,4832555,0,77.63333333333334,0.9826268648655784,76.0,79.0,0.0,0.4509876168016973,0.0,0.0056148813367439395,0.0030351050815545263,0.0,0.0
10,4779555,4834555,0,77.66071428571429,1.0049304473851077,76.0,79.0,2.0,0.4264014327112209,0.0,0.0056453062548828216,0.0030334177506324794,0.0,0.0
10,4785555,4834555,0,77.86,0.8720091742636656,76.0,79.0,2.0,0.45175395145262565,0.0,0.005552637940720785,0.0029126129887121887,0.0,0.0
10,4791555,4834555,0,78.02272727272727,0.7830196898614642,77.0,79.0,1.0,0.457495710997814,0.0,0.005162433727466724,0.002636753265300959,0.0,0.0
10,4797555,4834555,0,78.05263157894737,0.7929746933325982,77.0,79.0,1.0,0.43495883620084,0.0,0.005208233896264017,0.0024853283538062427,0.0,0.0
10,4803555,4834555,0,78.125,0.7806247497997998,77.0,79.0,1.0,0.4016096644512494,0.0,0.00504920791991274,0.0026367033739863872,0.0,0.0
10,4809555,4834555,0,78.34615384615384,0.6760921473556518,77.0,79.0,0.0,0.4,0.0,0.005024345334124446,0.0027443908841504406,0.0,0.0
10,4815555,4834555,0,78.6,0.4898979485566356,78.0,79.0,0.0,0.3244428422615251,0.0,0.0045798040704001,0.0028284983004388405,0.0,0.0
10,4821555,4834555,0,78.78571428571429,0.410325903324145,78.0,79.0,1.0,0.2773500981126146,0.0,0.004865136760716799,0.0024918055761466206,0.0,0.0
10,4827555,4834555,0,78.625,0.4841229182759271,78.0,79.0,1.0,0.3779644730092272,0.0,0.00512691860406546,0.0028725903043404413,0.0,0.0
10,5446866,5450899,0,76.2,0.4,76.0,77.0,0.0,0.7071067811865476,0.0,0.00907469328519476,0.004498993044011433,0.0,0.0
10,5446866,5456928,0,76.27272727272727,0.44536177141512323,76.0,77.0,0.0,0.7745966692414834,0.0,0.011426136644655055,0.010131402795422512,0.0,0.0
10,5446866,5462942,0,76.58823529411765,0.7714633558002355,76.0,78.0,2.0,0.7071067811865476,0.0,0.008995744828066088,0.00901673334301378,0.0,0.0
10,5446866,5468881,0,76.76190476190476,0.8109231602822096,76.0,78.0,2.0,0.7071067811865476,0.0,0.008248542047117354,0.00836779478160085,0.0,0.0
10,5446866,5474881,0,77.44444444444444,1.4989708403591158,76.0,81.0,5.0,0.7071067811865476,0.0,0.0076589710033150024,0.00752960274025329,0.0,0.0
10,5446866,5480881,0,77.93939393939394,1.7222148167736753,76.0,81.0,4.0,0.6614378277661477,0.0,0.008226904604719172,0.007675733621231291,0.0,0.0
10,5446866,5486881,0,78.56410256410257,2.204830033508273,76.0,83.0,7.0,0.6688560540599386,0.0,0.007583992575233554,0.007272246809361801,0.0,0.0
10,5446866,5492881,0,79.15555555555555,2.546942005670116,76.0,83.0,7.0,0.621581560508061,0.0,0.007224626349818662,0.006917999404853082,0.0,0.0
10,5446866,5498881,0,79.49019607843137,2.5619581131076195,76.0,83.0,6.0,0.6,0.0,0.006897794244760469,0.006601666245653981,0.0,0.0
10,5446866,5504881,0,79.7719298245614,2.561643824343015,76.0,83.0,6.0,0.5976143046671968,0.0,0.006739761629066005,0.006284971584365568,0.0,0.0
10,5451904,5510881,0,80.32758620689656,2.373618879979673,76.0,83.0,7.0,0.5773502691896257,0.0,0.0064271204863339945,0.006078299057856866,0.0,0.0
10,5457933,5516881,0,80.82758620689656,1.9751728953958188,76.0,83.0,4.0,0.5619514869490163,0.0,0.00591462278320869,0.004067226596265132,0.0,0.0
10,5463947,5522881,0,81.29310344827586,1.6082612230953799,77.0,84.0,6.0,0.6753816335059705,0.0,0.005955079022119328,0.004189009860769696,0.0,0.0
10,5469881,5528881,0,81.56666666666666,1.2297244497131143,79.0,84.0,2.0,0.6638357975446149,0.0,0.0062654385244695745,0.004254558132941832,0.0,0.0
10,5475881,5534881,0,81.68333333333334,1.0876835732673156,80.0,84.0,0.0,0.6377928041432807,0.0,0.0062408512388078515,0.004249191419266699,0.0,0.0
10,5481881,5535881,0,81.81818181818181,1.0285189544531597,80.0,84.0,0.0,0.6666666666666666,0.0,0.005787243649349893,0.0032695825418787307,0.0,0.0
10,5487881,5535881,0,81.79591836734694,1.0097401532124883,80.0,84.0,3.0,0.6614378277661477,0.0,0.006000215147670782,0.003313445067173913,0.0,0.0
10,5493881,5535881,0,81.62790697674419,0.9650462288951827,80.0,84.0,2.0,0.6900655593423543,0.0,0.006155303882049701,0.003327791216783765,0.0,0.0
10,5499881,5535881,0,81.56756756756756,1.0277380184773806,80.0,84.0,2.0,0.7453559924999299,0.0,0.006432398545599809,0.0033997185154213804,0.0,0.0
10,5505881,5535881,0,81.45161290322581,1.0727928482784448,80.0,84.0,2.0,0.7745966692414834,0.0,0.006632898058490794,0.0036064311536448354,0.0,0.0
10,5511881,5535881,0,81.28,1.1142710621747296,80.0,84.0,3.0,0.8416254115301732,0.0,0.006865591921465256,0.003887000053823923,0.0,0.0
10,5517881,5535881,0,81.3157894736842,1.1263649767911947,80.0,84.0,0.0,0.8819171036881969,0.0,0.006371085692245647,0.0038586274215620673,0.0,0.0
10,5523881,5535881,0,81.15384615384616,0.6617173282340482,80.0,83.0,3.0,0.5,0.0,0.0070356928699947955,0.003184469123975321,0.0,0.0
10,5529881,5535881,0,80.85714285714286,0.3499271061118826,80.0,81.0,1.0,0.408248290463863,0.0,0.005805794030334,0.002111016123193436,0.0,0.0
10,7207857,7214875,0,76.125,1.2686114456365274,74.0,77.0,3.0,0.8451542547285166,0.0,0.022077940925302117,0.03571665175884531,0.0,0.0
10,7207857,7220880,0,75.92857142857143,1.5336364681131347,74.0,79.0,2.0,1.0377490433255416,0.0,0.01630975258861217,0.028116228672641155,0.0,0.0
10,7207857,7225872,0,77.78947368421052,3.44244324753007,74.0,84.0,7.0,1.130388330520878,0.0,0.013619825294485017,0.024646518804284544,0.0,0.0
10,7207857,7232193,0,79.28,4.005196624386873,74.0,84.0,7.0,0.9789450103725609,0.0,0.011523161098151779,0.021881492801236396,0.0,0.0
10,7207857,7238193,0,80.19354838709677,4.051438253889357,74.0,84.0,7.0,0.8755950357709131,0.0,0.010598473795219285,0.019816265977810797,0.0,0.0
10,7207857,7244193,0,80.67567567567568,3.8698701287940733,74.0,84.0,6.0,0.816496580927726,0.0,0.010184622121063653,0.018201401386947348,0.0,0.0
10,7207857,7250193,0,81.0,3.6789786246905853,74.0,84.0,6.0,0.7559289460184544,0.0,0.009712267698945731,0.017022888248019175,0.0,0.0
10,7207857,7256193,0,81.12244897959184,3.4619367769208202,74.0,84.0,5.0,0.7216878364870323,0.0,0.011784845811183284,0.01813730583597045,0.0,0.0
10,7207857,7262193,0,81.4,3.3823069050575527,74.0,85.0,8.0,0.7200822998230956,0.0,0.013170015954243419,0.018475337128395237,0.0,0.0
10,7209863,7268193,0,81.96610169491525,3.3997313039136907,74.0,87.0,10.0,0.7427813527082074,0.0,0.01192870007129398,0.01298381120857167,0.0,0.0
10,7215881,7274193,0,82.9322033898305,2.8216139556227002,74.0,87.0,9.0,0.7542980294561158,0.0,0.012598627597817144,0.012561126251983587,0.0,0.0
10,7221873,7280193,0,83.38983050847457,1.7371020983483332,79.0,87.0,2.0,0.6695340634119862,0.0,0.013224449423897095,0.013379478495835302,0.0,0.0
10,7227193,7286193,0,82.91666666666667,2.289771944005681,77.0,87.0,7.0,0.7010887416930995,0.0,0.022065381956536144,0.03873317635245212,0.0,0.0
11,404049,463494,0,62.79661016949152,1.1165877350508884,60.0,65.0,1.0,0.682288239221013,0.0,0.011309152704961075,0.011587461302668663,0.0,0.0
11,411045,469494,0,62.5,1.0380684981717496,60.0,65.0,3.0,0.6622661785325219,0.0,0.0098027145050355,0.01078845945108715,0.0,0.0
11,417494,475494,0,62.20338983050848,0.9704037429355686,60.0,65.0,3.0,0.6297235299224025,0.0,0.007957214681481766,0.006967041134367344,0.0,0.0
11,422494,481494,0,61.93333333333333,0.793025150224688,60.0,64.0,1.0,0.5966005392134929,0.0,0.00788073261412079,0.00675121119345507,0.0,0.0
11,428494,487494,0,61.95,0.8251262529657707,60.0,64.0,1.0,0.5966005392134929,0.0,0.006649197625056321,0.004490827682727983,0.0,0.0
11,434494,492494,0,62.0,0.9388055880763545,60.0,65.0,3.0,0.6017216678143155,0.0,0.006044445581718172,0.003161527652821222,0.0,0.0
11,440494,492494,0,62.075471698113205,0.9285626263671157,61.0,65.0,4.0,0.4803844614152614,0.0,0.0060214311491943485,0.003112665907422404,0.0,0.0
11,446494,492494,0,62.1063829787234,0.9726918681414861,61.0,65.0,3.0,0.48900964692182575,0.0,0.00614783135799425,0.003192219081611807,0.0,0.0
11,452494,492494,0,62.09756097560975,1.0313353420422426,61.0,65.0,2.0,0.5,0.0,0.005885873731305814,0.0031205404726001927,0.0,0.0
11,458494,492494,0,62.02857142857143,1.0819483559292278,61.0,65.0,3.0,0.5144957554275266,0.0,0.006015286844590856,0.003141377487775741,0.0,0.0
11,464494,492494,0,62.03448275862069,1.188530202732006,61.0,65.0,3.0,0.5669467095138409,0.0,0.006253640387133352,0.0031602391671051904,0.0,0.0
11,470494,492494,0,62.17391304347826,1.273549436163201,61.0,65.0,4.0,0.6030226891555273,0.0,0.006020913346105324,0.0028958244002626095,0.0,0.0
11,476494,492494,0,62.588235294117645,1.2394886768062046,61.0,65.0,4.0,0.7071067811865476,0.0,0.006268776237107174,0.002910222047236349,0.0,0.0
11,482494,492494,0,63.36363636363637,0.77138921583987,62.0,65.0,3.0,0.8366600265340756,0.0,0.0054688498008607644,0.002818651330901611,0.0,0.0
11,488494,492494,0,63.8,0.7483314773547882,63.0,65.0,2.0,1.0,0.0,0.005155762003377797,0.00329301299554535,0.0,0.0
11,990101,997096,0,68.125,1.0532687216470449,67.0,70.0,3.0,0.6546536707079771,0.0,0.01352187649761651,0.002544330746280868,0.0,0.0
11,990101,1003098,0,68.07142857142857,0.883522634060927,67.0,70.0,2.0,0.6793662204867574,0.0,0.013215539058926213,0.00316986947233947,0.0,0.0
11,990101,1009088,0,68.0,0.8366600265340756,67.0,70.0,2.0,0.7947194142390263,0.0,0.011579874160877583,0.003899793250556419,0.0,0.0
11,990101,1012089,0,68.0,0.7801894976054939,67.0,70.0,2.0,0.7385489458759964,0.0,0.011260566780944002,0.00394193646025042,0.0,0.0
11,990101,1021520,0,68.0,0.6948083337796512,67.0,70.0,2.0,0.6546536707079771,0.0,0.011304410505066212,0.0037891944520562553,0.0,0.0
11,990101,1027520,0,67.91428571428571,0.6916410535377259,67.0,70.0,3.0,0.6642111641550714,0.0,0.01050917719123964,0.003953786634589116,0.0,0.0
11,990101,1033520,0,67.70731707317073,0.8623253429104238,65.0,70.0,5.0,0.6519202405202649,0.0,0.010478757923242803,0.0037202110596043854,0.0,0.0
11,990101,1039520,0,67.17021276595744,1.6414724699562477,63.0,70.0,7.0,0.6426845869171515,0.0,0.010464423353084397,0.0036055864388551116,0.0,0.0
11,990101,1045520,0,66.69811320754717,2.0335386543860343,63.0,70.0,7.0,0.6044705248269888,0.0,0.010539517948521348,0.0035194897878139592,0.0,0.0
11,992100,1051520,0,66.33333333333333,2.0376571801031034,63.0,69.0,4.0,0.5976143046671968,0.0,0.010350361352502831,0.0033637403793189287,0.0,0.0
11,998096,1057520,0,66.14035087719299,1.9862562553640744,63.0,69.0,0.0,0.5976143046671968,0.0,0.010050755760199169,0.0032136959251579523,0.0,0.0
11,1004098,1063520,0,66.08771929824562,1.9401636913612987,63.0,69.0,1.0,0.5824823725107175,0.0,0.009621087482574689,0.0028824960451453215,0.0,0.0
11,1010088,1069520,0,66.01754385964912,1.877766759334688,63.0,68.0,1.0,0.5175491695067657,0.0,0.009588656787731253,0.003043959484195062,0.0,0.0
11,1016520,1075520,0,65.91666666666667,1.7915697648214044,63.0,68.0,3.0,0.5367826312580717,0.0,0.009801756688358759,0.0029548311833412335,0.0,0.0
11,1022520,1079520,0,65.60344827586206,1.7114186006453704,63.0,68.0,4.0,0.5619514869490163,0.0,0.009585176493364643,0.0029624198889418316,0.0,0.0
11,1028520,1079520,0,65.38461538461539,1.6658775252082856,63.0,68.0,3.0,0.5423261445466404,0.0,0.009922056530166963,0.00286954995891028,0.0,0.0
11,1034520,1079520,0,65.23913043478261,1.6963487978173393,63.0,68.0,1.0,0.5374838498865699,0.0,0.009872588400198142,0.0029749915531980253,0.0,0.0
11,1040520,1079520,0,65.5,1.6431676725154984,63.0,68.0,1.0,0.5310850045437944,0.0,0.00979850609167757,0.0030080569006607706,0.0,0.0
11,1046520,1079520,0,65.94117647058823,1.3707270820860051,63.0,68.0,1.0,0.5773502691896257,0.0,0.009563932058542293,0.003001549629178117,0.0,0.0
11,1052520,1079520,0,66.32142857142857,1.1666059265043625,64.0,68.0,1.0,0.5773502691896257,0.0,0.009333822840349407,0.002932203590665986,0.0,0.0
11,1058520,1079520,0,66.45454545454545,1.233150906022776,64.0,68.0,3.0,0.5773502691896257,0.0,0.009213638679535672,0.00324215042888594,0.0,0.0
11,1064520,1079520,0,66.0625,1.197327753791751,64.0,68.0,3.0,0.5773502691896257,0.0,0.009396787995646574,0.0036372603267896446,0.0,0.0
11,1070520,1079520,0,65.4,1.0198039027185568,64.0,67.0,3.0,0.5773502691896257,0.0,0.010561722114383644,0.0029946211445177383,0.0,0.0
11,1076520,1079520,0,64.5,0.5,64.0,65.0,1.0,0.5773502691896257,0.0,0.009167425999707938,0.00392987459915585,0.0,0.0
11,2293868,2298864,0,63.166666666666664,0.37267799624996495,63.0,64.0,0.0,0.6324555320336759,0.0,0.008681829364781258,0.0032413663799525996,0.0,0.0
11,2293868,2305277,0,63.44444444444444,0.4969039949999533,63.0,64.0,1.0,0.6123724356957945,0.0,0.00748581270888932,0.003189007520744302,0.0,0.0
11,2293868,2311277,0,62.8,0.9797958971132712,61.0,64.0,2.0,0.6546536707079771,0.0,0.007476009280899442,0.00302398922446427,0.0,0.0
11,2293868,2317277,0,62.857142857142854,1.1664236870396087,61.0,65.0,2.0,0.7745966692414834,0.0,0.0077244670247722065,0.0032785945647936946,0.0,0.0
11,2293868,2323277,0,63.333333333333336,1.3608276348795434,61.0,65.0,2.0,0.6793662204867574,0.0,0.007462378711608719,0.003367907609600147,0.0,0.0
11,2293868,2329277,0,63.81818181818182,1.6414063713879807,61.0,67.0,4.0,0.6614378277661477,0.0,0.013042777544135681,0.02332515967825518,0.0,0.0
11,2293868,2335277,0,64.3076923076923,1.9235896752319028,61.0,68.0,3.0,0.6688560540599386,0.0,0.011731484282765586,0.021696210014950215,0.0,0.0
11,2293868,2341277,0,64.8,2.207059380966246,61.0,69.0,6.0,0.674199862463242,0.0,0.0123867251504159,0.021530782312626246,0.0,0.0
11,2293868,2347277,0,65.62745098039215,3.0994040180662026,61.0,74.0,11.0,0.7348469228349535,0.0,0.012379414707325022,0.020381616051830635,0.0,0.0
11,2294867,2353277,0,66.98214285714286,4.7939361676592895,61.0,80.0,16.0,0.8944271909999159,0.0,0.011680745799688636,0.019583801718724952,0.0,0.0
11,2303277,2359277,0,68.64912280701755,5.957425642268987,61.0,80.0,15.0,0.8762745818846641,0.0,0.011717103075356575,0.019404962193446788,0.0,0.0
11,2306277,2365277,0,69.78333333333333,6.290446901629663,61.0,80.0,13.0,0.873333764609373,0.0,0.011397375354010262,0.018996604623952234,0.0,0.0
11,2312277,2371277,0,70.73333333333333,5.738369880801419,61.0,80.0,8.0,0.9914892069294688,0.0,0.011132490173570384,0.019061200621587653,0.0,0.0
11,2318277,2377277,0,71.0,5.425249610233001,64.0,80.0,1.0,0.9829047232134223,0.0,0.011061924347881957,0.019055256997937964,0.0,0.0
11,2324277,2382277,0,70.84745762711864,5.757275601349952,61.0,80.0,4.0,1.0170952554312156,0.0,0.010779129237405198,0.019299189490468716,0.0,0.0
11,2330277,2382277,0,71.39622641509433,5.8190955098288075,61.0,80.0,6.0,1.0561177090573832,0.0,0.007680022476676693,0.00862874634158708,0.0,0.0
11,2336277,2382277,0,71.95744680851064,5.942839234075265,61.0,80.0,6.0,1.0834726777719228,0.0,0.008083509855159241,0.009042635878797039,0.0,0.0
11,2342277,2382277,0,72.53658536585365,6.144986300469398,61.0,80.0,9.0,1.1291589790636214,0.0,0.006830493132966506,0.004843725424797852,0.0,0.0
11,2348277,2382277,0,72.65714285714286,6.6243829131166505,61.0,80.0,15.0,1.0981267472114393,0.0,0.005888648575621891,0.003483527769200904,0.0,0.0
11,2354277,2382277,0,71.58620689655173,6.7696953600246035,61.0,80.0,18.0,1.0,0.0,0.005908056255381422,0.0035517140263940923,0.0,0.0
11,2360277,2382277,0,69.47826086956522,6.0207580428221785,61.0,79.0,18.0,1.087114613009218,0.0,0.005108130379840433,0.0032004229755238137,0.0,0.0
11,2366277,2382277,0,66.58823529411765,4.088129495033895,61.0,75.0,14.0,1.1726039399558574,0.0,0.005072824388218987,0.003072224129074111,0.0,0.0
11,2372277,2382277,0,64.0,2.174229226018436,61.0,68.0,7.0,0.8366600265340756,0.0,0.005214845508420686,0.0034336290333367263,0.0,0.0
11,2378277,2382277,0,62.0,0.6324555320336759,61.0,63.0,2.0,0.7071067811865476,0.0,0.002304716365441658,0.0011500805667104764,0.0,0.0
11,2931266,2935263,0,67.8,0.4,67.0,68.0,1.0,0.5,0.0,0.015074240786657426,0.001908048295778648,0.0,0.0
11,2931266,2942038,0,67.36363636363636,0.77138921583987,66.0,68.0,0.0,0.6324555320336759,0.0,0.015411089813889183,0.007249188436929346,0.0,0.0
11,2931266,2948038,0,67.3529411764706,0.7624400821656306,66.0,68.0,0.0,0.7905694150420949,0.0,0.01339523122323619,0.007308533669264804,0.0,0.0
11,2931266,2954038,0,67.6086956521739,0.8203461853962264,66.0,69.0,0.0,0.7977240352174656,0.0,0.011883165849136063,0.007346939508023226,0.0,0.0
11,2931266,2960038,0,67.37931034482759,0.9252695079309473,66.0,69.0,2.0,0.7559289460184544,0.0,0.010435859675174408,0.007294549327536895,0.0,0.0
11,2931266,2966038,0,66.82857142857142,1.5581255090783976,63.0,69.0,5.0,0.7859052479933758,0.0,0.009781100887142931,0.007094243688341141,0.0,0.0
11,2931266,2972038,0,65.78048780487805,2.9260161472134287,59.0,69.0,9.0,0.85146931829632,0.0,0.00893976209997133,0.006911649727043918,0.0,0.0
11,2931266,2978038,0,64.72340425531915,3.912348849147875,56.0,69.0,12.0,0.8846517369293828,0.0,0.008285061922010074,0.0067065143379421415,0.0,0.0
11,2931266,2984038,0,63.660377358490564,4.742196753223111,55.0,69.0,11.0,0.8879535677396304,0.0,0.00800566647637643,0.006488210878339198,0.0,0.0
11,2931266,2990038,0,62.91525423728814,5.012824690335915,55.0,69.0,11.0,0.8610338613230188,0.0,0.0074881977776560735,0.0063698516676695864,0.0,0.0
11,2936262,2996038,0,61.95,4.991409286631048,55.0,69.0,10.0,0.8635755391767456,0.0,0.006702212449866149,0.005916692160862164,0.0,0.0
11,2943038,3002038,0,60.88333333333333,4.933192565559234,55.0,69.0,12.0,0.8635755391767456,0.0,0.00538480048948239,0.0042648809463356994,0.0,0.0
11,2949038,3008038,0,59.85,4.534405510464776,55.0,69.0,11.0,0.8130294884889123,0.0,0.004774163951801407,0.003719743322413801,0.0,0.0
11,2955038,3014038,0,58.8,3.558089374931439,55.0,68.0,10.0,0.7811334658849433,0.0,0.004581516251102142,0.0033489293597335403,0.0,0.0
12,551716,611352,0,73.24561403508773,1.8569991048981391,70.0,77.0,1.0,0.7196229171289245,0.0,0.016087711578508666,0.012786657311210441,0.0,0.0
12,558710,617352,0,73.17857142857143,1.8718510973398084,70.0,77.0,1.0,0.7261354744623948,0.0,0.016821234933759057,0.012527515856004109,0.0,0.0
12,566352,623352,0,73.13793103448276,1.8424896561920752,70.0,77.0,2.0,0.7492686492653552,0.0,0.015110235027618492,0.010578074957011309,0.0,0.0
12,570352,629352,0,72.93333333333334,1.768866554856213,70.0,77.0,5.0,0.7248611789946813,0.0,0.013610880267651868,0.008430729686545275,0.0,0.0
12,576352,635352,0,72.63333333333334,1.5912957683040012,70.0,76.0,2.0,0.6888949638271721,0.0,0.013602858092011401,0.008351014272919302,0.0,0.0
12,582352,640352,0,72.2542372881356,1.2431946319248983,70.0,76.0,4.0,0.7191949522280763,0.0,0.012759206768284834,0.007467232267532428,0.0,0.0
12,588352,640352,0,71.9622641509434,0.9103651382501748,70.0,74.0,1.0,0.6933752452815364,0.0,0.012617947720679461,0.007455885649657093,0.0,0.0
12,594352,640352,0,71.93617021276596,0.9086875108111755,70.0,74.0,1.0,0.7071067811865476,0.0,0.012528161904716882,0.0076542629908066435,0.0,0.0
12,600352,640352,0,72.1219512195122,0.8022870343121232,71.0,74.0,0.0,0.6708203932499369,0.0,0.012593191937334988,0.007965791617701593,0.0,0.0
12,606352,640352,0,72.2,0.8211490207542809,71.0,74.0,0.0,0.6859943405700354,0.0,0.010999922998179795,0.006009813658415052,0.0,0.0
12,612352,640352,0,72.37931034482759,0.7617490356680869,71.0,74.0,0.0,0.6546536707079771,0.0,0.010038252723957598,0.0042562852634238585,0.0,0.0
12,618352,640352,0,72.3913043478261,0.8203461853962264,71.0,74.0,2.0,0.674199862463242,0.0,0.009641154858494691,0.0039042526605431744,0.0,0.0
12,624352,640352,0,72.05882352941177,0.5391265523477459,71.0,73.0,0.0,0.7071067811865476,0.0,0.010320018971291953,0.003296219224854967,0.0,0.0
12,630352,640352,0,72.0,0.6030226891555273,71.0,73.0,0.0,0.7745966692414834,0.0,0.01058503701361998,0.0034831928551968395,0.0,0.0
12,636352,640352,0,71.8,0.4,71.0,72.0,0.0,0.7071067811865476,0.0,0.012635889512806081,0.003753405112388611,0.0,0.0
12,1858332,1865328,0,73.625,0.4841229182759271,73.0,74.0,0.0,0.5345224838248488,0.0,0.0032425210808132653,0.0011726180138270815,0.0,0.0
12,1858332,1871328,0,74.71428571428571,1.4846149779161804,73.0,78.0,4.0,0.6793662204867574,0.0,0.0032549059447619156,0.0014785880996775471,0.0,0.0
12,1858332,1876329,0,75.47368421052632,1.81712384227706,73.0,78.0,3.0,0.6236095644623235,0.0,0.0033773293339825526,0.001851826287051207,0.0,0.0
12,1858332,1882749,0,75.86363636363636,1.960877691829363,73.0,79.0,5.0,0.6546536707079771,0.0,0.0035252476614707276,0.0018523137448050483,0.0,0.0
12,1858332,1888749,0,76.0,1.8708286933869707,73.0,79.0,1.0,0.7453559924999299,0.0,0.003941142312500415,0.003263748026772711,0.0,0.0
12,1858332,1894749,0,75.67647058823529,1.8426417773737747,73.0,79.0,0.0,0.6963106238227914,0.0,0.004146536314763263,0.003317955694631132,0.0,0.0
12,1858332,1900749,0,75.425,1.8150413218436654,73.0,79.0,1.0,0.6979824404521128,0.0,0.0043235702414383655,0.003170919345735064,0.0,0.0
12,1858332,1906749,0,75.65217391304348,1.8084029863552538,73.0,79.0,3.0,0.7149203529842405,0.0,0.004590722833721151,0.0031239096936088646,0.0,0.0
12,1858332,1912749,0,75.59615384615384,1.7238107983879942,73.0,79.0,0.0,0.7409585736349484,0.0,0.0045549385574160895,0.002973557332711501,0.0,0.0
12,1860332,1918749,0,75.42857142857143,1.7713709668053204,73.0,79.0,0.0,0.7385489458759964,0.0,0.004464124375492082,0.0029920472101888653,0.0,0.0
12,1866329,1924749,0,75.5,1.7217101133134214,73.0,79.0,0.0,0.7385489458759964,0.0,0.004595165315915832,0.0031086236642160255,0.0,0.0
12,1872328,1930749,0,75.41071428571429,1.677336171628413,73.0,79.0,2.0,0.7135060680126757,0.0,0.004700300307258689,0.003232458247442569,0.0,0.0
12,1880749,1936749,0,75.35087719298245,1.5838131653743674,73.0,79.0,2.0,0.7071067811865476,0.0,0.004807485058592063,0.0031870684232869094,0.0,0.0
12,1883749,1942749,0,75.11666666666666,1.403467927037245,73.0,79.0,4.0,0.7130740328122925,0.0,0.004858583955705669,0.0032483443306396418,0.0,0.0
12,1889749,1946749,0,75.01724137931035,1.293103448275862,73.0,78.0,0.0,0.6753816335059705,0.0,0.004679431552768428,0.002861829858001612,0.0,0.0
12,1895749,1946749,0,75.11538461538461,1.3251102443809397,73.0,78.0,1.0,0.7001400420140049,0.0,0.004630322694396723,0.002788929463122653,0.0,0.0
12,1901749,1946749,0,75.26086956521739,1.3259087549545137,73.0,78.0,1.0,0.6831300510639732,0.0,0.0045394827207183895,0.002875639351158078,0.0,0.0
12,1907749,1946749,0,74.975,1.1508149286483904,73.0,77.0,1.0,0.6602252917735247,0.0,0.00426464411148519,0.0028826819878203895,0.0,0.0
12,1913749,1946749,0,74.94117647058823,1.211250604822,73.0,77.0,2.0,0.6030226891555273,0.0,0.004261829700733643,0.0030775372858542725,0.0,0.0
12,1919749,1946749,0,75.28571428571429,1.0301575072754257,73.0,77.0,2.0,0.6085806194501846,0.0,0.004406498001462619,0.0031738667939079043,0.0,0.0
12,1925749,1946749,0,75.54545454545455,0.9403709484353273,74.0,77.0,0.0,0.6172133998483676,0.0,0.004476799476035812,0.0031519566157350598,0.0,0.0
12,1931749,1946749,0,75.625,1.0532687216470449,74.0,77.0,2.0,0.6324555320336759,0.0,0.004560844648589192,0.003001511259522697,0.0,0.0
12,1937749,1946749,0,75.0,0.7745966692414834,74.0,76.0,0.0,0.6666666666666666,0.0,0.004356310912516442,0.003319981521905245,0.0,0.0
12,1943749,1946749,0,75.75,0.4330127018922193,75.0,76.0,1.0,0.5773502691896257,0.0,0.0031721322289710798,0.0031478146790617106,0.0,0.0
12,2508761,2512762,0,72.8,0.4,72.0,73.0,1.0,0.5,0.0,0.007045392382503579,0.005620884430965546,0.0,0.0
12,2508761,2518769,0,73.0,0.4264014327112209,72.0,74.0,2.0,0.4472135954999579,0.0,0.005424296482288523,0.005253783300697173,0.0,0.0
12,2508761,2524773,0,73.41176470588235,0.6910200073218077,72.0,75.0,2.0,0.5,0.0,0.004741865575209751,0.004693820353367371,0.0,0.0
12,2508761,2530825,0,73.54545454545455,0.655554777357089,72.0,75.0,2.0,0.4364357804719847,0.0,0.00461307036529025,0.0046708916835375815,0.0,0.0
12,2508761,2536825,0,73.5,0.6267831705280087,72.0,75.0,1.0,0.4303314829119352,0.0,0.003926727589059442,0.004357067186923121,0.0,0.0
12,2508761,2542825,0,73.38235294117646,0.6423626372894574,72.0,75.0,0.0,0.4264014327112209,0.0,0.003818815947878511,0.004114089488329215,0.0,0.0
12,2508761,2548825,0,73.25,0.698212002188447,72.0,75.0,1.0,0.4236592728681617,0.0,0.005367863403592403,0.008177929990728777,0.0,0.0
12,2508761,2554825,0,73.26086956521739,0.7642780796194323,72.0,75.0,3.0,0.4944132324730442,0.0,0.005032898796633607,0.007696887112367181,0.0,0.0
12,2508761,2560825,0,73.38461538461539,0.8355984993230935,72.0,75.0,2.0,0.5239368319955838,0.0,0.005261728682716278,0.008021743896776193,0.0,0.0
12,2508761,2566825,0,73.41379310344827,0.8101613878945332,72.0,75.0,2.0,0.5619514869490163,0.0,0.005057230636122524,0.00765224042833098,0.0,0.0
12,2513767,2572825,0,73.35593220338983,0.8589057260555883,72.0,75.0,1.0,0.572351471472339,0.0,0.004741802645107285,0.007433150662139025,0.0,0.0
12,2519771,2578825,0,73.33898305084746,0.8946198793489254,72.0,75.0,2.0,0.6158817620514397,0.0,0.004511647116877972,0.007355048114121576,0.0,0.0
12,2525767,2584825,0,73.20338983050847,0.8787445014790318,72.0,75.0,0.0,0.6432675209026769,0.0,0.004596838320754325,0.007316847899829808,0.0,0.0
12,2531825,2590825,0,73.21666666666667,0.877338145883457,72.0,75.0,0.0,0.6377928041432807,0.0,0.004645220591829815,0.0071632050122556815,0.0,0.0
12,2537825,2596825,0,73.23333333333333,0.8825468196582483,72.0,75.0,1.0,0.6509445549041193,0.0,0.004885827586074429,0.007139432153728583,0.0,0.0
12,2543825,2597825,0,73.27272727272727,0.9036199010755767,72.0,75.0,1.0,0.6804138174397717,0.0,0.005063212240732862,0.007385236534749756,0.0,0.0
12,2549825,2597825,0,73.36734693877551,0.8965666382240325,72.0,75.0,1.0,0.6922186552431729,0.0,0.003951058761724096,0.004258144046179912,0.0,0.0
12,2555825,2597825,0,73.37209302325581,0.8632888927102598,72.0,75.0,2.0,0.6900655593423543,0.0,0.004111699321465834,0.004482032420885083,0.0,0.0
12,2561825,2597825,0,73.21621621621621,0.7758216267247203,72.0,74.0,0.0,0.6666666666666666,0.0,0.003640716863971091,0.002353175943876488,0.0,0.0
12,2567825,2597825,0,73.12903225806451,0.7927874662867423,72.0,74.0,0.0,0.6324555320336759,0.0,0.00370958188945388,0.0023747453990717996,0.0,0.0
12,2573825,2597825,0,73.32,0.7332121111929345,72.0,74.0,0.0,0.6454972243679028,0.0,0.0037329238997731635,0.0023673923326948676,0.0,0.0
12,2579825,2597825,0,73.42105263157895,0.6740130776245103,72.0,74.0,0.0,0.5773502691896257,0.0,0.004340103908800139,0.0023313545659782694,0.0,0.0
12,2585825,2597825,0,73.6923076923077,0.4615384615384615,73.0,74.0,1.0,0.5,0.0,0.004345479981931219,0.002376996132104812,0.0,0.0
12,2591825,2597825,0,73.42857142857143,0.4948716593053935,73.0,74.0,1.0,0.7071067811865476,0.0,0.004016518846000338,0.002581250384370329,0.0,0.0
12,3161193,3167198,0,78.28571428571429,1.385051387833237,76.0,80.0,4.0,0.816496580927726,0.0,0.0044626986127509335,0.0031561054047624768,0.0,0.0
12,3161193,3173194,0,77.53846153846153,1.336780553614059,76.0,80.0,3.0,0.6454972243679028,0.0,0.003921088224400275,0.0026986074496899784,0.0,0.0
12,3161193,3179197,0,77.78947368421052,1.195559651747426,76.0,80.0,2.0,0.6666666666666666,0.0,0.003694167761353561,0.0023932740216048294,0.0,0.0
12,3161193,3185612,0,77.63636363636364,1.188790620965638,76.0,80.0,4.0,0.6900655593423543,0.0,0.003819001678091573,0.002461344761884791,0.0,0.0
12,3161193,3191612,0,77.32142857142857,1.2263060509563855,76.0,80.0,4.0,0.6666666666666666,0.0,0.003917773284319041,0.002383011204586154,0.0,0.0
12,3161193,3197612,0,76.97058823529412,1.3609100354422674,75.0,80.0,5.0,0.674199862463242,0.0,0.004017989392114962,0.002415149733886191,0.0,0.0
12,3161193,3203612,0,76.725,1.3962002005443201,75.0,80.0,5.0,0.6602252917735247,0.0,0.004010589919579434,0.0025138273764696664,0.0,0.0
12,3161193,3209612,0,76.58695652173913,1.3605639328972916,75.0,80.0,4.0,0.6324555320336759,0.0,0.004142014758907471,0.0025807971788999965,0.0,0.0
12,3161193,3215612,0,76.36538461538461,1.4415382563007817,74.0,80.0,6.0,0.6262242910851494,0.0,0.004985947978153004,0.006141212711690324,0.0,0.0
12,3162193,3221612,0,76.19298245614036,1.330329025272202,74.0,80.0,5.0,0.6408699444616557,0.0,0.0050553315503881905,0.005892699140647893,0.0,0.0
12,3168198,3227612,0,75.85964912280701,1.1613452044516046,74.0,79.0,1.0,0.6123724356957945,0.0,0.005106581242260125,0.005892824073766967,0.0,0.0
12,3174194,3233612,0,75.50877192982456,1.3523573572352114,73.0,79.0,5.0,0.6123724356957945,0.0,0.005436735728610959,0.006047044965758843,0.0,0.0
12,3183612,3239612,0,74.84210526315789,1.3480261552490207,72.0,77.0,5.0,0.5824823725107175,0.0,0.005669743175039345,0.0060323466769195274,0.0,0.0
12,3186612,3245612,0,74.33333333333333,1.7480147469502527,70.0,77.0,5.0,0.5966005392134929,0.0,0.005570161148170096,0.005927684401494781,0.0,0.0
12,3192612,3249612,0,73.93103448275862,1.8275862068965518,70.0,76.0,4.0,0.6212607441973955,0.0,0.0056977557135010175,0.006211690076466714,0.0,0.0
12,3198612,3249612,0,73.76923076923077,1.8565412901764875,70.0,76.0,3.0,0.6103679378930738,0.0,0.0058376123848477585,0.0064902017929087084,0.0,0.0
12,3204612,3249612,0,73.56521739130434,1.8725961275963503,70.0,76.0,3.0,0.6146362971528592,0.0,0.006081388838278582,0.006776316467503094,0.0,0.0
12,3210612,3249612,0,73.25,1.799305421544658,70.0,76.0,4.0,0.6405126152203485,0.0,0.00624087011085621,0.007169616292304608,0.0,0.0
12,3216612,3249612,0,73.0,1.8149704259460602,70.0,76.0,3.0,0.6276459144608478,0.0,0.005320534955295174,0.0038091032569807187,0.0,0.0
12,3222612,3249612,0,72.5,1.5923926292577109,70.0,75.0,3.0,0.6382847385042254,0.0,0.005426025615430358,0.004005776313589112,0.0,0.0
12,3228612,3249612,0,71.86363636363636,1.1399942003622228,70.0,74.0,2.0,0.6172133998483676,0.0,0.005356975556632204,0.0042822414908551595,0.0,0.0
12,3234612,3249612,0,71.3125,0.7680128579652817,70.0,72.0,0.0,0.6324555320336759,0.0,0.004956212493497748,0.003976176690304197,0.0,0.0
12,3240612,3249612,0,70.9,0.7000000000000001,70.0,72.0,1.0,0.7453559924999299,0.0,0.004680293490103181,0.004647273365499817,0.0,0.0
12,3246612,3249612,0,71.25,0.82915619758885,70.0,72.0,2.0,0.816496580927726,0.0,0.005484944383942948,0.006428735904205668,0.0,0.0
12,3812620,3815622,0,79.25,0.4330127018922193,79.0,80.0,1.0,0.5773502691896257,0.0,0.007571387649599337,0.011858616707938538,0.0,0.0
12,3812620,3821625,0,78.7,0.6403124237432849,78.0,80.0,2.0,0.4714045207910317,0.0,0.006747206506828059,0.009774325803113193,0.0,0.0
12,3812620,3827637,0,78.3125,0.7680128579652817,77.0,80.0,3.0,0.4472135954999579,0.0,0.004642135138750163,0.00819900357969207,0.0,0.0
12,3812620,3833111,0,77.95238095238095,0.9988655696858585,76.0,80.0,2.0,0.5477225575051661,0.0,0.004516433790511152,0.007333526446979962,0.0,0.0
12,3812620,3839111,0,77.51851851851852,1.343582010904967,74.0,80.0,6.0,0.6201736729460423,0.0,0.004175838010978556,0.006581589210797782,0.0,0.0
12,3812620,3845111,0,76.93939393939394,1.739721223564524,74.0,80.0,5.0,0.5863019699779287,0.0,0.0043411163234161314,0.0061383952756921475,0.0,0.0
12,3812620,3851111,0,76.84615384615384,1.6257299983740878,74.0,80.0,3.0,0.5848976518656018,0.0,0.0042395691211940265,0.005705259802231956,0.0,0.0
12,3812620,3857111,0,76.66666666666667,1.5916448515084431,74.0,80.0,4.0,0.6030226891555273,0.0,0.004093870160944516,0.005480819242104755,0.0,0.0
12,3812620,3863111,0,76.6470588235294,1.50585171537461,74.0,80.0,4.0,0.6,0.0,0.0043432418444792715,0.005381760080906165,0.0,0.0
12,3812620,3869111,0,76.6842105263158,1.4407343977296707,74.0,80.0,2.0,0.5976143046671968,0.0,0.004192189600563807,0.005129678710320102,0.0,0.0
12,3816623,3875111,0,76.72881355932203,1.4241323076338988,74.0,79.0,1.0,0.6017216678143155,0.0,0.0038370452377398793,0.003927816483725163,0.0,0.0
12,3822635,3881111,0,76.57627118644068,1.3302655505321073,74.0,79.0,2.0,0.6158817620514397,0.0,0.003372432155157434,0.0029393861223129627,0.0,0.0
12,3828638,3887111,0,76.23728813559322,1.4301710582867109,74.0,79.0,2.0,0.6158817620514397,0.0,0.003844240456455635,0.003044751376183632,0.0,0.0
12,3834111,3893111,0,76.11666666666666,1.4270209840394388,74.0,79.0,2.0,0.6106401198187058,0.0,0.0036924098554089557,0.0029697079098508477,0.0,0.0
12,3840111,3899111,0,76.16666666666667,1.380418616056577,74.0,79.0,3.0,0.5674803065350239,0.0,0.004309464325523172,0.005683396069718316,0.0,0.0
12,3846111,3901111,0,76.44642857142857,1.3352319602807228,74.0,79.0,3.0,0.5877538136452587,0.0,0.00421988850473255,0.005788823333305208,0.0,0.0
12,3852111,3901111,0,76.46,1.4029967925836466,74.0,79.0,3.0,0.5890150893739515,0.0,0.004284547984223761,0.006084134216317414,0.0,0.0
12,3858111,3901111,0,76.5909090909091,1.4352412185315404,74.0,79.0,3.0,0.5906244232186183,0.0,0.004439691765801179,0.006335139540708448,0.0,0.0
12,3864111,3901111,0,76.60526315789474,1.531072442925143,74.0,79.0,3.0,0.5927489783638191,0.0,0.004159612128139796,0.00657439949579609,0.0,0.0
12,3870111,3901111,0,76.53125,1.6390617552429194,74.0,79.0,0.0,0.5679618342470648,0.0,0.004394243365800568,0.007114281991627435,0.0,0.0
12,3876111,3901111,0,76.0,1.3301243435223524,74.0,79.0,1.0,0.6,0.0,0.004726899050488649,0.007813949380056365,0.0,0.0
12,3882111,3901111,0,75.75,1.3738631664034087,74.0,79.0,4.0,0.5619514869490163,0.0,0.005656251635759295,0.008682929779535999,0.0,0.0
12,3888111,3901111,0,76.35714285714286,1.171515676204052,74.0,79.0,5.0,0.6201736729460423,0.0,0.005606160413347862,0.010211641619011448,0.0,0.0
12,3894111,3901111,0,77.0,1.0,76.0,79.0,3.0,0.6546536707079771,0.0,0.00789761175156045,0.012919072842952779,0.0,0.0
12,4565126,4577126,1,87.28571428571429,1.1605769149479945,85.0,89.0,4.0,1.1547005383792515,0.0,0.2034375812686706,0.18320829821517617,0.0,0.0
13,2252704,2311960,1,83.17543859649123,3.774907025775225,79.0,92.0,10.0,1.0350983390135313,0.0,0.05696730133280352,0.06503621484032353,0.0,0.0
13,2260960,2317960,1,82.10526315789474,2.692968169571796,79.0,90.0,9.0,1.0606601717798212,0.0,0.05276966164159365,0.056763523894256665,0.0,0.0
13,2264960,2323960,1,81.62711864406779,2.0075983213337,79.0,87.0,6.0,1.0827805840074194,0.0,0.06715311937331714,0.09441013415768477,0.0,0.0
13,2270960,2329960,1,81.0,1.7369367151806,78.0,86.0,4.0,1.0827805840074194,0.0,0.07888431518615875,0.12471345919137936,0.0,0.0
13,2276960,2335960,1,80.67796610169492,1.8080861495721476,78.0,86.0,0.0,1.1295406451144276,0.0,0.07152866972354718,0.12218235864808734,0.0,0.0
14,1709849,1740996,1,103.28571428571429,1.5319721849662298,101.0,106.0,0.0,0.769800358919501,0.0,0.04961289077094622,0.10511964839763324,0.0,0.0
14,1715862,1740996,1,103.3913043478261,1.5530931390862395,101.0,106.0,3.0,0.6396021490668313,0.0,0.05789966547017709,0.1141054507855487,0.0,0.0
14,1721881,1740996,1,104.05882352941177,1.211250604822,102.0,106.0,3.0,0.6614378277661477,0.0,0.07060833225426844,0.1288328837678566,0.0,0.0
14,1727996,1740996,1,104.5,0.823754471047914,103.0,106.0,2.0,0.6793662204867574,0.0,0.08396316636856782,0.1383567561498102,0.0,0.0
14,1733996,1740996,1,104.875,0.5994789404140899,104.0,106.0,0.0,0.7559289460184544,0.0,0.05082034433044265,0.07629367968246802,0.0,0.0
14,5474602,5477602,1,105.75,0.4330127018922193,105.0,106.0,0.0,0.816496580927726,0.0,0.08202070105950036,0.09977919530858664,0.0,0.0
14,5474602,5483602,1,105.1,0.9433981132056604,103.0,106.0,3.0,0.7453559924999299,0.0,0.04140478620837681,0.07160772230125537,0.0,0.0
14,5474602,5489602,1,103.4375,2.3443749166888814,99.0,106.0,7.0,0.7745966692414834,0.0,0.033332570435307164,0.059625371604496935,0.0,0.0
14,5474602,5493602,1,102.8,2.4819347291981715,99.0,106.0,7.0,0.8885233166386386,0.0,0.06907980111537429,0.11385401573811725,0.0,0.0
14,5474602,5493602,1,102.8,2.4819347291981715,99.0,106.0,7.0,0.8885233166386386,0.0,0.06907980111537429,0.11385401573811725,0.0,0.0
14,5474602,5493602,1,102.8,2.4819347291981715,99.0,106.0,7.0,0.8885233166386386,0.0,0.06907980111537429,0.11385401573811725,0.0,0.0
14,5474602,5513602,1,100.84615384615384,4.185067848841675,94.0,106.0,12.0,1.1661903789690602,0.0,0.054465803135161354,0.10337179208103349,0.0,0.0
14,5474602,5519602,1,99.53125,4.6635848268794255,93.0,106.0,12.0,1.0776318121606494,0.0,0.04518411990401402,0.09516939237914228,0.0,0.0
14,5474602,5525602,1,98.71052631578948,4.684284446489481,93.0,106.0,11.0,1.0,0.0,0.03900322187364745,0.08851947793529216,0.0,0.0
14,5474602,5531602,1,98.36363636363636,4.44200461038456,93.0,106.0,10.0,0.9644856443408242,0.0,0.03530599255177652,0.08282904713696167,0.0,0.0
14,5478602,5537602,1,97.52173913043478,3.7051030052851655,93.0,106.0,10.0,0.9428090415820634,0.0,0.029059133694974423,0.07456410756633676,0.0,0.0
14,5484602,5543602,1,96.30434782608695,2.474825994914384,93.0,102.0,7.0,0.9067647005823629,0.0,0.03355910155330274,0.07568641907555117,0.0,0.0
14,5490602,5549602,1,95.65217391304348,1.7841986546681035,93.0,101.0,5.0,0.8819171036881969,0.0,0.03952192063313129,0.07666700375106313,0.0,0.0
14,5508602,5555602,1,95.41666666666667,1.1873172373979173,93.0,98.0,2.0,0.618852747755276,0.0,0.02660307026456334,0.033048044846677796,0.0,0.0
14,5508602,5555602,1,95.41666666666667,1.1873172373979173,93.0,98.0,2.0,0.618852747755276,0.0,0.02660307026456334,0.033048044846677796,0.0,0.0
14,5508602,5555602,1,95.41666666666667,1.1873172373979173,93.0,98.0,2.0,0.618852747755276,0.0,0.02660307026456334,0.033048044846677796,0.0,0.0
14,5514602,5555602,1,95.57142857142857,1.1780301787479028,93.0,98.0,3.0,0.6048583789091339,0.0,0.029581726511722167,0.034288109256125916,0.0,0.0
14,5520602,5555602,1,95.86111111111111,1.00423486014029,94.0,98.0,3.0,0.609449400220044,0.0,0.03368476550216883,0.03538678999680034,0.0,0.0
14,5526602,5555602,1,96.16666666666667,0.7781745019952501,95.0,98.0,1.0,0.6158817620514397,0.0,0.03921403212693076,0.03623712253232792,0.0,0.0
14,5532602,5555602,1,96.16666666666667,0.8498365855987975,95.0,98.0,0.0,0.5897678246195885,0.0,0.04604498844701498,0.03735613955433716,0.0,0.0
14,5538602,5555602,1,95.94444444444444,0.8480187512485414,95.0,98.0,1.0,0.6416889479197478,0.0,0.05520780226665009,0.037193027643032436,0.0,0.0
14,5544602,5555602,1,96.25,0.82915619758885,95.0,98.0,1.0,0.674199862463242,0.0,0.05839807178923603,0.0370046587438291,0.0,0.0
14,5550602,5555602,1,96.83333333333333,0.6871842709362769,96.0,98.0,1.0,0.7745966692414834,0.0,0.05120231981959541,0.03756955454329868,0.0,0.0
14,6065182,6071742,1,105.0,1.2909944487358056,103.0,107.0,4.0,0.8944271909999159,0.0,0.041856557700913295,0.059534851004700184,0.0,0.0
14,6065182,6075742,1,104.5,1.4142135623730951,103.0,107.0,4.0,0.7559289460184544,0.0,0.03783244064975964,0.052102269377583894,0.0,0.0
14,6065182,6083742,1,101.85714285714286,3.291919606229403,97.0,107.0,9.0,1.1435437497937313,0.0,0.03618550571628655,0.04210333354588269,0.0,0.0
14,6065182,6089742,1,100.7,3.3331666624997918,96.0,107.0,11.0,1.0513149660756937,0.0,0.048140423827202475,0.06512734425266564,0.0,0.0
14,6065182,6095742,1,99.76923076923077,3.400313246969284,96.0,107.0,9.0,0.9591663046625439,0.0,0.046525035364555274,0.058631468737321654,0.0,0.0
14,6065182,6101742,1,99.375,3.1893377055432683,96.0,107.0,8.0,0.915810939779251,0.0,0.05410160322500869,0.06064981517737103,0.0,0.0
14,6065182,6107742,1,99.21052631578948,2.9661058533906046,96.0,107.0,10.0,0.86991767240168,0.0,0.047512808609452346,0.05780253136232163,0.0,0.0
14,6065182,6113742,1,98.93181818181819,2.8635461746259434,96.0,107.0,9.0,0.9021937088963173,0.0,0.050417629812707275,0.06556630384216339,0.0,0.0
14,6065182,6119742,1,98.98,2.7017771928861936,96.0,107.0,9.0,0.9147320339189784,0.0,0.04881200486798107,0.06231464726536693,0.0,0.0
14,6067188,6125742,1,98.98113207547169,2.4532655636828835,96.0,106.0,4.0,0.9405399431259602,0.0,0.049031743031726124,0.060656791317299064,0.0,0.0
14,6073742,6131742,1,98.60377358490567,1.7627125606228928,96.0,103.0,3.0,0.9302605094190635,0.0,0.04984737276832939,0.0633123593941124,0.0,0.0
14,6078742,6137742,1,98.3859649122807,1.641077801216641,95.0,102.0,5.0,0.8964214570007952,0.0,0.04635284285235055,0.06225125939912987,0.0,0.0
14,6084742,6143742,1,97.98245614035088,2.01303844770436,94.0,102.0,5.0,0.8762745818846641,0.0,0.044884582377010186,0.06262471507562266,0.0,0.0
14,6090742,6149742,1,97.6140350877193,2.2536861498280425,94.0,102.0,1.0,0.8556534679079242,0.0,0.03768949754771475,0.0545982307629246,0.0,0.0
15,4212773,4272664,1,82.38636363636364,4.222321146924828,74.0,87.0,12.0,1.0115610777177464,0.0,0.07688245126533277,0.08669067178578167,0.0,0.0
15,4218784,4278664,1,83.37777777777778,3.020587793341546,75.0,87.0,7.0,1.0552897060221726,0.0,0.07688263731965211,0.08534809864828444,0.0,0.0
15,4226664,4281664,1,84.06976744186046,1.8850124771311112,80.0,87.0,3.0,1.0578504710249077,0.0,0.07616388193668752,0.08823792588537341,0.0,0.0
15,4231664,4290664,1,84.65116279069767,1.6265775302368102,81.0,87.0,3.0,1.123345344008138,0.0,0.08854011409049628,0.10279605354766454,0.0,0.0
15,4237664,4296664,1,84.97560975609755,1.893349140982961,81.0,90.0,6.0,1.224744871391589,0.0,0.10100908915026066,0.10446234160556811,0.0,0.0
15,4243664,4301664,1,85.26315789473684,2.098673898671251,81.0,90.0,1.0,1.1740436015661335,0.0,0.10451665672142928,0.10707412643440002,0.0,0.0
15,4249664,4301664,1,85.09375,2.227096975324604,81.0,90.0,1.0,1.2313119150962784,0.0,0.10445283389169896,0.11150867725541719,0.0,0.0
15,4262664,4301664,1,84.88461538461539,2.3911201603645464,81.0,90.0,4.0,1.2649110640673518,0.0,0.10165739178008026,0.10939546216322502,0.0,0.0
15,4262664,4301664,1,84.88461538461539,2.3911201603645464,81.0,90.0,4.0,1.2649110640673518,0.0,0.10165739178008026,0.10939546216322502,0.0,0.0
15,4269664,4301664,1,84.96,2.4079867109267856,81.0,90.0,4.0,1.2909944487358056,0.0,0.10084880711905711,0.11148570666043575,0.0,0.0
15,4273664,4301664,1,85.14285714285714,2.531435020952764,81.0,90.0,3.0,1.2449899597988732,0.0,0.11583434875672564,0.11523077077577523,0.0,0.0
15,4279664,4301664,1,86.0,2.4765567494675613,81.0,90.0,6.0,1.4142135623730951,0.0,0.14165164326843363,0.12558599802539788,0.0,0.0
15,4286664,4301664,1,87.08333333333333,1.2555432644432802,86.0,90.0,1.0,1.1677484162422844,0.0,0.16967970997793222,0.12402952165091899,0.0,0.0
15,4291664,4301664,1,87.71428571428571,1.2777531299998797,86.0,90.0,0.0,1.5275252316519468,0.0,0.1443640617323976,0.09664233020830214,0.0,0.0
15,6089200,6096291,0,70.75,0.6614378277661477,70.0,72.0,1.0,0.6546536707079771,0.0,0.010944459980604393,0.009243084198568988,0.0,0.0
15,6089200,6102291,0,71.85714285714286,1.6842608746502281,70.0,75.0,3.0,0.9198662110077999,0.0,0.0075008321445698455,0.008069443100599288,0.0,0.0
15,6089200,6108295,0,72.5,1.7175564037317668,70.0,75.0,2.0,0.7947194142390263,0.0,0.008460996510375069,0.010481867557203928,0.0,0.0
15,6089200,6114072,0,72.875,1.786815136865964,70.0,75.0,3.0,0.8075728530872482,0.0,0.00783719675804504,0.009728787570082003,0.0,0.0
15,6089200,6120072,0,73.06666666666666,1.671991493864594,70.0,75.0,1.0,0.7656414934887764,0.0,0.007107869773989098,0.008979125264847856,0.0,0.0
15,6089200,6126072,0,72.83333333333333,1.6244657241348275,70.0,75.0,1.0,0.7367883976130072,0.0,0.006645113601931091,0.008331681395227875,0.0,0.0
15,6089200,6132072,0,72.71428571428571,1.6225452416572212,70.0,75.0,1.0,1.0706733691535595,0.0,0.006564205469964651,0.007821716647916034,0.0,0.0
15,6089200,6138072,0,72.4375,1.6944302139657448,70.0,75.0,2.0,1.0105823052798226,0.0,0.006576704924961939,0.007379954402100714,0.0,0.0
15,6089200,6144072,0,72.18518518518519,1.7540859609206843,70.0,75.0,2.0,0.9712858623572642,0.0,0.006402858735617533,0.0070851656959656385,0.0,0.0
15,6091210,6150072,0,71.91379310344827,1.905386943764882,69.0,75.0,2.0,0.936585811581694,0.0,0.006208442138947586,0.006884460561087202,0.0,0.0
15,6097291,6156072,0,71.79310344827586,2.0236414829132703,69.0,75.0,3.0,0.9271726499455306,0.0,0.005294377978096929,0.005731244198853249,0.0,0.0
15,6103291,6162072,0,71.32758620689656,2.079356092594472,68.0,75.0,5.0,0.8685539504902852,0.0,0.00561763926289857,0.005749283823045854,0.0,0.0
15,6109299,6168072,0,70.8103448275862,1.969219139411602,68.0,75.0,6.0,0.8583950752789521,0.0,0.004841632269261433,0.003067770803627532,0.0,0.0
15,6115072,6174072,0,70.33333333333333,1.7191729277636836,68.0,75.0,6.0,0.8437205738748232,0.0,0.004728081151689964,0.003078822814370099,0.0,0.0
16,1071052,1130333,1,48.78947368421053,2.2535495752044086,45.0,54.0,3.0,0.7440238091428449,0.0,0.009796407494461777,0.007864717178323925,0.0,0.0
16,1077076,1136333,1,48.31578947368421,2.41456032637699,45.0,54.0,7.0,0.7196229171289245,0.0,0.008183866280767383,0.007360657591078675,0.0,0.0
16,1083090,1142333,1,47.54385964912281,1.9741325026948844,45.0,52.0,6.0,0.6813851438692469,0.0,0.007525570297792442,0.007957584930144342,0.0,0.0
16,1089112,1148333,1,47.175438596491226,1.8836583202062522,45.0,52.0,3.0,0.6681531047810609,0.0,0.006348619150634834,0.007200789835771632,0.0,0.0
16,1095137,1154333,1,47.08771929824562,1.7994219515730645,45.0,52.0,0.0,0.7559289460184544,0.0,0.005154262932534442,0.006302159054163859,0.0,0.0
16,1101165,1159333,1,46.910714285714285,1.5385148882037147,45.0,50.0,1.0,0.674199862463242,0.0,0.004712169998271946,0.00626671595762426,0.0,0.0
16,1107333,1159333,1,46.81132075471698,1.5179007819712278,45.0,50.0,0.0,0.6793662204867574,0.0,0.004810802424583211,0.006404261194891488,0.0,0.0
16,1113333,1159333,1,46.61702127659574,1.4954283736855813,45.0,50.0,2.0,0.6915640748081247,0.0,0.0050853229769577115,0.006738717475334183,0.0,0.0
16,1119333,1159333,1,46.63414634146341,1.5889265829173007,45.0,50.0,3.0,0.689202437604511,0.0,0.005304506481264566,0.007152324587659053,0.0,0.0
16,1125333,1159333,1,46.77142857142857,1.6747829588288967,45.0,50.0,3.0,0.7071067811865476,0.0,0.0052696395271713565,0.007700549093040978,0.0,0.0
16,1131333,1159333,1,46.96551724137931,1.7710849708132768,45.0,50.0,3.0,0.7319250547113999,0.0,0.0055351338595695,0.008366425612656598,0.0,0.0
16,1137333,1159333,1,47.34782608695652,1.7841986546681037,45.0,50.0,4.0,0.7977240352174656,0.0,0.006048778596040176,0.00930225258144595,0.0,0.0
16,1143333,1159333,1,48.0,1.6087993330796875,46.0,50.0,3.0,0.82915619758885,0.0,0.004286258401322692,0.006567698705773067,0.0,0.0
16,1149333,1159333,1,49.09090909090909,0.7925270806437589,47.0,50.0,2.0,1.0,0.0,0.0016246203931591708,0.0010424256782214734,0.0,0.0
16,1155333,1159333,1,49.2,0.4,49.0,50.0,0.0,0.7071067811865476,0.0,0.0012892126214606736,0.0009139704736413299,0.0,0.0
16,2389504,2396519,0,60.625,0.4841229182759271,60.0,61.0,1.0,0.6546536707079771,0.0,0.010090270239165732,0.004574872796169688,0.0,0.0
16,2389504,2402538,0,60.857142857142854,0.6388765649999398,60.0,62.0,2.0,0.6793662204867574,0.0,0.009421714814774816,0.004039442585600928,0.0,0.0
16,2389504,2408811,0,61.25,0.82915619758885,60.0,63.0,2.0,0.6488856845230502,0.0,0.007533770853338864,0.0045139244267945805,0.0,0.0
16,2389504,2414811,0,61.34615384615385,0.7816308243423683,60.0,63.0,1.0,0.6,0.0,0.006934925486404163,0.004449366706306095,0.0,0.0
16,2389504,2420811,0,61.34375,0.7335434121440939,60.0,63.0,2.0,0.5679618342470648,0.0,0.006699246043471417,0.00424322686382505,0.0,0.0
16,2389504,2426811,0,61.44736842105263,0.7144143137104331,60.0,63.0,2.0,0.5198752449100363,0.0,0.006648021001384192,0.004081163893244667,0.0,0.0
16,2389504,2432811,0,61.52272727272727,0.6904753423165142,60.0,63.0,2.0,0.4822428221704121,0.0,0.0063907796601473076,0.003884125370293542,0.0,0.0
16,2389504,2438811,0,60.86,2.078557191900189,53.0,63.0,7.0,0.7142857142857143,0.0,0.0063594394228108754,0.003846525125626066,0.0,0.0
16,2389504,2444811,0,59.75,3.771367694313866,49.0,63.0,10.0,0.7627700713964738,0.0,0.006382492208309069,0.0037749802740519615,0.0,0.0
16,2391510,2450811,0,58.583333333333336,5.03418866904644,48.0,63.0,13.0,0.7478783550139053,0.0,0.006298157895773379,0.0037621916155684246,0.0,0.0
16,2397522,2456811,0,57.333333333333336,5.812821078348179,48.0,63.0,13.0,0.7478783550139053,0.0,0.0057827988020517675,0.0033123923549576518,0.0,0.0
16,2403541,2462811,0,56.13333333333333,6.124994331063136,48.0,63.0,14.0,0.7364596943186587,0.0,0.005400373627808139,0.0031500262557303178,0.0,0.0
16,2409811,2468811,0,54.833333333333336,6.085958337754942,48.0,62.0,13.0,0.7478783550139053,0.0,0.005588617630708347,0.003149334526502734,0.0,0.0
16,2415811,2474811,0,53.516666666666666,5.886401466279906,48.0,62.0,13.0,0.7478783550139053,0.0,0.005743443965347146,0.00317213736554098,0.0,0.0
16,2421811,2477811,0,52.35087719298246,5.558275726796384,47.0,62.0,15.0,0.7676494735787385,0.0,0.005818696665193092,0.0031924349769454612,0.0,0.0
16,2427811,2477811,0,51.21568627450981,4.720891098545,47.0,62.0,15.0,0.812403840463596,0.0,0.005753270299107691,0.003201153003808934,0.0,0.0
16,2433811,2477811,0,49.77777777777778,2.7719939785800314,47.0,60.0,13.0,0.8118441408859887,0.0,0.005885495072457999,0.003344948054318167,0.0,0.0
16,2439811,2477811,0,48.82051282051282,1.0590705860545326,47.0,52.0,5.0,0.6688560540599386,0.0,0.005847938773501226,0.0033106402074959953,0.0,0.0
16,2445811,2477811,0,48.515151515151516,0.7435057058415332,47.0,50.0,2.0,0.5590169943749475,0.0,0.005715818777023749,0.003329018768961539,0.0,0.0
16,2451811,2477811,0,48.592592592592595,0.7821745215534399,47.0,50.0,1.0,0.5883484054145521,0.0,0.005409419781002667,0.0028383950941223237,0.0,0.0
16,2457811,2477811,0,48.666666666666664,0.8357108940373449,47.0,50.0,2.0,0.5477225575051661,0.0,0.00563578539384094,0.003157693241200913,0.0,0.0
16,2463811,2477811,0,48.46666666666667,0.8844332774281066,47.0,50.0,3.0,0.4629100498862757,0.0,0.006007677215450386,0.003319793983577179,0.0,0.0
16,2469811,2477811,0,48.0,0.816496580927726,47.0,49.0,2.0,0.5,0.0,0.006672123155312608,0.003507530200633019,0.0,0.0
16,3603655,3608679,0,52.0,0.5773502691896257,51.0,53.0,1.0,0.7745966692414834,0.0,0.004949377796862291,0.0021165535038115617,0.0,0.0
16,3603655,3614702,0,51.666666666666664,0.6236095644623235,51.0,53.0,1.0,0.7977240352174656,0.0,0.003319032460894564,0.0024934309432555475,0.0,0.0
16,3603655,3620716,0,51.666666666666664,0.5773502691896257,51.0,53.0,1.0,0.7276068751089989,0.0,0.015075022430603637,0.036881678280928594,0.0,0.0
16,3603655,3626749,0,52.5,2.29128784747792,50.0,60.0,9.0,1.1978241142570356,0.0,0.04493493213650329,0.08005720657312015,0.0,0.0
16,3603655,3632776,0,55.06666666666667,5.567365225630123,50.0,67.0,14.0,1.5536386656646635,0.0,0.03756914038037791,0.0731321963102935,0.0,0.0
16,3603655,3638847,0,57.22222222222222,7.012334811328738,50.0,69.0,18.0,1.5118578920369088,0.0,0.03424039917915551,0.06756746572256847,0.0,0.0
16,3603655,3644847,0,59.23809523809524,8.173154440896075,50.0,73.0,20.0,1.4979661007594232,0.0,0.039283302545273936,0.07377334857816426,0.0,0.0
16,3603655,3650854,0,61.25,9.32626220233308,50.0,77.0,23.0,1.5367830450846256,0.0,0.041587176940206576,0.07306733257305996,0.0,0.0
16,3603655,3656920,0,62.74074074074074,9.756641015008578,50.0,77.0,24.0,1.4921176543220789,0.0,0.04263096857192597,0.06981713326909467,0.0,0.0
16,3603655,3662924,0,63.85,9.841790148816086,50.0,77.0,22.0,1.5404159684748153,0.0,0.05102999355312936,0.07814235432387867,0.0,0.0
16,3609682,3668991,0,65.77966101694915,9.310223643493757,50.0,77.0,21.0,1.5480800121886242,0.0,0.05640801144040699,0.07852892010649067,0.0,0.0
16,3615705,3674991,0,67.89830508474576,8.075270715416435,50.0,77.0,20.0,1.629469979408367,0.0,0.060218015405683924,0.07734321562375716,0.0,0.0
16,3621720,3681024,0,69.61016949152543,5.968893799659329,50.0,77.0,17.0,1.6452648880116958,0.0,0.09235731471803184,0.13853164591636905,0.0,0.0
16,3627753,3686113,0,70.55932203389831,3.84562787820794,63.0,77.0,2.0,1.5425013273341408,0.0,0.09842329086993432,0.14778694355348684,0.0,0.0
17,2409572,2469398,1,88.91071428571429,2.8111816638095046,83.0,94.0,6.0,0.6875516509523286,0.0,0.020356994202114054,0.054624733694451484,0.0,0.0
17,2416579,2475398,1,88.14545454545454,3.413439650548092,82.0,94.0,8.0,0.693888666488711,0.0,0.01900613233947054,0.055283965672597205,0.0,0.0
17,2421586,2481398,1,87.57142857142857,3.524694226135808,82.0,94.0,4.0,0.7135060680126757,0.0,0.011366019007775795,0.0332827306305841,0.0,0.0
17,2427595,2487398,1,87.10714285714286,3.2496075116222625,82.0,94.0,5.0,0.7006490497453707,0.0,0.011522584924488401,0.03324683662954868,0.0,0.0
17,2434398,2493398,1,86.82758620689656,2.7800888787236384,82.0,93.0,4.0,0.6753816335059705,0.0,0.007061402976173793,0.015826849985506427,0.0,0.0
17,2440398,2498398,1,86.69491525423729,2.5127082916486447,82.0,90.0,1.0,0.6017216678143155,0.0,0.004649140585973626,0.0033478095937223783,0.0,0.0
17,2446398,2498398,1,86.50943396226415,2.5816671628966117,82.0,90.0,1.0,0.6044705248269888,0.0,0.0048129658099909396,0.0034088105718901333,0.0,0.0
17,2452398,2498398,1,86.1063829787234,2.460185450138257,82.0,90.0,1.0,0.6079187588743288,0.0,0.0046668004700452905,0.0035600186399508487,0.0,0.0
17,2458398,2498398,1,85.78048780487805,2.4645010885988543,82.0,90.0,2.0,0.6324555320336759,0.0,0.004551260060660353,0.0036543360524748498,0.0,0.0
17,2464398,2498398,1,85.77142857142857,2.6086199338316174,82.0,90.0,6.0,0.5423261445466404,0.0,0.004858815326272778,0.0037350388417680155,0.0,0.0
17,2470398,2498398,1,86.27586206896552,2.5850572157229394,82.0,90.0,7.0,0.5669467095138409,0.0,0.004961069128680103,0.0037338296537794487,0.0,0.0
17,2476398,2498398,1,87.21739130434783,2.0206869632386524,83.0,90.0,7.0,0.5640760748177662,0.0,0.0044829642305277044,0.003242409476717313,0.0,0.0
17,2482398,2498398,1,88.23529411764706,1.164646463130784,86.0,90.0,4.0,0.5,0.0,0.004006367571075888,0.0028865635958930007,0.0,0.0
17,2488398,2498398,1,88.9090909090909,0.668042657122685,88.0,90.0,2.0,0.4472135954999579,0.0,0.002895081291077903,0.002545339960379565,0.0,0.0
17,2494398,2498398,1,89.4,0.4898979485566356,89.0,90.0,1.0,0.5,0.0,0.0032804964919716365,0.002071179278890874,0.0,0.0
17,4149517,4155525,1,86.42857142857143,0.4948716593053935,86.0,87.0,1.0,0.408248290463863,0.0,0.02709402659823403,0.027623646901961115,0.0,0.0
17,4149517,4160741,1,87.08333333333333,0.8620067027323833,86.0,88.0,2.0,0.4264014327112209,0.0,0.023165514057991953,0.02258726833740776,0.0,0.0
17,4149517,4166741,1,87.94444444444444,1.4326441064697364,86.0,90.0,4.0,0.6859943405700354,0.0,0.016919889283056426,0.02049965088750277,0.0,0.0
17,4149517,4172741,1,88.16666666666667,1.4043582955293932,86.0,90.0,1.0,0.6915640748081247,0.0,0.01465568441300584,0.018367768514788368,0.0,0.0
17,4149517,4178741,1,88.06666666666666,1.3148721948877347,86.0,90.0,3.0,0.6695340634119862,0.0,0.0172830409113003,0.02008072433175799,0.0,0.0
19,1969726,2029478,1,79.53333333333333,2.5460208605237744,74.0,84.0,6.0,1.089238577156585,0.0,0.06527680502776761,0.09812346146017815,0.0,0.0
19,1975743,2035478,1,79.91666666666667,2.577412569914944,74.0,84.0,4.0,1.0735652625161434,0.0,0.06345726901240524,0.0976184092874713,0.0,0.0
19,1982478,2041478,1,80.05084745762711,2.4385584016844337,74.0,84.0,2.0,0.9649012813540153,0.0,0.06407868613307623,0.09842517485172787,0.0,0.0
19,1988478,2047478,1,80.10169491525424,2.4749245169399443,74.0,84.0,3.0,1.042212500669477,0.0,0.07986123611594918,0.1140832183813123,0.0,0.0
19,1994478,2053478,1,80.33898305084746,2.607747059920936,74.0,84.0,2.0,1.0339078862458586,0.0,0.07811609774844767,0.11414973378994814,0.0,0.0
19,2000478,2057478,1,80.66666666666667,2.7359422722270774,74.0,85.0,8.0,1.0522085616183026,0.0,0.07966348983407479,0.11585179795095787,0.0,0.0
19,2006478,2057478,1,81.25490196078431,2.2214916138460468,74.0,85.0,11.0,1.0295630140987,0.0,0.07773275805920904,0.11576639063011494,0.0,0.0
19,2012478,2057478,1,81.82222222222222,1.5956731618681104,79.0,85.0,5.0,0.9653072991634227,0.0,0.06764054657858914,0.1114320627489661,0.0,0.0
19,2018478,2057478,1,81.95,1.5960889699512366,79.0,85.0,4.0,0.9336995618478525,0.0,0.05410793396494642,0.08181311355023659,0.0,0.0
19,2024478,2057478,1,81.97058823529412,1.671302664138279,79.0,85.0,2.0,0.9211323729436766,0.0,0.05582262463001295,0.08721303902912565,0.0,0.0
19,2030478,2057478,1,81.71428571428571,1.729102633844315,79.0,85.0,2.0,0.9813067629253163,0.0,0.06210675855274382,0.09475041027925117,0.0,0.0
19,2036478,2057478,1,81.72727272727273,1.8136306675690914,79.0,85.0,6.0,0.9759000729485332,0.0,0.07217489027042323,0.10461403075844522,0.0,0.0
19,2042478,2057478,1,82.6875,1.0439558180306292,81.0,85.0,4.0,1.0954451150103321,0.0,0.08674432909634956,0.11884119910098803,0.0,0.0
19,2048478,2057478,1,83.2,0.7483314773547882,82.0,85.0,2.0,0.9428090415820634,0.0,0.029131992053087436,0.0170855103127712,0.0,0.0
19,2054478,2057478,1,83.75,0.82915619758885,83.0,85.0,1.0,1.2909944487358056,0.0,0.027135401999264758,0.008177393841476378,0.0,0.0
19,3935670,3943696,1,74.66666666666667,0.6666666666666666,73.0,75.0,2.0,0.8660254037844386,0.0,0.02793985069232365,0.015116906769972486,0.0,0.0
19,3935670,3949707,1,75.0,0.7302967433402214,73.0,76.0,3.0,0.8017837257372732,0.0,0.030884198439210676,0.04371718043908031,0.0,0.0
19,3935670,3955693,1,75.57142857142857,1.2936264483053452,73.0,79.0,6.0,0.9486832980505138,0.0,0.027420278874874717,0.037626324636250714,0.0,0.0
19,3935670,3960744,1,76.3076923076923,1.9368735864637188,73.0,80.0,7.0,1.0,0.0,0.031938825876965886,0.0448844484553847,0.0,0.0
21,406738,414790,1,99.5,1.118033988749895,98.0,101.0,1.0,0.8451542547285166,0.0,0.1355913828156073,0.20414847425796456,0.0,0.0
21,3851207,3862237,0,94.5,1.5,93.0,97.0,3.0,1.4832396974191326,0.0,0.007221340764705035,0.0023829153467821813,0.0,0.0
21,3851207,3868262,0,95.0,1.224744871391589,93.0,97.0,2.0,1.2060453783110545,0.0,0.010879142068480905,0.0043477691166084655,0.0,0.0
21,3851207,3874183,0,95.0,1.0954451150103321,93.0,97.0,2.0,1.0690449676496976,0.0,0.011037806186593278,0.004044250177850816,0.0,0.0
21,3851207,3880183,0,95.14285714285714,0.989743318610787,93.0,97.0,2.0,0.9486832980505138,0.0,0.012117687879997629,0.004375562476396856,0.0,0.0
21,3851207,3886183,0,95.03703703703704,0.9222147850362024,93.0,97.0,3.0,0.8548504142651103,0.0,0.01228214713639985,0.004247758515686269,0.0,0.0
21,3851207,3892183,0,94.39393939393939,1.686656975766757,90.0,97.0,7.0,0.8477912478906585,0.0,0.012331882714273327,0.004366169047239984,0.0,0.0
21,3851207,3898183,0,93.25641025641026,3.1026700554063624,86.0,97.0,11.0,0.8735890880367281,0.0,0.012901778508530656,0.004322935897580956,0.0,0.0
21,3851207,3904183,0,92.08888888888889,4.162382983191892,83.0,97.0,14.0,0.8528028654224418,0.0,0.013383791708813172,0.00426581025887152,0.0,0.0
21,3851207,3910183,0,91.19607843137256,4.631603321440843,83.0,97.0,11.0,0.8366600265340756,0.0,0.012913552835440859,0.004374490634335959,0.0,0.0
21,3859235,3916183,0,90.2909090909091,4.769877937347044,83.0,96.0,9.0,0.7071067811865476,0.0,0.013153394607772734,0.004201105915842952,0.0,0.0
21,3863240,3922183,0,89.50877192982456,4.859870791068291,83.0,96.0,9.0,0.6943650748294136,0.0,0.013658941737271363,0.00393980781416788,0.0,0.0
21,3872183,3928183,0,88.49122807017544,4.496091117175997,83.0,96.0,9.0,0.6681531047810609,0.0,0.013653157718930208,0.004059934678287079,0.0,0.0
21,3875183,3934183,0,87.95,4.1570221713786095,83.0,96.0,9.0,0.676481425202546,0.0,0.013916397749324851,0.003983311553148806,0.0,0.0
21,3881183,3939183,0,87.05084745762711,3.34169209555228,83.0,95.0,8.0,0.6695340634119862,0.0,0.013755351054036176,0.00391227971141043,0.0,0.0
21,3887183,3939183,0,86.18867924528301,2.2575375111163805,83.0,93.0,6.0,0.6793662204867574,0.0,0.013856965754439407,0.003921657060985911,0.0,0.0
21,3893183,3939183,0,85.51063829787235,1.2181664007063522,83.0,88.0,1.0,0.6079187588743288,0.0,0.014023085704192868,0.003753291614536753,0.0,0.0
21,3899183,3939183,0,85.29268292682927,1.1096890893733977,83.0,87.0,1.0,0.6123724356957945,0.0,0.013728482825253392,0.003838697660752233,0.0,0.0
21,3905183,3939183,0,85.42857142857143,1.076653924652387,83.0,87.0,4.0,0.5940885257860046,0.0,0.013250472307756913,0.0038819066134394196,0.0,0.0
21,3911183,3939183,0,85.62068965517241,0.9252695079309474,84.0,87.0,1.0,0.5669467095138409,0.0,0.014049860795193136,0.003458260958899989,0.0,0.0
21,3917183,3939183,0,85.8695652173913,0.7969696860792764,84.0,87.0,3.0,0.5640760748177662,0.0,0.014220780373681833,0.0034888716223205746,0.0,0.0
21,3923183,3939183,0,86.17647058823529,0.5128116404165498,85.0,87.0,1.0,0.5590169943749475,0.0,0.014361731415022748,0.003250866600763294,0.0,0.0
21,3929183,3939183,0,86.36363636363636,0.48104569292083466,86.0,87.0,1.0,0.5477225575051661,0.0,0.014296132987935632,0.002891555519593734,0.0,0.0
21,3935183,3939183,0,86.4,0.4898979485566356,86.0,87.0,1.0,0.5,0.0,0.01309723998193888,0.003149099794641522,0.0,0.0
21,4500074,4504087,0,85.6,1.019803902718557,84.0,87.0,3.0,0.8660254037844386,0.0,0.008092071274240078,0.004888399106832024,0.0,0.0
21,4500074,4510104,0,84.81818181818181,1.02851895445316,84.0,87.0,2.0,0.6324555320336759,0.0,0.00915400290857139,0.005126815538728453,0.0,0.0
21,4500074,4516117,0,85.41176470588235,1.2394886768062046,84.0,87.0,0.0,0.6123724356957945,0.0,0.007136257490919837,0.004989849336957141,0.0,0.0
21,4500074,4519125,0,85.65,1.2757350822173072,84.0,87.0,0.0,0.5619514869490163,0.0,0.006517942010124897,0.00489421211032031,0.0,0.0
21,4500074,4527870,0,85.92,1.26237870704476,84.0,87.0,0.0,0.5,0.0,0.0057167136049937825,0.0047203743489223505,0.0,0.0
21,4500074,4533870,0,85.96774193548387,1.1495825600777716,84.0,87.0,1.0,0.48304589153964794,0.0,0.005232207434180576,0.004410446642743476,0.0,0.0
21,4500074,4539870,0,85.70270270270271,1.2491048657612263,83.0,87.0,4.0,0.5270462766947299,0.0,0.004921401872868646,0.004161926820283124,0.0,0.0
21,4500074,4545870,0,85.32558139534883,1.5053537053657915,82.0,87.0,5.0,0.5563486402641868,0.0,0.0086932368409865,0.016730518603892762,0.0,0.0
21,4500074,4551870,0,84.93877551020408,1.7659842981864438,81.0,87.0,5.0,0.6291528696058958,0.0,0.011053698050202865,0.017165049309630122,0.0,0.0
21,4500074,4557870,0,84.83636363636364,1.7137267880651899,81.0,87.0,2.0,0.6666666666666666,0.0,0.01310247913823587,0.017714989229647923,0.0,0.0
21,4505089,4563870,0,84.69642857142857,1.6681859571867586,81.0,87.0,0.0,0.6605782590758164,0.0,0.01618552550473629,0.019175416975137173,0.0,0.0
21,4511107,4569870,0,84.48214285714286,1.8515540907627863,81.0,87.0,3.0,0.7006490497453707,0.0,0.01911427842565524,0.020078071415980215,0.0,0.0
21,4517120,4575870,0,84.08928571428571,1.775596335583844,81.0,87.0,3.0,0.7006490497453707,0.0,0.022328742288628224,0.020091021541511423,0.0,0.0
21,4523870,4581870,0,83.89830508474576,1.6018518441641574,81.0,87.0,4.0,0.6948083337796512,0.0,0.023922068997214444,0.01925863206121662,0.0,0.0
21,4528870,4587870,0,83.81666666666666,1.4661931053658048,81.0,87.0,0.0,0.7364596943186587,0.0,0.026879349285380088,0.019545844321127555,0.0,0.0
21,4534870,4588870,0,83.61818181818182,1.368355470707402,81.0,87.0,2.0,0.7453559924999299,0.0,0.029574011515689134,0.018676924821672505,0.0,0.0
21,4540870,4588870,0,83.53061224489795,1.4011954198997445,81.0,87.0,3.0,0.75,0.0,0.032789330500537964,0.0172156099380654,0.0,0.0
21,4546870,4588870,0,83.6046511627907,1.4649316974905697,81.0,87.0,5.0,0.7715167498104596,0.0,0.03290604371302513,0.012662815968417042,0.0,0.0
21,4552870,4588870,0,83.83783783783784,1.4239934997102153,81.0,87.0,4.0,0.7071067811865476,0.0,0.03370642863142053,0.013028558377491048,0.0,0.0
21,4558870,4588870,0,83.80645161290323,1.5116612275948367,81.0,87.0,3.0,0.6582805886043833,0.0,0.03445589391030733,0.01299586137999722,0.0,0.0
21,4564870,4588870,0,83.72,1.6618062462272791,81.0,87.0,4.0,0.6454972243679028,0.0,0.0336767711674427,0.013682088158640929,0.0,0.0
21,4570870,4588870,0,84.21052631578948,1.5754346891679754,82.0,87.0,5.0,0.6236095644623235,0.0,0.032509233683764294,0.015244030630315337,0.0,0.0
21,4576870,4588870,0,84.84615384615384,1.4058205294228512,83.0,87.0,3.0,0.6454972243679028,0.0,0.03208023987028326,0.016522971929988986,0.0,0.0
21,4582870,4588870,0,85.85714285714286,1.124858267715973,84.0,87.0,3.0,0.7071067811865476,0.0,0.03528687896919285,0.02087397424632845,0.0,0.0
21,5734409,5740426,1,89.71428571428571,0.4517539514526256,89.0,90.0,1.0,0.7071067811865476,0.0,0.015674570627496814,0.006928314873593071,0.0,0.0
21,5734409,5746444,1,89.53846153846153,0.4985185152621431,89.0,90.0,0.0,0.5773502691896257,0.0,0.017759043373878926,0.008642560051456324,0.0,0.0
21,5734409,5752168,1,89.29411764705883,0.6655122646461624,88.0,90.0,2.0,0.6123724356957945,0.0,0.017283876388422072,0.008306976027488104,0.0,0.0
21,5734409,5758168,1,89.08695652173913,0.7170618479335062,88.0,90.0,1.0,0.6396021490668313,0.0,0.015447483245343433,0.007916009776424452,0.0,0.0
21,5734409,5764168,1,89.27586206896552,0.7832977028690031,88.0,91.0,0.0,0.6546536707079771,0.0,0.01401961118954868,0.0076387669183413396,0.0,0.0
21,5734409,5770168,1,89.02857142857142,0.9406901504659616,87.0,91.0,3.0,0.6642111641550714,0.0,0.012915318523913177,0.00738544717741886,0.0,0.0
21,5734409,5776168,1,88.60975609756098,1.3593048578627098,85.0,91.0,5.0,0.689202437604511,0.0,0.012528279037681436,0.007314726775448027,0.0,0.0
21,5734409,5782168,1,87.93617021276596,2.1870436211504445,82.0,91.0,8.0,0.6915640748081247,0.0,0.011926102782741964,0.0071870789971393125,0.0,0.0
21,5734409,5788168,1,87.22641509433963,2.865813522972388,81.0,91.0,8.0,0.6793662204867574,0.0,0.011684745890659263,0.006937593518162309,0.0,0.0
21,5735412,5794168,1,86.6896551724138,3.074965077187304,81.0,91.0,6.0,0.6753816335059705,0.0,0.013403963490029935,0.0127706208675984,0.0,0.0
21,5741429,5800168,1,86.1896551724138,2.944643860860059,81.0,91.0,3.0,0.6622661785325219,0.0,0.013064500704130089,0.012816070749832336,0.0,0.0
21,5747446,5806168,1,85.8103448275862,2.7509051585684965,81.0,91.0,4.0,0.6753816335059705,0.0,0.01211838263182243,0.012343608807300262,0.0,0.0
21,5753168,5812168,1,85.53333333333333,2.623398982660133,81.0,91.0,4.0,0.7130740328122925,0.0,0.011939891400736076,0.012256517775424462,0.0,0.0
21,5759168,5818168,1,85.26666666666667,2.448582356294261,81.0,91.0,2.0,0.7130740328122925,0.0,0.011903429384940096,0.012423720525156879,0.0,0.0
21,5765168,5823168,1,85.0677966101695,2.1851921280744806,81.0,90.0,1.0,0.7071067811865476,0.0,0.012101979801595539,0.012560372485634136,0.0,0.0
21,5771168,5823168,1,84.75471698113208,2.073240653347501,81.0,90.0,4.0,0.7071067811865476,0.0,0.012614139329322404,0.013146994749070197,0.0,0.0
21,5777168,5823168,1,84.57446808510639,2.1212669924450243,81.0,90.0,6.0,0.6915640748081247,0.0,0.012913321111619358,0.013741321650051897,0.0,0.0
21,5783168,5823168,1,84.7560975609756,2.195121951219512,81.0,90.0,9.0,0.689202437604511,0.0,0.013659968341516494,0.014464516117172041,0.0,0.0
21,5789168,5823168,1,85.28571428571429,1.9208841501681841,82.0,90.0,8.0,0.7276068751089989,0.0,0.01432268573103165,0.015468029254808821,0.0,0.0
21,5795168,5823168,1,85.86206896551724,1.5475038394701293,84.0,90.0,6.0,0.7559289460184544,0.0,0.011202481658635766,0.007162363187716907,0.0,0.0
21,5801168,5823168,1,86.1304347826087,1.5963095435378973,84.0,90.0,3.0,0.7687061147858074,0.0,0.011005325980827207,0.006831774119385466,0.0,0.0
21,5807168,5823168,1,86.29411764705883,1.77448272105863,84.0,90.0,4.0,0.7905694150420949,0.0,0.010991280957936568,0.007119313829892181,0.0,0.0
21,5813168,5823168,1,87.0909090909091,1.6762808104168887,85.0,90.0,5.0,0.7071067811865476,0.0,0.010033286376700796,0.0061441745605489775,0.0,0.0
21,5819168,5823168,1,88.6,1.019803902718557,87.0,90.0,3.0,0.8660254037844386,0.0,0.01021753101034883,0.005041797883556485,0.0,0.0
21,6714977,6723977,1,90.71428571428571,0.6998542122237652,90.0,92.0,1.0,1.0801234497346435,0.0,0.12988955803359942,0.1058507408776616,0.0,0.0
21,6714977,6725977,1,90.88888888888889,0.7370277311900889,90.0,92.0,1.0,1.0606601717798212,0.0,0.12424862892077823,0.10140231356835704,0.0,0.0
21,6714977,6725977,1,90.88888888888889,0.7370277311900889,90.0,92.0,1.0,1.0606601717798212,0.0,0.12424862892077823,0.10140231356835704,0.0,0.0
21,6714977,6741977,1,91.2,1.16619037896906,90.0,94.0,3.0,1.2018504251546631,0.0,0.1359190241055358,0.10237172163849535,0.0,0.0
21,6714977,6747977,1,92.3125,1.757795138803154,90.0,95.0,2.0,1.0327955589886444,0.0,0.11117540730145961,0.10539660132984925,0.0,0.0
21,6714977,6748977,1,92.3529411764706,1.7129670327718869,90.0,95.0,2.0,1.0,0.0,0.10641344710728223,0.10400877824957112,0.0,0.0
22,1013168,1072760,0,80.45614035087719,2.347601803099424,76.0,86.0,5.0,1.1726039399558574,0.0,0.056450164177762455,0.09251158264044897,0.0,0.0
22,1020412,1076760,0,81.07272727272728,2.769013906886155,76.0,89.0,10.0,1.247219128924647,0.0,0.05773611506629573,0.09390599478535419,0.0,0.0
22,1025412,1084760,0,81.92727272727272,3.172922630088689,76.0,89.0,11.0,1.224744871391589,0.0,0.05434159321992272,0.09386494962553443,0.0,0.0
22,1031412,1090760,0,82.9090909090909,2.8747978728803445,79.0,89.0,4.0,1.2171612389003692,0.0,0.05349185991621425,0.09426982370749179,0.0,0.0
22,1037412,1096760,0,83.27272727272727,2.7990553306073913,79.0,89.0,4.0,1.2765694770084508,0.0,0.04826122228935248,0.09348774448598174,0.0,0.0
22,1043412,1101760,0,83.57407407407408,2.62185862722987,79.0,89.0,1.0,1.2812140468954687,0.0,0.047482355176363844,0.09478637552022495,0.0,0.0
22,1049412,1101760,0,83.9375,2.5446532998950304,79.0,89.0,1.0,1.2632278815997784,0.0,0.042043137056789914,0.09224244488902084,0.0,0.0
22,1055412,1101760,0,83.95238095238095,2.645322745205933,79.0,89.0,3.0,1.0,0.0,0.04251943753448107,0.09693434893178629,0.0,0.0
22,1061412,1101760,0,84.66666666666667,2.1213203435596424,81.0,89.0,2.0,1.01418510567422,0.0,0.02858963591091735,0.0818061541012814,0.0,0.0
22,1069760,1101760,0,85.06666666666666,1.9988885800753267,82.0,89.0,1.0,1.0339078862458586,0.0,0.005401826784890917,0.004001413887824051,0.0,0.0
22,1073760,1101760,0,85.3076923076923,2.0337390871388132,82.0,89.0,1.0,1.0770329614269007,0.0,0.005211642455487405,0.004126440579563804,0.0,0.0
22,1080760,1101760,0,85.13636363636364,2.0067036413312835,82.0,89.0,6.0,0.9759000729485332,0.0,0.004715469320776978,0.004161120548377124,0.0,0.0
22,1085760,1101760,0,84.41176470588235,1.647058823529412,82.0,87.0,4.0,1.0606601717798212,0.0,0.003447970650221812,0.002487898551076628,0.0,0.0
22,1091760,1101760,0,83.54545454545455,1.1570838237598051,82.0,86.0,0.0,1.1832159566199232,0.0,0.0029519054532032994,0.001960968143940573,0.0,0.0
22,1097760,1101760,0,83.0,0.6324555320336759,82.0,84.0,1.0,0.8660254037844386,0.0,0.002327769937544336,0.0008746287748866943,0.0,0.0
22,1685823,1690835,0,81.0,0.816496580927726,80.0,82.0,2.0,0.6324555320336759,0.0,0.02148373339981995,0.016271043278411074,0.0,0.0
22,1685823,1696848,0,80.58333333333333,0.759202798262025,80.0,82.0,1.0,0.5222329678670935,0.0,0.016276776637540066,0.01652255122230134,0.0,0.0
22,1685823,1702866,0,81.33333333333333,1.2909944487358056,80.0,84.0,0.0,0.6859943405700354,0.0,0.013713666795555192,0.014967319662084049,0.0,0.0
22,1685823,1709049,0,81.375,1.1479147761629926,80.0,84.0,1.0,0.6255432421712243,0.0,0.01198039482532437,0.013463507631644374,0.0,0.0
22,1685823,1715049,0,81.43333333333334,1.1742609969205693,80.0,84.0,2.0,0.7427813527082074,0.0,0.01088406180285057,0.012603822079167118,0.0,0.0
22,1685823,1721049,0,81.55555555555556,1.2347839317162705,80.0,84.0,2.0,0.7559289460184544,0.0,0.009635359485417149,0.011862743789294312,0.0,0.0
22,1685823,1727049,0,80.88095238095238,2.0725229730748227,75.0,84.0,7.0,0.7808688094430303,0.0,0.008669241099801581,0.0112788856153288,0.0,0.0
22,1685823,1733049,0,80.41666666666667,2.3169064624096403,75.0,84.0,4.0,0.7718449849879597,0.0,0.011522027040628468,0.019332872410484193,0.0,0.0
22,1685823,1739060,0,80.44444444444444,2.2166597048066667,75.0,84.0,2.0,0.8241633836921342,0.0,0.019004571104037943,0.03321751055845414,0.0,0.0
22,1685823,1744539,0,80.16949152542372,2.3154056083727785,75.0,84.0,4.0,0.8905635565617213,0.0,0.0312635624797005,0.057827038671939585,0.0,0.0
22,1691838,1750539,0,79.76271186440678,2.56005152921423,74.0,84.0,6.0,0.982607368881035,0.0,0.04192842211808386,0.07404489428439465,0.0,0.0
22,1697851,1756539,0,79.40677966101696,2.7316019020806697,74.0,84.0,5.0,1.025536024687107,0.0,0.04159936075639374,0.07404119877957568,0.0,0.0
22,1703869,1762539,0,78.91525423728814,2.4994110193879635,74.0,84.0,3.0,1.0085838484282528,0.0,0.04133724045721975,0.07410921703918938,0.0,0.0
22,1710049,1768539,0,78.88135593220339,2.4844243323439685,74.0,84.0,3.0,1.025536024687107,0.0,0.041560271126854766,0.0740170477497411,0.0,0.0
22,1716049,1774539,0,79.23728813559322,3.043965873496577,74.0,86.0,2.0,1.0170952554312156,0.0,0.04170852110829298,0.0739252403284931,0.0,0.0
22,1722049,1774539,0,78.90566037735849,3.0048021373555467,74.0,86.0,7.0,1.0284416890093029,0.0,0.04604625769810916,0.07679985569473177,0.0,0.0
22,1728049,1774539,0,79.17021276595744,3.054951675880437,74.0,86.0,10.0,1.0425720702853738,0.0,0.05155779730389653,0.07988720022146148,0.0,0.0
22,1734049,1774539,0,79.46341463414635,3.147570189268415,74.0,86.0,7.0,1.08397416943394,0.0,0.05449432442743016,0.08371260931912282,0.0,0.0
22,1740539,1774539,0,79.25714285714285,3.332462471273905,74.0,86.0,8.0,1.0289915108550531,0.0,0.050316507424478685,0.08712702055712795,0.0,0.0
22,1745539,1774539,0,79.6,3.4698703145794942,74.0,86.0,7.0,1.0,0.0,0.031425813772415774,0.07042699877478503,0.0,0.0
22,1751539,1774539,0,80.25,3.4308648083731503,75.0,86.0,11.0,0.8597269536210951,0.0,0.007693553921205638,0.004140667159912288,0.0,0.0
22,1757539,1774539,0,81.44444444444444,3.113094605804866,77.0,86.0,9.0,0.8043996665398437,0.0,0.007646721955393963,0.0043214916967270435,0.0,0.0
22,1763539,1774539,0,83.16666666666667,2.3033791601808753,80.0,86.0,6.0,0.8528028654224418,0.0,0.008465117514903699,0.004604751617726686,0.0,0.0
22,1769539,1774539,0,85.16666666666667,1.2133516482134197,83.0,86.0,3.0,1.0,0.0,0.007956521197097879,0.003454862806962586,0.0,0.0
22,3584012,3587012,0,93.0,0.7071067811865476,92.0,94.0,1.0,1.2909944487358056,0.0,0.1477679908820802,0.07400934636170914,0.0,0.0
22,3584012,3587012,0,93.0,0.7071067811865476,92.0,94.0,1.0,1.2909944487358056,0.0,0.1477679908820802,0.07400934636170914,0.0,0.0
22,3584012,3587012,0,93.0,0.7071067811865476,92.0,94.0,1.0,1.2909944487358056,0.0,0.1477679908820802,0.07400934636170914,0.0,0.0
22,3584012,3587012,0,93.0,0.7071067811865476,92.0,94.0,1.0,1.2909944487358056,0.0,0.1477679908820802,0.07400934636170914,0.0,0.0
22,3584012,3587012,0,93.0,0.7071067811865476,92.0,94.0,1.0,1.2909944487358056,0.0,0.1477679908820802,0.07400934636170914,0.0,0.0
22,3584012,3587012,0,93.0,0.7071067811865476,92.0,94.0,1.0,1.2909944487358056,0.0,0.1477679908820802,0.07400934636170914,0.0,0.0
22,3584012,3587012,0,93.0,0.7071067811865476,92.0,94.0,1.0,1.2909944487358056,0.0,0.1477679908820802,0.07400934636170914,0.0,0.0
22,3584012,3587012,0,93.0,0.7071067811865476,92.0,94.0,1.0,1.2909944487358056,0.0,0.1477679908820802,0.07400934636170914,0.0,0.0
22,3584012,3587012,0,93.0,0.7071067811865476,92.0,94.0,1.0,1.2909944487358056,0.0,0.1477679908820802,0.07400934636170914,0.0,0.0
22,3584012,3587012,0,93.0,0.7071067811865476,92.0,94.0,1.0,1.2909944487358056,0.0,0.1477679908820802,0.07400934636170914,0.0,0.0
22,4798179,4804179,0,88.42857142857143,1.5907898179514348,86.0,91.0,3.0,1.224744871391589,0.0,0.1146363066640439,0.1416338923332267,0.0,0.0
22,4798179,4810179,0,88.91666666666667,1.3819269959814167,86.0,91.0,2.0,1.2060453783110545,0.0,0.0895339798923916,0.11643752638704483,0.0,0.0
22,4798179,4815179,0,89.11764705882354,1.2779741754353195,86.0,91.0,0.0,1.0606601717798212,0.0,0.11213046451357415,0.11882000701079164,0.0,0.0
22,4798179,4818179,0,89.27777777777777,1.4065543223524624,86.0,92.0,1.0,1.0571882797418488,0.0,0.10611087802825275,0.11810949206556942,0.0,0.0
22,4798179,4828179,0,88.95833333333333,1.3378828631668602,86.0,92.0,3.0,1.2335879094879225,0.0,0.0839664171876453,0.10948166744005919,0.0,0.0
22,4798179,4832179,0,89.03571428571429,1.3223934701124012,86.0,92.0,0.0,1.186342028003479,0.0,0.07414031011445109,0.10420718166467265,0.0,0.0
22,4798179,4832179,0,89.03571428571429,1.3223934701124012,86.0,92.0,0.0,1.186342028003479,0.0,0.07414031011445109,0.10420718166467265,0.0,0.0
22,4798179,4832179,0,89.03571428571429,1.3223934701124012,86.0,92.0,0.0,1.186342028003479,0.0,0.07414031011445109,0.10420718166467265,0.0,0.0
22,4798179,4832179,0,89.03571428571429,1.3223934701124012,86.0,92.0,0.0,1.186342028003479,0.0,0.07414031011445109,0.10420718166467265,0.0,0.0
22,4799179,4832179,0,88.96296296296296,1.290463065939581,86.0,92.0,1.0,1.192927878405448,0.0,0.07684057887621941,0.10515306139256723,0.0,0.0
22,4805179,4832179,0,89.23809523809524,1.1507662831994832,88.0,92.0,1.0,1.118033988749895,0.0,0.06064164459792018,0.08404328197579729,0.0,0.0
22,4811179,4832179,0,89.125,1.2686114456365274,88.0,92.0,2.0,1.2110601416389966,0.0,0.06259505778099574,0.0923265911135409,0.0,0.0
22,4818179,4832179,0,88.9090909090909,1.3787046261911908,88.0,92.0,1.0,1.378404875209022,0.0,0.015428253315806405,0.01203436704042398,0.0,0.0
22,4823179,4832179,0,88.6,1.0198039027185568,88.0,91.0,3.0,0.5773502691896257,0.0,0.016593287869608155,0.01201574918358963,0.0,0.0
22,4829179,4832179,0,89.5,1.118033988749895,88.0,91.0,3.0,1.0,0.0,0.015183667675285834,0.006429927817750243,0.0,0.0
22,6871805,6874810,0,83.5,0.5,83.0,84.0,1.0,0.5773502691896257,0.0,0.013559413114830794,0.00698356498575184,0.0,0.0
22,6871805,6880827,0,83.2,0.6,82.0,84.0,0.0,0.6666666666666666,0.0,0.01898143667711613,0.016439034553773532,0.0,0.0
22,6871805,6886845,0,84.5,1.8371173070873836,82.0,88.0,3.0,0.7745966692414834,0.0,0.02532306160401458,0.0359946241688705,0.0,0.0
22,6871805,6892884,0,85.5909090909091,2.4244791551081066,82.0,90.0,4.0,0.816496580927726,0.0,0.030851008079671772,0.04117103876841006,0.0,0.0
22,6871805,6898889,0,86.0,2.29906813420444,82.0,90.0,4.0,0.769800358919501,0.0,0.04452125516292845,0.0821359548857521,0.0,0.0
22,6871805,6901892,0,86.09677419354838,2.2194861176476874,82.0,90.0,4.0,0.8563488385776752,0.0,0.04161772079340917,0.07857110232611954,0.0,0.0
22,6871805,6910941,0,86.47368421052632,2.1973290258050633,82.0,90.0,6.0,0.8382736442849094,0.0,0.043998748257102004,0.07439088137426753,0.0,0.0
22,6871805,6914941,0,86.92857142857143,2.5297549019510917,82.0,92.0,8.0,0.8263938705413374,0.0,0.0460763878190395,0.07204783690628694,0.0,0.0
22,6871805,6914941,0,86.92857142857143,2.5297549019510917,82.0,92.0,8.0,0.8263938705413374,0.0,0.0460763878190395,0.07204783690628694,0.0,0.0
22,6871805,6927119,0,87.17391304347827,2.5478409259101933,82.0,92.0,6.0,0.9189365834726815,0.0,0.04898173544844819,0.07073050560053076,0.0,0.0
22,6875812,6927119,0,87.52380952380952,2.382856381561296,82.0,92.0,8.0,0.9370425713316364,0.0,0.05235528995641174,0.07310087005163886,0.0,0.0
22,6881830,6941119,0,88.53846153846153,1.7952380578681333,85.0,92.0,7.0,0.9597148699373931,0.0,0.05621547978515915,0.07602417897549259,0.0,0.0
23,1084786,1144291,0,78.55932203389831,2.2343329224085147,75.0,84.0,1.0,1.0586263057247414,0.0,0.03239021744014105,0.04001281114108383,0.0,0.0
23,1090793,1150291,0,78.54237288135593,2.211848171899637,75.0,84.0,3.0,1.0085838484282528,0.0,0.03042497324573899,0.040116022102500294,0.0,0.0
23,1096799,1156291,0,78.2542372881356,2.0797100542614193,75.0,84.0,1.0,1.0085838484282528,0.0,0.0302902975168598,0.040171195260845005,0.0,0.0
23,1102809,1162291,0,78.65517241379311,2.1539996809298505,75.0,84.0,6.0,0.9911892555667041,0.0,0.03065149156772824,0.04023251540119461,0.0,0.0
23,1110291,1168291,0,79.05084745762711,2.2879472615526084,75.0,84.0,1.0,0.9913418283769,0.0,0.025388751112138685,0.031205385731582134,0.0,0.0
23,1115291,1173291,0,79.01694915254237,2.3032145952973653,75.0,84.0,4.0,0.9468641529479986,0.0,0.020793856603352173,0.010681046713495287,0.0,0.0
23,1121291,1173291,0,78.75471698113208,2.264622592384448,75.0,84.0,7.0,0.9302605094190635,0.0,0.020861606604025817,0.011055057547473286,0.0,0.0
23,1127291,1173291,0,78.31914893617021,1.903036576595566,75.0,83.0,1.0,0.8469895538599198,0.0,0.02082637012021184,0.01155062243604929,0.0,0.0
23,1133291,1173291,0,78.46341463414635,1.9518291730480541,77.0,83.0,0.0,0.5916079783099616,0.0,0.020646685288855327,0.012280653991636834,0.0,0.0
23,1139291,1173291,0,78.71428571428571,2.0081466732349234,77.0,83.0,0.0,0.6416889479197478,0.0,0.0211091682479365,0.013147573285459372,0.0,0.0
23,1145291,1173291,0,79.06896551724138,2.0330210997218865,77.0,83.0,0.0,0.7071067811865476,0.0,0.021115730730322437,0.014372703474960807,0.0,0.0
23,1151291,1173291,0,79.6086956521739,1.9502314340874611,77.0,83.0,0.0,0.7977240352174656,0.0,0.02376145968960541,0.014696672599663748,0.0,0.0
23,1157291,1173291,0,80.17647058823529,1.9474053361466883,77.0,83.0,3.0,0.82915619758885,0.0,0.025192224765287527,0.01643819874796561,0.0,0.0
23,1163291,1173291,0,79.81818181818181,2.124240262826895,77.0,83.0,6.0,0.7745966692414834,0.0,0.0272458234526521,0.019604335879596303,0.0,0.0
23,1169291,1173291,0,77.8,0.7483314773547882,77.0,79.0,2.0,0.7071067811865476,0.0,0.01936706484912445,0.006220173013961196,0.0,0.0
23,4595797,4599799,1,74.8,0.4,74.0,75.0,1.0,0.5,0.0,0.009941673077830365,0.01222356128975314,0.0,0.0
23,4595797,4606146,1,74.36363636363636,0.4810456929208347,74.0,75.0,1.0,0.31622776601683794,0.0,0.00961425587804099,0.010517659896917374,0.0,0.0
23,4595797,4612146,1,75.1875,1.3331705629813464,74.0,78.0,2.0,0.7302967433402214,0.0,0.01208978111972485,0.011139093875942597,0.0,0.0
23,4595797,4618146,1,75.68181818181819,1.4265777114977465,74.0,78.0,1.0,0.7237468644557459,0.0,0.027371319120788808,0.04186329909473213,0.0,0.0
23,4595797,4624146,1,75.85714285714286,1.3552618543578767,74.0,78.0,2.0,0.769800358919501,0.0,0.04169963071243831,0.05350251394328541,0.0,0.0
23,4595797,4630146,1,75.70588235294117,1.3832912960358643,73.0,78.0,2.0,0.9847319278346619,0.0,0.056664091442216256,0.06638604487019767,0.0,0.0
23,4595797,4632146,1,75.69444444444444,1.350297178081848,73.0,78.0,0.0,0.9856107606091623,0.0,0.05774449001989837,0.06467336551548043,0.0,0.0
23,4595797,4632146,1,75.69444444444444,1.350297178081848,73.0,78.0,0.0,0.9856107606091623,0.0,0.05774449001989837,0.06467336551548043,0.0,0.0
23,4595797,4632146,1,75.69444444444444,1.350297178081848,73.0,78.0,0.0,0.9856107606091623,0.0,0.05774449001989837,0.06467336551548043,0.0,0.0
23,4595797,4653146,1,75.6923076923077,1.3234346564680968,73.0,78.0,2.0,1.0,0.0,0.05459174998439114,0.06331168703030786,0.0,0.0
23,4600800,4660146,1,75.8,1.3480144128097655,73.0,78.0,1.0,1.0981267472114393,0.0,0.059656645545003405,0.06476935034484547,0.0,0.0
23,4607146,4666146,1,75.82857142857142,1.3413365250634859,73.0,78.0,3.0,1.071008320943125,0.0,0.06542270205418592,0.06311869875201827,0.0,0.0
23,4613146,4672729,1,74.97222222222223,1.9647746705851132,70.0,78.0,6.0,1.121223821162776,0.0,0.06691246926129243,0.06281933466071797,0.0,0.0
23,4619146,4678729,1,74.08333333333333,2.0598678490513787,70.0,78.0,5.0,1.1338934190276817,0.0,0.061578795804273376,0.05988795083438941,0.0,0.0
23,4625146,4684729,1,73.61111111111111,1.7838438175558136,70.0,77.0,2.0,1.121223821162776,0.0,0.04749068565995948,0.055685045124907497,0.0,0.0
23,4631146,4684729,1,73.33333333333333,1.7384539747207068,70.0,77.0,3.0,1.0339078862458586,0.0,0.0316891744890487,0.03292709425224699,0.0,0.0
23,4649146,4684729,1,73.17857142857143,1.6914400337449458,70.0,77.0,2.0,1.0540925533894598,0.0,0.028516167963945443,0.03177941115504884,0.0,0.0
23,4649146,4684729,1,73.17857142857143,1.6914400337449458,70.0,77.0,2.0,1.0540925533894598,0.0,0.028516167963945443,0.03177941115504884,0.0,0.0
23,4649146,4684729,1,73.17857142857143,1.6914400337449458,70.0,77.0,2.0,1.0540925533894598,0.0,0.028516167963945443,0.03177941115504884,0.0,0.0
23,4660146,4684729,1,72.88,1.5051910177781422,70.0,75.0,2.0,0.9574271077563381,0.0,0.02992704377262236,0.03268894957787228,0.0,0.0
23,4661146,4684729,1,72.79166666666667,1.4713702985841313,70.0,75.0,2.0,0.9780192938436515,0.0,0.030815141010105948,0.03306619345512455,0.0,0.0
23,4667147,4684729,1,72.33333333333333,1.3743685418725535,70.0,75.0,1.0,1.0571882797418488,0.0,0.026761275397325323,0.030995803109870625,0.0,0.0
23,4673729,4684729,1,72.66666666666667,1.3743685418725535,71.0,75.0,1.0,1.0,0.0,0.022914079365390683,0.025477392239412845,0.0,0.0
23,4679729,4684729,1,73.66666666666667,1.1055415967851334,72.0,75.0,1.0,1.1832159566199232,0.0,0.00970811234926966,0.008479846963759427,0.0,0.0
23,5011288,5020288,1,79.4,0.4898979485566356,79.0,80.0,1.0,0.8660254037844386,0.0,0.054541016863002834,0.03955254334756526,0.0,0.0
23,5011288,5024288,1,79.85714285714286,0.832993127835043,79.0,81.0,2.0,0.816496580927726,0.0,0.04217729015941361,0.0387963499257555,0.0,0.0
23,5011288,5032288,1,79.91666666666667,1.114924013354971,78.0,82.0,1.0,1.4459976109624424,0.0,0.02703585732456322,0.034672044152018265,0.0,0.0
23,5011288,5038288,1,78.88888888888889,1.7603310575283178,76.0,82.0,3.0,1.212678125181665,0.0,0.022320695861053376,0.029287767226712887,0.0,0.0
23,5011288,5044288,1,78.20833333333333,1.9786183450972943,75.0,82.0,4.0,1.179535649239177,0.0,0.02041066821972802,0.026568759615004763,0.0,0.0
23,5011288,5049288,1,77.6896551724138,2.1672077741338853,74.0,82.0,4.0,1.2817398889233114,0.0,0.018657137351627696,0.024760000995549928,0.0,0.0
23,5011288,5056288,1,77.0,2.5298221281347035,72.0,82.0,6.0,1.212678125181665,0.0,0.01713640211657848,0.022916053613175797,0.0,0.0
23,5011288,5062288,1,76.64102564102564,2.645627059470794,72.0,82.0,4.0,1.2139539573337679,0.0,0.018255692901124,0.022521401612122526,0.0,0.0
23,5011288,5068288,1,76.4090909090909,2.622613043045756,72.0,82.0,3.0,1.3554369414788654,0.0,0.02274569517265892,0.025907224107447877,0.0,0.0
23,5017288,5074288,1,76.14285714285714,2.5233602475222416,72.0,82.0,5.0,1.3149778198382918,0.0,0.021640570879876236,0.02484567976493233,0.0,0.0
23,5023288,5080288,1,75.70588235294117,2.3118969178378586,72.0,82.0,6.0,1.3114877048604001,0.0,0.016393368040247373,0.0185365856038919,0.0,0.0
23,5027288,5084288,1,75.41509433962264,2.032137663069624,72.0,82.0,4.0,1.286019499792345,0.0,0.016299604259055488,0.01851155179559224,0.0,0.0
23,5033288,5084288,1,74.9375,1.3905372163304368,72.0,78.0,3.0,1.2290802650243557,0.0,0.017389370186480773,0.019104739973287706,0.0,0.0
23,5039288,5084288,1,74.66666666666667,1.2472191289246473,72.0,77.0,0.0,1.2878418324335692,0.0,0.018032084079687503,0.020217298183913098,0.0,0.0
23,5045288,5084288,1,74.41666666666667,1.114924013354971,72.0,77.0,0.0,1.3309502512973848,0.0,0.01859066721034343,0.02098242054182974,0.0,0.0
23,5051288,5084288,1,74.29032258064517,1.0834100402417204,72.0,76.0,0.0,1.2649110640673518,0.0,0.01993751850479461,0.022023059873392783,0.0,0.0
23,5057288,5084288,1,74.44,1.0229369482035537,72.0,76.0,2.0,1.35400640077266,0.0,0.022373839310623554,0.02371377708253932,0.0,0.0
23,5063288,5084288,1,74.61904761904762,0.8984743935292003,72.0,76.0,3.0,1.2041594578792296,0.0,0.021292763509619044,0.024815003874898066,0.0,0.0
23,5069288,5084288,1,74.625,0.5994789404140899,74.0,76.0,0.0,0.9660917830792959,0.0,0.009894341828052707,0.009249163352985439,0.0,0.0
23,5075288,5084288,1,74.6,0.66332495807108,74.0,76.0,1.0,1.1055415967851334,0.0,0.009273648864489406,0.010676723132834633,0.0,0.0
23,5081288,5084288,1,74.5,0.5,74.0,75.0,1.0,1.0,0.0,0.012588300619551416,0.012962875089280176,0.0,0.0
23,5834131,5841140,1,71.625,2.117634293262177,69.0,75.0,6.0,0.9258200997725514,0.0,0.058303432900936314,0.07935253771681099,0.0,0.0
23,5834131,5847988,1,73.78571428571429,3.0042486921161555,69.0,78.0,9.0,0.9198662110077999,0.0,0.061799495145678285,0.06414238822137533,0.0,0.0
23,5834131,5853988,1,75.15,3.305676935213119,69.0,80.0,10.0,0.9733285267845752,0.0,0.06693599084766817,0.06471897985799438,0.0,0.0
23,5834131,5859988,1,75.6923076923077,3.085564787712551,69.0,80.0,9.0,1.0,0.0,0.06006850024237846,0.061248568017972134,0.0,0.0
23,5834131,5865988,1,75.6875,2.7999720980752647,69.0,80.0,7.0,0.9672041516493516,0.0,0.05879133297804793,0.05639700700522874,0.0,0.0
23,5834131,5871988,1,75.44736842105263,2.6427394919213403,69.0,80.0,4.0,0.9299811099505543,0.0,0.057712991033919636,0.05504891576463934,0.0,0.0
23,5834131,5877988,1,74.97727272727273,2.734365776253628,69.0,80.0,3.0,0.9021937088963173,0.0,0.05540616528859133,0.052349282459104855,0.0,0.0
23,5834131,5883988,1,74.66,2.775680096841133,69.0,80.0,6.0,0.9476070829586857,0.0,0.057596938837683805,0.05259406426146935,0.0,0.0
23,5834131,5889988,1,75.05357142857143,2.9057802176815417,69.0,81.0,12.0,0.9908673886137246,0.0,0.05370846583602096,0.05114620258145943,0.0,0.0
23,5837135,5895988,1,75.52542372881356,2.599582314581402,70.0,81.0,4.0,1.0504514628777804,0.0,0.05671122045133456,0.04965470214692008,0.0,0.0
23,5842988,5901988,1,75.91666666666667,2.4986107250941583,70.0,81.0,2.0,1.0415112878465909,0.0,0.05148788984766446,0.04283269647740538,0.0,0.0
23,5848988,5907988,1,75.85,2.5873087691009484,70.0,81.0,6.0,1.104689541477988,0.0,0.053943036530738744,0.04891328802328236,0.0,0.0
23,5854988,5913988,1,75.05,2.9064583258667245,69.0,81.0,8.0,1.0735652625161434,0.0,0.049073286448265696,0.04499029513005449,0.0,0.0
23,5860988,5919988,1,74.86440677966101,2.9599451845511022,69.0,81.0,2.0,1.3261299671054765,0.017241379310344827,0.05439533248206277,0.0562447087723414,0.0,0.0
23,5866988,5923988,1,74.84210526315789,3.0075313282946956,69.0,81.0,0.0,1.3627702877384937,0.017857142857142856,0.05350297159374254,0.05710563512982863,0.0,0.0
23,5872988,5923988,1,74.92156862745098,3.1613048761231615,69.0,81.0,2.0,1.42828568570857,0.02,0.053684281899057114,0.05819594167971291,0.0,0.0
23,5878988,5923988,1,75.31111111111112,3.161028118418452,69.0,81.0,4.0,1.4924050144892729,0.022727272727272728,0.0554026836320631,0.061037956635548396,0.0,0.0
23,5884988,5923988,1,75.76923076923077,3.075640758435662,69.0,81.0,2.0,1.504379571363837,0.02631578947368421,0.05259346395529919,0.061888617338071945,0.0,0.0
23,5890988,5923988,1,75.3030303030303,3.0499363975966376,69.0,80.0,5.0,1.571225636247067,0.03125,0.058282362100717716,0.06543709229063653,0.0,0.0
23,5896988,5923988,1,74.96296296296296,3.167911819310089,69.0,79.0,1.0,1.6052797503622467,0.038461538461538464,0.05786493733381275,0.07078822463764764,0.0,0.0
23,5902988,5923988,1,74.28571428571429,3.238795442501324,69.0,79.0,4.0,1.760681686165901,0.05,0.06549005628921428,0.07704557350735088,0.0,0.0
23,5908988,5923988,1,73.6,3.282275633357645,69.0,79.0,4.0,1.889822365046136,0.07142857142857142,0.05528112748380249,0.07588683632735112,0.0,0.0
23,5914988,5923988,1,75.77777777777777,2.3934065809486684,72.0,79.0,3.0,2.318404623873926,0.125,0.07198611469906148,0.0915760121527569,0.0,0.0
23,5920988,5923988,1,75.75,0.82915619758885,75.0,77.0,2.0,0.816496580927726,0.0,0.039971603349328796,0.02487036083021039,0.0,0.0
23,7075084,7078087,1,78.0,1.5811388300841898,76.0,80.0,4.0,1.4142135623730951,0.0,0.014695757507065556,0.001172690873600585,0.0,0.0
23,7075084,7084095,1,74.5,3.263433774416144,70.0,80.0,10.0,1.4907119849998598,0.0,0.0168469822185163,0.005255241589849792,0.0,0.0
23,7075084,7090104,1,73.1875,3.1862742741327215,69.0,80.0,7.0,1.2909944487358056,0.0,0.018782905851558854,0.010197294205843917,0.0,0.0
23,7075084,7096111,1,73.77272727272727,2.93771429673755,69.0,80.0,4.0,1.2344267996967353,0.0,0.028325649128936235,0.036180949136570176,0.0,0.0
23,7075084,7102120,1,74.0,2.6457513110645907,69.0,80.0,5.0,1.1385500851066221,0.0,0.02914923829443869,0.03478191008694034,0.0,0.0
23,7075084,7108127,1,74.1470588235294,2.4390493922256398,69.0,80.0,5.0,1.087114613009218,0.0,0.027624330345363674,0.03319380256822076,0.0,0.0
23,7075084,7114143,1,74.55,2.4693116449731494,69.0,80.0,4.0,1.086041978694737,0.0,0.028938372025483206,0.031115328218722274,0.0,0.0
23,7075084,7120150,1,74.67391304347827,2.341073219385827,69.0,80.0,4.0,1.0749676997731399,0.0,0.038691928328573655,0.054573140040490346,0.0,0.0
23,7075084,7126585,1,74.88235294117646,2.323343253897824,69.0,80.0,2.0,1.0770329614269007,0.0,0.041765096032371114,0.05573808567745897,0.0,0.0
23,7075084,7132585,1,75.0,2.286497359595807,69.0,80.0,4.0,1.118033988749895,0.0,0.042394527543772466,0.05348523999601451,0.0,0.0
23,7079089,7138585,1,74.86440677966101,2.094849431251576,69.0,78.0,1.0,1.106407669457548,0.0,0.05015733338818606,0.0641868261975918,0.0,0.0
23,7085097,7144585,1,75.2542372881356,1.9097716638648508,69.0,78.0,6.0,1.1295406451144276,0.0,0.050862426698409104,0.06427980190676989,0.0,0.0
23,7091106,7150585,1,75.7457627118644,1.2015980932044814,73.0,78.0,2.0,1.1141720290623112,0.0,0.05549067071938665,0.0701617066311623,0.0,0.0
23,7097112,7156585,1,75.89830508474576,1.1888595197796732,73.0,78.0,2.0,1.0667385033281394,0.0,0.0556794504727282,0.06917794133707861,0.0,0.0
23,7103122,7162585,1,76.0,1.1497973292302799,73.0,78.0,1.0,1.0907131485472215,0.0,0.05787189991940009,0.06864402053762238,0.0,0.0
24,4823753,4857753,0,96.25,1.479019945774904,94.0,98.0,1.0,2.6457513110645907,0.0,0.13706976951973135,0.11847621964185064,0.0,0.0
24,4823753,4859753,0,96.5,1.2583057392117916,94.0,98.0,1.0,2.04939015319192,0.0,0.1657577394195238,0.12603068839243925,0.0,0.0
24,4823753,4859753,0,96.5,1.2583057392117916,94.0,98.0,1.0,2.04939015319192,0.0,0.1657577394195238,0.12603068839243925,0.0,0.0
24,4823753,4859753,0,96.5,1.2583057392117916,94.0,98.0,1.0,2.04939015319192,0.0,0.1657577394195238,0.12603068839243925,0.0,0.0
24,4823753,4859753,0,96.5,1.2583057392117916,94.0,98.0,1.0,2.04939015319192,0.0,0.1657577394195238,0.12603068839243925,0.0,0.0
24,4849753,4859753,0,96.6,1.3564659966250534,94.0,98.0,3.0,2.0615528128088303,0.0,0.18859919263504757,0.1262144579278649,0.0,0.0
24,4849753,4859753,0,96.6,1.3564659966250534,94.0,98.0,3.0,2.0615528128088303,0.0,0.18859919263504757,0.1262144579278649,0.0,0.0
24,4849753,4859753,0,96.6,1.3564659966250534,94.0,98.0,3.0,2.0615528128088303,0.0,0.18859919263504757,0.1262144579278649,0.0,0.0
24,4849753,4859753,0,96.6,1.3564659966250534,94.0,98.0,3.0,2.0615528128088303,0.0,0.18859919263504757,0.1262144579278649,0.0,0.0
24,4854753,4859753,0,97.25,0.4330127018922193,97.0,98.0,1.0,0.5773502691896257,0.0,0.15991226218791155,0.12568974439124647,0.0,0.0
24,6641824,6644834,0,103.5,1.118033988749895,102.0,105.0,3.0,1.0,0.0,0.036172046270341256,0.03920859321585139,0.0,0.0
24,6641824,6651847,0,102.4,1.2,101.0,105.0,4.0,0.6666666666666666,0.0,0.06728760007591142,0.060304021463922095,0.0,0.0
24,6641824,6657847,0,102.375,1.0532687216470449,101.0,105.0,2.0,0.6324555320336759,0.0,0.045426543487386256,0.05550969612682077,0.0,0.0
24,6641824,6663847,0,102.4090909090909,0.9370694603676504,101.0,105.0,3.0,0.5773502691896257,0.0,0.0361305509227217,0.04988034466593019,0.0,0.0
24,6641824,6669847,0,102.32142857142857,0.8474150369789052,101.0,105.0,3.0,0.5091750772173156,0.0,0.03234478447663313,0.04513973629363356,0.0,0.0
24,6641824,6675847,0,101.91176470588235,1.197243084532213,99.0,105.0,6.0,0.5504818825631803,0.0,0.02892080289738211,0.04180716202230156,0.0,0.0
24,6641824,6681847,0,101.4,1.6552945357246849,98.0,105.0,7.0,0.5773502691896257,0.0,0.027948107131001036,0.039856922570453125,0.0,0.0
24,6641824,6687847,0,100.43478260869566,3.1804578144133213,90.0,105.0,13.0,1.2202003478482084,0.022222222222222223,0.03276206279831284,0.041972149765883364,0.0,0.0
24,6641824,6687847,0,100.43478260869566,3.1804578144133213,90.0,105.0,13.0,1.2202003478482084,0.022222222222222223,0.03276206279831284,0.041972149765883364,0.0,0.0
24,6641824,6687847,0,100.43478260869566,3.1804578144133213,90.0,105.0,13.0,1.2202003478482084,0.022222222222222223,0.03276206279831284,0.041972149765883364,0.0,0.0
24,6646847,6687847,0,100.14285714285714,3.1590491982137117,90.0,103.0,10.0,1.2493900951088486,0.024390243902439025,0.03243730246764346,0.04221154930770496,0.0,0.0
24,6652847,6711847,0,99.61538461538461,3.3482899164934214,90.0,103.0,5.0,1.5303938261630223,0.02631578947368421,0.027230113679218165,0.031986825091306764,0.0,0.0
24,6658847,6717847,0,98.92307692307692,3.189603426716849,90.0,103.0,5.0,1.5474937292620166,0.02631578947368421,0.032824525580638406,0.0373071446099265,0.0,0.0
24,6664847,6721847,0,98.3529411764706,3.028126512055,90.0,102.0,1.0,1.7320508075688772,0.030303030303030304,0.03594998138315568,0.03885339921260274,0.0,0.0
24,6670847,6729847,0,97.84848484848484,2.6414093130110188,90.0,101.0,2.0,1.8027756377319946,0.03125,0.0449802750091956,0.04174082052795662,0.0,0.0
24,6676847,6730847,0,97.42857142857143,2.6515301704672267,90.0,101.0,0.0,1.9436506316151,0.037037037037037035,0.05322244499152171,0.04242961500339466,0.0,0.0
24,6682847,6730847,0,97.13636363636364,2.912285178116609,90.0,101.0,1.0,2.1712405933672376,0.047619047619047616,0.061618703319707174,0.04224814162484449,0.0,0.0
24,6707847,6730847,0,98.3125,1.4882351124738322,96.0,101.0,2.0,1.1547005383792515,0.0,0.06040505434695054,0.042422577685683936,0.0,0.0
24,6707847,6730847,0,98.3125,1.4882351124738322,96.0,101.0,2.0,1.1547005383792515,0.0,0.06040505434695054,0.042422577685683936,0.0,0.0
24,6707847,6730847,0,98.3125,1.4882351124738322,96.0,101.0,2.0,1.1547005383792515,0.0,0.06040505434695054,0.042422577685683936,0.0,0.0
24,6707847,6730847,0,98.3125,1.4882351124738322,96.0,101.0,2.0,1.1547005383792515,0.0,0.06040505434695054,0.042422577685683936,0.0,0.0
24,6712847,6730847,0,98.76923076923077,1.2498520622516862,96.0,101.0,3.0,1.2583057392117916,0.0,0.05682194800192128,0.04398380225075549,0.0,0.0
24,6721847,6730847,0,99.57142857142857,0.7284313590846836,99.0,101.0,2.0,1.0,0.0,0.06665065211864597,0.03352958308959203,0.0,0.0
24,6724847,6730847,0,99.33333333333333,0.4714045207910317,99.0,100.0,0.0,0.6324555320336759,0.0,0.07606071182440481,0.02630134090739875,0.0,0.0
24,7496275,7532293,1,89.0,2.5495097567963922,86.0,92.0,5.0,3.0,0.0,0.017485211476301925,0.01406742585065999,0.0,0.0
24,7496275,7532293,1,89.0,2.5495097567963922,86.0,92.0,5.0,3.0,0.0,0.017485211476301925,0.01406742585065999,0.0,0.0
24,7496275,7544293,1,87.16666666666667,3.337497399083464,83.0,92.0,8.0,2.5298221281347035,0.0,0.025359843627566044,0.020105015756597875,0.0,0.0
24,7496275,7551293,1,83.72727272727273,4.53453233212361,79.0,92.0,12.0,1.9493588689617927,0.0,0.04712288495354491,0.04445210058348358,0.0,0.0
24,7521428,7557293,1,81.26666666666667,2.542090128658349,79.0,87.0,5.0,1.1019463300386794,0.0,0.05653685221671668,0.04743079301756859,0.0,0.0
24,7521428,7563293,1,81.52380952380952,2.2172279479662507,79.0,87.0,6.0,1.0,0.0,0.09222597254210443,0.11433116610430306,0.0,0.0
24,7521428,7567293,1,81.125,2.368411915187052,77.0,87.0,10.0,1.06321906614239,0.0,0.08702988682909145,0.10891658256027291,0.0,0.0
24,7521428,7567293,1,81.125,2.368411915187052,77.0,87.0,10.0,1.06321906614239,0.0,0.08702988682909145,0.10891658256027291,0.0,0.0
24,7532293,7567293,1,80.8695652173913,2.070587982572288,77.0,86.0,9.0,1.0660035817780522,0.0,0.08911400166226359,0.11078967457745793,0.0,0.0
24,7532293,7584293,1,81.0,2.039607805437114,77.0,86.0,4.0,1.6072751268321592,0.041666666666666664,0.08721767450481382,0.10658189144572282,0.0,0.0
24,7543293,7584293,1,80.79166666666667,1.8022940628235142,77.0,84.0,2.0,1.5879984667608413,0.043478260869565216,0.0908155223304657,0.10728190749488149,0.0,0.0
24,7543293,7584293,1,80.79166666666667,1.8022940628235142,77.0,84.0,2.0,1.5879984667608413,0.043478260869565216,0.0908155223304657,0.10728190749488149,0.0,0.0
24,7547293,7584293,1,80.54545454545455,1.6713433009863847,77.0,83.0,1.0,1.5886502207249789,0.047619047619047616,0.09533428727595403,0.1107711653598201,0.0,0.0
24,7552293,7584293,1,80.82352941176471,1.7568452380080093,77.0,83.0,3.0,1.7853571071357126,0.0625,0.10183303807925827,0.12216857737728755,0.0,0.0
24,7558293,7584293,1,81.18181818181819,1.9455395053666085,77.0,83.0,1.0,2.1213203435596424,0.1,0.12468039318506617,0.1423840372892713,0.0,0.0
24,7564293,7584293,1,80.0,2.280350850198276,77.0,83.0,2.0,3.24037034920393,0.25,0.05655833698045698,0.03627013218025681,0.0,0.0
24,8892632,8894638,0,93.75,0.82915619758885,93.0,95.0,2.0,0.816496580927726,0.0,0.15655849553710943,0.10631452911149418,0.0,0.0
24,8892632,8894638,0,93.75,0.82915619758885,93.0,95.0,2.0,0.816496580927726,0.0,0.15655849553710943,0.10631452911149418,0.0,0.0
24,8892632,8894638,0,93.75,0.82915619758885,93.0,95.0,2.0,0.816496580927726,0.0,0.15655849553710943,0.10631452911149418,0.0,0.0
24,8892632,8894638,0,93.75,0.82915619758885,93.0,95.0,2.0,0.816496580927726,0.0,0.15655849553710943,0.10631452911149418,0.0,0.0
24,8892632,8919756,0,88.33333333333333,5.033222956847166,82.0,95.0,7.0,4.756574397610112,0.125,0.08411555304612,0.0965196418196584,0.0,0.0
24,8892632,8921756,0,88.0909090909091,4.58167387940151,82.0,95.0,6.0,4.266145801540309,0.1,0.0740092423237187,0.08990042470518884,0.0,0.0
24,8892632,8921756,0,88.0909090909091,4.58167387940151,82.0,95.0,6.0,4.266145801540309,0.1,0.0740092423237187,0.08990042470518884,0.0,0.0
24,8892632,8921756,0,88.0909090909091,4.58167387940151,82.0,95.0,6.0,4.266145801540309,0.1,0.0740092423237187,0.08990042470518884,0.0,0.0
24,8892632,8921756,0,88.0909090909091,4.58167387940151,82.0,95.0,6.0,4.266145801540309,0.1,0.0740092423237187,0.08990042470518884,0.0,0.0
25,448063,486063,1,89.80952380952381,1.219642711891971,87.0,91.0,0.0,1.0,0.0,0.15074561462491784,0.14055375715676297,0.0,0.0
25,454063,513413,1,89.6470588235294,1.411764705882353,87.0,91.0,3.0,1.0897247358851685,0.0,0.16912377602206186,0.14610623387717384,0.0,0.0
25,460063,519413,1,88.11764705882354,1.5294117647058822,86.0,91.0,5.0,1.14564392373896,0.0,0.16200451267383278,0.11199475084221827,0.0,0.0
25,480063,521413,1,87.38461538461539,1.7775723089678988,85.0,91.0,6.0,0.7071067811865476,0.0,0.15064676297096422,0.13404635273831414,0.0,0.0
25,480063,521413,1,87.38461538461539,1.7775723089678988,85.0,91.0,6.0,0.7071067811865476,0.0,0.15064676297096422,0.13404635273831414,0.0,0.0
25,480063,521413,1,87.38461538461539,1.7775723089678988,85.0,91.0,6.0,0.7071067811865476,0.0,0.15064676297096422,0.13404635273831414,0.0,0.0
25,485063,521413,1,87.08333333333333,1.4976833963009524,85.0,90.0,5.0,0.674199862463242,0.0,0.15951679623429227,0.1358049558549999,0.0,0.0
25,512413,521413,1,86.6,1.1135528725660042,85.0,88.0,3.0,0.5773502691896257,0.0,0.1361783658264441,0.136647683575054,0.0,0.0
25,512413,521413,1,86.6,1.1135528725660042,85.0,88.0,3.0,0.5773502691896257,0.0,0.1361783658264441,0.136647683575054,0.0,0.0
25,512413,521413,1,86.6,1.1135528725660042,85.0,88.0,3.0,0.5773502691896257,0.0,0.1361783658264441,0.136647683575054,0.0,0.0
25,512413,521413,1,86.6,1.1135528725660042,85.0,88.0,3.0,0.5773502691896257,0.0,0.1361783658264441,0.136647683575054,0.0,0.0
25,514413,521413,1,86.25,0.9682458365518543,85.0,88.0,3.0,0.6546536707079771,0.0,0.1388543975977391,0.1521045515743974,0.0,0.0
25,1185496,1202496,1,87.33333333333333,3.543381937578217,85.0,95.0,8.0,4.560701700396552,0.2,0.0969525321839828,0.03237725012076968,0.0,0.0
25,1185496,1202496,1,87.33333333333333,3.543381937578217,85.0,95.0,8.0,4.560701700396552,0.2,0.0969525321839828,0.03237725012076968,0.0,0.0
25,1185496,1202496,1,87.33333333333333,3.543381937578217,85.0,95.0,8.0,4.560701700396552,0.2,0.0969525321839828,0.03237725012076968,0.0,0.0
25,1185496,1202496,1,87.33333333333333,3.543381937578217,85.0,95.0,8.0,4.560701700396552,0.2,0.0969525321839828,0.03237725012076968,0.0,0.0
25,1185496,1227496,1,88.0,3.6645015252516173,85.0,95.0,3.0,4.636809247747852,0.16666666666666666,0.09325225993647754,0.03131586218318783,0.0,0.0
25,1185496,1229496,1,88.88888888888889,3.6345393852880283,85.0,95.0,3.0,4.0155946010522525,0.125,0.08497055529459725,0.03381824807746435,0.0,0.0
25,1185496,1229496,1,88.88888888888889,3.6345393852880283,85.0,95.0,3.0,4.0155946010522525,0.125,0.08497055529459725,0.03381824807746435,0.0,0.0
25,1198496,1229496,1,88.125,3.0998991919093113,85.0,92.0,7.0,2.0354009783964297,0.0,0.09004884261804547,0.03247356034764411,0.0,0.0
25,1198496,1229496,1,88.125,3.0998991919093113,85.0,92.0,7.0,2.0354009783964297,0.0,0.09004884261804547,0.03247356034764411,0.0,0.0
25,1198496,1229496,1,88.125,3.0998991919093113,85.0,92.0,7.0,2.0354009783964297,0.0,0.09004884261804547,0.03247356034764411,0.0,0.0
25,6464206,6477197,0,105.83333333333333,0.6871842709362768,105.0,107.0,0.0,1.0954451150103321,0.0,0.03221977458801914,0.046254781547849774,0.0,0.0
25,6464206,6479197,0,105.75,0.6614378277661477,105.0,107.0,1.0,1.0,0.0,0.02696401336256843,0.04115591648828711,0.0,0.0
25,6464206,6479197,0,105.75,0.6614378277661477,105.0,107.0,1.0,1.0,0.0,0.02696401336256843,0.04115591648828711,0.0,0.0
25,6464206,6479197,0,105.75,0.6614378277661477,105.0,107.0,1.0,1.0,0.0,0.02696401336256843,0.04115591648828711,0.0,0.0
25,6464206,6479197,0,105.75,0.6614378277661477,105.0,107.0,1.0,1.0,0.0,0.02696401336256843,0.04115591648828711,0.0,0.0
25,6464206,6479197,0,105.75,0.6614378277661477,105.0,107.0,1.0,1.0,0.0,0.02696401336256843,0.04115591648828711,0.0,0.0
25,6464206,6479197,0,105.75,0.6614378277661477,105.0,107.0,1.0,1.0,0.0,0.02696401336256843,0.04115591648828711,0.0,0.0
25,6464206,6479197,0,105.75,0.6614378277661477,105.0,107.0,1.0,1.0,0.0,0.02696401336256843,0.04115591648828711,0.0,0.0
25,6466212,6525197,0,103.71428571428571,5.229430062206608,91.0,107.0,14.0,5.802298395176403,0.16666666666666666,0.029677481093077693,0.043307104396594576,0.0,0.0
25,6473197,6531197,0,100.625,7.034513131695753,90.0,107.0,13.0,5.542047068934521,0.14285714285714285,0.012238927357736943,0.009425597759045069,0.0,0.0
25,6478197,6533197,0,96.14285714285714,6.0810847582265035,90.0,106.0,12.0,6.0,0.16666666666666666,0.020310816531433733,0.022973359818368615,0.0,0.0
25,6525197,6542197,0,91.33333333333333,2.808716591058786,86.0,94.0,5.0,4.0743097574926725,0.2,0.03600960583823328,0.035985419004530214,0.0,0.0
25,6525197,6542197,0,91.33333333333333,2.808716591058786,86.0,94.0,5.0,4.0743097574926725,0.2,0.03600960583823328,0.035985419004530214,0.0,0.0
25,6525197,6542197,0,91.33333333333333,2.808716591058786,86.0,94.0,5.0,4.0743097574926725,0.2,0.03600960583823328,0.035985419004530214,0.0,0.0
25,6525197,6542197,0,91.33333333333333,2.808716591058786,86.0,94.0,5.0,4.0743097574926725,0.2,0.03600960583823328,0.035985419004530214,0.0,0.0
25,6525197,6542197,0,91.33333333333333,2.808716591058786,86.0,94.0,5.0,4.0743097574926725,0.2,0.03600960583823328,0.035985419004530214,0.0,0.0
25,6525197,6542197,0,91.33333333333333,2.808716591058786,86.0,94.0,5.0,4.0743097574926725,0.2,0.03600960583823328,0.035985419004530214,0.0,0.0
25,6525197,6542197,0,91.33333333333333,2.808716591058786,86.0,94.0,5.0,4.0743097574926725,0.2,0.03600960583823328,0.035985419004530214,0.0,0.0
25,6526197,6542197,0,91.4,3.0724582991474434,86.0,94.0,4.0,4.527692569068709,0.25,0.042772880763194125,0.03576994731411133,0.0,0.0
26,5976368,6035080,1,93.37777777777778,4.822580631841969,85.0,100.0,6.0,1.243163121016122,0.0,0.0534392775656268,0.06899566682847331,0.0,0.0
27,2507324,2566351,0,69.62711864406779,3.1617325495267847,65.0,75.0,6.0,0.7878385971583354,0.0,0.0034331672126286005,0.0023790712668117276,0.0,0.0
27,2513344,2572351,0,68.84745762711864,3.653712109678037,62.0,75.0,9.0,0.8200084103858011,0.0,0.0029704161598148077,0.0017164599884092182,0.0,0.0
27,2520351,2578351,0,67.71186440677967,4.038168940051189,61.0,75.0,13.0,0.7987058497862393,0.0,0.0029022225731737752,0.0017182024724173048,0.0,0.0
27,2525351,2584351,0,66.45,3.7834067540599787,61.0,75.0,14.0,0.8025383458814721,0.0,0.002941210220463293,0.0016886391334273588,0.0,0.0
27,2531351,2590351,0,65.28333333333333,3.168026024023302,61.0,71.0,9.0,0.7702079842374077,0.0,0.002840145522315453,0.0016936072577655081,0.0,0.0
27,2537351,2596351,0,64.76666666666667,2.842338630228441,61.0,70.0,1.0,0.7478783550139053,0.0,0.002668116049974004,0.0016331377241187287,0.0,0.0
27,2543351,2596351,0,64.5,2.839861759807124,61.0,70.0,2.0,0.644278153923165,0.0,0.0026538063605747093,0.001653105499555573,0.0,0.0
27,2549351,2596351,0,64.375,2.9764702249476644,61.0,70.0,0.0,0.6523280730534422,0.0,0.0026926107310609334,0.0016175762892211214,0.0,0.0
27,2555351,2596351,0,64.07142857142857,3.04249942006378,61.0,70.0,4.0,0.6246950475544243,0.0,0.0025154846445907915,0.0014567887691958673,0.0,0.0
27,2561351,2596351,0,63.166666666666664,2.242270674512285,61.0,69.0,4.0,0.6324555320336759,0.0,0.002549271592303829,0.0015278982791883512,0.0,0.0
27,2567351,2596351,0,62.36666666666667,1.3535960336164639,61.0,65.0,0.0,0.5872202195147035,0.0,0.002352861610933526,0.001440588583321833,0.0,0.0
27,2573351,2596351,0,62.125,1.3010412496663328,61.0,65.0,3.0,0.5516772843673705,0.0,0.0022368272356292863,0.0014578879234506598,0.0,0.0
27,2579351,2596351,0,62.388888888888886,1.37997137204158,61.0,65.0,3.0,0.5423261445466404,0.0,0.0022200601742352077,0.0014282811066865725,0.0,0.0
27,2585351,2596351,0,63.0,1.2909944487358056,61.0,65.0,4.0,0.6030226891555273,0.0,0.0020178631457492867,0.0014420010090451033,0.0,0.0
27,2591351,2596351,0,64.16666666666667,0.6871842709362769,63.0,65.0,2.0,0.6324555320336759,0.0,0.0021972907927412543,0.0018820138087283379,0.0,0.0
27,3209855,3214877,0,67.5,0.5,67.0,68.0,0.0,0.6324555320336759,0.0,0.011607820665546434,0.005897190253772161,0.0,0.0
27,3209855,3220893,0,68.58333333333333,1.552328000849763,67.0,72.0,4.0,0.7385489458759964,0.0,0.00882933933066247,0.006502622116302434,0.0,0.0
27,3209855,3227265,0,70.38888888888889,2.8894230275435207,67.0,75.0,7.0,0.7276068751089989,0.0,0.006926750979500965,0.00606010207226688,0.0,0.0
27,3209855,3233265,0,71.54166666666667,3.214280202817144,67.0,76.0,6.0,0.7223151185146152,0.0,0.03453087997748152,0.10279520872862039,0.0,0.0
27,3209855,3239265,0,72.43333333333334,3.489826484066062,67.0,79.0,11.0,0.9649012813540153,0.0,0.03094518027212632,0.09255135246367083,0.0,0.0
27,3209855,3245265,0,73.58333333333333,4.105382645584534,67.0,80.0,10.0,0.9258200997725514,0.0,0.026104609340806714,0.08518080773409126,0.0,0.0
27,3209855,3251265,0,73.9047619047619,3.9024383330567387,67.0,80.0,6.0,0.9106416928094863,0.0,0.02277048580250412,0.07928802103766609,0.0,0.0
27,3209855,3257265,0,73.66666666666667,3.7379435820009674,67.0,80.0,2.0,0.9225312080288851,0.0,0.020412031382693718,0.07443424283184942,0.0,0.0
27,3209855,3263265,0,72.98148148148148,4.029937692472754,67.0,80.0,1.0,0.900733453756982,0.0,0.01878339077156786,0.0703398368505954,0.0,0.0
27,3209855,3269265,0,72.45,4.144976879710348,67.0,80.0,0.0,0.8635755391767456,0.0,0.017306861638181143,0.06688243537635204,0.0,0.0
27,3215880,3275265,0,72.51666666666667,4.068134980826254,67.0,80.0,0.0,0.8635755391767456,0.0,0.016594779905956154,0.06695646607775779,0.0,0.0
27,3222265,3281265,0,72.28333333333333,4.262595714142056,67.0,80.0,6.0,0.8233869695926183,0.0,0.016302658523893097,0.06698506562777083,0.0,0.0
27,3228265,3287265,0,71.58333333333333,4.484386493403776,67.0,80.0,8.0,0.8025383458814721,0.0,0.016205709469721157,0.0670062501102413,0.0,0.0
27,3234265,3293277,0,70.86666666666666,4.458948555682406,67.0,80.0,5.0,0.7919082295744858,0.0,0.005772544198959168,0.008460618206235438,0.0,0.0
27,3240265,3298297,0,70.30508474576271,4.1097413720769005,67.0,80.0,9.0,0.6297235299224025,0.0,0.005630213482200388,0.00705746845409358,0.0,0.0
27,3246265,3298297,0,69.28301886792453,2.909823041306717,67.0,77.0,6.0,0.6201736729460423,0.0,0.0060523031574447345,0.007305052289799394,0.0,0.0
27,3252265,3298297,0,68.44680851063829,1.7960774119493859,67.0,74.0,3.0,0.6079187588743288,0.0,0.00647186382783914,0.007617804885043129,0.0,0.0
27,3258265,3298297,0,67.92682926829268,1.1346052048402933,67.0,71.0,2.0,0.5,0.0,0.006847817005958878,0.008033277543675063,0.0,0.0
27,3264265,3298297,0,68.0,1.1710800875382399,67.0,71.0,4.0,0.48507125007266594,0.0,0.007035282912827084,0.008535383085350966,0.0,0.0
27,3270265,3298297,0,68.06896551724138,1.2575574157800322,67.0,71.0,2.0,0.4629100498862757,0.0,0.007659527769749794,0.00917454043020986,0.0,0.0
27,3276265,3298297,0,68.04347826086956,1.3980813209403067,67.0,71.0,3.0,0.4767312946227962,0.0,0.008487142837520197,0.01004877780964144,0.0,0.0
27,3282265,3298297,0,68.29411764705883,1.524880164331261,67.0,71.0,4.0,0.5,0.0,0.010378024718357472,0.011032674115065031,0.0,0.0
27,3288265,3298297,0,69.0,1.4770978917519928,67.0,71.0,4.0,0.6324555320336759,0.0,0.014864901618120513,0.011307985448957702,0.0,0.0
27,3294284,3298297,0,70.4,0.4898979485566356,70.0,71.0,1.0,0.5,0.0,0.017088846443301175,0.010330071266047774,0.0,0.0
27,4764098,4768121,0,76.2,0.4,76.0,77.0,0.0,0.7071067811865476,0.0,0.040027959950778604,0.04777306389910155,0.0,0.0
27,4764098,4775007,0,75.72727272727273,0.616575453011388,75.0,77.0,1.0,0.7071067811865476,0.0,0.034319204837714584,0.03987258372357055,0.0,0.0
27,4764098,4781007,0,75.3529411764706,0.7624400821656306,74.0,77.0,2.0,0.6123724356957945,0.0,0.07348163821440071,0.12474742462814496,0.0,0.0
27,4764098,4787007,0,75.0,1.06321906614239,73.0,77.0,0.0,0.674199862463242,0.0,0.06482621752670105,0.10949288285729018,0.0,0.0
27,4764098,4793007,0,75.82758620689656,2.035359250120511,73.0,81.0,5.0,0.7791937224739796,0.0,0.06858418966445833,0.10595339335945765,0.0,0.0
27,4764098,4799007,0,76.37142857142857,2.3674665698133257,73.0,81.0,0.0,0.9074852129730301,0.0,0.06502817780138913,0.0973244816459895,0.0,0.0
27,4764098,4805007,0,76.46341463414635,2.209707639591439,73.0,81.0,1.0,0.8803408430829505,0.0,0.05852883375558711,0.09136053786276553,0.0,0.0
27,4764098,4811007,0,76.38297872340425,2.0788007128637,73.0,81.0,1.0,0.8469895538599198,0.0,0.05525286972918421,0.08613410418675933,0.0,0.0
27,4764098,4817007,0,76.22641509433963,2.0060428467927567,73.0,81.0,1.0,0.7966275068156915,0.0,0.061362251233436874,0.09204404160866125,0.0,0.0
27,4764098,4823007,0,76.0677966101695,1.9732482622303988,73.0,81.0,0.0,0.8094272134003795,0.0,0.06704002359292636,0.09366663340941982,0.0,0.0
27,4770007,4829007,0,76.38333333333334,2.206744711610798,73.0,81.0,6.0,0.9388055880763545,0.0,0.07014248070544223,0.09280226456540663,0.0,0.0
27,4776007,4835007,0,76.56666666666666,2.283029176822369,73.0,81.0,1.0,1.0496165562976973,0.0,0.07652714252052256,0.09487482532589596,0.0,0.0
27,4782007,4841007,0,76.18333333333334,2.8430715002538287,69.0,81.0,1.0,1.1274690420042432,0.0,0.06837926561689843,0.07479406003619213,0.0,0.0
27,4788007,4847007,0,75.9,3.1764760348537187,69.0,81.0,8.0,1.1349606130700478,0.0,0.07658739051519031,0.07814257046558006,0.0,0.0
27,4794007,4853007,0,74.98333333333333,3.4374974747465474,68.0,81.0,11.0,1.1860774262319258,0.0,0.07445049895916483,0.07482199088197815,0.0,0.0
27,4800007,4853007,0,74.53703703703704,3.264358384934921,68.0,81.0,6.0,1.165543034828717,0.0,0.07740713360686226,0.07785956815690567,0.0,0.0
27,4806007,4853007,0,74.22916666666667,3.3306629928922895,68.0,81.0,6.0,1.2028335340512826,0.0,0.08450602612166896,0.07971194821902261,0.0,0.0
27,4812007,4853007,0,74.0,3.498298906339371,68.0,81.0,5.0,1.2783373347686495,0.0,0.09188301334636961,0.0821834628942248,0.0,0.0
27,4818007,4853007,0,73.83333333333333,3.7527767497325675,68.0,81.0,4.0,1.3732131246511903,0.0,0.08899367006797299,0.07392574842421373,0.0,0.0
27,4824007,4853007,0,73.66666666666667,4.077035960378841,68.0,81.0,9.0,1.3518824678560455,0.0,0.08335366819455088,0.06811864591017949,0.0,0.0
27,4830007,4853007,0,72.25,3.243583409338094,68.0,80.0,9.0,1.335143698502964,0.0,0.08530344982244815,0.07200793288579162,0.0,0.0
27,4836007,4853007,0,70.61111111111111,1.3391078659104387,68.0,73.0,2.0,1.2366938848016846,0.0,0.08260175740960934,0.0690100185102411,0.0,0.0
27,4842007,4853007,0,70.5,1.4433756729740645,68.0,73.0,2.0,1.2792042981336627,0.0,0.09200230426337198,0.06851354712869691,0.0,0.0
27,4848007,4853007,0,69.83333333333333,1.2133516482134197,68.0,72.0,1.0,1.61245154965971,0.0,0.06162083396560644,0.05314721825017368,0.0,0.0
27,6509377,6514388,0,79.83333333333333,0.3726779962499649,79.0,80.0,0.0,0.6324555320336759,0.0,0.0800342991714176,0.07624038753157594,0.0,0.0
27,6509377,6520959,0,81.75,2.277608394786075,79.0,86.0,6.0,0.9534625892455924,0.0,0.06689449752172112,0.08098515371662582,0.0,0.0
27,6509377,6526959,0,83.55555555555556,3.1836775070876446,79.0,88.0,8.0,0.8401680504168059,0.0,0.08778637645045446,0.08025557291886548,0.0,0.0
27,6509377,6532959,0,84.58333333333333,3.290347837066605,79.0,88.0,8.0,0.7801894976054939,0.0,0.08934587718239666,0.07934298580983644,0.0,0.0
27,6509377,6538959,0,84.93333333333334,3.0324174441451097,79.0,88.0,6.0,0.7427813527082074,0.0,0.08278466352849871,0.07360345988915114,0.0,0.0
27,6509377,6544959,0,84.91666666666667,2.7726341266023544,79.0,88.0,4.0,0.7171371656006361,0.0,0.10633155369886696,0.09715263458179196,0.0,0.0
27,6509377,6550959,0,84.73809523809524,2.6100494778153136,79.0,88.0,4.0,0.6984302957695782,0.0,0.10644322390164351,0.09984110259309811,0.0,0.0
27,6509377,6556959,0,84.6875,2.450818315719602,79.0,88.0,4.0,0.6841674549282352,0.0,0.10489823828418905,0.09796405967675033,0.0,0.0
27,6509377,6562959,0,84.61111111111111,2.3207331749117133,79.0,88.0,4.0,0.644278153923165,0.0,0.10496794659699234,0.09593666035076281,0.0,0.0
27,6509377,6568959,0,84.58333333333333,2.2157893000513886,79.0,88.0,5.0,0.6509445549041193,0.0,0.10212187429586769,0.09187912914277448,0.0,0.0
27,6515959,6574959,0,85.01666666666667,1.5757714160231346,81.0,88.0,3.0,0.6243640832675886,0.0,0.10613773762331347,0.09143843918080753,0.0,0.0
27,6521959,6580959,0,85.11666666666666,1.4270209840394388,83.0,88.0,1.0,0.5367826312580717,0.0,0.11512536321860682,0.09241531743225642,0.0,0.0
27,6527959,6586959,0,85.01666666666667,1.3353110332636198,83.0,88.0,0.0,0.6638357975446149,0.0,0.11104042966659655,0.09120832336807871,0.0,0.0
27,6533959,6586959,0,84.72222222222223,1.0437941237808854,83.0,88.0,1.0,0.6587581226451356,0.0,0.11293110192086024,0.0925194770183301,0.0,0.0
27,6539959,6586959,0,84.52083333333333,0.9126331714087297,83.0,88.0,3.0,0.6684373647831918,0.0,0.1199800135468544,0.0951420576194898,0.0,0.0
27,6545959,6586959,0,84.47619047619048,0.957131011535323,83.0,88.0,4.0,0.6984302957695782,0.0,0.10511058626058956,0.0820485201647601,0.0,0.0
27,6551959,6586959,0,84.61111111111111,0.950957931590205,83.0,88.0,4.0,0.7171371656006361,0.0,0.10477680978430408,0.07524808786448609,0.0,0.0
27,6557959,6586959,0,84.66666666666667,1.0110500592068734,83.0,88.0,4.0,0.7427813527082074,0.0,0.10691550394876327,0.07344680163926987,0.0,0.0
27,6563959,6586959,0,84.83333333333333,1.0671873729054748,83.0,88.0,5.0,0.8075728530872482,0.0,0.10726297666109942,0.0723034736179293,0.0,0.0
27,6569959,6586959,0,85.0,1.1055415967851334,84.0,88.0,3.0,0.8744746321952062,0.0,0.11751489435288402,0.07915343821639047,0.0,0.0
27,6575959,6586959,0,85.41666666666667,1.114924013354971,84.0,88.0,4.0,1.044465935734187,0.0,0.11617587530638833,0.08202968526296167,0.0,0.0
27,6581959,6586959,0,86.16666666666667,1.0671873729054748,85.0,88.0,2.0,1.4142135623730951,0.0,0.08872079878781834,0.03238592044326108,0.0,0.0
27,7918610,7925108,0,75.0,0.5345224838248488,74.0,76.0,1.0,0.7071067811865476,0.0,0.06458069237731215,0.0866372324295482,0.0,0.0
27,7918610,7931108,0,75.0,0.6793662204867574,74.0,76.0,0.0,0.7071067811865476,0.0,0.0784444784865365,0.08155944864367334,0.0,0.0
27,7918610,7937108,0,74.84210526315789,0.6698906348083081,74.0,76.0,0.0,0.7453559924999299,0.0,0.06467652845343,0.07180591335847848,0.0,0.0
27,7918610,7943108,0,75.12,0.8158431221748456,74.0,77.0,3.0,0.7359800721939872,0.0,0.06183237672336985,0.06338688506287729,0.0,0.0
27,7918610,7949108,0,75.54838709677419,1.3158760035078154,74.0,79.0,1.0,0.8366600265340756,0.0,0.054293697896386786,0.05917432391659576,0.0,0.0
27,7918610,7955108,0,75.16216216216216,1.551172416462891,72.0,79.0,2.0,0.816496580927726,0.0,0.048348976303980086,0.05595527022989508,0.0,0.0
27,7918610,7961108,0,74.97674418604652,1.5624722820689139,72.0,79.0,0.0,0.816496580927726,0.0,0.04977624430680395,0.05721855236200135,0.0,0.0
27,7918610,7967108,0,75.24489795918367,1.6846317619174647,72.0,79.0,3.0,0.9013878188659973,0.0,0.04991396861662932,0.054534423178770886,0.0,0.0
27,7918610,7973108,0,75.12727272727273,1.6630152839678725,72.0,79.0,1.0,0.9525793444156804,0.0,0.0478477562751939,0.05273965981648272,0.0,0.0
27,7919612,7979108,0,75.11666666666666,1.5926044357871447,72.0,79.0,0.0,0.9205746178983234,0.0,0.04778202221955717,0.05106580391915901,0.0,0.0
27,7926108,7985108,0,75.01666666666667,1.6277967386078098,72.0,79.0,2.0,0.9566892062149209,0.0,0.04141669906865543,0.04275209161044306,0.0,0.0
27,7932108,7991108,0,75.0,1.66332999331662,72.0,79.0,2.0,1.0084389681792214,0.0,0.04211425201596657,0.06244718262917305,0.0,0.0
27,7938108,7997108,0,75.0,1.6931233465600393,72.0,79.0,2.0,1.0251085101720299,0.0,0.0400583470281582,0.06255366543980569,0.0,0.0
27,7944108,8003108,0,74.75,1.747617425716128,71.0,79.0,4.0,1.0576597126659453,0.0,0.04026176194291563,0.06304557300220459,0.0,0.0
28,1018974,1078777,1,82.93023255813954,5.132637695508867,77.0,91.0,4.0,1.3627702877384937,0.0,0.021006539332579417,0.044956363214693054,0.0,0.0
28,1030777,1084777,1,82.9090909090909,5.129319385198381,77.0,91.0,3.0,1.1910519095164538,0.0,0.02017271426821479,0.044533983603533944,0.0,0.0
28,1031777,1090777,1,83.20408163265306,4.923826253324537,77.0,91.0,4.0,1.136515141415488,0.0,0.020547992751534447,0.042894034505935826,0.0,0.0
28,1037777,1096777,1,82.83673469387755,4.47371889666163,77.0,91.0,0.0,1.136515141415488,0.0,0.01804232111897877,0.04075181603050482,0.0,0.0
28,1048777,1102777,1,82.95918367346938,4.655298423865397,77.0,91.0,5.0,0.924211375534118,0.0,0.014414617345220499,0.0385124758040008,0.0,0.0
28,1049777,1107777,1,83.41509433962264,4.728213042578106,77.0,91.0,4.0,0.8987170342729172,0.0,0.013651801402841347,0.037132919097721914,0.0,0.0
28,1056777,1107777,1,83.40384615384616,4.772757690929989,77.0,91.0,4.0,0.9074852129730301,0.0,0.013806887340759926,0.0374712604578952,0.0,0.0
28,1061777,1107777,1,83.61702127659575,4.948901410389995,77.0,91.0,8.0,0.8340576562282991,0.0,0.015018734923070657,0.03921530329745638,0.0,0.0
28,1067777,1107777,1,84.46341463414635,4.716848684344809,77.0,91.0,11.0,0.8215838362577492,0.0,0.016924163852861725,0.04163907635160588,0.0,0.0
28,1073777,1107777,1,85.65714285714286,4.028064811103339,77.0,91.0,9.0,0.8574929257125442,0.0,0.010614875268897341,0.01487094994598605,0.0,0.0
28,1079777,1107777,1,87.13793103448276,2.569370484165125,80.0,91.0,8.0,0.8451542547285166,0.0,0.009155628219667485,0.012460594418374498,0.0,0.0
28,1085777,1107777,1,88.08695652173913,1.6658473096233055,86.0,91.0,2.0,0.674199862463242,0.0,0.00988656328374558,0.013793528853184654,0.0,0.0
28,1091777,1107777,1,88.70588235294117,1.485803640037069,86.0,91.0,2.0,0.7071067811865476,0.0,0.0063048786448117716,0.00400784171696384,0.0,0.0
28,1097777,1107777,1,89.36363636363636,1.149919149152138,88.0,91.0,2.0,0.6324555320336759,0.0,0.005589875839855606,0.0036424026580897714,0.0,0.0
28,1103777,1107777,1,88.2,0.4,88.0,89.0,1.0,0.5,0.0,0.003709995254274046,0.0025004383179739946,0.0,0.0
28,3702004,3722004,1,91.83333333333333,1.4624940645653532,89.0,93.0,4.0,1.0954451150103321,0.0,0.026900698186847555,0.02576200894130876,0.0,0.0
28,3702004,3728004,1,91.77777777777777,1.227262335243029,89.0,93.0,2.0,1.0,0.0,0.035160379711381785,0.0369069743449732,0.0,0.0
28,3702004,3728004,1,91.77777777777777,1.227262335243029,89.0,93.0,2.0,1.0,0.0,0.035160379711381785,0.0369069743449732,0.0,0.0
28,3702004,3728004,1,91.77777777777777,1.227262335243029,89.0,93.0,2.0,1.0,0.0,0.035160379711381785,0.0369069743449732,0.0,0.0
28,3702004,3746004,1,91.6,1.2806248474865698,89.0,93.0,1.0,1.0,0.0,0.03184565683241746,0.036397785230003005,0.0,0.0
28,3702004,3746004,1,91.6,1.2806248474865698,89.0,93.0,1.0,1.0,0.0,0.03184565683241746,0.036397785230003005,0.0,0.0
28,3702004,3746004,1,91.6,1.2806248474865698,89.0,93.0,1.0,1.0,0.0,0.03184565683241746,0.036397785230003005,0.0,0.0
28,3718004,3746004,1,91.88888888888889,0.9938079899999066,90.0,93.0,1.0,0.7905694150420949,0.0,0.027240195556932464,0.035495012288262226,0.0,0.0
28,3718004,3746004,1,91.88888888888889,0.9938079899999066,90.0,93.0,1.0,0.7905694150420949,0.0,0.027240195556932464,0.035495012288262226,0.0,0.0
28,3719004,3746004,1,92.0,1.0,90.0,93.0,2.0,0.7559289460184544,0.0,0.03005757271437532,0.03668711433305085,0.0,0.0
28,3726004,3746004,1,91.25,0.82915619758885,90.0,92.0,2.0,0.816496580927726,0.0,0.03926309480077233,0.04716755195111854,0.0,0.0
28,7067171,7072171,1,89.33333333333333,0.9428090415820634,88.0,91.0,2.0,1.4142135623730951,0.0,0.06109576378812509,0.05747556125508935,0.0,0.0
28,7067171,7078171,1,88.16666666666667,1.3437096247164249,87.0,91.0,4.0,1.1281521496355325,0.0,0.0749279753835585,0.061488223030651365,0.0,0.0
29,1058775,1114775,1,81.58333333333333,3.491060010942235,77.0,87.0,2.0,1.927248223318863,0.02857142857142857,0.06994662922177448,0.12020974081952412,0.0,0.0
29,1077775,1123775,1,81.46153846153847,3.3500566688368343,77.0,87.0,2.0,1.6858544608470492,0.02631578947368421,0.06695771637313475,0.11589617477143035,0.0,0.0
29,1077775,1129775,1,81.28888888888889,3.1525807574269638,77.0,87.0,2.0,1.5811388300841898,0.022727272727272728,0.06158397935588535,0.10901954462522294,0.0,0.0
29,1077775,1131775,1,81.27659574468085,3.085326477842419,77.0,87.0,3.0,1.553397398691291,0.021739130434782608,0.059363167678649055,0.10719648898781554,0.0,0.0
29,1082775,1131775,1,81.76190476190476,2.9016376641108805,77.0,87.0,4.0,1.6379642332078845,0.024390243902439025,0.060741725879766215,0.11261313656306016,0.0,0.0
29,1088775,1131775,1,82.30555555555556,2.7670626668850735,78.0,87.0,3.0,1.7484687178050562,0.02857142857142857,0.04400939702609907,0.09156182636547323,0.0,0.0
29,1094775,1131775,1,82.61290322580645,2.8133027239245347,78.0,87.0,0.0,1.8073922282301278,0.03333333333333333,0.03438848569237051,0.062325250746615386,0.0,0.0
29,1100775,1131775,1,82.56,3.0604574821421715,78.0,87.0,5.0,1.9685019685029528,0.041666666666666664,0.03401187601022412,0.06817807019306511,0.0,0.0
29,1106775,1131775,1,81.21052631578948,2.1662226976059658,78.0,87.0,6.0,2.260776661041756,0.05555555555555555,0.03927311713278921,0.07705830108251698,0.0,0.0
29,1113775,1131775,1,80.73333333333333,0.6798692684790381,80.0,82.0,0.0,0.6546536707079771,0.0,0.02042850210014431,0.015246627476467193,0.0,0.0
29,1118775,1131775,1,80.6923076923077,0.72160242458822,80.0,82.0,1.0,0.6454972243679028,0.0,0.021687115382509566,0.015947505721465225,0.0,0.0
29,1124775,1131775,1,80.375,0.4841229182759271,80.0,81.0,1.0,0.6546536707079771,0.0,0.022339742793031303,0.019431963119174663,0.0,0.0
29,1910440,1917498,1,80.75,0.82915619758885,80.0,82.0,1.0,1.2909944487358056,0.0,0.08219660729683038,0.12439250586572381,0.0,0.0
29,1910440,1928498,1,81.0,0.816496580927726,80.0,82.0,1.0,1.1832159566199232,0.0,0.13979715546076268,0.1325141720391902,0.0,0.0
29,1910440,1932498,1,81.25,0.82915619758885,80.0,82.0,1.0,1.0,0.0,0.17901987055008012,0.19712349336325552,0.0,0.0
29,1910440,1940498,1,81.55555555555556,1.1653431646335017,80.0,84.0,3.0,1.1726039399558574,0.0,0.1599871228469047,0.19348931868751368,0.0,0.0
29,1910440,1945498,1,81.53846153846153,1.1512791959304436,80.0,84.0,1.0,1.118033988749895,0.0,0.11448527799605532,0.17490426825059824,0.0,0.0
29,1910440,1952498,1,80.0,2.990180006385608,74.0,84.0,7.0,1.6393596310755,0.0,0.09112337954538019,0.15870420396827942,0.0,0.0
29,1910440,1955498,1,79.2,3.3555923471125033,74.0,84.0,6.0,1.5217718205053643,0.0,0.07873466479985539,0.14928229399893478,0.0,0.0
29,1910440,1959498,1,79.33333333333333,3.3285680223431036,74.0,84.0,1.0,2.1563858652847827,0.05,0.07516347282442579,0.14655739963193104,0.0,0.0
29,1911441,1970498,1,79.47826086956522,3.2285353418672993,74.0,84.0,1.0,2.0997835386274724,0.045454545454545456,0.0708267594535713,0.1408329736341832,0.0,0.0
29,1917498,1976498,1,79.3076923076923,3.0605332713965785,74.0,84.0,4.0,1.9595917942265424,0.04,0.05561584984743216,0.1253980579439031,0.0,0.0
29,1927498,1982498,1,79.16129032258064,2.783555097394145,74.0,84.0,1.0,1.816590212458495,0.03333333333333333,0.047536852525453775,0.11635208648217019,0.0,0.0
29,1931498,1988498,1,79.11428571428571,2.5831478976675903,74.0,84.0,3.0,1.7235394498804248,0.029411764705882353,0.0296942559303634,0.09661291875631695,0.0,0.0
29,1940498,1994498,1,79.07692307692308,2.3899856815858556,74.0,84.0,3.0,1.6303051054456357,0.02631578947368421,0.01184082522862031,0.01388263293478076,0.0,0.0
29,1941498,1998498,1,79.11904761904762,2.2382218809154324,74.0,83.0,3.0,1.5695268822630408,0.024390243902439025,0.011882944054093389,0.014039963826208588,0.0,0.0
29,1949498,1998498,1,78.86842105263158,2.178496012240155,74.0,82.0,4.0,1.4886961463697743,0.02702702702702703,0.011859451103824881,0.014592784617285285,0.0,0.0
29,1953498,1998498,1,79.32352941176471,1.7941176470588234,74.0,82.0,6.0,1.4564381625088383,0.030303030303030304,0.011466773635958867,0.01505543409019169,0.0,0.0
29,1959498,1998498,1,79.7741935483871,1.0986700881242841,78.0,82.0,2.0,0.816496580927726,0.0,0.011750789028934096,0.015604056294446486,0.0,0.0
29,1965498,1998498,1,79.7,1.0376254944182253,78.0,82.0,2.0,0.8304547985373997,0.0,0.01201782755270411,0.015792156127851415,0.0,0.0
29,1971498,1998498,1,79.55555555555556,0.9558139185602917,78.0,81.0,0.0,0.7337993857053428,0.0,0.01103396945798976,0.015546063786025466,0.0,0.0
29,1977498,1998498,1,79.72727272727273,0.9136250564655354,78.0,81.0,2.0,0.7559289460184544,0.0,0.008030501337969618,0.00970320930431201,0.0,0.0
29,1983498,1998498,1,80.0,0.7905694150420949,79.0,81.0,1.0,0.6831300510639732,0.0,0.008533681151104793,0.010328809130402109,0.0,0.0
29,1989498,1998498,1,80.2,0.7483314773547882,79.0,81.0,0.0,0.6666666666666666,0.0,0.0060885865566769745,0.009860160112725978,0.0,0.0
29,1995498,1998498,1,80.75,0.4330127018922193,80.0,81.0,1.0,0.5773502691896257,0.0,0.011254151894307935,0.013949272091320476,0.0,0.0
29,3189058,3193068,0,84.4,0.8,83.0,85.0,2.0,0.7071067811865476,0.0,0.06949674890893184,0.1298765701705088,0.0,0.0
29,3189058,3195073,0,84.5,0.7637626158259734,83.0,85.0,0.0,1.0954451150103321,0.0,0.12250793806692888,0.1676530160155312,0.0,0.0
29,3189058,3195073,0,84.5,0.7637626158259734,83.0,85.0,0.0,1.0954451150103321,0.0,0.12250793806692888,0.1676530160155312,0.0,0.0
29,3189058,3210885,0,84.9,0.8306623862918076,83.0,86.0,1.0,1.0,0.0,0.0782467848644259,0.14086401966432777,0.0,0.0
3,482310,532310,0,102.6086956521739,1.2419875527900608,98.0,105.0,7.0,1.0660035817780522,0.0,0.08420467049121318,0.07578499156116433,0.0,0.0
3,495310,547310,0,102.4,1.16619037896906,98.0,104.0,1.0,1.241638702145945,0.0,0.07266082384071935,0.07266748369068518,0.0,0.0
3,495310,553310,0,102.44444444444444,1.1331154474650633,98.0,104.0,1.0,1.192927878405448,0.0,0.07008232128737966,0.0712014442783456,0.0,0.0
3,500310,557310,0,102.42307692307692,1.1153846153846154,98.0,104.0,1.0,1.1489125293076057,0.0,0.06398506516025723,0.07383573123283174,0.0,0.0
3,506310,557310,0,102.3,1.187434208703792,98.0,103.0,1.0,1.2773327473170102,0.0,0.0522243295912419,0.05158429785718789,0.0,0.0
3,512310,557310,0,102.28571428571429,1.3850513878332367,98.0,103.0,0.0,1.5191090506254998,0.0,0.05286307652349907,0.05758209919886763,0.0,0.0
3,532310,557310,0,102.1,1.5779733838059498,98.0,103.0,5.0,1.2018504251546631,0.0,0.026236100678626268,0.020544849359762918,0.0,0.0
3,532310,557310,0,102.1,1.5779733838059498,98.0,103.0,5.0,1.2018504251546631,0.0,0.026236100678626268,0.020544849359762918,0.0,0.0
3,532310,557310,0,102.1,1.5779733838059498,98.0,103.0,5.0,1.2018504251546631,0.0,0.026236100678626268,0.020544849359762918,0.0,0.0
3,542310,557310,0,102.55555555555556,0.8314794192830981,101.0,103.0,2.0,0.7071067811865476,0.0,0.025603796983563614,0.02156366706471899,0.0,0.0
3,542310,557310,0,102.55555555555556,0.8314794192830981,101.0,103.0,2.0,0.7071067811865476,0.0,0.025603796983563614,0.02156366706471899,0.0,0.0
3,548310,557310,0,103.0,0.0,103.0,103.0,0.0,0.0,0.0,0.02809311121711239,0.02372104216022986,0.0,0.0
3,554310,557310,0,103.0,0.0,103.0,103.0,0.0,0.0,0.0,0.0232141471403518,0.010817233306002502,0.0,0.0
3,7527661,7531660,0,92.0,0.0,92.0,92.0,0.0,0.0,0.0,0.021328669003639857,0.02443355752109394,0.0,0.0
3,7527661,7537858,0,94.54545454545455,2.8400907912387834,92.0,99.0,7.0,1.0488088481701516,0.0,0.08867449357414293,0.08947228068169713,0.0,0.0
3,7527661,7543858,0,97.05882352941177,4.151124415147612,92.0,103.0,11.0,0.9682458365518543,0.0,0.0678161131273259,0.07828498439110554,0.0,0.0
3,7527661,7549858,0,98.73913043478261,4.560867492849862,92.0,104.0,12.0,0.8528028654224418,0.0,0.06455148038054087,0.07366933496067136,0.0,0.0
3,7527661,7555858,0,99.82758620689656,4.586855022909385,92.0,104.0,12.0,0.7559289460184544,0.0,0.07066363822761396,0.07159203798218426,0.0,0.0
3,7527661,7561858,0,100.65714285714286,4.5603437034808625,92.0,105.0,13.0,0.7071067811865476,0.0,0.0696608819478682,0.0690872345573703,0.0,0.0
3,7527661,7567858,0,101.39024390243902,4.573934895504797,92.0,106.0,14.0,0.6708203932499369,0.0,0.06133098625912595,0.06694462184272787,0.0,0.0
3,7527661,7573858,0,102.0,4.5616346454202,92.0,107.0,14.0,0.659380473395787,0.0,0.056317331759332456,0.06419385831142577,0.0,0.0
3,7527661,7579858,0,102.37735849056604,4.430709364792289,92.0,107.0,12.0,0.6504436355879909,0.0,0.053376857668010695,0.06132173171816382,0.0,0.0
30,487740,546088,0,85.48275862068965,3.3074700160777377,76.0,88.0,12.0,0.5298129428260175,0.0,0.22341742076384224,0.2075878977711754,0.0,0.0
30,494088,552825,0,86.36842105263158,2.5452506783610014,80.0,90.0,10.0,0.4629100498862757,0.0,0.224603169624301,0.16839304064785432,0.0,0.0
30,500088,558825,0,87.57894736842105,2.2629538871739148,82.0,93.0,11.0,0.48181205582971576,0.0,0.2536997033061824,0.18618435404323794,0.0,0.0
30,506088,564825,0,88.89473684210526,2.965794532911826,84.0,98.0,14.0,0.5345224838248488,0.0,0.26429753722043925,0.18486127936192087,0.0,0.0
30,512088,570825,0,90.42105263157895,4.205040285686626,87.0,100.0,13.0,0.5175491695067657,0.0,0.2520533466223451,0.1963883406719053,0.0,0.0
30,518088,570825,0,90.82352941176471,4.268929619034753,87.0,100.0,12.0,0.5291502622129182,0.0,0.25804913877961577,0.19984026107286393,0.0,0.0
30,524088,570825,0,91.2,4.410089442277661,87.0,100.0,12.0,0.5640760748177662,0.0,0.24970594736033516,0.20095144427789752,0.0,0.0
30,530088,570825,0,91.6923076923077,4.541285518631889,87.0,100.0,12.0,0.6069769786668839,0.0,0.2493145752940788,0.20996853967772885,0.0,0.0
30,536088,570825,0,92.36363636363636,4.63071551391347,87.0,100.0,13.0,0.6373774391990981,0.0,0.2711309736483687,0.21877381136486043,0.0,0.0
30,542088,570825,0,93.44444444444444,4.4416657980681515,88.0,100.0,12.0,0.6793662204867574,0.0,0.2686416068078679,0.2333705113464321,0.0,0.0
30,549825,570825,0,94.68181818181819,3.9930207707991023,88.0,100.0,12.0,0.7559289460184544,0.0,0.2606471336469486,0.24655114780739412,0.0,0.0
30,553825,570825,0,95.94444444444444,3.2569962682444116,91.0,100.0,9.0,0.7276068751089989,0.0,0.21546700388770376,0.2189575520852096,0.0,0.0
30,559825,570825,0,97.83333333333333,2.229848026709942,94.0,100.0,6.0,0.7385489458759964,0.0,0.11928454745459871,0.14564347955419119,0.0,0.0
30,565825,570825,0,99.83333333333333,0.3726779962499649,99.0,100.0,1.0,0.4472135954999579,0.0,0.006681049180671636,0.004465402800910494,0.0,0.0
30,1027823,1031831,1,86.0,0.0,86.0,86.0,0.0,0.0,0.0,0.03359456806213797,0.05218811503307407,0.0,0.0
30,1027823,1039091,1,87.45454545454545,1.9241827716833386,86.0,91.0,5.0,0.8366600265340756,0.0,0.07595685545871865,0.11666388550867261,0.0,0.0
30,1027823,1045091,1,88.17647058823529,1.9169612631529793,86.0,91.0,4.0,0.9354143466934853,0.0,0.06330095263866067,0.09673641008634958,0.0,0.0
30,1027823,1051091,1,88.04347826086956,1.7062101626390074,86.0,91.0,1.0,0.8790490729915326,0.0,0.054326781412617375,0.08513775678563008,0.0,0.0
30,1027823,1057091,1,88.0,1.5536386656646635,86.0,91.0,3.0,0.823754471047914,0.0,0.0485445555438544,0.07722275500478931,0.0,0.0
30,1027823,1063091,1,87.54285714285714,1.990590108382898,81.0,91.0,5.0,1.0145993123917847,0.0,0.042992102052006625,0.0713647626146038,0.0,0.0
30,1027823,1069091,1,86.82926829268293,2.574759652760321,81.0,91.0,2.0,1.0,0.0,0.038736648678040886,0.0667393630349678,0.0,0.0
30,1027823,1075091,1,86.48936170212765,2.5671603686823454,81.0,91.0,1.0,0.9440891630699332,0.0,0.06303672647949224,0.1755063066605757,0.0,0.0
30,1027823,1081091,1,86.74509803921569,2.6556867377783546,81.0,91.0,5.0,1.0488088481701516,0.0,0.05953356456584535,0.16891372943112046,0.0,0.0
30,1027823,1087091,1,86.87719298245614,2.57566326282368,81.0,91.0,0.0,1.0350983390135313,0.0,0.09171794728851741,0.22046324143796892,0.0,0.0
30,1034091,1092091,1,87.23214285714286,2.9031452858960414,81.0,96.0,10.0,1.3073220372543672,0.0,0.09452197007889275,0.22186617056205396,0.0,0.0
30,1040091,1098091,1,87.3076923076923,3.1533770758107127,81.0,96.0,2.0,1.3431014736897027,0.0,0.0895733146358331,0.22558846542237668,0.0,0.0
30,1046091,1105091,1,87.04255319148936,3.1954585247411487,81.0,96.0,1.0,1.5393392145304765,0.0,0.09441904833107544,0.2365935073547475,0.0,0.0
30,1052091,1111091,1,87.0,3.1890771025419635,81.0,96.0,1.0,1.5393392145304765,0.0,0.09342720405146206,0.23679350634097787,0.0,0.0
30,1058091,1116091,1,86.54347826086956,3.347331979347461,81.0,96.0,5.0,1.570562531918633,0.0,0.09555087366631124,0.2389704521959635,0.0,0.0
30,1064091,1116091,1,86.725,3.435021833991743,81.0,96.0,2.0,1.5689290811054724,0.0,0.10746021819004659,0.25413191196547374,0.0,0.0
30,1070091,1116091,1,87.44117647058823,3.182592140624371,83.0,96.0,1.0,1.6605950010691222,0.0,0.12396852069477704,0.27232726588928147,0.0,0.0
30,1076091,1116091,1,88.14285714285714,3.078894580321758,83.0,96.0,4.0,1.784708711578779,0.0,0.10144307696021285,0.22083906168530473,0.0,0.0
30,1082091,1116091,1,87.875,3.179524335494226,83.0,96.0,7.0,1.805787796286538,0.0,0.11528835444016594,0.23569917027964127,0.0,0.0
30,1088091,1116091,1,87.83333333333333,3.5939764421413036,83.0,96.0,4.0,2.0291986247835694,0.0,0.03195607244314462,0.033222081275188296,0.0,0.0
30,1097091,1116091,1,87.0,3.2071349029490928,83.0,94.0,11.0,1.593255013631383,0.0,0.024423509620958007,0.01616154124198026,0.0,0.0
30,1105091,1116091,1,85.91666666666667,1.9346977943739831,83.0,88.0,5.0,0.7977240352174656,0.0,0.02581621069273919,0.01705961478072866,0.0,0.0
30,1106091,1116091,1,85.72727272727273,1.9112541856026035,83.0,88.0,5.0,0.8366600265340756,0.0,0.026301893909483575,0.017738576956644225,0.0,0.0
30,1112091,1116091,1,83.8,0.7483314773547882,83.0,85.0,2.0,1.0,0.0,0.032507547302635935,0.023246331774320343,0.0,0.0
30,1840231,1854231,0,88.75,1.0897247358851685,87.0,90.0,0.0,2.160246899469287,0.0,0.1825952500766227,0.2373549767392981,0.0,0.0
30,1840231,1861231,0,87.0,2.6457513110645907,83.0,90.0,6.0,2.8284271247461903,0.0,0.12681197866243432,0.20926054919830558,0.0,0.0
30,1840231,1867231,0,85.75,2.3139072294858036,83.0,90.0,4.0,1.954016841836789,0.0,0.17286295787596795,0.15731262939172333,0.0,0.0
30,1840231,1873231,0,85.38888888888889,1.975935471530971,83.0,90.0,5.0,1.5904124511289146,0.0,0.15208111638230765,0.14375663042569198,0.0,0.0
30,1840231,1879231,0,85.125,1.786815136865964,83.0,90.0,5.0,1.3987572123604706,0.0,0.11714810328655356,0.13858742584359227,0.0,0.0
30,1840231,1885231,0,85.1,1.6401219466856727,83.0,90.0,3.0,1.2730630994465333,0.0,0.09896785753368335,0.12952745338993132,0.0,0.0
30,1840231,1891231,0,84.88888888888889,1.577229951842043,83.0,90.0,6.0,1.218898800440088,0.0,0.08855041693461878,0.12119993479273283,0.0,0.0
30,1840231,1897231,0,84.78378378378379,1.6787243408940038,81.0,90.0,8.0,1.247219128924647,0.0,0.08653262057511628,0.12016233522368636,0.0,0.0
30,1847231,1903231,0,83.17073170731707,3.5811323936294177,73.0,89.0,14.0,1.2649110640673518,0.0,0.07653266598108188,0.11699652478293178,0.0,0.0
30,1854231,1909231,0,81.58695652173913,5.0886749234324755,71.0,89.0,17.0,1.2018504251546631,0.0,0.05792180427085914,0.08120447029553715,0.0,0.0
30,1860231,1915231,0,80.01960784313725,6.095611394895966,68.0,86.0,14.0,1.0,0.0,0.05259724046895519,0.07879667391735216,0.0,0.0
30,1862231,1917231,0,79.6470588235294,6.163852657613993,68.0,86.0,8.0,1.1135528725660044,0.0,0.05202343748049703,0.07911314923086304,0.0,0.0
30,1868231,1917231,0,79.0,6.2787118282512555,68.0,86.0,10.0,1.1677484162422844,0.0,0.02977137086596308,0.05186046272783273,0.0,0.0
30,1874231,1917231,0,78.12820512820512,6.304981698175869,68.0,86.0,9.0,1.2460463791317595,0.0,0.01734889970765172,0.02051732732694332,0.0,0.0
30,1880231,1917231,0,77.0,6.2182527020592095,68.0,86.0,9.0,1.334634781503914,0.0,0.01825796074553543,0.021415771524017035,0.0,0.0
30,1886231,1917231,0,75.22222222222223,5.452375176171244,68.0,84.0,9.0,1.4005493427717788,0.0,0.01648264657294275,0.021050244768966237,0.0,0.0
30,1897231,1917231,0,72.76190476190476,3.3080675110396958,68.0,81.0,6.0,1.51657508881031,0.0,0.010773913039698959,0.0117919296786348,0.0,0.0
30,1898231,1917231,0,72.35,2.8155816450602176,68.0,79.0,4.0,1.4867838833500564,0.0,0.010618011110032577,0.012061992877547802,0.0,0.0
30,1904231,1917231,0,71.07142857142857,1.7914194577120646,68.0,75.0,3.0,1.4411533842457842,0.0,0.010709080139056512,0.013774585096052961,0.0,0.0
30,1910231,1917231,0,70.625,2.2325713874364688,68.0,75.0,4.0,1.7728105208558367,0.0,0.004215938889922336,0.00437923403306061,0.0,0.0
30,2234688,2239437,1,88.0,0.6324555320336759,87.0,89.0,1.0,0.8660254037844386,0.0,0.026840092454847357,0.025104632706136124,0.0,0.0
30,2234688,2245437,1,87.66666666666667,0.9428090415820634,86.0,89.0,3.0,1.0606601717798212,0.0,0.01907281045437497,0.021067250459783242,0.0,0.0
30,2234688,2251437,1,86.53333333333333,1.6275407487644937,84.0,89.0,4.0,0.9258200997725514,0.0,0.019388232263130002,0.02632570167438283,0.0,0.0
30,2234688,2257437,1,85.9047619047619,1.743143354068869,83.0,89.0,4.0,0.9486832980505138,0.0,0.031985354450008406,0.04753972213806503,0.0,0.0
30,2234688,2263437,1,85.66666666666667,1.7716909687891083,83.0,89.0,6.0,0.9325048082403138,0.0,0.028877439736493444,0.04525050989595264,0.0,0.0
30,2234688,2269437,1,84.8,2.4000000000000004,80.0,89.0,9.0,0.8905635565617213,0.0,0.02518120754237692,0.041335416530481096,0.0,0.0
30,2234688,2275437,1,83.80555555555556,3.134214809028858,78.0,89.0,11.0,0.8783100656536799,0.0,0.022265422038644716,0.03834894184389463,0.0,0.0
30,2234688,2281437,1,83.16666666666667,3.323198879641541,78.0,89.0,8.0,0.8553989227683015,0.0,0.021103751067549765,0.03601390133264138,0.0,0.0
30,2234688,2287437,1,83.22916666666667,3.1506585510898444,78.0,89.0,4.0,0.8751899489873673,0.0,0.021584273361994536,0.03569939730229101,0.0,0.0
30,2234688,2293437,1,83.4423076923077,3.1219659827796225,78.0,89.0,3.0,0.8744746321952062,0.0,0.020426294401533644,0.03455408948749825,0.0,0.0
30,2240437,2299437,1,83.22641509433963,2.8193503161287317,78.0,89.0,4.0,0.8320502943378437,0.0,0.018149979843100034,0.03358754697612133,0.0,0.0
30,2246437,2305437,1,83.30909090909091,2.814719280514342,78.0,89.0,3.0,0.8050764858994133,0.0,0.017730768997242644,0.033010533430864505,0.0,0.0
30,2252437,2311437,1,83.8,3.370459909270544,78.0,90.0,4.0,0.7934920476158722,0.0,0.01596998652674286,0.031495125433600876,0.0,0.0
30,2261437,2317437,1,84.30909090909091,3.7361756201312066,78.0,90.0,4.0,0.7200822998230956,0.0,0.010458950107807683,0.014704383017526333,0.0,0.0
30,2264437,2323437,1,84.6896551724138,3.7929467052253902,78.0,90.0,5.0,0.7132825035177587,0.0,0.010069052646334457,0.014500236065791032,0.0,0.0
30,2270437,2324437,1,85.15094339622641,3.803653786672951,78.0,90.0,9.0,0.7205766921228921,0.0,0.009869678095345015,0.014914682875817403,0.0,0.0
30,2276437,2324437,1,85.95744680851064,3.2417321795247696,78.0,90.0,11.0,0.7071067811865476,0.0,0.010148382381561355,0.015712320340560037,0.0,0.0
30,2282437,2324437,1,86.92682926829268,2.122932209462336,81.0,90.0,8.0,0.7071067811865476,0.0,0.009565161475304956,0.015852280799524814,0.0,0.0
30,2288437,2324437,1,87.48571428571428,1.6796501093370366,85.0,90.0,4.0,0.6416889479197478,0.0,0.006928115541395875,0.007593406224926999,0.0,0.0
30,2294437,2324437,1,87.6774193548387,1.6730712877277343,85.0,90.0,3.0,0.6055300708194983,0.0,0.006979414724027233,0.007911486496713332,0.0,0.0
30,2300437,2324437,1,88.24,1.335065541462291,85.0,90.0,4.0,0.6454972243679028,0.0,0.007295190854642198,0.008718340329987672,0.0,0.0
30,2306437,2324437,1,88.73684210526316,0.7841928645132284,87.0,90.0,1.0,0.5270462766947299,0.0,0.006930609283519646,0.009810282169430523,0.0,0.0
30,2312437,2324437,1,88.46153846153847,0.7457969011409736,87.0,89.0,0.0,0.5773502691896257,0.0,0.008412032492829681,0.011420623535778423,0.0,0.0
30,2318437,2324437,1,88.0,0.7559289460184544,87.0,89.0,0.0,0.816496580927726,0.0,0.004513495134999207,0.0058293232816220945,0.0,0.0
30,3136815,3156802,0,95.5,2.140872096444188,91.0,97.0,4.0,2.756809750418044,0.2,0.029597065849914908,0.03951362357372582,0.0,0.0
30,3136815,3162802,0,93.91666666666667,2.32588095615881,91.0,97.0,0.0,1.954016841836789,0.09090909090909091,0.01704722630634642,0.03080409180254446,0.0,0.0
30,3136815,3168802,0,92.94444444444444,2.344549760667688,91.0,97.0,0.0,1.5718104959867516,0.058823529411764705,0.013078073924463217,0.02580461682052093,0.0,0.0
30,3136815,3174802,0,93.125,2.16626598859266,91.0,97.0,4.0,1.4446302370292303,0.043478260869565216,0.01121962585925636,0.022619373016040462,0.0,0.0
30,3136815,3180802,0,93.73333333333333,2.2939534045447005,91.0,97.0,5.0,1.3261299671054765,0.034482758620689655,0.015444049560654503,0.02525930666587371,0.0,0.0
30,3136815,3186802,0,94.30555555555556,2.4700364869599762,91.0,98.0,6.0,1.2421180068162376,0.02857142857142857,0.01939690341814114,0.03171312596870484,0.0,0.0
30,3136815,3192802,0,94.71428571428571,2.5098445624960832,91.0,98.0,6.0,1.2097167578182677,0.024390243902439025,0.022372245462556496,0.031048630524859063,0.0,0.0
30,3152802,3198802,0,94.97674418604652,2.5562360783088076,91.0,100.0,3.0,0.8864052604279183,0.0,0.0199900930892977,0.027028069983656165,0.0,0.0
30,3152802,3204802,0,95.36734693877551,2.6549443866039866,91.0,100.0,1.0,0.8779711460710616,0.0,0.01864339610778669,0.025622773142691558,0.0,0.0
30,3152802,3210802,0,95.38181818181818,2.5189529505217347,91.0,100.0,3.0,0.8498365855987975,0.0,0.01779067631382483,0.024364567413406733,0.0,0.0
30,3157802,3216802,0,94.94642857142857,2.668731927721632,91.0,100.0,3.0,0.8420753583206845,0.0,0.016915475701486448,0.024384396717335628,0.0,0.0
31,2601282,2661145,1,78.63793103448276,1.668142430267137,76.0,83.0,2.0,1.0429378208913578,0.0,0.044887961691834344,0.05732448159867285,0.0,0.0
31,2607283,2667145,1,78.45762711864407,1.7400763074861831,75.0,83.0,3.0,1.0747894741730137,0.0,0.04618416784320075,0.06161367957351381,0.0,0.0
31,2614145,2673145,1,78.2,1.9304576314093678,73.0,83.0,2.0,1.104689541477988,0.0,0.03852686632789446,0.05829651425786474,0.0,0.0
31,2620145,2679145,1,78.08333333333333,1.7634404504326824,73.0,82.0,1.0,1.0969912627311462,0.0,0.03398145001791201,0.050613833675640395,0.0,0.0
31,2626145,2680145,1,78.05454545454545,1.8724624702458899,73.0,82.0,1.0,1.11388542532019,0.0,0.025357852662021296,0.037343704036637795,0.0,0.0
31,2632145,2689145,1,78.17307692307692,2.391661426435235,73.0,86.0,6.0,1.2366938848016846,0.0,0.023285947896786112,0.03432066209729936,0.0,0.0
31,2638145,2689145,1,78.30434782608695,2.5010394814382013,73.0,86.0,7.0,1.2909944487358056,0.0,0.024655645883317118,0.036145286211238095,0.0,0.0
31,2644145,2689145,1,78.475,2.626666137901808,73.0,86.0,7.0,1.349263806863884,0.0,0.023633107499931482,0.0375908230372751,0.0,0.0
31,2650145,2689145,1,78.6470588235294,2.806320103970956,73.0,86.0,7.0,1.4459976109624424,0.0,0.024251615446220974,0.04033911624764902,0.0,0.0
31,2656145,2689145,1,78.89285714285714,3.0159017333636924,73.0,86.0,7.0,1.5275252316519468,0.0,0.028354906644085773,0.04329754366427281,0.0,0.0
31,2662145,2689145,1,79.27272727272727,3.277773886785445,73.0,86.0,6.0,1.5735915849388864,0.0,0.029212681128898008,0.04797704095628635,0.0,0.0
31,2668145,2689145,1,80.0,3.48209706929603,73.0,86.0,10.0,1.7126976771553504,0.0,0.019020539281566506,0.023297439148812337,0.0,0.0
31,2674145,2689145,1,81.9,2.3,79.0,86.0,4.0,1.699673171197595,0.0,0.024017872904232566,0.027972588139159475,0.0,0.0
31,2680145,2689145,1,84.25,1.479019945774904,82.0,86.0,2.0,2.449489742783178,0.0,0.011166579423576316,0.016585382407637468,0.0,0.0
31,3999076,4005076,1,87.28571428571429,0.880630571852711,86.0,88.0,2.0,0.5773502691896257,0.0,0.02437164425256828,0.019851876631886627,0.0,0.0
31,3999076,4011076,1,87.84615384615384,0.9483713850721502,86.0,89.0,1.0,0.7637626158259734,0.0,0.01814098429971934,0.016303027635160554,0.0,0.0
31,3999076,4017076,1,87.94736842105263,0.8254940600714802,86.0,89.0,0.0,0.6666666666666666,0.0,0.0166413620724541,0.014104924347440173,0.0,0.0
31,3999076,4023076,1,87.9090909090909,0.7925270806437587,86.0,89.0,1.0,0.6546536707079771,0.0,0.01688511933771519,0.014486603903631925,0.0,0.0
31,3999076,4024076,1,87.8695652173913,0.7969696860792764,86.0,89.0,1.0,0.6396021490668313,0.0,0.01834455833602469,0.015735197469876203,0.0,0.0
31,3999076,4034076,1,88.23076923076923,1.249852062251686,86.0,91.0,3.0,1.0,0.0,0.02926538556361176,0.0383918438631446,0.0,0.0
31,3999076,4041076,1,88.29629629629629,1.2711853556837418,86.0,91.0,2.0,1.0,0.0,0.029366822192263966,0.03767772635422085,0.0,0.0
31,3999076,4047076,1,88.39393939393939,1.1790955429299224,86.0,91.0,1.0,0.9519716382329886,0.0,0.02931434183712498,0.03527558648061711,0.0,0.0
31,3999076,4048076,1,88.41176470588235,1.166131035388177,86.0,91.0,1.0,0.937436866561092,0.0,0.030116723650057034,0.03505729480474778,0.0,0.0
31,4000076,4048076,1,88.42424242424242,1.1814296175526016,86.0,91.0,1.0,0.9519716382329886,0.0,0.03078803311052741,0.035368551677157176,0.0,0.0
31,4006076,4048076,1,88.70370370370371,1.0475656017578483,87.0,91.0,1.0,0.9405399431259602,0.0,0.03160618867903559,0.03787741092745723,0.0,0.0
31,4012076,4067076,1,88.54545454545455,1.4993111365882401,84.0,91.0,5.0,1.4960264830861913,0.0,0.0386766951773843,0.040406908109268384,0.0,0.0
31,4021076,4067076,1,88.6875,1.7218721642444887,84.0,91.0,4.0,1.7511900715418263,0.0,0.04815838815138612,0.04359854030220266,0.0,0.0
31,4024076,4067076,1,88.92307692307692,1.8170787401565716,84.0,91.0,3.0,1.9364916731037085,0.0,0.055019035720697815,0.04499680248407643,0.0,0.0
31,4032076,4067076,1,89.08333333333333,1.8008485654145256,84.0,91.0,7.0,1.6236882817719773,0.0,0.05539960400585315,0.046814051677011574,0.0,0.0
31,4041076,4067076,1,88.44444444444444,1.640535895581489,84.0,90.0,6.0,1.8708286933869707,0.0,0.036202229460544466,0.021543446455315203,0.0,0.0
31,4042076,4067076,1,88.25,1.6393596310755,84.0,89.0,5.0,1.9639610121239315,0.0,0.036726986325959846,0.022795981398252126,0.0,0.0
31,5304759,5312759,1,89.5,0.7637626158259734,88.0,90.0,2.0,1.0954451150103321,0.0,0.1841401336796558,0.07556041444271182,0.0,0.0
31,5304759,5318759,1,88.91666666666667,0.9537935951882998,87.0,90.0,0.0,0.9534625892455924,0.0,0.1472041697795855,0.07997661019742028,0.0,0.0
31,5304759,5323759,1,89.29411764705883,1.1764705882352942,87.0,92.0,4.0,0.9354143466934853,0.0,0.12179112439345824,0.08572258322523772,0.0,0.0
31,5304759,5329759,1,89.23809523809524,1.1086139739831253,87.0,92.0,1.0,1.02469507659596,0.0,0.1239406709992881,0.08222701442589589,0.0,0.0
31,5304759,5336759,1,89.54545454545455,1.776801844153824,87.0,96.0,8.0,1.8257418583505538,0.047619047619047616,0.12130430956027385,0.08123982607230283,0.0,0.0
32,1035743,1095740,1,87.24137931034483,2.860614503718088,82.0,95.0,1.0,0.964274111134126,0.0,0.05173426234316682,0.09857578639596762,0.0,0.0
32,1041783,1101740,1,87.56896551724138,2.7737194558030906,82.0,95.0,2.0,0.9911892555667041,0.0,0.05187560768829072,0.0984985411578857,0.0,0.0
32,1048740,1107740,1,88.20689655172414,2.8330477112336174,82.0,95.0,9.0,1.0173926082384548,0.0,0.043501003576848475,0.08949104269578335,0.0,0.0
32,1054740,1113740,1,88.94827586206897,2.3446374162235175,85.0,95.0,4.0,1.0087337902782492,0.0,0.04567488266558283,0.08892831505493805,0.0,0.0
32,1060740,1119740,1,89.12068965517241,2.2672905462087267,85.0,95.0,1.0,1.0173926082384548,0.0,0.041939024505053,0.07942419851041962,0.0,0.0
33,1743649,1803084,1,93.36842105263158,3.1740813228030738,88.0,98.0,6.0,0.9863939238321437,0.0,0.06881630259032599,0.08605959467749069,0.0,0.0
33,1750084,1807084,1,94.13513513513513,3.231284257800832,88.0,98.0,8.0,0.97182531580755,0.0,0.0689668211121721,0.08754162723605913,0.0,0.0
33,1756084,1811084,1,95.15151515151516,2.512046275886388,89.0,98.0,6.0,1.0,0.0,0.051960968466816,0.0567335131547626,0.0,0.0
33,1762084,1811084,1,96.18518518518519,1.155887891431647,94.0,98.0,2.0,0.9607689228305228,0.0,0.05113596482090766,0.06119985652557701,0.0,0.0
33,1775084,1811084,1,96.14285714285714,1.0367400503370114,95.0,98.0,1.0,0.7416198487095663,0.0,0.05605515461246508,0.06748342687304913,0.0,0.0
33,1775084,1831084,1,95.81818181818181,1.79990817029303,89.0,98.0,6.0,1.6903085094570331,0.047619047619047616,0.05394753966090638,0.06663553986061968,0.0,0.0
33,1780084,1831084,1,96.0,2.0,89.0,98.0,7.0,1.920286436967152,0.0625,0.02552988527384022,0.03033871518452968,0.0,0.0
33,1786084,1831084,1,96.27272727272727,2.415514591924804,89.0,98.0,7.0,2.3874672772626644,0.1,0.01330505417976182,0.012996780075073995,0.0,0.0
33,1801084,1831084,1,96.3,2.5317977802344322,89.0,98.0,9.0,2.4267032964268394,0.1111111111111111,0.011142004921644041,0.01159057024172417,0.0,0.0
33,1801084,1831084,1,96.3,2.5317977802344322,89.0,98.0,9.0,2.4267032964268394,0.1111111111111111,0.011142004921644041,0.01159057024172417,0.0,0.0
33,1804084,1831084,1,95.71428571428571,2.813959371941744,89.0,98.0,9.0,2.9154759474226504,0.16666666666666666,0.008558635338882488,0.0063347534313020195,0.0,0.0
33,2433763,2437776,1,95.4,0.4898979485566356,95.0,96.0,1.0,0.5,0.0,0.03798164978058484,0.030844858981614806,0.0,0.0
33,2433763,2445609,1,95.1,0.5385164807134505,94.0,96.0,1.0,0.5773502691896257,0.0,0.08614290284975713,0.07777837356043758,0.0,0.0
33,2433763,2451609,1,95.3125,0.8454843286542927,94.0,97.0,1.0,0.6831300510639732,0.0,0.05896398886298038,0.07105358436560467,0.0,0.0
33,2433763,2454609,1,95.57894736842105,0.9902572485382516,94.0,97.0,1.0,0.6236095644623235,0.0,0.0668067239687716,0.07627556569978201,0.0,0.0
33,2433763,2454609,1,95.57894736842105,0.9902572485382516,94.0,97.0,1.0,0.6236095644623235,0.0,0.0668067239687716,0.07627556569978201,0.0,0.0
33,2433763,2469609,1,95.65,1.0136567466356645,94.0,97.0,1.0,0.6069769786668839,0.0,0.06429629002362411,0.07514524016826817,0.0,0.0
33,2433763,2475609,1,95.76923076923077,0.9326427425370877,94.0,97.0,0.0,0.565685424949238,0.0,0.05032508089009761,0.07067998015678284,0.0,0.0
33,2433763,2481609,1,95.6875,0.8816709987291178,94.0,97.0,1.0,0.5388159060803247,0.0,0.10282352524643791,0.33037193539898435,0.0,0.0
33,2433763,2487609,1,95.89473684210526,1.165049664272561,94.0,99.0,3.0,0.6367145399670133,0.0,0.10304563709291084,0.3051624588309339,0.0,0.0
33,2433763,2493609,1,96.06818181818181,1.2135171885647722,94.0,99.0,0.0,0.6469966392206306,0.0,0.09705115437124907,0.2844507893708824,0.0,0.0
33,2441609,2493609,1,96.15384615384616,1.2514291632730696,94.0,99.0,1.0,0.6688560540599386,0.0,0.1046241677803086,0.30109625941868456,0.0,0.0
33,2446609,2503609,1,96.21621621621621,1.2972972972972974,93.0,99.0,2.0,0.7453559924999299,0.0,0.09538117083685065,0.3080084993729296,0.0,0.0
33,2452609,2511609,1,95.31428571428572,3.08703675364699,86.0,99.0,11.0,1.0145993123917847,0.0,0.098890089747183,0.31635665464892293,0.0,0.0
33,2469609,2517609,1,93.73684210526316,4.393081944952684,86.0,99.0,10.0,0.9863939238321437,0.0,0.08620162109237614,0.3039767124921704,0.0,0.0
33,2469609,2522609,1,93.02325581395348,4.5774389716532955,86.0,99.0,9.0,0.9636241116594315,0.0,0.07846957253611068,0.2866374851649249,0.0,0.0
33,2470609,2522609,1,92.92857142857143,4.589806807547813,86.0,99.0,9.0,0.9753048303966929,0.0,0.07994270414254614,0.2898688467367923,0.0,0.0
33,2476609,2522609,1,92.38888888888889,4.7450428974631444,86.0,99.0,8.0,1.0419761445034554,0.0,0.09264075753658009,0.3112849299203277,0.0,0.0
33,2482609,2522609,1,91.8,4.989321931218042,86.0,99.0,7.0,1.1295406451144276,0.0,0.045105552219113575,0.05802776251391183,0.0,0.0
33,2488609,2522609,1,90.5,4.681523968396046,86.0,98.0,10.0,1.1420804814403216,0.0,0.030324381872033665,0.03461188324899912,0.0,0.0
33,2501609,2522609,1,88.27777777777777,3.0332519321597107,86.0,96.0,8.0,1.2833778958394957,0.0,0.020737143451358936,0.024409671422335428,0.0,0.0
33,2501609,2522609,1,88.27777777777777,3.0332519321597107,86.0,96.0,8.0,1.2833778958394957,0.0,0.020737143451358936,0.024409671422335428,0.0,0.0
33,2508609,2522609,1,87.0,0.9660917830792959,86.0,89.0,1.0,0.7071067811865476,0.0,0.01686580166655839,0.022057549141231238,0.0,0.0
33,2512609,2522609,1,86.81818181818181,0.8331955809010617,86.0,88.0,2.0,0.6324555320336759,0.0,0.021722037409120834,0.02395792574507603,0.0,0.0
33,2518609,2522609,1,87.6,0.4898979485566356,87.0,88.0,1.0,0.8660254037844386,0.0,0.019706003508493376,0.02057899256759011,0.0,0.0
33,2951865,2954876,1,95.75,0.82915619758885,95.0,97.0,2.0,0.816496580927726,0.0,0.017386702717632582,0.010834411933933235,0.0,0.0
33,2951865,2960929,1,94.77777777777777,1.1331154474650633,93.0,97.0,3.0,0.9354143466934853,0.0,0.05156676472628238,0.04675188388772591,0.0,0.0
33,2951865,2966929,1,95.26666666666667,1.236482466066094,93.0,97.0,1.0,0.9636241116594315,0.0,0.0707235514852273,0.07116038188199038,0.0,0.0
33,2951865,2972929,1,95.80952380952381,1.401327520910682,93.0,98.0,1.0,0.8660254037844386,0.0,0.08306819158972512,0.08174960689101367,0.0,0.0
33,2951865,2978929,1,96.33333333333333,1.5869840952317447,93.0,99.0,1.0,0.8086075400626399,0.0,0.07520857163935608,0.07522040483434848,0.0,0.0
33,2951865,2984929,1,96.72727272727273,1.674636591472497,93.0,99.0,2.0,0.75,0.0,0.06453041159941238,0.0719066603932277,0.0,0.0
33,2951865,2990929,1,97.05128205128206,1.7238703911765756,93.0,99.0,1.0,0.7071067811865476,0.0,0.06056606712577862,0.06712841267330971,0.0,0.0
33,2951865,2996929,1,97.31111111111112,1.7489326551067557,93.0,100.0,1.0,0.7229988054812212,0.0,0.05929566953952551,0.0645310464263992,0.0,0.0
33,2951865,3002929,1,97.27450980392157,1.6695476829339608,93.0,100.0,1.0,0.7071067811865476,0.0,0.055148862636993944,0.06198314048543309,0.0,0.0
33,2951865,3008929,1,97.20370370370371,1.6485642421078568,93.0,100.0,1.0,0.6868028197434451,0.0,0.05222128108687419,0.06143562451467532,0.0,0.0
33,2955879,3014929,1,96.96428571428571,1.880010312607408,93.0,100.0,1.0,0.7507571935295483,0.0,0.0497379395238402,0.061402595835002335,0.0,0.0
33,2961929,3020929,1,96.82456140350877,2.0444431062396093,93.0,100.0,1.0,0.7196229171289245,0.0,0.042452087939529384,0.06000537524086741,0.0,0.0
33,2967929,3026929,1,96.64912280701755,2.2043913753677296,92.0,100.0,0.0,0.7071067811865476,0.0,0.03375057064855735,0.04947085218517728,0.0,0.0
33,2973929,3026929,1,96.58823529411765,2.3108989048762485,92.0,100.0,2.0,0.7211102550927979,0.0,0.024317721095332374,0.02800706487929831,0.0,0.0
33,2979929,3026929,1,96.37777777777778,2.3785045618239384,92.0,100.0,2.0,0.7385489458759964,0.0,0.021200096999634762,0.025689625962985196,0.0,0.0
33,2985929,3026929,1,96.05128205128206,2.385304559909279,92.0,100.0,3.0,0.7779866052154991,0.0,0.021926467088860768,0.027087880186407596,0.0,0.0
33,2991929,3026929,1,95.54545454545455,2.2440616462513474,92.0,100.0,3.0,0.8100925873009825,0.0,0.018865429737600383,0.02744891698366744,0.0,0.0
33,2997929,3026929,1,94.77777777777777,1.6850834320114554,92.0,98.0,2.0,0.8320502943378437,0.0,0.011715950739538163,0.01502629061189049,0.0,0.0
33,3006929,3026929,1,94.14285714285714,1.2830660557435694,92.0,96.0,0.0,0.8944271909999159,0.0,0.008192562131404138,0.011861826762315095,0.0,0.0
33,3009929,3026929,1,93.83333333333333,1.118033988749895,92.0,96.0,1.0,0.9393364366277243,0.0,0.009149256697498422,0.01254021302805276,0.0,0.0
33,3015929,3026929,1,93.75,1.2332207155790618,92.0,96.0,3.0,0.7977240352174656,0.0,0.010813697920049723,0.014885694103196881,0.0,0.0
33,3021929,3026929,1,94.33333333333333,1.4907119849998596,92.0,96.0,4.0,0.8944271909999159,0.0,0.016794317359410362,0.0189549775181396,0.0,0.0
33,3720424,3723440,1,99.25,0.82915619758885,98.0,100.0,2.0,0.816496580927726,0.0,0.014420924342681763,0.003319326091105299,0.0,0.0
33,3720424,3728974,1,99.5,0.9574271077563381,98.0,101.0,1.0,1.1832159566199232,0.0,0.019823565604335236,0.008141872322564697,0.0,0.0
33,3720424,3728974,1,99.5,0.9574271077563381,98.0,101.0,1.0,1.1832159566199232,0.0,0.019823565604335236,0.008141872322564697,0.0,0.0
33,3720424,3740974,1,98.0,1.954016841836789,95.0,101.0,3.0,1.0488088481701516,0.0,0.021309071433412225,0.010493417531867654,0.0,0.0
33,3720424,3746974,1,97.29411764705883,1.9331384382535275,94.0,101.0,1.0,1.0897247358851685,0.0,0.017604722963129277,0.010321718072542651,0.0,0.0
33,3720424,3749974,1,97.5,1.857417562100671,94.0,101.0,1.0,1.0513149660756937,0.0,0.023298077317802163,0.023021313454952654,0.0,0.0
33,3720424,3758974,1,97.47826086956522,1.7413029908261548,94.0,101.0,0.0,1.087114613009218,0.0,0.025180817689238525,0.02278326233677977,0.0,0.0
33,3720424,3764974,1,97.46428571428571,1.5919920777159047,94.0,101.0,1.0,1.0,0.0,0.029159013332344292,0.024024807308495166,0.0,0.0
33,3720424,3768974,1,97.45161290322581,1.5205837095990546,94.0,101.0,1.0,0.983192080250175,0.0,0.046968920816753607,0.06683090455794256,0.0,0.0
33,3720424,3776974,1,97.88888888888889,1.7916128329552332,94.0,101.0,3.0,1.0555973258234952,0.0,0.04430151292257503,0.06303597966102899,0.0,0.0
33,3725974,3782974,1,98.07894736842105,1.8691621954820803,94.0,101.0,2.0,1.0134234194190634,0.0,0.04338262653228345,0.06178401222806291,0.0,0.0
33,3736974,3788974,1,98.11904761904762,1.7620656297217512,94.0,101.0,1.0,0.9499679070317291,0.0,0.05071824835862539,0.07212430523144542,0.0,0.0
33,3736974,3794974,1,97.97777777777777,1.8195101769296638,94.0,101.0,4.0,1.0660035817780522,0.0,0.05624091051973962,0.08327047691144092,0.0,0.0
33,3741974,3800974,1,97.78260869565217,1.9771855653742736,94.0,101.0,0.0,1.0540925533894598,0.0,0.07246623208317562,0.10169801678676026,0.0,0.0
33,3747974,3806974,1,97.43478260869566,2.4285634858728593,93.0,101.0,3.0,1.021980647783726,0.0,0.07333986119444127,0.10118365138380396,0.0,0.0
33,3756974,3808974,1,97.31111111111112,2.4387813188122576,93.0,101.0,0.0,1.0,0.0,0.07219208549193465,0.10226959521143757,0.0,0.0
33,3759974,3808974,1,97.30952380952381,2.5212250918390486,93.0,101.0,1.0,1.024099842693513,0.0,0.07465349015810992,0.1053390963742411,0.0,0.0
33,3766974,3808974,1,97.29729729729729,2.679903839187144,93.0,101.0,1.0,1.0671873729054748,0.0,0.07832846000506656,0.11146008712765625,0.0,0.0
33,3772974,3808974,1,97.29411764705883,2.7921045379543106,93.0,101.0,3.0,0.9692233691951198,0.0,0.06642849553452179,0.10428480444289852,0.0,0.0
33,3777974,3808974,1,96.72413793103448,2.624769963308285,93.0,101.0,4.0,1.0350983390135313,0.0,0.07309485959587592,0.11110658786273181,0.0,0.0
33,3783974,3808974,1,95.8695652173913,2.2516534567346174,93.0,100.0,3.0,1.1078234188139946,0.0,0.08732095164763497,0.1204730508966927,0.0,0.0
33,3789974,3808974,1,94.76470588235294,1.4360653665569063,93.0,97.0,0.0,1.118033988749895,0.0,0.08620573934146025,0.12626571261418723,0.0,0.0
33,3795974,3808974,1,94.5,1.2955969390869324,93.0,97.0,2.0,0.8770580193070292,0.0,0.07605878760562913,0.1160449013670395,0.0,0.0
33,3801974,3808974,1,94.125,1.5360257159305635,93.0,97.0,4.0,0.9258200997725514,0.0,0.018344866487436197,0.007289590579567436,0.0,0.0
33,6183219,6187237,1,92.6,1.019803902718557,91.0,94.0,3.0,0.8660254037844386,0.0,0.017328416586551487,0.008620011844819362,0.0,0.0
33,6183219,6194863,1,92.33333333333333,1.1547005383792515,91.0,94.0,0.0,1.0,0.0,0.023178056091656865,0.024010321719608884,0.0,0.0
33,6183219,6200863,1,92.6,1.083205120618128,91.0,94.0,2.0,0.9258200997725514,0.0,0.016732665533924777,0.020381386309057302,0.0,0.0
33,6183219,6201863,1,92.6875,1.1021995055342748,91.0,94.0,0.0,1.0327955589886444,0.0,0.015832832249324077,0.02003955713676623,0.0,0.0
33,6183219,6201863,1,92.6875,1.1021995055342748,91.0,94.0,0.0,1.0327955589886444,0.0,0.015832832249324077,0.02003955713676623,0.0,0.0
33,6183219,6201863,1,92.6875,1.1021995055342748,91.0,94.0,0.0,1.0327955589886444,0.0,0.015832832249324077,0.02003955713676623,0.0,0.0
33,6183219,6224863,1,93.0909090909091,1.1642044068059727,91.0,95.0,1.0,0.8997354108424374,0.0,0.015605814623882186,0.01824000254048585,0.0,0.0
33,6183219,6228863,1,93.38461538461539,1.3031595650844165,91.0,96.0,2.0,0.938083151964686,0.0,0.014743704140309077,0.017110533684719726,0.0,0.0
33,6183219,6228863,1,93.38461538461539,1.3031595650844165,91.0,96.0,2.0,0.938083151964686,0.0,0.014743704140309077,0.017110533684719726,0.0,0.0
33,6184222,6228863,1,93.36,1.3230268326832983,91.0,96.0,3.0,0.9354143466934853,0.0,0.014702147702532687,0.017448102393080697,0.0,0.0
33,6191863,6228863,1,93.57142857142857,1.2936264483053452,91.0,96.0,5.0,0.9746794344808963,0.0,0.014128296415013265,0.01851530829207959,0.0,0.0
33,6195863,6228863,1,93.94117647058823,0.9982683969692435,92.0,96.0,2.0,0.9354143466934853,0.0,0.010278458989595542,0.009217540241484927,0.0,0.0
33,6201863,6228863,1,94.45454545454545,0.6555547773570889,94.0,96.0,2.0,0.7745966692414834,0.0,0.01203148405810585,0.010620558075954464,0.0,0.0
33,6219863,6266863,1,94.07692307692308,0.9970370305242862,92.0,96.0,1.0,1.3844373104863459,0.0,0.01313554479700968,0.010675508044033739,0.0,0.0
33,6219863,6269863,1,93.9375,0.9662265521087692,92.0,96.0,0.0,1.2649110640673518,0.0,0.013749967491197935,0.009708393456987085,0.0,0.0
33,6219863,6269863,1,93.9375,0.9662265521087692,92.0,96.0,0.0,1.2649110640673518,0.0,0.013749967491197935,0.009708393456987085,0.0,0.0
33,6225863,6269863,1,93.8,1.16619037896906,92.0,96.0,1.0,1.5986105077709065,0.0,0.012999687412294408,0.007759195319402765,0.0,0.0
33,6264863,6269863,1,93.0,0.5773502691896257,92.0,94.0,2.0,0.6324555320336759,0.0,0.014998081366719365,0.00770010581193859,0.0,0.0
33,6264863,6269863,1,93.0,0.5773502691896257,92.0,94.0,2.0,0.6324555320336759,0.0,0.014998081366719365,0.00770010581193859,0.0,0.0
33,6264863,6269863,1,93.0,0.5773502691896257,92.0,94.0,2.0,0.6324555320336759,0.0,0.014998081366719365,0.00770010581193859,0.0,0.0
33,6264863,6269863,1,93.0,0.5773502691896257,92.0,94.0,2.0,0.6324555320336759,0.0,0.014998081366719365,0.00770010581193859,0.0,0.0
33,6264863,6269863,1,93.0,0.5773502691896257,92.0,94.0,2.0,0.6324555320336759,0.0,0.014998081366719365,0.00770010581193859,0.0,0.0
33,6264863,6269863,1,93.0,0.5773502691896257,92.0,94.0,2.0,0.6324555320336759,0.0,0.014998081366719365,0.00770010581193859,0.0,0.0
33,7552387,7557388,1,88.16666666666667,0.37267799624996495,88.0,89.0,0.0,0.6324555320336759,0.0,0.026004476222661513,0.02387470384694223,0.0,0.0
33,7552387,7562844,1,88.0909090909091,0.51425947722658,87.0,89.0,1.0,0.7071067811865476,0.0,0.032132197945740806,0.027479444157822278,0.0,0.0
33,7552387,7566844,1,88.6,0.9521904571390466,87.0,90.0,2.0,0.6546536707079771,0.0,0.030035003410181,0.025013725998787553,0.0,0.0
33,7552387,7566844,1,88.6,0.9521904571390466,87.0,90.0,2.0,0.6546536707079771,0.0,0.030035003410181,0.025013725998787553,0.0,0.0
33,7552387,7566844,1,88.6,0.9521904571390466,87.0,90.0,2.0,0.6546536707079771,0.0,0.030035003410181,0.025013725998787553,0.0,0.0
33,7552387,7586844,1,89.0,1.8027756377319946,87.0,95.0,7.0,1.4375905768565218,0.0,0.029020404027162376,0.024536141942883886,0.0,0.0
33,7552387,7586844,1,89.0,1.8027756377319946,87.0,95.0,7.0,1.4375905768565218,0.0,0.029020404027162376,0.024536141942883886,0.0,0.0
33,7552387,7586844,1,89.0,1.8027756377319946,87.0,95.0,7.0,1.4375905768565218,0.0,0.029020404027162376,0.024536141942883886,0.0,0.0
33,7552387,7602844,1,89.11764705882354,1.8111534492165475,87.0,95.0,3.0,1.713913650100261,0.0,0.027537447710044145,0.024531525396000304,0.0,0.0
33,7552387,7607844,1,89.15789473684211,1.7248389061235727,87.0,95.0,1.0,1.6499158227686108,0.0,0.028356733245608057,0.025427959717861437,0.0,0.0
33,7558844,7613844,1,89.57142857142857,1.8405855323893037,87.0,95.0,1.0,1.901416476047427,0.0,0.02742233500867584,0.02613042152088431,0.0,0.0
33,7563844,7613844,1,90.44444444444444,1.7069212773041351,89.0,95.0,1.0,2.318404623873926,0.0,0.020720596672698002,0.021178361378782647,0.0,0.0
33,7586844,7613844,1,90.8,2.227105745132009,89.0,95.0,6.0,2.1213203435596424,0.0,0.017882899260943177,0.024692362415207305,0.0,0.0
33,7586844,7613844,1,90.8,2.227105745132009,89.0,95.0,6.0,2.1213203435596424,0.0,0.017882899260943177,0.024692362415207305,0.0,0.0
33,7586844,7613844,1,90.8,2.227105745132009,89.0,95.0,6.0,2.1213203435596424,0.0,0.017882899260943177,0.024692362415207305,0.0,0.0
33,7602844,7613844,1,89.75,0.82915619758885,89.0,91.0,2.0,0.816496580927726,0.0,0.018903270755708235,0.027512454672716548,0.0,0.0
33,7602844,7613844,1,89.75,0.82915619758885,89.0,91.0,2.0,0.816496580927726,0.0,0.018903270755708235,0.027512454672716548,0.0,0.0
33,7602844,7613844,1,89.75,0.82915619758885,89.0,91.0,2.0,0.816496580927726,0.0,0.018903270755708235,0.027512454672716548,0.0,0.0
33,8102639,8109021,1,90.2,0.7483314773547882,89.0,91.0,2.0,0.7071067811865476,0.0,0.01921686376335571,0.01269790780850362,0.0,0.0
33,8102639,8115021,1,92.36363636363636,2.267266166061805,89.0,96.0,7.0,0.8366600265340756,0.0,0.010934606079185673,0.011736931742284422,0.0,0.0
33,8102639,8120021,1,93.875,2.9341736485763756,89.0,98.0,8.0,0.816496580927726,0.0,0.014757926287645488,0.014477273108821442,0.0,0.0
33,8102639,8127021,1,94.11764705882354,3.007487772038639,89.0,98.0,9.0,0.82915619758885,0.0,0.014151111925015466,0.014253213930873648,0.0,0.0
33,8102639,8133021,1,94.91304347826087,2.9179063887934813,89.0,98.0,8.0,0.7977240352174656,0.0,0.01162368197960548,0.013132788080259295,0.0,0.0
33,8102639,8134021,1,95.0,2.886751345948129,89.0,98.0,8.0,0.7801894976054939,0.0,0.012523520126274688,0.013561237683949925,0.0,0.0
33,8102639,8134021,1,95.0,2.886751345948129,89.0,98.0,8.0,0.7801894976054939,0.0,0.012523520126274688,0.013561237683949925,0.0,0.0
33,8102639,8134021,1,95.0,2.886751345948129,89.0,98.0,8.0,0.7801894976054939,0.0,0.012523520126274688,0.013561237683949925,0.0,0.0
33,8102639,8157021,1,94.57142857142857,2.8838041768837646,89.0,98.0,2.0,1.0886621079036347,0.0,0.027542759561841133,0.05712206512705556,0.0,0.0
33,8103653,8158021,1,94.64285714285714,2.767338661115788,90.0,98.0,1.0,1.0715167512214394,0.0,0.028308545355220986,0.057148879280699436,0.0,0.0
33,8110021,8158021,1,95.33333333333333,2.357022603955158,91.0,98.0,1.0,1.122884484360431,0.0,0.02982334222010578,0.06132433065838208,0.0,0.0
33,8116021,8175021,1,94.66666666666667,2.8382310609877335,91.0,98.0,6.0,1.103354568734741,0.0,0.03427198917740719,0.06078972743139394,0.0,0.0
33,8127021,8181021,1,92.28,3.985172518223019,85.0,98.0,13.0,1.1726039399558574,0.0,0.04507442840414609,0.07167190272297184,0.0,0.0
33,8128021,8187021,1,91.61538461538461,4.019920809370436,85.0,98.0,10.0,1.1661903789690602,0.0,0.04993793206997755,0.07151022618568727,0.0,0.0
33,8134021,8192021,1,89.6,2.8,85.0,97.0,8.0,1.224744871391589,0.0,0.09631696119995618,0.11664354535585217,0.0,0.0
33,8154021,8192021,1,89.29166666666667,2.4062274529968186,85.0,93.0,4.0,0.9325048082403138,0.0,0.09894600968746825,0.11832085249787172,0.0,0.0
33,8154021,8192021,1,89.29166666666667,2.4062274529968186,85.0,93.0,4.0,0.9325048082403138,0.0,0.09894600968746825,0.11832085249787172,0.0,0.0
33,8154021,8192021,1,89.29166666666667,2.4062274529968186,85.0,93.0,4.0,0.9325048082403138,0.0,0.09894600968746825,0.11832085249787172,0.0,0.0
33,8158021,8192021,1,88.75,2.2555487137279924,85.0,92.0,2.0,0.9733285267845752,0.0,0.09520357238991395,0.11942860434333318,0.0,0.0
33,8170021,8192021,1,88.63157894736842,2.252729953582389,85.0,92.0,3.0,0.97182531580755,0.0,0.09807495702265859,0.12185642712860834,0.0,0.0
33,8170021,8192021,1,88.63157894736842,2.252729953582389,85.0,92.0,3.0,0.97182531580755,0.0,0.09807495702265859,0.12185642712860834,0.0,0.0
33,8176021,8192021,1,87.3076923076923,1.3234346564680965,85.0,89.0,0.0,0.9128709291752769,0.0,0.1332661775693089,0.13259343402630933,0.0,0.0
33,8186021,8192021,1,87.71428571428571,1.1605769149479943,86.0,89.0,3.0,0.9128709291752769,0.0,0.1874687406891215,0.14495178256458605,0.0,0.0
33,8188021,8192021,1,88.2,0.9797958971132712,87.0,89.0,2.0,1.0,0.0,0.22726271579703025,0.1524770737872471,0.0,0.0
33,8784705,8792857,1,98.0,1.247219128924647,96.0,100.0,3.0,0.7905694150420949,0.0,0.030441955072585885,0.02274481272711837,0.0,0.0
33,8784705,8798857,1,96.4,2.244994432064365,93.0,100.0,6.0,0.7559289460184544,0.0,0.04707089514610192,0.05248345534755713,0.0,0.0
33,8784705,8804857,1,96.19047619047619,1.990909043844464,93.0,100.0,3.0,0.8660254037844386,0.0,0.08064454749234404,0.09999228519623403,0.0,0.0
34,608549,667902,1,82.05084745762711,2.452419965787922,78.0,87.0,2.0,0.7191949522280763,0.0,0.09947471289766739,0.1163988362127366,0.0,0.0
34,614566,673902,1,82.37288135593221,2.773349593717754,78.0,88.0,1.0,0.8610338613230188,0.0,0.10434670799261273,0.11390070558883487,0.0,0.0
34,620580,679902,1,82.40677966101696,2.7377997108144116,78.0,88.0,3.0,0.8610338613230188,0.0,0.10750911733812131,0.1186471607297422,0.0,0.0
34,626601,686041,1,82.75862068965517,2.4865870865268893,78.0,88.0,2.0,0.8785953702139588,0.0,0.10911013907637834,0.12033868199806845,0.0,0.0
34,633902,692041,1,83.15517241379311,2.4268734259218996,78.0,88.0,6.0,0.898341551894183,0.0,0.10323904476332685,0.11565881353416911,0.0,0.0
34,638902,697041,1,83.98275862068965,2.381620567584796,80.0,90.0,10.0,0.9551338658818386,0.0,0.10158004951725463,0.11700652139818914,0.0,0.0
34,644902,697041,1,84.26923076923077,2.3379427562198662,80.0,90.0,9.0,0.9801960588196069,0.0,0.09069476408435422,0.11558167835402396,0.0,0.0
34,650902,697041,1,84.56521739130434,2.3186594132127625,80.0,90.0,6.0,1.0110500592068734,0.0,0.08398933126194615,0.11149807871907365,0.0,0.0
34,656902,697041,1,84.4,2.416609194718914,80.0,90.0,4.0,1.0377490433255416,0.0,0.09486588166901304,0.1156048415896315,0.0,0.0
34,662902,697041,1,84.32352941176471,2.5863964055770734,80.0,90.0,5.0,1.087114613009218,0.0,0.0990315169730436,0.12357070035192999,0.0,0.0
34,668902,697041,1,84.25,2.8363079623240592,80.0,90.0,3.0,1.1055415967851334,0.0,0.10737509886042719,0.13396618557490778,0.0,0.0
34,674902,697041,1,83.77272727272727,2.906604050681485,80.0,90.0,8.0,1.023532631438318,0.0,0.12210710061786645,0.14653558798934113,0.0,0.0
34,680905,697041,1,84.9375,2.536452985962878,81.0,90.0,9.0,1.1254628677422756,0.0,0.09127435790513369,0.08719090667638839,0.0,0.0
34,687041,697041,1,86.18181818181819,2.0368505911280073,84.0,90.0,6.0,1.1832159566199232,0.0,0.08683767995961535,0.08769852019408389,0.0,0.0
34,693041,697041,1,88.2,1.16619037896906,87.0,90.0,3.0,1.3228756555322954,0.0,0.09360142435955512,0.10061994239504757,0.0,0.0
34,2392384,2396404,1,86.2,0.7483314773547882,85.0,87.0,1.0,0.8660254037844386,0.0,0.05160819730303891,0.06178800513597813,0.0,0.0
34,2392384,2402406,1,85.66666666666667,1.1547005383792515,83.0,87.0,2.0,1.0,0.0,0.06943215425874587,0.07190489559940082,0.0,0.0
34,2392384,2408406,1,85.33333333333333,1.0749676997731399,83.0,87.0,1.0,1.164964745021435,0.0,0.07092579498202613,0.06429841674548148,0.0,0.0
34,2392384,2414406,1,84.76190476190476,1.3418097908195592,82.0,87.0,3.0,1.0723805294763609,0.0,0.08013926384935872,0.06481617714622792,0.0,0.0
34,2392384,2420406,1,83.70370370370371,2.4008457586136074,77.0,87.0,8.0,1.1435437497937313,0.0,0.08758708809017454,0.07016895512406515,0.0,0.0
34,2392384,2426406,1,82.3030303030303,3.7049095068067697,75.0,87.0,10.0,1.224744871391589,0.0,0.09586690255407608,0.07508772130114347,0.0,0.0
34,2392384,2432406,1,81.43589743589743,4.017875901357752,74.0,87.0,7.0,1.2030662579644695,0.0,0.1098798789800739,0.08544038688817257,0.0,0.0
34,2392384,2438406,1,81.37777777777778,3.767043573407483,74.0,87.0,3.0,1.1579762911688178,0.0,0.09949474341912903,0.08404881023580957,0.0,0.0
34,2392384,2444406,1,81.62745098039215,3.613486634728539,74.0,87.0,0.0,1.1489125293076057,0.0,0.10319302721127831,0.08649072297676255,0.0,0.0
34,2392384,2450406,1,81.9298245614035,3.5385577849303904,74.0,87.0,2.0,1.1019463300386794,0.0,0.10217241673955971,0.08319785566222301,0.0,0.0
34,2399406,2456406,1,81.98275862068965,3.525725062678328,74.0,87.0,1.0,1.1622724263194306,0.0,0.11245314037782099,0.08237071544900706,0.0,0.0
34,2403406,2462406,1,82.11666666666666,3.5312493854473406,74.0,87.0,1.0,1.1274690420042432,0.0,0.11747625353973584,0.08529102665118063,0.0,0.0
34,2409406,2468406,1,82.08620689655173,3.6259813547204054,74.0,88.0,4.0,1.1697953037312037,0.0,0.11888343381883314,0.08584072969909488,0.0,0.0
34,2415406,2473406,1,82.45614035087719,3.991526882972807,74.0,89.0,7.0,1.1726039399558574,0.0,0.11525905874943988,0.08649883665505266,0.0,0.0
34,2421406,2480406,1,82.94736842105263,3.9221416125859356,74.0,89.0,9.0,1.1417405259389843,0.0,0.11442060328652232,0.08519552509201223,0.0,0.0
34,2427406,2481406,1,83.76923076923077,3.2440204436860833,74.0,89.0,10.0,1.1025816407458469,0.0,0.11222027922621053,0.08417425603795642,0.0,0.0
34,2433406,2481406,1,84.69565217391305,2.0309514285437675,79.0,89.0,5.0,1.1055415967851334,0.0,0.10247276138749077,0.07718329986067654,0.0,0.0
34,2439406,2481406,1,85.25,1.479019945774904,83.0,89.0,1.0,1.1435437497937313,0.0,0.11304497125466624,0.07715520992046342,0.0,0.0
34,2445406,2481406,1,85.55882352941177,1.3545386987846417,83.0,89.0,1.0,1.1677484162422844,0.0,0.10988876224330187,0.07224689272531658,0.0,0.0
34,2451406,2481406,1,85.78571428571429,1.3458174058154837,84.0,89.0,2.0,1.1221672153735642,0.0,0.11340123392473404,0.07629350163897777,0.0,0.0
34,2457406,2481406,1,85.72727272727273,1.482682402754554,84.0,89.0,1.0,1.2149857925879117,0.0,0.10085178070993846,0.07671968708518777,0.0,0.0
34,2463406,2481406,1,85.875,1.653594569415369,84.0,89.0,1.0,1.2382783747337807,0.0,0.08284985645841206,0.05498714882967883,0.0,0.0
34,2469406,2481406,1,85.91666666666667,1.70579079087156,84.0,89.0,3.0,1.087114613009218,0.0,0.08666135148539522,0.05622356392060268,0.0,0.0
34,2475406,2481406,1,84.57142857142857,0.4948716593053935,84.0,85.0,1.0,0.408248290463863,0.0,0.10662448778469287,0.061250572262272616,0.0,0.0
34,3705397,3710402,0,91.0,1.5275252316519468,89.0,93.0,0.0,1.7888543819998317,0.0,0.0854360114116126,0.13139727585610975,0.0,0.0
34,3705397,3716470,0,91.58333333333333,1.4409680388158819,89.0,94.0,2.0,1.348399724926484,0.0,0.35004152632513924,0.5253382825927593,0.0,0.0
34,3705397,3722474,0,91.88888888888889,1.9688939051854835,89.0,97.0,4.0,1.4552137502179978,0.0,0.3301652166261862,0.4534437316043654,0.0,0.0
34,3705397,3728489,0,92.75,2.331844763272204,89.0,97.0,1.0,1.3021720984236467,0.0,0.250844281390298,0.41606987281613017,0.0,0.0
34,3705397,3734512,0,92.75862068965517,2.207435279072996,89.0,97.0,3.0,1.349603116263656,0.0,0.21174684368983404,0.38841487713508366,0.0,0.0
34,3705397,3739834,0,91.91176470588235,2.914140444946326,86.0,97.0,7.0,1.3371158468430429,0.0,0.19591669326269864,0.3618270468268181,0.0,0.0
34,3705397,3745834,0,90.8,3.776241517699841,84.0,97.0,9.0,1.270977818604485,0.0,0.2060525664835044,0.338867923844107,0.0,0.0
34,3705397,3751834,0,89.82608695652173,4.330399860169994,83.0,97.0,10.0,1.2110601416389966,0.0,0.20448104060272482,0.3182002646146394,0.0,0.0
34,3705397,3757834,0,89.23076923076923,4.409846432941874,83.0,97.0,7.0,1.1631599960755994,0.0,0.23453289137539235,0.31992045353066384,0.0,0.0
34,3705397,3763834,0,88.98275862068965,4.248697079431588,83.0,97.0,5.0,1.1470786693528088,0.0,0.23501323401446378,0.3088604721703974,0.0,0.0
34,3711406,3769834,0,88.8103448275862,4.178998793440444,83.0,97.0,4.0,1.0429378208913578,0.0,0.2391241019539454,0.30929438088662087,0.0,0.0
34,3717470,3775834,0,88.70689655172414,4.106381159936054,83.0,97.0,3.0,1.0513149660756937,0.0,0.18954283642001526,0.20017741971825653,0.0,0.0
34,3723477,3781834,0,88.93103448275862,4.310620680828151,83.0,97.0,0.0,0.9911892555667041,0.0,0.18690964265837978,0.18588160786333746,0.0,0.0
34,3729493,3787837,0,88.91071428571429,4.579756644011486,83.0,99.0,3.0,1.0357254813546264,0.0,0.22692434016388477,0.26694799934334257,0.0,0.0
36,471326,531045,1,86.28813559322033,1.4267522376769461,84.0,88.0,1.0,0.3474041668898256,0.0,0.13253054964688776,0.1396839448470556,0.0,0.0
36,478045,537045,1,86.5,1.27148207485071,84.0,88.0,3.0,0.34444748191358604,0.0,0.13760212978238748,0.13808047658480846,0.0,0.0
36,484045,543045,1,86.83333333333333,1.2270108212870643,85.0,89.0,4.0,0.3682298471593293,0.0,0.1572471781251647,0.13588947410587718,0.0,0.0
36,490045,549045,1,87.3,1.3453624047073711,85.0,91.0,6.0,0.41169348479630913,0.0,0.1674258798908768,0.14182658077644983,0.0,0.0
36,496045,555045,1,88.1,2.0141168453361056,85.0,95.0,10.0,0.4871223004474547,0.0,0.22105130325583644,0.26820449180187905,0.0,0.0
36,502045,560045,1,89.03389830508475,2.8698674255974965,86.0,97.0,11.0,0.5085476277156078,0.0,0.21599064050207903,0.2651943633007532,0.0,0.0
36,508045,560045,1,89.22641509433963,2.956550191565139,86.0,97.0,9.0,0.5,0.0,0.2331878824454673,0.27419226484413717,0.0,0.0
36,514045,560045,1,89.38297872340425,3.1049253356518642,86.0,97.0,9.0,0.531609533071195,0.0,0.2423292220620703,0.28687993406742696,0.0,0.0
36,520045,560045,1,89.58536585365853,3.2757468688953866,86.0,97.0,9.0,0.570087712549569,0.0,0.26063862405575766,0.30093775336558043,0.0,0.0
36,526045,560045,1,89.91428571428571,3.43404325267235,86.0,97.0,10.0,0.5940885257860046,0.0,0.2669488491099301,0.31691613856611395,0.0,0.0
36,532045,560045,1,90.55172413793103,3.43999004505929,86.0,97.0,11.0,0.6267831705280087,0.0,0.286115616385363,0.34058676081639133,0.0,0.0
36,538045,560045,1,91.56521739130434,3.1460960895870507,88.0,97.0,9.0,0.6396021490668313,0.0,0.31712782730142497,0.37242239516327685,0.0,0.0
36,544045,560045,1,92.76470588235294,2.797675753080968,89.0,97.0,8.0,0.7071067811865476,0.0,0.35753561932182404,0.42135688922397574,0.0,0.0
36,550045,560045,1,94.45454545454545,1.9241827716833388,91.0,97.0,6.0,0.7745966692414834,0.0,0.4464655369337892,0.4885138848964928,0.0,0.0
36,556045,560045,1,96.2,0.7483314773547882,95.0,97.0,2.0,0.7071067811865476,0.0,0.2058786407036184,0.15856339009721412,0.0,0.0
36,1040386,1052386,1,86.5,0.8660254037844386,86.0,88.0,2.0,1.1547005383792515,0.0,0.018970241524393253,0.01160188635529813,0.0,0.0
36,1040386,1055386,1,86.14285714285714,0.832993127835043,85.0,88.0,2.0,1.0,0.0,0.021070072172741205,0.01280104565081367,0.0,0.0
36,1040386,1055386,1,86.14285714285714,0.832993127835043,85.0,88.0,2.0,1.0,0.0,0.021070072172741205,0.01280104565081367,0.0,0.0
36,1040386,1055386,1,86.14285714285714,0.832993127835043,85.0,88.0,2.0,1.0,0.0,0.021070072172741205,0.01280104565081367,0.0,0.0
36,1040386,1055386,1,86.14285714285714,0.832993127835043,85.0,88.0,2.0,1.0,0.0,0.021070072172741205,0.01280104565081367,0.0,0.0
36,1040386,1055386,1,86.14285714285714,0.832993127835043,85.0,88.0,2.0,1.0,0.0,0.021070072172741205,0.01280104565081367,0.0,0.0
36,1040386,1055386,1,86.14285714285714,0.832993127835043,85.0,88.0,2.0,1.0,0.0,0.021070072172741205,0.01280104565081367,0.0,0.0
36,1040386,1055386,1,86.14285714285714,0.832993127835043,85.0,88.0,2.0,1.0,0.0,0.021070072172741205,0.01280104565081367,0.0,0.0
36,1050386,1055386,1,85.83333333333333,0.37267799624996495,85.0,86.0,0.0,0.6324555320336759,0.0,0.023373264528822647,0.012411487938309452,0.0,0.0
36,1050386,1055386,1,85.83333333333333,0.37267799624996495,85.0,86.0,0.0,0.6324555320336759,0.0,0.023373264528822647,0.012411487938309452,0.0,0.0
36,1053386,1108386,1,85.75,0.4330127018922193,85.0,86.0,0.0,0.816496580927726,0.0,0.06137802915445543,0.06604896719028291,0.0,0.0
36,1108386,1115386,1,85.75,0.4330127018922193,85.0,86.0,0.0,0.816496580927726,0.0,0.07555512904008413,0.0626797131701873,0.0,0.0
36,1108386,1115386,1,85.75,0.4330127018922193,85.0,86.0,0.0,0.816496580927726,0.0,0.07555512904008413,0.0626797131701873,0.0,0.0
36,1108386,1115386,1,85.75,0.4330127018922193,85.0,86.0,0.0,0.816496580927726,0.0,0.07555512904008413,0.0626797131701873,0.0,0.0
36,1108386,1115386,1,85.75,0.4330127018922193,85.0,86.0,0.0,0.816496580927726,0.0,0.07555512904008413,0.0626797131701873,0.0,0.0
36,1108386,1115386,1,85.75,0.4330127018922193,85.0,86.0,0.0,0.816496580927726,0.0,0.07555512904008413,0.0626797131701873,0.0,0.0
36,1108386,1115386,1,85.75,0.4330127018922193,85.0,86.0,0.0,0.816496580927726,0.0,0.07555512904008413,0.0626797131701873,0.0,0.0
36,1108386,1115386,1,85.75,0.4330127018922193,85.0,86.0,0.0,0.816496580927726,0.0,0.07555512904008413,0.0626797131701873,0.0,0.0
36,1108386,1115386,1,85.75,0.4330127018922193,85.0,86.0,0.0,0.816496580927726,0.0,0.07555512904008413,0.0626797131701873,0.0,0.0
36,1108386,1115386,1,85.75,0.4330127018922193,85.0,86.0,0.0,0.816496580927726,0.0,0.07555512904008413,0.0626797131701873,0.0,0.0
36,3163245,3171245,1,75.71428571428571,2.602981022612657,73.0,81.0,4.0,2.6457513110645907,0.0,0.027047758435016642,0.014785096361005041,0.0,0.0
36,3163245,3177245,1,74.84615384615384,2.247944491723455,73.0,81.0,8.0,2.041241452319315,0.0,0.03656858865472798,0.02338996097236917,0.0,0.0
36,3163245,3183245,1,74.26315789473684,2.098673898671251,72.0,81.0,9.0,1.7480147469502525,0.0,0.03498116571626725,0.01980193587195984,0.0,0.0
36,3163245,3189245,1,74.08,1.8956792977716457,72.0,81.0,6.0,1.6072751268321592,0.0,0.031896091622979045,0.020243710355313423,0.0,0.0
36,3163245,3195245,1,73.93548387096774,1.7585823445727753,72.0,81.0,8.0,1.4832396974191326,0.0,0.030578853469096882,0.018799420318002625,0.0,0.0
36,3163245,3199245,1,73.8,1.7204650534085253,72.0,81.0,7.0,1.4450727642986174,0.0,0.02913453310689152,0.018211932601935935,0.0,0.0
36,3163245,3199245,1,73.8,1.7204650534085253,72.0,81.0,7.0,1.4450727642986174,0.0,0.02913453310689152,0.018211932601935935,0.0,0.0
36,3163245,3199245,1,73.8,1.7204650534085253,72.0,81.0,7.0,1.4450727642986174,0.0,0.02913453310689152,0.018211932601935935,0.0,0.0
36,3163245,3199245,1,73.8,1.7204650534085253,72.0,81.0,7.0,1.4450727642986174,0.0,0.02913453310689152,0.018211932601935935,0.0,0.0
36,3166245,3199245,1,73.58823529411765,1.2155281364571664,72.0,77.0,3.0,1.2909944487358056,0.0,0.02914311479187799,0.018477744546984972,0.0,0.0
36,3172245,3199245,1,73.32142857142857,0.9278843611976128,72.0,76.0,2.0,1.0183501544346312,0.0,0.029656226774860243,0.018936275276695173,0.0,0.0
36,3178245,3199245,1,73.18181818181819,0.8331955809010619,72.0,75.0,2.0,0.9759000729485332,0.0,0.0247416821013518,0.012346234444439294,0.0,0.0
36,3184245,3199245,1,73.25,0.82915619758885,72.0,75.0,1.0,1.0,0.0,0.02219165688325785,0.0130806509502718,0.0,0.0
36,3190245,3199245,1,73.1,0.8306623862918076,72.0,75.0,1.0,1.0,0.0,0.022230636816672714,0.008343374130770114,0.0,0.0
36,3196245,3199245,1,72.75,0.82915619758885,72.0,74.0,1.0,1.2909944487358056,0.0,0.017941050299799963,0.004658289797512532,0.0,0.0
36,4502400,4508400,1,115.28571428571429,1.0301575072754257,114.0,117.0,3.0,0.7071067811865476,0.0,0.02011921748242846,0.026528563277823266,0.0,0.0
36,4502400,4510400,1,115.77777777777777,1.314684396244359,114.0,118.0,4.0,0.7071067811865476,0.0,0.031587297170039406,0.03868958379007544,0.0,0.0
36,4502400,4510400,1,115.77777777777777,1.314684396244359,114.0,118.0,4.0,0.7071067811865476,0.0,0.031587297170039406,0.03868958379007544,0.0,0.0
36,4502400,4510400,1,115.77777777777777,1.314684396244359,114.0,118.0,4.0,0.7071067811865476,0.0,0.031587297170039406,0.03868958379007544,0.0,0.0
36,4502400,4510400,1,115.77777777777777,1.314684396244359,114.0,118.0,4.0,0.7071067811865476,0.0,0.031587297170039406,0.03868958379007544,0.0,0.0
36,4502400,4510400,1,115.77777777777777,1.314684396244359,114.0,118.0,4.0,0.7071067811865476,0.0,0.031587297170039406,0.03868958379007544,0.0,0.0
36,4502400,4510400,1,115.77777777777777,1.314684396244359,114.0,118.0,4.0,0.7071067811865476,0.0,0.031587297170039406,0.03868958379007544,0.0,0.0
36,4502400,4510400,1,115.77777777777777,1.314684396244359,114.0,118.0,4.0,0.7071067811865476,0.0,0.031587297170039406,0.03868958379007544,0.0,0.0
36,4502400,4510400,1,115.77777777777777,1.314684396244359,114.0,118.0,4.0,0.7071067811865476,0.0,0.031587297170039406,0.03868958379007544,0.0,0.0
36,4503400,4510400,1,116.0,1.224744871391589,114.0,118.0,4.0,0.7559289460184544,0.0,0.035353231957288886,0.03945065268387945,0.0,0.0
37,424615,483952,1,81.41379310344827,3.8193449644139004,76.0,91.0,13.0,1.0513149660756937,0.0,0.17154654547557535,0.14983151469419606,0.0,0.0
37,430952,489952,1,80.0,2.579762084726633,76.0,88.0,12.0,1.059625885652035,0.0,0.18958559785382487,0.15015515767589113,0.0,0.0
37,436952,496188,1,79.47457627118644,1.942878627919607,76.0,85.0,6.0,1.0827805840074194,0.0,0.21376836448191341,0.18547818023462054,0.0,0.0
37,442952,502188,1,79.01694915254237,1.57836565787428,76.0,82.0,3.0,1.025536024687107,0.0,0.20902148816113705,0.18225125847538498,0.0,0.0
37,448952,508188,1,78.86206896551724,1.4196681965682,76.0,82.0,1.0,1.0344928412495136,0.0,0.21204486009976364,0.18456022244289236,0.0,0.0
37,454952,514188,1,78.89655172413794,1.446632894027795,76.0,82.0,0.0,1.025978352085154,0.0,0.22171173261842023,0.20123069861026174,0.0,0.0
37,460952,514188,1,78.88461538461539,1.5147206667319397,76.0,82.0,0.0,1.0478736639911677,0.0,0.22223426169902227,0.2044398634424423,0.0,0.0
37,466952,514188,1,78.76086956521739,1.5629512580885816,76.0,82.0,0.0,1.0954451150103321,0.0,0.22093752831873698,0.20822014197616145,0.0,0.0
37,472952,514188,1,78.65,1.509138827278657,76.0,81.0,2.0,1.0127393670836666,0.0,0.22493377287360627,0.20578865952196415,0.0,0.0
37,478952,514188,1,78.8529411764706,1.5172023972386979,76.0,81.0,2.0,1.0150384378451045,0.0,0.240858551697983,0.2159521325615023,0.0,0.0
37,484952,514188,1,78.78571428571429,1.5665508713900937,76.0,81.0,3.0,0.9229582069908973,0.0,0.26176506234820246,0.22705937876712795,0.0,0.0
37,492188,514188,1,79.36363636363636,1.226430687566549,77.0,81.0,3.0,0.9511897312113419,0.0,0.27828340179240924,0.24031194946697965,0.0,0.0
37,497188,514188,1,79.52941176470588,1.1939872429520257,77.0,81.0,2.0,0.7905694150420949,0.0,0.21978311305398776,0.18577477987735913,0.0,0.0
37,503188,514188,1,80.27272727272727,0.616575453011388,79.0,81.0,1.0,0.7071067811865476,0.0,0.27198715788909594,0.211400402695868,0.0,0.0
37,509188,514188,1,80.33333333333333,0.47140452079103173,80.0,81.0,1.0,0.4472135954999579,0.0,0.30487153065828215,0.24224299495252988,0.0,0.0
37,1172830,1179836,1,84.375,0.4841229182759271,84.0,85.0,1.0,0.6546536707079771,0.0,0.015110852001115699,0.00551461548651678,0.0,0.0
37,1172830,1185843,1,84.21428571428571,0.41032590332414504,84.0,85.0,1.0,0.4803844614152614,0.0,0.016290825130365748,0.006674297309490742,0.0,0.0
37,1172830,1191985,1,83.94736842105263,0.6862318321265946,82.0,85.0,2.0,0.5773502691896257,0.0,0.027491912795703913,0.03223714898502071,0.0,0.0
37,1172830,1197985,1,84.12,0.8158431221748456,82.0,86.0,0.0,0.7637626158259734,0.0,0.026656055431607113,0.031775125712273505,0.0,0.0
37,1172830,1203985,1,84.83870967741936,1.648005132186426,82.0,88.0,3.0,0.7958224257542215,0.0,0.022561842285272773,0.029745898510028748,0.0,0.0
37,1172830,1209985,1,85.29729729729729,1.8433938275653983,82.0,88.0,2.0,0.7817359599705717,0.0,0.020667932124106888,0.02782706657308337,0.0,0.0
37,1172830,1215985,1,85.37209302325581,1.7390622414734807,82.0,88.0,0.0,0.7559289460184544,0.0,0.019077655362798318,0.026182584011019132,0.0,0.0
37,1172830,1221985,1,85.17021276595744,1.8021163555625277,82.0,88.0,2.0,0.7801894976054939,0.0,0.018024637034310592,0.025322677985826526,0.0,0.0
37,1172830,1227985,1,85.28301886792453,1.741582001390842,82.0,88.0,1.0,0.820412654142367,0.0,0.020545442792514496,0.028472612201500533,0.0,0.0
37,1174831,1231985,1,85.27272727272727,1.7104443383842527,82.0,88.0,0.0,0.816496580927726,0.0,0.020129325297497908,0.028065070065180272,0.0,0.0
37,1180837,1239985,1,85.41176470588235,1.739692001005399,82.0,88.0,2.0,0.848528137423857,0.0,0.019949794444914567,0.029224782418453867,0.0,0.0
37,1186844,1242985,1,85.5625,1.7188446943611089,82.0,88.0,1.0,0.8872621047656614,0.0,0.020123719061367024,0.030084555268206095,0.0,0.0
37,1192985,1250985,1,85.31914893617021,2.2794771981678066,79.0,88.0,3.0,1.1515584902738285,0.0,0.015325522551415184,0.022211635089724156,0.0,0.0
37,1198985,1257985,1,84.80434782608695,2.87885518624415,78.0,88.0,9.0,1.1055415967851334,0.0,0.01383942129677926,0.01959858686128355,0.0,0.0
37,1204985,1261985,1,83.88636363636364,3.0616091215606116,78.0,88.0,8.0,1.1411948043149114,0.0,0.014658967419411799,0.020115255453605874,0.0,0.0
37,1210985,1261985,1,83.28947368421052,2.8645555799041693,78.0,87.0,8.0,1.2080808993852437,0.0,0.015255215492253166,0.02125573858450071,0.0,0.0
37,1218985,1261985,1,82.8125,2.8661548719495253,78.0,87.0,5.0,1.282638409811035,0.0,0.016377265521788982,0.02288366356162213,0.0,0.0
37,1222985,1261985,1,82.78571428571429,3.051429909041975,78.0,87.0,6.0,1.2765694770084508,0.0,0.017759062024463472,0.024075208419163333,0.0,0.0
37,1228985,1261985,1,81.86363636363636,2.784624253181201,78.0,86.0,6.0,1.3801311186847085,0.0,0.0116137822406503,0.009912992635252721,0.0,0.0
37,1238985,1261985,1,81.22222222222223,2.6782157318208775,78.0,86.0,7.0,1.475286612233465,0.0,0.012004150962028731,0.010638282257195408,0.0,0.0
37,1240985,1261985,1,80.625,2.2043990110685496,78.0,85.0,6.0,1.5491933384829668,0.0,0.012880334037375405,0.010860676083089648,0.0,0.0
37,1247985,1261985,1,79.61538461538461,0.737820234355803,78.0,81.0,1.0,0.9574271077563381,0.0,0.01156935465591058,0.010765298124326783,0.0,0.0
37,1253985,1261985,1,79.55555555555556,0.8314794192830981,78.0,81.0,1.0,1.0606601717798212,0.0,0.01130730825140966,0.010460121956750883,0.0,0.0
37,1258985,1261985,1,79.25,0.4330127018922193,79.0,80.0,0.0,0.816496580927726,0.0,0.010349227963887805,0.011781377246349353,0.0,0.0
37,2271615,2277622,0,82.85714285714286,0.832993127835043,82.0,84.0,1.0,0.7071067811865476,0.0,0.10598885528273631,0.11520674673538743,0.0,0.0
37,2271615,2284250,0,82.07142857142857,1.1627728997214075,80.0,84.0,3.0,0.9198662110077999,0.0,0.09507400770043513,0.09586692625218232,0.0,0.0
37,2271615,2290250,0,81.95,1.16081867662439,80.0,84.0,0.0,1.1697953037312037,0.0,0.0850788635544429,0.08349182490082556,0.0,0.0
37,2271615,2296250,0,81.95833333333333,1.0598414451647422,80.0,84.0,1.0,1.0834726777719228,0.0,0.07349240397375077,0.08057634801651656,0.0,0.0
37,2271615,2302250,0,81.7,1.1298967504452193,80.0,84.0,2.0,1.0827805840074194,0.0,0.06030974317902641,0.07676023671629559,0.0,0.0
37,2271615,2308250,0,81.25,1.479019945774904,78.0,84.0,5.0,1.082325538564332,0.0,0.05332665897298684,0.07187705765760219,0.0,0.0
37,2271615,2314250,0,80.9047619047619,1.63021359701178,78.0,84.0,4.0,1.0820035616009187,0.0,0.053043995971417554,0.06839779585785537,0.0,0.0
37,2271615,2320250,0,81.0,1.7911821050170564,78.0,85.0,2.0,1.129865365732064,0.0,0.058354125043063386,0.07404217110029152,0.0,0.0
37,2271615,2326250,0,81.21153846153847,1.8742848734870183,78.0,85.0,0.0,1.1025816407458469,0.0,0.06548265249626319,0.08260190122627456,0.0,0.0
37,2272616,2331250,0,81.41071428571429,1.9528073721319934,78.0,85.0,1.0,1.087114613009218,0.0,0.06654722873192047,0.08023938466867164,0.0,0.0
37,2278623,2331250,0,81.24,1.9754493159785194,78.0,85.0,2.0,1.124858267715973,0.0,0.060041797201951554,0.0717011994469012,0.0,0.0
37,2285250,2331250,0,81.23255813953489,2.100245935790816,78.0,85.0,1.0,1.1019463300386794,0.0,0.05611571486675907,0.07123956517888495,0.0,0.0
37,2291250,2331250,0,81.16216216216216,2.2119272935794734,78.0,85.0,1.0,1.0408329997330663,0.0,0.055200934486158766,0.07568021984955,0.0,0.0
37,2297250,2356250,0,81.26315789473684,2.255801999130193,78.0,85.0,1.0,1.0266713466606798,0.0,0.054963695040465416,0.0747772370374602,0.0,0.0
37,2303250,2361250,0,81.32432432432432,2.2786204225251883,78.0,85.0,1.0,1.0671873729054748,0.0,0.05958748793306527,0.07417207583185283,0.0,0.0
37,2309250,2361250,0,81.7741935483871,2.1954451002804585,78.0,85.0,3.0,1.0801234497346435,0.0,0.0675570847053768,0.07848726292636427,0.0,0.0
37,2315250,2361250,0,82.48,1.8137254478007416,78.0,85.0,3.0,1.0606601717798212,0.0,0.07144726072378678,0.08450645258742542,0.0,0.0
37,2321250,2361250,0,82.73684210526316,1.408325069501016,80.0,85.0,3.0,0.9128709291752769,0.0,0.06384375509616656,0.07839514100958467,0.0,0.0
37,2327250,2361250,0,82.46666666666667,1.4544949486180951,80.0,85.0,3.0,0.9636241116594315,0.0,0.04059542793923478,0.03494526082697938,0.0,0.0
37,2352250,2361250,0,81.8,1.2489995996796797,80.0,84.0,3.0,1.0,0.0,0.027001750181747514,0.021618413293789135,0.0,0.0
37,2352250,2361250,0,81.8,1.2489995996796797,80.0,84.0,3.0,1.0,0.0,0.027001750181747514,0.021618413293789135,0.0,0.0
37,2352250,2361250,0,81.8,1.2489995996796797,80.0,84.0,3.0,1.0,0.0,0.027001750181747514,0.021618413293789135,0.0,0.0
37,2352250,2361250,0,81.8,1.2489995996796797,80.0,84.0,3.0,1.0,0.0,0.027001750181747514,0.021618413293789135,0.0,0.0
37,2357250,2361250,0,81.0,0.8944271909999159,80.0,82.0,1.0,1.118033988749895,0.0,0.03231824839730067,0.023920568570466594,0.0,0.0
37,3484524,3490532,0,78.42857142857143,1.049781318335648,77.0,80.0,3.0,0.7071067811865476,0.0,0.011227362684474695,0.004237766338676128,0.0,0.0
37,3484524,3495523,0,77.41666666666667,1.4409680388158819,76.0,80.0,4.0,0.6030226891555273,0.0,0.10992054652162227,0.21594055410555132,0.0,0.0
37,3484524,3502070,0,78.33333333333333,2.1081851067789197,76.0,82.0,2.0,0.9074852129730301,0.0,0.08041696990011944,0.18119005987119394,0.0,0.0
37,3484524,3508070,0,78.79166666666667,2.061131701005273,76.0,82.0,0.0,0.8846517369293828,0.0,0.06527637963000071,0.15918637671591976,0.0,0.0
37,3484524,3514070,0,78.96666666666667,1.8882678717691397,76.0,82.0,1.0,0.8094272134003795,0.0,0.056527658129298344,0.14364858214036072,0.0,0.0
37,3484524,3520070,0,79.22222222222223,1.8872541946070032,76.0,82.0,1.0,0.8451542547285166,0.0,0.04928344867597769,0.1321692229418,0.0,0.0
37,3484524,3526070,0,79.57142857142857,1.9777675864090654,76.0,83.0,0.0,0.8553989227683015,0.0,0.04457868627607865,0.12292311584984465,0.0,0.0
37,3484524,3532070,0,79.66666666666667,1.8856180831641265,76.0,83.0,1.0,0.8379305815963922,0.0,0.041231831477472364,0.11533781257807352,0.0,0.0
37,3484524,3538070,0,79.77777777777777,1.8223577185396362,76.0,83.0,1.0,0.835531691527718,0.0,0.038531489671874045,0.10902648584501051,0.0,0.0
37,3485525,3544070,0,79.52542372881356,1.9165287494771732,76.0,83.0,3.0,0.8610338613230188,0.0,0.0371077182159225,0.10439360386249805,0.0,0.0
37,3491532,3550070,0,79.32203389830508,2.1347859652655985,75.0,83.0,0.0,0.909717652294684,0.0,0.041274913813301006,0.10455803070547537,0.0,0.0
37,3497070,3556070,0,79.65,2.1277922830953213,75.0,86.0,9.0,1.1571443517761548,0.0,0.025634416815871766,0.02506052748285273,0.0,0.0
37,3503070,3556070,0,79.5925925925926,2.1301931621553196,75.0,86.0,4.0,1.1492409307804574,0.0,0.026103816833511543,0.026361522318433982,0.0,0.0
37,3509070,3556070,0,79.52083333333333,2.2172579098717606,75.0,86.0,6.0,1.1850127928207932,0.0,0.026884967835244935,0.02758982489059144,0.0,0.0
37,3515070,3556070,0,79.5,2.362907813126304,75.0,86.0,7.0,1.259113121867347,0.0,0.027649567222210084,0.028721037950089685,0.0,0.0
37,3521070,3556070,0,79.33333333333333,2.4608038433722332,75.0,86.0,4.0,1.2873006086935783,0.0,0.03008076152434936,0.03017379773966587,0.0,0.0
37,3527070,3556070,0,78.86666666666666,2.404625172916191,75.0,86.0,7.0,1.3518824678560455,0.0,0.032826891453882345,0.032273043758417046,0.0,0.0
37,3533070,3556070,0,78.5,2.533114025595111,75.0,86.0,5.0,1.4890907643081486,0.0,0.036582652345545835,0.03500382562429349,0.0,0.0
37,3539070,3556070,0,77.77777777777777,2.506780927261884,75.0,86.0,7.0,1.6627404735414788,0.0,0.04313395138503195,0.038090096908352286,0.0,0.0
37,3545070,3556070,0,78.0,2.972092416687835,75.0,86.0,11.0,1.8829377433825436,0.0,0.0554670291650183,0.041346341532064214,0.0,0.0
37,3551070,3556070,0,79.83333333333333,3.2360813064912666,77.0,86.0,9.0,2.4899799195977463,0.0,0.05721668557261513,0.05080813062844452,0.0,0.0
37,4726544,4732552,1,86.42857142857143,1.3997084244475304,84.0,88.0,3.0,1.0801234497346435,0.0,0.06082940447387093,0.03029873461575901,0.0,0.0
37,4726544,4735555,1,86.0,1.4142135623730951,84.0,88.0,1.0,1.0,0.0,0.05748776178265906,0.0338849778368063,0.0,0.0
37,4726544,4735555,1,86.0,1.4142135623730951,84.0,88.0,1.0,1.0,0.0,0.05748776178265906,0.0338849778368063,0.0,0.0
37,4726544,4735555,1,86.0,1.4142135623730951,84.0,88.0,1.0,1.0,0.0,0.05748776178265906,0.0338849778368063,0.0,0.0
37,4726544,4735555,1,86.0,1.4142135623730951,84.0,88.0,1.0,1.0,0.0,0.05748776178265906,0.0338849778368063,0.0,0.0
37,4726544,4760661,1,86.0909090909091,1.378704626191191,84.0,88.0,0.0,1.0,0.0,0.058090376880898235,0.032364210276782,0.0,0.0
37,4726544,4767719,1,86.26666666666667,1.236482466066094,84.0,88.0,0.0,0.9258200997725514,0.0,0.0451543030243535,0.0354669077210973,0.0,0.0
37,4726544,4773719,1,86.14285714285714,1.0816968277714807,84.0,88.0,1.0,0.8660254037844386,0.0,0.058368234817995024,0.055931401392873746,0.0,0.0
37,4726544,4776719,1,86.21739130434783,1.0614396187594524,84.0,88.0,0.0,0.8528028654224418,0.0,0.05604829971047397,0.05432635955092219,0.0,0.0
37,4727545,4785719,1,86.26923076923077,1.0582166532459696,84.0,88.0,1.0,0.8717797887081347,0.0,0.05187998207395438,0.05194054435338396,0.0,0.0
37,4733553,4787719,1,86.36363636363636,0.9315409787235998,84.0,88.0,3.0,0.8997354108424374,0.0,0.053420765121995145,0.05503044407416452,0.0,0.0
37,4760661,4787719,1,86.57894736842105,0.7480352843974681,85.0,88.0,0.0,0.8819171036881969,0.0,0.05400973927233679,0.05702265988908466,0.0,0.0
37,4760661,4787719,1,86.57894736842105,0.7480352843974681,85.0,88.0,0.0,0.8819171036881969,0.0,0.05400973927233679,0.05702265988908466,0.0,0.0
37,4760661,4787719,1,86.57894736842105,0.7480352843974681,85.0,88.0,0.0,0.8819171036881969,0.0,0.05400973927233679,0.05702265988908466,0.0,0.0
37,4760661,4813719,1,86.65,0.7921489758877429,85.0,88.0,1.0,0.8885233166386386,0.0,0.05459198442793979,0.05563673006915623,0.0,0.0
37,4764719,4813719,1,86.63157894736842,0.8085416576703798,85.0,88.0,2.0,0.8819171036881969,0.0,0.05409069266818451,0.057038040470222304,0.0,0.0
37,4768719,4813719,1,86.6,0.8793937305515279,85.0,88.0,2.0,0.9258200997725514,0.0,0.06596018406800559,0.05849876186793491,0.0,0.0
37,4774719,4813719,1,87.11111111111111,0.7370277311900889,86.0,88.0,1.0,1.0606601717798212,0.0,0.048998263911943424,0.028282038790626997,0.0,0.0
37,4782719,4813719,1,87.14285714285714,0.832993127835043,86.0,88.0,0.0,1.1547005383792515,0.0,0.05394377329206928,0.02813701017972339,0.0,0.0
37,5640580,5643583,0,82.75,0.82915619758885,82.0,84.0,1.0,1.2909944487358056,0.0,0.07120474146076827,0.0828743180277169,0.0,0.0
37,5640580,5650091,0,82.5,0.9574271077563381,81.0,84.0,0.0,1.4142135623730951,0.0,0.12195887784439131,0.09911296585336081,0.0,0.0
37,5640580,5655091,0,82.71428571428571,1.0301575072754257,81.0,84.0,1.0,1.35400640077266,0.0,0.1127535640276975,0.09449056468768038,0.0,0.0
37,5640580,5655091,0,82.71428571428571,1.0301575072754257,81.0,84.0,1.0,1.35400640077266,0.0,0.1127535640276975,0.09449056468768038,0.0,0.0
37,5640580,5668091,0,84.36363636363636,2.3460887091934435,81.0,88.0,4.0,1.6733200530681511,0.0,0.10201725599105772,0.08832983595569108,0.0,0.0
37,5640580,5674091,0,85.17647058823529,2.2290935672348726,81.0,88.0,3.0,1.3919410907075054,0.0,0.11681902488227862,0.09777534929157433,0.0,0.0
37,5640580,5680091,0,85.91304347826087,2.3014748291940954,81.0,89.0,6.0,1.3142574813455419,0.0,0.09671451871601874,0.09391645887684735,0.0,0.0
37,5640580,5681091,0,86.04166666666667,2.3359360484016296,81.0,89.0,6.0,1.285369173834303,0.0,0.09306714496959119,0.09358827601056086,0.0,0.0
37,5640580,5681091,0,86.04166666666667,2.3359360484016296,81.0,89.0,6.0,1.285369173834303,0.0,0.09306714496959119,0.09358827601056086,0.0,0.0
37,5640580,5697091,0,85.96,2.323445717033217,81.0,89.0,1.0,1.620185174601965,0.0,0.08962716418957646,0.09323313797555385,0.0,0.0
37,5649091,5702091,0,86.26086956521739,2.1511855438005183,81.0,89.0,2.0,1.6236882817719773,0.0,0.08686050877263597,0.09272756622300134,0.0,0.0
37,5655091,5702091,0,86.66666666666667,1.7548119783512646,83.0,89.0,1.0,1.6278820596099706,0.0,0.07385035240701679,0.08628029000441927,0.0,0.0
37,5663091,5702091,0,86.8,1.6911534525287764,83.0,89.0,5.0,1.3954814298487213,0.0,0.0746667859709909,0.08833178944387447,0.0,0.0
37,5663091,5717091,0,86.61904761904762,1.8381199110113127,83.0,89.0,5.0,1.3601470508735443,0.0,0.07448964389826218,0.08620663985005815,0.0,0.0
37,5669091,5728091,0,86.21052631578948,2.0411283610174014,83.0,89.0,3.0,1.4337208778404378,0.0,0.07277706036250631,0.08495455109780507,0.0,0.0
37,5675091,5729091,0,85.78571428571429,2.4254181209070924,83.0,89.0,5.0,1.5442199922988256,0.0,0.0378189342765917,0.041091664887896145,0.0,0.0
37,5681091,5729091,0,84.125,1.899835519196333,83.0,89.0,6.0,2.0,0.0,0.0363693215503236,0.03462893919625457,0.0,0.0
37,5697091,5729091,0,83.42857142857143,0.4948716593053935,83.0,84.0,1.0,0.7071067811865476,0.0,0.040253860514404514,0.03535187898200695,0.0,0.0
37,5697091,5729091,0,83.42857142857143,0.4948716593053935,83.0,84.0,1.0,0.7071067811865476,0.0,0.040253860514404514,0.03535187898200695,0.0,0.0
37,5701091,5729091,0,83.33333333333333,0.4714045207910317,83.0,84.0,0.0,0.6324555320336759,0.0,0.04578489968860147,0.035268982761902365,0.0,0.0
37,5717091,5729091,0,83.5,0.5,83.0,84.0,0.0,0.816496580927726,0.0,0.05819445881432993,0.037367175478278114,0.0,0.0
37,5717091,5729091,0,83.5,0.5,83.0,84.0,0.0,0.816496580927726,0.0,0.05819445881432993,0.037367175478278114,0.0,0.0
37,5717091,5729091,0,83.5,0.5,83.0,84.0,0.0,0.816496580927726,0.0,0.05819445881432993,0.037367175478278114,0.0,0.0
37,8153616,8157615,0,88.8,0.4,88.0,89.0,1.0,0.5,0.0,0.15582159441141938,0.2598942597668712,0.0,0.0
37,8153616,8163741,0,88.7,0.45825756949558394,88.0,89.0,0.0,0.4714045207910317,0.0,0.19710208742893748,0.19731571432644923,0.0,0.0
37,8153616,8166741,0,89.0,0.7844645405527362,88.0,91.0,2.0,0.816496580927726,0.0,0.16674710207507484,0.18190327658688155,0.0,0.0
37,8153616,8175741,0,88.88235294117646,0.7578881603955956,88.0,91.0,1.0,0.9013878188659973,0.0,0.13228544909070294,0.17087278161870964,0.0,0.0
37,8153616,8181741,0,88.66666666666667,0.8357108940373449,87.0,91.0,2.0,0.8366600265340756,0.0,0.12258399635890095,0.15618571538531242,0.0,0.0
37,8153616,8183741,0,88.5909090909091,0.8872373316337788,87.0,91.0,2.0,0.816496580927726,0.0,0.11852800303604318,0.15372258533218788,0.0,0.0
37,8153616,8193741,0,87.25,2.694239887506042,82.0,91.0,7.0,1.1055415967851334,0.0,0.10213119942671878,0.14096265339610756,0.0,0.0
37,8153616,8199741,0,85.94117647058823,3.780298591308148,78.0,91.0,11.0,1.087114613009218,0.0,0.09007124195068902,0.13087291760148181,0.0,0.0
37,8153616,8205741,0,84.85,4.356317251991641,78.0,91.0,9.0,1.0253204627247285,0.0,0.08003410775743933,0.12308419424684225,0.0,0.0
37,8153616,8211741,0,84.23913043478261,4.359820412180417,78.0,91.0,9.0,0.9775252199076787,0.0,0.07215100099788119,0.11659220376520076,0.0,0.0
37,8159741,8217741,0,82.87234042553192,4.573824793956649,75.0,91.0,13.0,1.03209369308428,0.0,0.05950673540312652,0.07439619859412744,0.0,0.0
37,8164741,8223741,0,81.10416666666667,5.005162265656884,72.0,91.0,17.0,1.0619131671036408,0.0,0.035312888267189355,0.03217547873535857,0.0,0.0
37,8172741,8229741,0,79.74509803921569,4.797234240991088,72.0,89.0,16.0,0.9797958971132712,0.0,0.03415819234635744,0.031156480366720363,0.0,0.0
37,8176741,8235741,0,78.73584905660377,4.1031554511694255,72.0,88.0,8.0,1.0377490433255416,0.0,0.04198234826137962,0.04170781150954049,0.0,0.0
37,8183741,8241741,0,78.18181818181819,3.1857119032609504,72.0,87.0,6.0,1.0540925533894598,0.0,0.03705636732235846,0.038144970505419595,0.0,0.0
37,8188741,8242741,0,78.07272727272728,2.977824376374289,72.0,83.0,2.0,0.90267093384844,0.0,0.036613213798729644,0.03832657886129664,0.0,0.0
37,8194741,8242741,0,77.55102040816327,2.7259989705314656,72.0,81.0,0.0,0.9128709291752769,0.0,0.035952433505611295,0.038252141650424606,0.0,0.0
37,8200741,8242741,0,77.23255813953489,2.7180465737092057,72.0,81.0,3.0,0.9128709291752769,0.0,0.0362539674278989,0.03999235430254448,0.0,0.0
37,8206741,8242741,0,77.0,2.847473987257497,72.0,81.0,1.0,0.9574271077563381,0.0,0.03837779771420287,0.04247946753668477,0.0,0.0
37,8212741,8242741,0,76.38709677419355,2.70814088539553,72.0,81.0,1.0,1.0165300454651272,0.0,0.04201279934904984,0.04542795972305998,0.0,0.0
37,8218741,8242741,0,76.16,2.8660774588276574,72.0,81.0,6.0,1.0,0.0,0.04181673158876145,0.04650235185034606,0.0,0.0
37,8224741,8242741,0,77.0,2.7338039817306425,73.0,81.0,7.0,0.97182531580755,0.0,0.05027912182150611,0.050294828790569804,0.0,0.0
37,8230741,8242741,0,78.38461538461539,2.1675388928623645,74.0,81.0,7.0,1.0408329997330663,0.0,0.054735591467913666,0.05810767430406679,0.0,0.0
37,8236741,8242741,0,79.85714285714286,0.832993127835043,79.0,81.0,2.0,0.816496580927726,0.0,0.02106081904685857,0.011384719333585923,0.0,0.0
37,8915806,8942083,1,86.25,1.920286436967152,84.0,89.0,5.0,1.7320508075688772,0.0,0.022970571287102445,0.014960882319883713,0.0,0.0
37,8915806,8950083,1,85.125,1.8328597873268975,83.0,89.0,1.0,2.29906813420444,0.0,0.15415884744904668,0.1645700557037756,0.0,0.0
37,8915806,8956083,1,82.85714285714286,3.020339215980853,79.0,89.0,5.0,1.8187062180825984,0.0,0.142987007462439,0.1382500032559172,0.0,0.0
37,8915806,8962083,1,81.85,2.971110903349116,79.0,89.0,4.0,1.5559732104309982,0.0,0.13103215783449257,0.13711490151896405,0.0,0.0
37,8915806,8968083,1,82.38461538461539,2.9362053359988174,79.0,89.0,3.0,1.5099668870541498,0.0,0.1237852180712787,0.12591012297853818,0.0,0.0
38,5506062,5565062,0,81.35555555555555,4.662643768676764,75.0,90.0,7.0,1.1381803659589922,0.0,0.020687978064980652,0.019923081716389606,0.0,0.0
38,5512062,5568062,0,80.69767441860465,4.145801371300346,75.0,90.0,5.0,1.164964745021435,0.0,0.020345758416018808,0.02040073434471187,0.0,0.0
38,5525062,5568062,0,79.43243243243244,2.871486483306686,75.0,85.0,1.0,1.118033988749895,0.0,0.021598230123166515,0.02157198589981112,0.0,0.0
38,5525062,5583062,0,80.075,3.5664232782999834,75.0,88.0,4.0,1.1766968108291043,0.0,0.02069144287012934,0.02103284603715079,0.0,0.0
39,1043573,1092416,1,84.51063829787235,3.1411634951422256,80.0,92.0,10.0,0.6915640748081247,0.0,0.016357807592373493,0.017631729161283336,0.0,0.0
39,1050666,1092416,1,84.9,3.246536616149585,80.0,92.0,8.0,0.7161148740394329,0.0,0.017351369865402328,0.0188604729072413,0.0,0.0
39,1055666,1092416,1,85.0,3.4558439118191004,80.0,92.0,8.0,0.7276068751089989,0.0,0.014885535464502537,0.017822420947601808,0.0,0.0
39,1061666,1121416,1,84.0625,4.993354959343467,72.0,92.0,12.0,3.1622776601683795,0.03225806451612903,0.016625494205726322,0.020729091241131765,0.0,0.0
39,1067666,1127416,1,81.59375,7.193136376956856,70.0,92.0,12.0,3.1724621556501282,0.03225806451612903,0.01637219778357126,0.02093126254353616,0.0,0.0
39,1075416,1130416,1,80.53333333333333,8.073550781547251,70.0,92.0,9.0,3.2642261584934804,0.034482758620689655,0.01621878985404529,0.02157778195523737,0.0,0.0
39,1080416,1130416,1,80.36,8.822153932005493,70.0,92.0,13.0,3.5648749393679062,0.041666666666666664,0.017195784027138953,0.02300143422137137,0.0,0.0
39,1086416,1130416,1,78.6842105263158,9.487124968408764,70.0,92.0,18.0,4.08248290463863,0.05555555555555555,0.01459758136092734,0.023985348301544102,0.0,0.0
39,1092416,1130416,1,73.07692307692308,5.608531118017903,70.0,92.0,21.0,4.9749371855331,0.08333333333333333,0.011935658032279778,0.018187590626059517,0.0,0.0
39,1118416,1130416,1,71.5,1.3228756555322954,70.0,75.0,4.0,0.8528028654224418,0.0,0.01290647326535139,0.018603813812270453,0.0,0.0
39,1118416,1130416,1,71.5,1.3228756555322954,70.0,75.0,4.0,0.8528028654224418,0.0,0.01290647326535139,0.018603813812270453,0.0,0.0
39,1118416,1130416,1,71.5,1.3228756555322954,70.0,75.0,4.0,0.8528028654224418,0.0,0.01290647326535139,0.018603813812270453,0.0,0.0
39,1118416,1130416,1,71.5,1.3228756555322954,70.0,75.0,4.0,0.8528028654224418,0.0,0.01290647326535139,0.018603813812270453,0.0,0.0
39,1122416,1130416,1,70.88888888888889,0.5665577237325317,70.0,72.0,1.0,0.6123724356957945,0.0,0.008383447539532952,0.007082037752019082,0.0,0.0
39,1699431,1702435,1,75.25,0.4330127018922193,75.0,76.0,0.0,0.816496580927726,0.0,0.011800719706478,0.011334529549591434,0.0,0.0
39,1699431,1708758,1,77.1,1.6401219466856725,75.0,79.0,3.0,1.5275252316519468,0.0,0.03863744788123272,0.040388612981504986,0.0,0.0
39,1699431,1714758,1,76.9375,1.3448396744593758,75.0,79.0,2.0,1.3165611772087666,0.0,0.0302755564910998,0.03407544871796753,0.0,0.0
39,1699431,1718758,1,76.78947368421052,1.3210421471590665,75.0,79.0,0.0,1.247219128924647,0.0,0.027025798839834254,0.03223978389465336,0.0,0.0
39,1699431,1718758,1,76.78947368421052,1.3210421471590665,75.0,79.0,0.0,1.247219128924647,0.0,0.027025798839834254,0.03223978389465336,0.0,0.0
39,1699431,1731758,1,76.5909090909091,1.3704375846983035,74.0,79.0,1.0,1.2535663410560174,0.0,0.041248603282289575,0.05718952008403933,0.0,0.0
39,1699431,1738758,1,76.54166666666667,1.3533651474093096,74.0,79.0,2.0,1.285369173834303,0.0,0.04143897194183938,0.056105361778141814,0.0,0.0
39,1699431,1744758,1,76.6,1.2543258481484518,74.0,79.0,1.0,1.217685764345488,0.0,0.04160043042714109,0.050945830313367836,0.0,0.0
39,1699431,1750758,1,76.13888888888889,1.601263004592482,72.0,79.0,3.0,1.1588171308956141,0.0,0.03856508657857025,0.047512980943272755,0.0,0.0
39,1699431,1756758,1,75.30952380952381,2.5306511042294764,69.0,79.0,6.0,1.126185012742946,0.0,0.03946638165500363,0.04576623268257506,0.0,0.0
39,1703758,1762758,1,74.77272727272727,2.8513444704658535,69.0,79.0,5.0,1.1102063499795358,0.0,0.04970444304006143,0.05564926833234439,0.0,0.0
39,1709758,1768758,1,74.3409090909091,2.4949328813907257,69.0,78.0,2.0,1.0565410875907486,0.0,0.04806573062589807,0.05518812305335206,0.0,0.0
39,1715758,1774758,1,73.97727272727273,2.3692023625496295,69.0,78.0,4.0,1.0996828295383152,0.0,0.05663366586719853,0.05945635662256598,0.0,0.0
39,1727758,1779758,1,74.06521739130434,2.4173482948942167,69.0,78.0,4.0,1.1352924243950935,0.0,0.05967650541230775,0.05878010163316342,0.0,0.0
39,1727758,1779758,1,74.06521739130434,2.4173482948942167,69.0,78.0,4.0,1.1352924243950935,0.0,0.05967650541230775,0.05878010163316342,0.0,0.0
39,1735758,1788758,1,74.06666666666666,2.4531159323965466,69.0,78.0,0.0,1.1481209945740989,0.0,0.05389034232820199,0.05164655634691133,0.0,0.0
39,1739758,1788758,1,73.97674418604652,2.4635800390849547,69.0,78.0,3.0,1.123345344008138,0.0,0.05437207791570501,0.051989080557815204,0.0,0.0
39,1745758,1788758,1,73.51351351351352,2.332167784303203,69.0,78.0,0.0,1.1547005383792515,0.0,0.05633842605851968,0.055235167554960024,0.0,0.0
39,1751758,1788758,1,73.45161290322581,2.499531693911034,69.0,78.0,4.0,1.2110601416389966,0.0,0.06271585677906229,0.05774315872804276,0.0,0.0
39,1757758,1788758,1,74.2,2.1725560982400434,70.0,78.0,5.0,1.2747548783981961,0.0,0.0669978658987723,0.061480789086434284,0.0,0.0
39,1763758,1788758,1,75.10526315789474,1.5524085477634344,72.0,78.0,1.0,1.224744871391589,0.0,0.05780717391530764,0.05159458601239907,0.0,0.0
39,1769758,1788758,1,75.07692307692308,1.8170787401565716,72.0,78.0,0.0,1.35400640077266,0.0,0.06394369620212445,0.055500430715655226,0.0,0.0
39,1775758,1788758,1,76.0,1.6035674514745464,73.0,78.0,2.0,1.5275252316519468,0.0,0.05089206785216115,0.04151449022727544,0.0,0.0
39,2917109,2921440,1,79.16666666666667,0.8975274678557508,78.0,80.0,1.0,1.3416407864998738,0.0,0.03789096556865323,0.026897656148275405,0.0,0.0
39,2917109,2925440,1,78.9,1.0440306508910548,77.0,80.0,0.0,1.4142135623730951,0.0,0.029002019968843985,0.024919565261139913,0.0,0.0
39,2917109,2925440,1,78.9,1.0440306508910548,77.0,80.0,0.0,1.4142135623730951,0.0,0.029002019968843985,0.024919565261139913,0.0,0.0
39,2917109,2925440,1,78.9,1.0440306508910548,77.0,80.0,0.0,1.4142135623730951,0.0,0.029002019968843985,0.024919565261139913,0.0,0.0
39,2917109,2925440,1,78.9,1.0440306508910548,77.0,80.0,0.0,1.4142135623730951,0.0,0.029002019968843985,0.024919565261139913,0.0,0.0
39,2917109,2925440,1,78.9,1.0440306508910548,77.0,80.0,0.0,1.4142135623730951,0.0,0.029002019968843985,0.024919565261139913,0.0,0.0
39,2917109,2925440,1,78.9,1.0440306508910548,77.0,80.0,0.0,1.4142135623730951,0.0,0.029002019968843985,0.024919565261139913,0.0,0.0
39,2917109,2925440,1,78.9,1.0440306508910548,77.0,80.0,0.0,1.4142135623730951,0.0,0.029002019968843985,0.024919565261139913,0.0,0.0
39,2917109,2925440,1,78.9,1.0440306508910548,77.0,80.0,0.0,1.4142135623730951,0.0,0.029002019968843985,0.024919565261139913,0.0,0.0
39,2917109,2925440,1,78.9,1.0440306508910548,77.0,80.0,0.0,1.4142135623730951,0.0,0.029002019968843985,0.024919565261139913,0.0,0.0
39,2922440,2925440,1,78.5,1.118033988749895,77.0,80.0,1.0,1.7320508075688772,0.0,0.015668601569130122,0.013074245506638655,0.0,0.0
39,2985467,2989467,1,89.4,1.019803902718557,88.0,91.0,3.0,0.8660254037844386,0.0,0.018791552791316647,0.012085171992754391,0.0,0.0
39,2985467,2989467,1,89.4,1.019803902718557,88.0,91.0,3.0,0.8660254037844386,0.0,0.018791552791316647,0.012085171992754391,0.0,0.0
39,2985467,2989467,1,89.4,1.019803902718557,88.0,91.0,3.0,0.8660254037844386,0.0,0.018791552791316647,0.012085171992754391,0.0,0.0
39,2985467,2989467,1,89.4,1.019803902718557,88.0,91.0,3.0,0.8660254037844386,0.0,0.018791552791316647,0.012085171992754391,0.0,0.0
39,2985467,2989467,1,89.4,1.019803902718557,88.0,91.0,3.0,0.8660254037844386,0.0,0.018791552791316647,0.012085171992754391,0.0,0.0
39,2985467,2989467,1,89.4,1.019803902718557,88.0,91.0,3.0,0.8660254037844386,0.0,0.018791552791316647,0.012085171992754391,0.0,0.0
39,2985467,2989467,1,89.4,1.019803902718557,88.0,91.0,3.0,0.8660254037844386,0.0,0.018791552791316647,0.012085171992754391,0.0,0.0
39,2985467,2989467,1,89.4,1.019803902718557,88.0,91.0,3.0,0.8660254037844386,0.0,0.018791552791316647,0.012085171992754391,0.0,0.0
39,2985467,2989467,1,89.4,1.019803902718557,88.0,91.0,3.0,0.8660254037844386,0.0,0.018791552791316647,0.012085171992754391,0.0,0.0
39,5511175,5519175,1,87.55555555555556,1.4229164972072998,86.0,90.0,3.0,1.1726039399558574,0.0,0.03121991779777526,0.028268195125045692,0.0,0.0
39,5511175,5525175,1,87.06666666666666,1.4360439485692011,85.0,90.0,3.0,1.164964745021435,0.0,0.04706783490523736,0.04137674546034894,0.0,0.0
39,5511175,5531194,1,87.33333333333333,1.6426846010152705,85.0,90.0,1.0,1.3228756555322954,0.0,0.042831094703643956,0.0388744780586039,0.0,0.0
4,1279364,1291364,1,93.0909090909091,0.51425947722658,92.0,94.0,1.0,0.5477225575051661,0.0,0.019735746497702995,0.022281969337089255,0.0,0.0
4,1285364,1291364,1,93.14285714285714,0.6388765649999399,92.0,94.0,2.0,0.5773502691896257,0.0,0.026955435882706713,0.02472089966036543,0.0,0.0
4,1686713,1692713,0,93.71428571428571,0.4517539514526256,93.0,94.0,1.0,0.408248290463863,0.0,0.0394147939693796,0.028456750208215916,0.0,0.0
4,1686713,1693713,0,93.75,0.4330127018922193,93.0,94.0,1.0,0.3779644730092272,0.0,0.03468576429871624,0.0294127413673615,0.0,0.0
4,1686713,1704713,0,94.0909090909091,0.668042657122685,93.0,95.0,2.0,0.4472135954999579,0.0,0.026720842727106665,0.028395017030276946,0.0,0.0
4,1686713,1704713,0,94.0909090909091,0.668042657122685,93.0,95.0,2.0,0.4472135954999579,0.0,0.026720842727106665,0.028395017030276946,0.0,0.0
4,1686713,1716713,0,93.64285714285714,1.0424656799518874,92.0,95.0,1.0,0.9198662110077999,0.0,0.022493983708072488,0.02645560671484568,0.0,0.0
4,1686713,1722713,0,93.45,1.1169153951844337,92.0,95.0,2.0,0.8583950752789521,0.0,0.01985430010943843,0.02331822459034291,0.0,0.0
4,1686713,1723713,0,93.52380952380952,1.1388819755334665,92.0,95.0,2.0,0.8366600265340756,0.0,0.020052089365310118,0.022773441725587713,0.0,0.0
4,1686713,1723713,0,93.52380952380952,1.1388819755334665,92.0,95.0,2.0,0.8366600265340756,0.0,0.020052089365310118,0.022773441725587713,0.0,0.0
4,1686713,1723713,0,93.52380952380952,1.1388819755334665,92.0,95.0,2.0,0.8366600265340756,0.0,0.020052089365310118,0.022773441725587713,0.0,0.0
4,1687713,1723713,0,93.55,1.1608186766243898,92.0,95.0,2.0,0.8583950752789521,0.0,0.019621505956812675,0.02325226197437655,0.0,0.0
4,1693713,1750713,0,92.66666666666667,3.1340424729448424,82.0,95.0,12.0,3.605551275463989,0.07142857142857142,0.012150914224116845,0.011406466508413331,0.0,0.0
4,1702713,1750713,0,92.57142857142857,3.2230040493367076,82.0,95.0,13.0,3.7313639494261244,0.07692307692307693,0.01290579691126286,0.011439106234221397,0.0,0.0
4,1714713,1750713,0,91.9090909090909,3.3426866019727703,82.0,95.0,10.0,4.147288270665544,0.1,0.01493072737720333,0.011809832969620408,0.0,0.0
4,1714713,1750713,0,91.9090909090909,3.3426866019727703,82.0,95.0,10.0,4.147288270665544,0.1,0.01493072737720333,0.011809832969620408,0.0,0.0
4,1717713,1750713,0,91.875,3.9191038516477206,82.0,95.0,10.0,4.956957592256421,0.14285714285714285,0.017906437404299397,0.012560101575642645,0.0,0.0
4,5021498,5028846,0,98.875,0.33071891388307384,98.0,99.0,1.0,0.3779644730092272,0.0,0.029254214895066924,0.026304524560966377,0.0,0.0
4,5021498,5034846,0,99.3076923076923,0.8213137116947162,98.0,101.0,3.0,0.5,0.0,0.03348439797212842,0.02791323705034709,0.0,0.0
4,5021498,5036846,0,99.6,1.083205120618128,98.0,102.0,4.0,0.5345224838248488,0.0,0.04342490967841095,0.046464172262139045,0.0,0.0
4,5021498,5036846,0,99.6,1.083205120618128,98.0,102.0,4.0,0.5345224838248488,0.0,0.04342490967841095,0.046464172262139045,0.0,0.0
4,5021498,5036846,0,99.6,1.083205120618128,98.0,102.0,4.0,0.5345224838248488,0.0,0.04342490967841095,0.046464172262139045,0.0,0.0
4,5021498,5036846,0,99.6,1.083205120618128,98.0,102.0,4.0,0.5345224838248488,0.0,0.04342490967841095,0.046464172262139045,0.0,0.0
4,5021498,5036846,0,99.6,1.083205120618128,98.0,102.0,4.0,0.5345224838248488,0.0,0.04342490967841095,0.046464172262139045,0.0,0.0
4,5021498,5036846,0,99.6,1.083205120618128,98.0,102.0,4.0,0.5345224838248488,0.0,0.04342490967841095,0.046464172262139045,0.0,0.0
4,5021498,5036846,0,99.6,1.083205120618128,98.0,102.0,4.0,0.5345224838248488,0.0,0.04342490967841095,0.046464172262139045,0.0,0.0
4,5023500,5036846,0,99.76923076923077,1.0490908997681427,99.0,102.0,3.0,0.5,0.0,0.04761551623015976,0.04855025669945883,0.0,0.0
4,5029846,5036846,0,100.42857142857143,1.049781318335648,99.0,102.0,3.0,0.7071067811865476,0.0,0.05961998943080411,0.057824775311294596,0.0,0.0
4,6368031,6373031,0,98.75,1.299038105676658,97.0,100.0,3.0,1.2909944487358056,0.0,0.013286399073125597,0.01588042567810563,0.0,0.0
4,6368031,6379031,0,98.2,0.9797958971132711,97.0,100.0,2.0,0.816496580927726,0.0,0.024259346555377908,0.025969417334147083,0.0,0.0
4,6368031,6383031,0,98.14285714285714,0.832993127835043,97.0,100.0,2.0,0.6793662204867574,0.0,0.028970216175196677,0.027425402850092907,0.0,0.0
4,6368031,6383031,0,98.14285714285714,0.832993127835043,97.0,100.0,2.0,0.6793662204867574,0.0,0.028970216175196677,0.027425402850092907,0.0,0.0
4,6368031,6397031,0,96.88888888888889,2.469567863432541,92.0,100.0,7.0,1.3932610920384718,0.0,0.025926723653246445,0.02547088394447568,0.0,0.0
4,6368031,6400031,0,96.28571428571429,2.7280353499814294,92.0,100.0,7.0,1.3228756555322954,0.0,0.028674742789559515,0.025324886127229964,0.0,0.0
4,6368031,6400031,0,96.28571428571429,2.7280353499814294,92.0,100.0,7.0,1.3228756555322954,0.0,0.028674742789559515,0.025324886127229964,0.0,0.0
4,6368031,6400031,0,96.28571428571429,2.7280353499814294,92.0,100.0,7.0,1.3228756555322954,0.0,0.028674742789559515,0.025324886127229964,0.0,0.0
4,6368031,6421031,0,95.91666666666667,2.7373446176094736,92.0,100.0,7.0,1.2683436648534627,0.0,0.029536072370282346,0.024564411447376377,0.0,0.0
4,6368031,6425031,0,95.32142857142857,2.928353650439239,91.0,100.0,8.0,1.2171612389003692,0.0,0.02884187244314588,0.024041751275561928,0.0,0.0
4,6374031,6425031,0,94.75,2.7271780286589284,91.0,98.0,5.0,1.2335879094879225,0.0,0.031434451338149254,0.024192117060893123,0.0,0.0
4,6380031,6425031,0,93.72222222222223,2.3759338644825663,91.0,98.0,6.0,1.4142135623730951,0.0,0.031387720158572524,0.022501106874741047,0.0,0.0
4,6394031,6425031,0,92.5,0.7319250547113999,91.0,94.0,1.0,0.8320502943378437,0.0,0.02871352871109507,0.020095420947941593,0.0,0.0
4,6394031,6425031,0,92.5,0.7319250547113999,91.0,94.0,1.0,0.8320502943378437,0.0,0.02871352871109507,0.020095420947941593,0.0,0.0
4,6398031,6425031,0,92.5,0.806225774829855,91.0,94.0,0.0,0.816496580927726,0.0,0.03408914026496485,0.02019423665877211,0.0,0.0
4,6419031,6425031,0,92.42857142857143,0.9035079029052513,91.0,94.0,2.0,0.816496580927726,0.0,0.029343261403904964,0.019688536198995243,0.0,0.0
4,6419031,6425031,0,92.42857142857143,0.9035079029052513,91.0,94.0,2.0,0.816496580927726,0.0,0.029343261403904964,0.019688536198995243,0.0,0.0
4,6419031,6425031,0,92.42857142857143,0.9035079029052513,91.0,94.0,2.0,0.816496580927726,0.0,0.029343261403904964,0.019688536198995243,0.0,0.0
4,6422031,6425031,0,91.75,0.4330127018922193,91.0,92.0,0.0,0.816496580927726,0.0,0.024676672880327058,0.020133017747093668,0.0,0.0
4,7580142,7585145,0,96.83333333333333,0.8975274678557508,96.0,98.0,2.0,0.6324555320336759,0.0,0.01491566906519357,0.002585200232600487,0.0,0.0
4,7580142,7588142,0,96.0,1.4142135623730951,94.0,98.0,4.0,0.7071067811865476,0.0,0.021640118768006936,0.011085840077756927,0.0,0.0
4,7580142,7596620,0,96.26666666666667,1.3399834161494522,94.0,98.0,0.0,0.7559289460184544,0.0,0.02864565110269787,0.015363673310146785,0.0,0.0
4,7580142,7602620,0,96.38888888888889,1.253390463630942,94.0,98.0,1.0,0.7276068751089989,0.0,0.032166695865160744,0.018904502956794675,0.0,0.0
4,7580142,7606620,0,96.68181818181819,1.3275528969554755,94.0,99.0,0.0,0.7559289460184544,0.0,0.032657292624552164,0.01914244959512494,0.0,0.0
4,7580142,7606620,0,96.68181818181819,1.3275528969554755,94.0,99.0,0.0,0.7559289460184544,0.0,0.032657292624552164,0.01914244959512494,0.0,0.0
4,7580142,7606620,0,96.68181818181819,1.3275528969554755,94.0,99.0,0.0,0.7559289460184544,0.0,0.032657292624552164,0.01914244959512494,0.0,0.0
40,4540521,4550322,1,91.3,0.6403124237432849,90.0,92.0,0.0,0.9428090415820634,0.0,0.01911032944721834,0.013987004402327027,0.0,0.0
40,4547322,4606322,1,91.16666666666667,0.6871842709362769,90.0,92.0,1.0,1.1832159566199232,0.0,0.012882290924853379,0.008596916016141177,0.0,0.0
40,4605322,4612322,1,90.875,0.33071891388307384,90.0,91.0,1.0,0.3779644730092272,0.0,0.012751270965978362,0.007353087493492335,0.0,0.0
40,4605322,4618322,1,90.21428571428571,1.0809104250301111,88.0,91.0,3.0,0.6201736729460423,0.0,0.009025272975393156,0.007208806662291035,0.0,0.0
40,4605322,4624322,1,89.2,1.8330302779823358,86.0,91.0,5.0,0.6882472016116853,0.0,0.008211079809005107,0.0064549375765709195,0.0,0.0
40,4605322,4628322,1,88.375,2.54644359843292,83.0,91.0,8.0,0.7801894976054939,0.0,0.010362075333391446,0.010902730842065772,0.0,0.0
40,4605322,4628322,1,88.375,2.54644359843292,83.0,91.0,8.0,0.7801894976054939,0.0,0.010362075333391446,0.010902730842065772,0.0,0.0
40,4605322,4628322,1,88.375,2.54644359843292,83.0,91.0,8.0,0.7801894976054939,0.0,0.010362075333391446,0.010902730842065772,0.0,0.0
40,4605322,4628322,1,88.375,2.54644359843292,83.0,91.0,8.0,0.7801894976054939,0.0,0.010362075333391446,0.010902730842065772,0.0,0.0
40,4605322,4628322,1,88.375,2.54644359843292,83.0,91.0,8.0,0.7801894976054939,0.0,0.010362075333391446,0.010902730842065772,0.0,0.0
40,4605322,4628322,1,88.375,2.54644359843292,83.0,91.0,8.0,0.7801894976054939,0.0,0.010362075333391446,0.010902730842065772,0.0,0.0
40,4607322,4628322,1,88.13636363636364,2.5279430111789694,83.0,91.0,8.0,0.816496580927726,0.0,0.010942775694204104,0.011208314738004828,0.0,0.0
40,4613322,4628322,1,87.125,2.2325713874364688,83.0,91.0,7.0,0.9309493362512627,0.0,0.00916747751709799,0.012123909025155309,0.0,0.0
40,4619322,4628322,1,85.8,1.5999999999999999,83.0,88.0,5.0,1.0,0.0,0.012233598634589055,0.014371109506014274,0.0,0.0
40,4625322,4628322,1,84.25,1.299038105676658,83.0,86.0,3.0,1.2909944487358056,0.0,0.021117052955323137,0.019133287509525258,0.0,0.0
40,4907414,4911884,1,81.2,0.7483314773547882,80.0,82.0,2.0,0.7071067811865476,0.0,0.021064114683366168,0.008690523130150455,0.0,0.0
40,4907414,4917884,1,82.63636363636364,1.9198829165402613,80.0,86.0,5.0,1.0488088481701516,0.0,0.024832504705545603,0.029912044107674063,0.0,0.0
40,4907414,4923884,1,83.58823529411765,2.088028158741041,80.0,87.0,6.0,1.0606601717798212,0.0,0.03614342153938079,0.034670631988084295,0.0,0.0
40,4907414,4927884,1,83.85714285714286,1.9829202679673343,80.0,87.0,4.0,1.0488088481701516,0.0,0.031329145814811624,0.032924231631498865,0.0,0.0
40,4907414,4927884,1,83.85714285714286,1.9829202679673343,80.0,87.0,4.0,1.0488088481701516,0.0,0.031329145814811624,0.032924231631498865,0.0,0.0
40,4907414,4927884,1,83.85714285714286,1.9829202679673343,80.0,87.0,4.0,1.0488088481701516,0.0,0.031329145814811624,0.032924231631498865,0.0,0.0
40,4907414,4945884,1,83.95833333333333,1.8814703174792726,80.0,87.0,4.0,1.0215078369104984,0.0,0.037067982906666214,0.04196381072587184,0.0,0.0
40,4907414,4953884,1,83.3,2.354428451521374,78.0,87.0,2.0,1.1141720290623112,0.0,0.03629373087071573,0.041447174137644045,0.0,0.0
40,4907414,4959884,1,82.36111111111111,3.0106549469968393,77.0,87.0,2.0,1.0690449676496976,0.0,0.0344691519746586,0.038993436619389636,0.0,0.0
40,4907414,4965884,1,81.5952380952381,3.388070976722692,75.0,87.0,5.0,1.024099842693513,0.0,0.03293517981993681,0.03694883299929769,0.0,0.0
40,4912884,4971884,1,80.72093023255815,4.065313177073895,74.0,87.0,5.0,1.0350983390135313,0.0,0.03444367850627184,0.03867767078020492,0.0,0.0
40,4918884,4977884,1,79.74418604651163,4.199075331523036,73.0,87.0,8.0,2.600366274566866,0.047619047619047616,0.03472638871126518,0.03788755484608185,0.0,0.0
40,4924884,4983884,1,78.37209302325581,3.7168582370245664,73.0,86.0,10.0,2.581988897471611,0.047619047619047616,0.027803327875574546,0.03569409068157729,0.0,0.0
40,4943884,4989884,1,77.33333333333333,3.126943839882286,73.0,85.0,10.0,2.522624895547565,0.045454545454545456,0.027635683056845908,0.03484588985988564,0.0,0.0
40,4943884,4993884,1,77.22448979591837,3.025505902189184,73.0,85.0,8.0,2.4238399287081647,0.041666666666666664,0.026958484884214092,0.03355650929282074,0.0,0.0
40,4943884,4993884,1,77.22448979591837,3.025505902189184,73.0,85.0,8.0,2.4238399287081647,0.041666666666666664,0.026958484884214092,0.03355650929282074,0.0,0.0
40,4948884,4993884,1,76.73913043478261,2.426616741282752,73.0,84.0,7.0,2.4988886418655083,0.044444444444444446,0.023679265906033597,0.026837116124651353,0.0,0.0
40,4954884,4993884,1,76.15,1.8377975949489107,73.0,84.0,0.0,2.621410855206576,0.05128205128205128,0.022251647382901567,0.024137400272264055,0.0,0.0
40,4960884,4993884,1,75.88235294117646,1.8592330152093066,73.0,84.0,1.0,2.8337789310923727,0.06060606060606061,0.021705539716171326,0.02463538564049726,0.0,0.0
40,4966884,4993884,1,75.64285714285714,1.8938676547946929,73.0,84.0,2.0,3.1150768375280413,0.07407407407407407,0.021271438178578173,0.025771134398791216,0.0,0.0
40,4972884,4993884,1,75.81818181818181,2.059045755073841,73.0,84.0,0.0,3.491486243775878,0.09523809523809523,0.01783995782959157,0.020477275549241506,0.0,0.0
40,4978884,4993884,1,75.4375,0.7880950133074057,74.0,77.0,1.0,0.7745966692414834,0.0,0.01328034719325815,0.00842713643624491,0.0,0.0
40,4984884,4993884,1,75.4,0.9165151389911681,74.0,77.0,3.0,0.7453559924999299,0.0,0.01688965566183557,0.008016772250348905,0.0,0.0
40,4990884,4993884,1,76.0,0.7071067811865476,75.0,77.0,2.0,0.816496580927726,0.0,0.01934000544210622,0.008403910947386633,0.0,0.0
40,7520327,7523310,0,86.5,0.5,86.0,87.0,0.0,0.816496580927726,0.0,0.07271669148541957,0.09184310212473956,0.0,0.0
40,7520327,7523310,0,86.5,0.5,86.0,87.0,0.0,0.816496580927726,0.0,0.07271669148541957,0.09184310212473956,0.0,0.0
40,7520327,7523310,0,86.5,0.5,86.0,87.0,0.0,0.816496580927726,0.0,0.07271669148541957,0.09184310212473956,0.0,0.0
40,7520327,7523310,0,86.5,0.5,86.0,87.0,0.0,0.816496580927726,0.0,0.07271669148541957,0.09184310212473956,0.0,0.0
40,7520327,7523310,0,86.5,0.5,86.0,87.0,0.0,0.816496580927726,0.0,0.07271669148541957,0.09184310212473956,0.0,0.0
40,7520327,7523310,0,86.5,0.5,86.0,87.0,0.0,0.816496580927726,0.0,0.07271669148541957,0.09184310212473956,0.0,0.0
40,7520327,7564213,0,85.6,1.8547236990991407,82.0,87.0,4.0,2.1213203435596424,0.0,0.09050675666622857,0.08952133825444078,0.0,0.0
40,7520327,7570213,0,83.54545454545455,2.3496087242400154,81.0,87.0,3.0,1.449137674618944,0.0,0.04841793840101961,0.07216073429807987,0.0,0.0
40,7520327,7576213,0,82.76470588235294,2.339668447217805,79.0,87.0,7.0,1.25,0.0,0.04544753760946351,0.06350807701603016,0.0,0.0
40,7523310,7582213,0,81.6,1.4966629547095764,79.0,86.0,4.0,1.1697953037312037,0.0,0.0427433174416211,0.05990157158589021,0.0,0.0
40,7564213,7588213,0,81.0,1.296148139681572,78.0,83.0,1.0,0.8897565210026093,0.0,0.03436707608077431,0.0436437229039777,0.0,0.0
40,7564213,7594213,0,80.35483870967742,1.9100479152370917,75.0,83.0,7.0,0.9486832980505138,0.0,0.030683937843658367,0.040271459761845735,0.0,0.0
40,7564213,7600213,0,79.62162162162163,2.431230934491786,75.0,83.0,7.0,0.927960727138337,0.0,0.029278980099485083,0.03777178678390361,0.0,0.0
40,7564213,7606213,0,79.27906976744185,2.4239654364270478,75.0,83.0,6.0,0.9511897312113419,0.0,0.04631851518457931,0.11282748954413074,0.0,0.0
41,993249,1050744,1,76.0909090909091,3.5740108728161792,70.0,82.0,1.0,1.130388330520878,0.0,0.051841246871456775,0.08566449875321104,0.0,0.0
41,1000744,1058744,1,75.98076923076923,3.72357553876639,70.0,84.0,4.0,1.3135791548583706,0.0,0.041902362826959735,0.04755643749250349,0.0,0.0
41,1005744,1064744,1,76.39622641509433,4.203949727009919,70.0,84.0,4.0,1.270977818604485,0.0,0.054114160193356776,0.121000739767754,0.0,0.0
41,1011744,1068744,1,76.5,4.665833258915282,70.0,86.0,7.0,1.3014905113063284,0.0,0.05710041937855095,0.12394831376260337,0.0,0.0
41,1017744,1068744,1,76.0909090909091,4.828034523009535,70.0,86.0,8.0,1.363988678940947,0.0,0.05862409289680224,0.13122649049144933,0.0,0.0
41,1023744,1068744,1,76.10526315789474,5.149294656267371,70.0,86.0,14.0,1.3754606108107539,0.0,0.05822316474360488,0.14000429043480078,0.0,0.0
41,1029744,1068744,1,76.96875,5.1689238181172685,70.0,86.0,13.0,1.4701327567878504,0.0,0.06519658205573968,0.15148375425052446,0.0,0.0
41,1035744,1068744,1,77.65384615384616,5.504839183651946,70.0,86.0,13.0,1.5874507866387544,0.0,0.07600492461771093,0.16606322429116477,0.0,0.0
41,1041744,1068744,1,79.15,5.424711973920827,70.0,86.0,13.0,1.670171752907624,0.0,0.0824413950399545,0.18668900285969753,0.0,0.0
41,1047744,1068744,1,82.14285714285714,3.3986792152486625,74.0,86.0,12.0,1.7097008285302207,0.0,0.0770551422604019,0.21816284600898964,0.0,0.0
41,1057744,1068744,1,83.81818181818181,0.9359663764533637,83.0,86.0,3.0,0.7071067811865476,0.0,0.08931623790853777,0.24382092000995526,0.0,0.0
41,1059744,1068744,1,83.88888888888889,0.9938079899999066,83.0,86.0,3.0,0.6123724356957945,0.0,0.10342678552919998,0.26748479259916363,0.0,0.0
41,2200009,2203016,1,93.5,0.5,93.0,94.0,1.0,0.5773502691896257,0.0,0.3509514681321355,0.5290395336989585,0.0,0.0
41,2200009,2203016,1,93.5,0.5,93.0,94.0,1.0,0.5773502691896257,0.0,0.3509514681321355,0.5290395336989585,0.0,0.0
41,2200009,2203016,1,93.5,0.5,93.0,94.0,1.0,0.5773502691896257,0.0,0.3509514681321355,0.5290395336989585,0.0,0.0
41,2200009,2203016,1,93.5,0.5,93.0,94.0,1.0,0.5773502691896257,0.0,0.3509514681321355,0.5290395336989585,0.0,0.0
41,2200009,2203016,1,93.5,0.5,93.0,94.0,1.0,0.5773502691896257,0.0,0.3509514681321355,0.5290395336989585,0.0,0.0
41,2200009,2235242,1,92.0,1.8516401995451028,89.0,94.0,4.0,1.9148542155126762,0.0,0.21641439960186784,0.4292657333383646,0.0,0.0
41,2200009,2241242,1,91.61538461538461,1.4955555457864294,89.0,94.0,2.0,1.4719601443879744,0.0,0.1983862102630203,0.37618425408504064,0.0,0.0
41,2200009,2246355,1,91.33333333333333,1.4529663145135578,89.0,94.0,4.0,1.3284223283101428,0.0,0.1739950557996012,0.33034247605784445,0.0,0.0
41,2200009,2252355,1,91.125,1.3635890143294642,89.0,94.0,1.0,1.1978241142570356,0.0,0.1442835899064818,0.2909765200916,0.0,0.0
41,2200009,2258355,1,91.43333333333334,1.406729856400613,89.0,94.0,1.0,1.1596670152276025,0.0,0.13880253860260602,0.2666903519531705,0.0,0.0
41,2233242,2264358,1,91.17241379310344,1.1764635937401369,89.0,94.0,2.0,0.9258200997725514,0.0,0.11941557541627688,0.18081885587495078,0.0,0.0
41,2233242,2265436,1,91.23333333333333,1.2023125864580955,89.0,94.0,3.0,0.9284766908852593,0.0,0.12127218204186822,0.17806058709130118,0.0,0.0
41,2233242,2265436,1,91.23333333333333,1.2023125864580955,89.0,94.0,3.0,0.9284766908852593,0.0,0.12127218204186822,0.17806058709130118,0.0,0.0
41,2233242,2265436,1,91.23333333333333,1.2023125864580955,89.0,94.0,3.0,0.9284766908852593,0.0,0.12127218204186822,0.17806058709130118,0.0,0.0
41,2233242,2265436,1,91.23333333333333,1.2023125864580955,89.0,94.0,3.0,0.9284766908852593,0.0,0.12127218204186822,0.17806058709130118,0.0,0.0
41,2236242,2265436,1,91.37037037037037,1.1594426549998909,89.0,94.0,3.0,0.8548504142651103,0.0,0.13063224209524127,0.1852021439902266,0.0,0.0
41,2242245,2265436,1,91.42857142857143,1.256276757930754,89.0,94.0,1.0,0.8660254037844386,0.0,0.11728336192215834,0.13172473169550555,0.0,0.0
41,2247355,2265436,1,91.6875,1.2103072956898178,90.0,94.0,3.0,0.8563488385776752,0.0,0.11937877058698544,0.12926379968738486,0.0,0.0
41,2253355,2265436,1,92.4,0.8,91.0,94.0,1.0,1.0,0.0,0.1579165176029026,0.1495179167847653,0.0,0.0
41,2262355,2265436,1,92.0,0.7071067811865476,91.0,93.0,2.0,0.816496580927726,0.0,0.21947379392660227,0.15827416708968517,0.0,0.0
41,3053887,3056892,0,94.25,0.4330127018922193,94.0,95.0,1.0,0.5773502691896257,0.0,0.06107789066299796,0.07871533319753368,0.0,0.0
41,3053887,3063173,0,93.8,0.6,93.0,95.0,1.0,0.7453559924999299,0.0,0.06684574866239835,0.06908118267840758,0.0,0.0
41,3053887,3069173,0,93.81818181818181,0.5749595745760689,93.0,95.0,1.0,0.7071067811865476,0.0,0.06159947913036301,0.06792353042729146,0.0,0.0
41,3053887,3075173,0,94.6470588235294,1.280678885710426,93.0,97.0,2.0,0.7905694150420949,0.0,0.05186907521417354,0.06037725970456446,0.0,0.0
41,3053887,3075173,0,94.6470588235294,1.280678885710426,93.0,97.0,2.0,0.7905694150420949,0.0,0.05186907521417354,0.06037725970456446,0.0,0.0
41,3053887,3075173,0,94.6470588235294,1.280678885710426,93.0,97.0,2.0,0.7905694150420949,0.0,0.05186907521417354,0.06037725970456446,0.0,0.0
41,3053887,3075173,0,94.6470588235294,1.280678885710426,93.0,97.0,2.0,0.7905694150420949,0.0,0.05186907521417354,0.06037725970456446,0.0,0.0
41,3053887,3075173,0,94.6470588235294,1.280678885710426,93.0,97.0,2.0,0.7905694150420949,0.0,0.05186907521417354,0.06037725970456446,0.0,0.0
41,3053887,3075173,0,94.6470588235294,1.280678885710426,93.0,97.0,2.0,0.7905694150420949,0.0,0.05186907521417354,0.06037725970456446,0.0,0.0
41,3053887,3075173,0,94.6470588235294,1.280678885710426,93.0,97.0,2.0,0.7905694150420949,0.0,0.05186907521417354,0.06037725970456446,0.0,0.0
41,3058173,3075173,0,94.76923076923077,1.4225570776082255,93.0,97.0,4.0,0.816496580927726,0.0,0.04903559353761217,0.05316450046899127,0.0,0.0
41,3069173,3075173,0,95.85714285714286,0.989743318610787,94.0,97.0,3.0,0.9128709291752769,0.0,0.030473827430995228,0.03546150316732455,0.0,0.0
41,3070173,3075173,0,96.16666666666667,0.6871842709362769,95.0,97.0,2.0,0.8944271909999159,0.0,0.03403000136782617,0.037129233269993074,0.0,0.0
41,4191969,4196983,0,79.16666666666667,0.6871842709362768,78.0,80.0,1.0,0.7745966692414834,0.0,0.02578935234168202,0.008602401317665086,0.0,0.0
41,4191969,4203014,0,80.75,2.0463381929681126,78.0,85.0,6.0,0.9534625892455924,0.0,0.05414482328524306,0.048106115467579605,0.0,0.0
41,4191969,4209025,0,81.5,2.266911751455907,78.0,86.0,2.0,1.0289915108550531,0.0,0.04749034027888426,0.04445427159674177,0.0,0.0
41,4191969,4215226,0,81.75,2.184223737013526,78.0,86.0,6.0,1.0215078369104984,0.0,0.05098782777300198,0.068357528362767,0.0,0.0
41,4191969,4221226,0,82.7,2.7343494046421113,78.0,87.0,7.0,0.9649012813540153,0.0,0.04967030998010919,0.06253276818850156,0.0,0.0
41,4191969,4227226,0,82.91666666666667,2.5644470922381863,78.0,87.0,4.0,0.9561828874675149,0.0,0.05210424918837547,0.06142930230351826,0.0,0.0
41,4191969,4233226,0,83.04761904761905,2.3999244130198387,78.0,87.0,5.0,0.8971499589146108,0.0,0.06049510296272766,0.07201688246431959,0.0,0.0
41,4191969,4239226,0,83.625,2.77357320677377,78.0,90.0,11.0,0.933991662453105,0.0,0.06563748739979981,0.07992362612550073,0.0,0.0
41,4191969,4245226,0,84.05555555555556,2.9149465827433123,78.0,90.0,7.0,0.9214426752509268,0.0,0.06657472574913231,0.07849835008052464,0.0,0.0
41,4191969,4250253,0,84.3103448275862,2.9723257847599927,78.0,90.0,8.0,0.9551338658818386,0.0,0.06338154028961848,0.07669753109174407,0.0,0.0
41,4197986,4256519,0,84.93103448275862,2.3987214192329214,80.0,90.0,5.0,0.9822994862575031,0.0,0.0650136410574545,0.07699148676159104,0.0,0.0
41,4204014,4262519,0,85.17241379310344,2.190401719056172,80.0,90.0,3.0,0.9459053029269173,0.0,0.057399807940844164,0.07655871700283966,0.0,0.0
41,4210028,4268519,0,85.08620689655173,2.2305441021590617,80.0,90.0,4.0,0.9176629354822471,0.0,0.055096185820596694,0.07687870462742975,0.0,0.0
41,4216226,4274519,0,84.96551724137932,2.3486277522562515,80.0,90.0,6.0,0.898341551894183,0.0,0.05097691256519085,0.06878299472050863,0.0,0.0
41,4222226,4280519,0,84.3103448275862,2.7050839527524397,79.0,90.0,3.0,0.9080536347093006,0.0,0.04812206999222108,0.06910128014073215,0.0,0.0
41,4228226,4281519,0,84.32075471698113,2.8202340656617957,79.0,90.0,0.0,0.9198662110077999,0.0,0.04566518628795153,0.06986533704812704,0.0,0.0
41,4234226,4281519,0,84.38297872340425,2.9861609274541268,79.0,90.0,2.0,0.9555330859059091,0.0,0.0373449685023061,0.05938010581187328,0.0,0.0
41,4240226,4281519,0,83.90243902439025,2.835359297133778,79.0,89.0,6.0,0.9219544457292888,0.0,0.027936791435428227,0.03741520126775092,0.0,0.0
41,4247253,4281519,0,83.28571428571429,2.5586986488272125,79.0,89.0,4.0,0.9393364366277243,0.0,0.020027790102565817,0.021831206517131878,0.0,0.0
41,4251258,4281519,0,82.70967741935483,2.0975184783237237,79.0,86.0,2.0,0.816496580927726,0.0,0.019996080878873442,0.022878675785785764,0.0,0.0
41,4257519,4281519,0,82.12,1.9041008376659048,79.0,86.0,2.0,0.8660254037844386,0.0,0.014819221946419823,0.012525763176773902,0.0,0.0
41,4263519,4281519,0,81.3157894736842,1.3397812696166165,79.0,84.0,1.0,0.8498365855987975,0.0,0.016688479160582616,0.013606311126241147,0.0,0.0
41,4269519,4281519,0,80.92307692307692,1.2686478848054341,79.0,83.0,0.0,0.816496580927726,0.0,0.018892533956032555,0.015529156189919409,0.0,0.0
41,4275519,4281519,0,80.57142857142857,1.3997084244475304,79.0,83.0,3.0,0.9128709291752769,0.0,0.016519864101404567,0.013256416130321006,0.0,0.0
41,5012203,5018593,0,89.57142857142857,1.1780301787479028,88.0,92.0,3.0,1.224744871391589,0.0,0.23936288585660334,0.20983630384960966,0.0,0.0
41,5012203,5024593,0,90.3076923076923,1.3234346564680965,88.0,92.0,0.0,1.0,0.0,0.16856351931483327,0.18669548228565883,0.0,0.0
41,5012203,5030593,0,90.94736842105263,1.4680342822085632,88.0,93.0,0.0,0.9428090415820634,0.0,0.2743026570075539,0.41949024920117983,0.0,0.0
41,5012203,5036593,0,91.44,1.576832267554162,88.0,94.0,2.0,0.9128709291752769,0.0,0.24378757221573777,0.377388791986191,0.0,0.0
41,5012203,5042593,0,91.63333333333334,1.5595583420386114,88.0,94.0,1.0,0.8905635565617213,0.0,0.22136348382280485,0.34953537500061294,0.0,0.0
41,5012203,5045593,0,91.6969696969697,1.5072521352055621,88.0,94.0,0.0,0.9013878188659973,0.0,0.24179630321933018,0.35882070651216635,0.0,0.0
41,5012203,5054593,0,91.86111111111111,1.548346389930198,88.0,94.0,2.0,0.8944271909999159,0.0,0.22312473608952407,0.34909041619823566,0.0,0.0
41,5012203,5060593,0,92.02380952380952,1.4878571238064757,88.0,94.0,1.0,0.8410214463203252,0.0,0.21712689167303356,0.32487317118799586,0.0,0.0
41,5012203,5062593,0,92.02272727272727,1.4536573993588526,88.0,94.0,0.0,0.8352690695845568,0.0,0.22040848374132904,0.3229765331656247,0.0,0.0
41,5014209,5062593,0,92.07142857142857,1.4539413943592403,88.0,94.0,3.0,0.7808688094430303,0.0,0.22982170973486904,0.3276147091439586,0.0,0.0
41,5019593,5062593,0,92.48648648648648,0.9478744819864963,90.0,94.0,2.0,0.7453559924999299,0.0,0.21682251577357442,0.3400556157759704,0.0,0.0
41,5025593,5084681,0,92.18181818181819,2.3153577569567356,83.0,94.0,10.0,1.6007810593582121,0.03125,0.2408917706290019,0.3523487473746317,0.0,0.0
41,5031593,5088681,0,91.0,3.8184610985697263,83.0,94.0,9.0,1.622754859285078,0.03333333333333333,0.1615246551292201,0.20117284127764942,0.0,0.0
41,5037593,5095459,0,89.43333333333334,4.462311309424996,83.0,94.0,10.0,1.618854426800759,0.034482758620689655,0.13887889181543758,0.2009889871686884,0.0,0.0
43,4389736,4396757,1,83.85714285714286,1.8070158058105026,80.0,86.0,1.0,2.1984843263788196,0.0,0.06267195741775211,0.04658451669398312,0.0,0.0
43,4455002,4471002,1,83.0,2.0,81.0,85.0,4.0,2.309401076758503,0.0,0.02664335898922532,0.030857044786407148,0.0,0.0
43,4455002,4471002,1,83.0,2.0,81.0,85.0,4.0,2.309401076758503,0.0,0.02664335898922532,0.030857044786407148,0.0,0.0
43,4455002,4471002,1,83.0,2.0,81.0,85.0,4.0,2.309401076758503,0.0,0.02664335898922532,0.030857044786407148,0.0,0.0
43,4455002,4471002,1,83.0,2.0,81.0,85.0,4.0,2.309401076758503,0.0,0.02664335898922532,0.030857044786407148,0.0,0.0
43,4455002,4471002,1,83.0,2.0,81.0,85.0,4.0,2.309401076758503,0.0,0.02664335898922532,0.030857044786407148,0.0,0.0
43,4455002,4471002,1,83.0,2.0,81.0,85.0,4.0,2.309401076758503,0.0,0.02664335898922532,0.030857044786407148,0.0,0.0
43,4455002,4471002,1,83.0,2.0,81.0,85.0,4.0,2.309401076758503,0.0,0.02664335898922532,0.030857044786407148,0.0,0.0
43,7641479,7647501,0,91.14285714285714,1.124858267715973,90.0,93.0,2.0,0.816496580927726,0.0,0.025712323453929296,0.003514729780795148,0.0,0.0
43,7641479,7653089,0,90.875,1.2686114456365274,89.0,93.0,3.0,0.8451542547285166,0.0,0.027621464527547587,0.006026848034075697,0.0,0.0
43,7641479,7659089,0,90.88888888888889,1.1967032904743342,89.0,93.0,1.0,1.0606601717798212,0.0,0.04106048435950805,0.03843364479342178,0.0,0.0
43,7641479,7659089,0,90.88888888888889,1.1967032904743342,89.0,93.0,1.0,1.0606601717798212,0.0,0.04106048435950805,0.03843364479342178,0.0,0.0
43,7641479,7659089,0,90.88888888888889,1.1967032904743342,89.0,93.0,1.0,1.0606601717798212,0.0,0.04106048435950805,0.03843364479342178,0.0,0.0
43,7641479,7659089,0,90.88888888888889,1.1967032904743342,89.0,93.0,1.0,1.0606601717798212,0.0,0.04106048435950805,0.03843364479342178,0.0,0.0
43,7641479,7681089,0,91.0,1.1832159566199232,89.0,93.0,0.0,1.0540925533894598,0.0,0.037985524489173146,0.03761022401865955,0.0,0.0
43,7641479,7681089,0,91.0,1.1832159566199232,89.0,93.0,0.0,1.0540925533894598,0.0,0.037985524489173146,0.03761022401865955,0.0,0.0
43,7641479,7681089,0,91.0,1.1832159566199232,89.0,93.0,0.0,1.0540925533894598,0.0,0.037985524489173146,0.03761022401865955,0.0,0.0
43,7642482,7681089,0,90.88888888888889,1.1967032904743342,89.0,93.0,1.0,1.0606601717798212,0.0,0.03916277501341774,0.03946947739938135,0.0,0.0
44,486031,545031,1,83.85714285714286,2.747912008810192,80.0,88.0,4.0,0.9428090415820634,0.0,0.0644763607218041,0.12035849378716879,0.0,0.0
44,492031,548031,1,83.08,2.296432015105172,80.0,88.0,3.0,1.0206207261596576,0.0,0.07904916311234492,0.1289070047606255,0.0,0.0
44,525031,548031,1,82.23809523809524,1.3418097908195592,80.0,85.0,1.0,0.806225774829855,0.0,0.06023459968488608,0.07671856790558086,0.0,0.0
44,525031,548031,1,82.23809523809524,1.3418097908195592,80.0,85.0,1.0,0.806225774829855,0.0,0.06023459968488608,0.07671856790558086,0.0,0.0
44,525031,548031,1,82.23809523809524,1.3418097908195592,80.0,85.0,1.0,0.806225774829855,0.0,0.06023459968488608,0.07671856790558086,0.0,0.0
44,525031,548031,1,82.23809523809524,1.3418097908195592,80.0,85.0,1.0,0.806225774829855,0.0,0.06023459968488608,0.07671856790558086,0.0,0.0
44,525031,548031,1,82.23809523809524,1.3418097908195592,80.0,85.0,1.0,0.806225774829855,0.0,0.06023459968488608,0.07671856790558086,0.0,0.0
44,531031,548031,1,81.94444444444444,1.2234841969747356,80.0,85.0,3.0,0.7276068751089989,0.0,0.06833340353664646,0.08002820593477733,0.0,0.0
44,534031,548031,1,82.13333333333334,1.203698005684519,81.0,85.0,4.0,0.6546536707079771,0.0,0.07664869771916134,0.08513669751398308,0.0,0.0
44,540031,548031,1,82.77777777777777,1.1331154474650633,81.0,85.0,4.0,0.7071067811865476,0.0,0.08270750679219817,0.06367214693882933,0.0,0.0
44,6265859,6269859,1,105.4,0.4898979485566356,105.0,106.0,1.0,0.5,0.0,0.06275439064902016,0.046883997671401514,0.0,0.0
44,6265859,6275859,1,105.72727272727273,0.7496555682941201,105.0,107.0,1.0,0.5477225575051661,0.0,0.04818527545234474,0.04399167314523113,0.0,0.0
44,6265859,6281859,1,107.05882352941177,2.0427947475512163,105.0,111.0,5.0,0.6614378277661477,0.0,0.036773399701244,0.03900186949439264,0.0,0.0
44,6265859,6287859,1,108.52173913043478,3.0341471864987652,105.0,113.0,6.0,0.674199862463242,0.0,0.029503645614807478,0.03592005038404184,0.0,0.0
7,3040140,3047140,0,99.33333333333333,1.247219128924647,98.0,102.0,3.0,1.4832396974191326,0.0,0.010347088685650069,0.013118531678428205,0.0,0.0
7,3040140,3053140,0,98.75,1.1636866703140785,97.0,102.0,4.0,1.1281521496355325,0.0,0.012086724787080625,0.01120703985079335,0.0,0.0
7,3040140,3056140,0,98.46666666666667,1.2036980056845192,97.0,102.0,4.0,1.0690449676496976,0.0,0.01327609051046108,0.011001991678323447,0.0,0.0
9,463781,493552,1,107.23809523809524,1.2688488185213551,106.0,111.0,4.0,1.0,0.0,0.06489572425637648,0.13165141787675416,0.0,0.0
9,470552,493552,1,107.3125,1.4456291882775472,106.0,111.0,4.0,1.1547005383792515,0.0,0.0757851734187446,0.14730137835944263,0.0,0.0
9,476552,493552,1,107.7,1.676305461424021,106.0,111.0,4.0,1.4142135623730951,0.0,0.10758147632443207,0.1783227029122073,0.0,0.0
9,483552,493552,1,109.0,2.0,107.0,111.0,4.0,2.309401076758503,0.0,0.08791185498897507,0.12966928872232814,0.0,0.0
9,492552,547552,1,106.0,5.0,101.0,111.0,10.0,5.773502691896258,0.3333333333333333,0.05130864486608758,0.04450069126706429,0.0,0.0
9,1075135,1098359,1,104.0,0.0,104.0,104.0,0.0,0.0,0.0,0.07761851744247991,0.0732739234789904,0.0,0.0
9,1075135,1098359,1,104.0,0.0,104.0,104.0,0.0,0.0,0.0,0.07761851744247991,0.0732739234789904,0.0,0.0
9,1075135,1098359,1,104.0,0.0,104.0,104.0,0.0,0.0,0.0,0.07761851744247991,0.0732739234789904,0.0,0.0
9,1075135,1116359,1,103.66666666666667,0.7453559924999299,102.0,104.0,2.0,0.8944271909999159,0.0,0.07438621893359403,0.0672789862185079,0.0,0.0
9,1075135,1123359,1,103.25,0.9682458365518543,102.0,104.0,2.0,0.7559289460184544,0.0,0.0700128039323897,0.05877642388410716,0.0,0.0
9,1075135,1124360,1,103.11111111111111,0.9938079899999066,102.0,104.0,2.0,0.7071067811865476,0.0,0.06467691734011816,0.057433348238608954,0.0,0.0
9,1095359,1124360,1,103.0,1.0,102.0,104.0,2.0,0.7559289460184544,0.0,0.0718574785766539,0.05698130429438883,0.0,0.0
9,1095359,1124360,1,103.0,1.0,102.0,104.0,2.0,0.7559289460184544,0.0,0.0718574785766539,0.05698130429438883,0.0,0.0
9,1095359,1142393,1,103.11111111111111,0.9938079899999066,102.0,104.0,0.0,1.0,0.0,0.06480688519137895,0.057304386823349505,0.0,0.0
9,1095359,1142393,1,103.11111111111111,0.9938079899999066,102.0,104.0,0.0,1.0,0.0,0.06480688519137895,0.057304386823349505,0.0,0.0
9,1116359,1142393,1,102.4,0.8,102.0,104.0,2.0,1.0,0.0,0.040480361391568624,0.0211850192902365,0.0,0.0
9,1116359,1142393,1,102.4,0.8,102.0,104.0,2.0,1.0,0.0,0.040480361391568624,0.0211850192902365,0.0,0.0
9,1116359,1142393,1,102.4,0.8,102.0,104.0,2.0,1.0,0.0,0.040480361391568624,0.0211850192902365,0.0,0.0
9,1122359,1142393,1,102.5,0.8660254037844386,102.0,104.0,2.0,1.1547005383792515,0.0,0.03604427014216964,0.021508411727615886,0.0,0.0
9,2343448,2347448,1,99.4,0.4898979485566356,99.0,100.0,1.0,0.5,0.0,0.013304608844030803,0.0027184913107123642,0.0,0.0
9,2343448,2353448,1,100.36363636363636,1.2264306875665492,99.0,103.0,3.0,0.7071067811865476,0.0,0.015465795437756858,0.01610682603340192,0.0,0.0
9,2343448,2359448,1,100.6470588235294,1.2338927625531195,99.0,103.0,0.0,0.7071067811865476,0.0,0.013264562125034948,0.013603568538321701,0.0,0.0
9,2343448,2365448,1,100.08695652173913,1.442010778415391,98.0,103.0,2.0,0.674199862463242,0.0,0.012491975495344166,0.011886319698329149,0.0,0.0
9,2343448,2371448,1,99.55172413793103,1.6730357890632004,97.0,103.0,3.0,0.6267831705280087,0.0,0.016763179783929893,0.019314108560612664,0.0,0.0
