subject,window_start_ms,window_end_ms,label,hr_mean,hr_std,hr_min,hr_max,hr_delta_abs,rmssd,pnn50,motion_mean,motion_std,temp_mean,temp_spread
1,492488,521325,0,98.53846153846153,1.598816130063579,95.0,100.0,1.0,1.1902380714238083,0.0,0.05045378829104122,0.06316668591435513,0.0,0.0
1,500487,521325,0,97.33333333333333,1.5986105077709065,95.0,100.0,2.0,1.6733200530681511,0.0,0.0979722034107023,0.06606027428380437,0.0,0.0
1,505325,521325,0,97.5,1.8027756377319946,95.0,100.0,5.0,1.7320508075688772,0.0,0.10889148044533058,0.06586329254828864,0.0,0.0
1,541325,552325,0,96.0,1.224744871391589,95.0,98.0,3.0,1.2909944487358056,0.0,0.01114452895208852,0.011604204816832471,0.0,0.0
1,541325,554325,0,95.16666666666667,1.5723301886761003,93.0,98.0,5.0,1.1832159566199232,0.0,0.034427421124404285,0.037164943658056004,0.0,0.0
1,541325,554325,0,95.16666666666667,1.5723301886761003,93.0,98.0,5.0,1.1832159566199232,0.0,0.034427421124404285,0.037164943658056004,0.0,0.0
1,541325,554325,0,95.16666666666667,1.5723301886761003,93.0,98.0,5.0,1.1832159566199232,0.0,0.034427421124404285,0.037164943658056004,0.0,0.0
1,550325,576325,0,95.0,1.2909944487358056,93.0,97.0,1.0,1.9493588689617927,0.0,0.03487892770476456,0.03712750136934166,0.0,0.0
1,553325,577325,0,95.0,1.5811388300841898,93.0,97.0,2.0,2.449489742783178,0.0,0.07184524613233578,0.028943486444843205,0.0,0.0
1,3109754,3113758,0,95.8,0.7483314773547882,95.0,97.0,2.0,0.7071067811865476,0.0,0.005287278501587987,0.0033398149440475207,0.0,0.0
1,3109754,3118764,0,95.8,0.7483314773547882,95.0,97.0,0.0,0.6666666666666666,0.0,0.03662316916460277,0.056340366542976784,0.0,0.0
1,3109754,3125745,0,96.75,1.3919410907075054,95.0,99.0,1.0,0.7745966692414834,0.0,0.04000474934389278,0.050647044394304924,0.0,0.0
1,3109754,3131745,0,97.05263157894737,1.468034282208563,95.0,99.0,1.0,0.7817359599705717,0.0,0.03601171142637254,0.047392358276222915,0.0,0.0
1,3109754,3137745,0,97.24,1.335065541462291,95.0,99.0,1.0,0.7359800721939872,0.0,0.02945365637367822,0.04302248148497017,0.0,0.0
1,3114759,3143745,0,97.6923076923077,1.065877420042386,95.0,99.0,3.0,0.6633249580710799,0.0,0.029049159063310702,0.04219652106591204,0.0,0.0
1,3120745,3149745,0,98.07407407407408,0.46554833666579754,97.0,99.0,1.0,0.5883484054145521,0.0,0.018614111664931415,0.0238602540544503,0.0,0.0
1,3126745,3155745,0,97.85185185185185,0.523782800878924,97.0,99.0,2.0,0.4803844614152614,0.0,0.015566090617250528,0.013700990540463346,0.0,0.0
1,3132745,3161745,0,97.23333333333333,1.3085190950927015,93.0,98.0,5.0,0.6158817620514397,0.0,0.017098317437826617,0.015780344232819155,0.0,0.0
1,3138745,3167745,0,96.36666666666666,1.9232495649002208,93.0,98.0,5.0,0.6158817620514397,0.0,0.01747300304725957,0.015439047481809888,0.0,0.0
1,3144745,3173745,0,95.26666666666667,2.2350739485653617,92.0,98.0,5.0,0.7191949522280763,0.0,0.01779379888533648,0.015483027913140456,0.0,0.0
1,3150745,3179745,0,94.1,2.103172207246314,92.0,98.0,5.0,0.7191949522280763,0.0,0.016321187153030707,0.016077651378775704,0.0,0.0
1,3156745,3185745,0,93.13333333333334,1.4313940369055924,91.0,97.0,3.0,0.7656414934887764,0.0,0.01096209679883456,0.011465090493624442,0.0,0.0
1,3162745,3191745,0,93.23333333333333,1.4761059883656353,91.0,97.0,3.0,0.7191949522280763,0.0,0.007671088483266317,0.00501194503447886,0.0,0.0
1,3168745,3197745,0,93.53333333333333,1.6478942792411035,91.0,97.0,2.0,0.6948083337796512,0.0,0.008020261410528643,0.006934836165023157,0.0,0.0
1,3174745,3198745,0,93.8,1.6970562748477143,91.0,97.0,2.0,0.6454972243679028,0.0,0.007922563840718936,0.00666197406571668,0.0,0.0
1,3180745,3198745,0,94.36842105263158,1.5630781478860527,91.0,97.0,2.0,0.7453559924999299,0.0,0.008165487870630981,0.006899793452560981,0.0,0.0
1,3186745,3198745,0,95.23076923076923,0.890448992522325,94.0,97.0,0.0,0.7071067811865476,0.0,0.009566865430692338,0.007854824111002225,0.0,0.0
1,3192745,3198745,0,94.85714285714286,0.6388765649999399,94.0,96.0,2.0,0.5773502691896257,0.0,0.012326842285459941,0.00971383178717872,0.0,0.0
1,3598207,3606225,0,92.55555555555556,0.4969039949999533,92.0,93.0,0.0,0.7071067811865476,0.0,0.012124263942187677,0.017710773080994637,0.0,0.0
1,3598207,3610232,0,92.6923076923077,0.46153846153846145,92.0,93.0,0.0,0.5773502691896257,0.0,0.012603900483781932,0.015613930000552514,0.0,0.0
1,3598207,3617243,0,92.72222222222223,0.7307192465536614,91.0,94.0,2.0,0.6859943405700354,0.0,0.014086481324226284,0.014486484256077202,0.0,0.0
1,3598207,3624020,0,92.5,0.9746794344808963,90.0,94.0,3.0,0.6882472016116853,0.0,0.014411410299406091,0.01385171808237915,0.0,0.0
1,3601213,3630020,0,92.17391304347827,1.048898963636071,90.0,94.0,1.0,0.7687061147858074,0.0,0.01833566584733553,0.016399730305070095,0.0,0.0
1,3607227,3636020,0,91.47826086956522,1.4998424617965513,88.0,94.0,5.0,0.7687061147858074,0.0,0.0204549446291157,0.018244782926680202,0.0,0.0
1,3613236,3642020,0,90.44,1.8128430709799457,88.0,94.0,5.0,0.7359800721939872,0.0,0.019582346523532176,0.018367836956710754,0.0,0.0
1,3623020,3648020,0,89.92307692307692,1.356553237580646,88.0,92.0,1.0,0.7211102550927979,0.0,0.021833370773573613,0.022714416517792796,0.0,0.0
1,3625020,3654020,0,90.26666666666667,1.50406855635713,88.0,93.0,1.0,0.6158817620514397,0.0,0.020565601248481172,0.0219874898750885,0.0,0.0
1,3631020,3660020,0,90.1,1.4224392195567912,88.0,93.0,0.0,0.6432675209026769,0.0,0.020360369088940754,0.021641368983180885,0.0,0.0
1,3637020,3666020,0,90.5,1.5438048235879214,88.0,93.0,5.0,0.6158817620514397,0.0,0.04057445573064887,0.06309820282408583,0.0,0.0
1,3643020,3672020,0,91.56666666666666,1.4302291968616625,89.0,94.0,5.0,0.7656414934887764,0.0,0.04446315342390482,0.0625097812425111,0.0,0.0
1,3649020,3678020,0,92.4,1.518771433319269,90.0,95.0,2.0,0.7427813527082074,0.0,0.04886799640631497,0.06059346266808788,0.0,0.0
1,3655020,3684020,0,92.4,1.5187714333192694,90.0,95.0,2.0,0.7427813527082074,0.0,0.05218901955473685,0.05916962166660098,0.0,0.0
10,501078,519078,0,81.36363636363636,0.9791208740244554,80.0,83.0,3.0,0.9486832980505138,0.0,0.012406485777643866,0.005032967244360472,0.0,0.0
10,512078,519078,0,81.125,0.9270248108869579,80.0,83.0,3.0,0.6546536707079771,0.0,0.011626582483811264,0.005696872859909324,0.0,0.0
10,513078,519078,0,80.85714285714286,0.6388765649999399,80.0,82.0,2.0,0.5773502691896257,0.0,0.01224605764985998,0.00583272678329675,0.0,0.0
10,1010618,1016645,0,76.85714285714286,2.166535841157586,75.0,81.0,6.0,1.2909944487358056,0.0,0.008816649059024345,0.004492602119504325,0.0,0.0
10,1010618,1020650,0,76.9090909090909,2.0650575802910085,74.0,81.0,3.0,1.5811388300841898,0.0,0.01731281240576057,0.018418700175343104,0.0,0.0
10,1010618,1028684,0,77.5,2.7838821814150108,74.0,84.0,3.0,2.354878881270658,0.09090909090909091,0.01640955872014964,0.01788721179771606,0.0,0.0
10,1010618,1028684,0,77.5,2.7838821814150108,74.0,84.0,3.0,2.354878881270658,0.09090909090909091,0.01640955872014964,0.01788721179771606,0.0,0.0
10,1011623,1039064,0,78.26666666666667,2.931817790306136,74.0,84.0,3.0,2.187627547301936,0.07142857142857142,0.013921991989853956,0.016822609736267077,0.0,0.0
10,1017638,1039064,0,79.66666666666667,2.8284271247461903,74.0,84.0,8.0,2.7386127875258306,0.125,0.0180594298057391,0.020465282439435437,0.0,0.0
10,1028684,1053064,0,78.9090909090909,2.906248611481051,75.0,84.0,9.0,2.345207879911715,0.1,0.005556062036185063,0.004481558770626655,0.0,0.0
10,1036064,1059064,0,76.875,2.8256636388643286,74.0,82.0,7.0,1.7701224063135672,0.06666666666666667,0.009718164599201475,0.008715447439813362,0.0,0.0
10,1036064,1065064,0,76.9090909090909,2.502890890533855,74.0,82.0,4.0,1.7182493859684491,0.047619047619047616,0.03943707324871136,0.10656816836146497,0.0,0.0
10,1048064,1071064,0,76.375,1.6024070435857842,74.0,79.0,3.0,1.122884484360431,0.0,0.05368824111656356,0.10504758499825222,0.0,0.0
10,1048064,1075064,0,76.71428571428571,1.7291026338443154,74.0,80.0,4.0,1.0886621079036347,0.0,0.05654736665657318,0.0987883593828389,0.0,0.0
10,1054064,1083064,0,77.41666666666667,2.767620317569269,74.0,85.0,9.0,1.4596008983995234,0.0,0.06665716273530804,0.10361905531885988,0.0,0.0
10,1060064,1089064,0,79.83333333333333,3.210226714043037,75.0,85.0,10.0,1.4744195615489712,0.0,0.07089653423459297,0.10217281863146532,0.0,0.0
10,1066064,1095064,0,81.875,3.295356581616017,77.0,86.0,8.0,1.285369173834303,0.0,0.049990103729963375,0.0396264516080369,0.0,0.0
10,1072064,1100064,0,83.5909090909091,2.4056579313453166,78.0,86.0,8.0,1.3451854182690985,0.0,0.06278760185139289,0.11745420874980882,0.0,0.0
10,1082064,1100064,0,84.66666666666667,0.7453559924999299,83.0,86.0,1.0,0.8043996665398437,0.0,0.06036215339689556,0.12820896677379992,0.0,0.0
10,1084064,1100064,0,84.6875,0.7680128579652817,83.0,86.0,3.0,0.7745966692414834,0.0,0.06517293216776227,0.13503883293208038,0.0,0.0
10,1090064,1100064,0,85.1,0.5385164807134505,84.0,86.0,1.0,0.8819171036881969,0.0,0.08401742793337408,0.16735543528270133,0.0,0.0
10,1096064,1100064,0,85.0,0.7071067811865476,84.0,86.0,1.0,1.2909944487358056,0.0,0.15745090839010617,0.24681866237961117,0.0,0.0
10,3519081,3524102,1,82.16666666666667,0.8975274678557508,81.0,83.0,0.0,1.4142135623730951,0.0,0.013505448531832895,0.009645534884697403,0.0,0.0
10,3519081,3530637,1,82.0909090909091,0.7925270806437589,81.0,83.0,0.0,1.1832159566199232,0.0,0.0498491337654533,0.06362677256249186,0.0,0.0
10,3519081,3536637,1,81.82352941176471,0.9843059135695006,80.0,83.0,1.0,1.14564392373896,0.0,0.05200303834618117,0.054396462012429585,0.0,0.0
10,3519081,3541637,1,82.04545454545455,1.0214638661020106,80.0,84.0,3.0,1.0465362369445672,0.0,0.06468293410046745,0.06794759669187357,0.0,0.0
10,3519081,3541637,1,82.04545454545455,1.0214638661020106,80.0,84.0,3.0,1.0465362369445672,0.0,0.06468293410046745,0.06794759669187357,0.0,0.0
10,3525107,3541637,1,82.0,1.0606601717798212,80.0,84.0,2.0,0.8944271909999159,0.0,0.08387449118870544,0.07044731527303637,0.0,0.0
10,3531637,3541637,1,82.0,1.2060453783110545,80.0,84.0,4.0,0.8944271909999159,0.0,0.07951673443548164,0.0688861549291715,0.0,0.0
10,3537637,3541637,1,82.8,0.7483314773547882,82.0,84.0,2.0,0.7071067811865476,0.0,0.10779457966504088,0.0885916108796411,0.0,0.0
10,4745461,4748475,0,74.25,0.4330127018922193,74.0,75.0,1.0,0.5773502691896257,0.0,0.010587565142973366,0.008392266022593737,0.0,0.0
10,4745461,4754511,0,74.0,0.6324555320336759,73.0,75.0,0.0,0.6666666666666666,0.0,0.014799602329507574,0.01633999403514439,0.0,0.0
10,4745461,4760540,0,75.25,2.0463381929681126,73.0,80.0,5.0,0.8563488385776752,0.0,0.011611760088015063,0.01369522305720443,0.0,0.0
10,4745461,4766555,0,76.27272727272727,2.415514591924804,73.0,80.0,4.0,0.7559289460184544,0.0,0.009772107382041532,0.012142564671888933,0.0,0.0
10,4745461,4772555,0,76.82142857142857,2.391257461022957,73.0,80.0,3.0,0.693888666488711,0.0,0.008822132094332302,0.01096948245545134,0.0,0.0
10,4749479,4778555,0,77.3,2.0840665376454117,73.0,80.0,3.0,0.6695340634119862,0.0,0.00812004249840987,0.01025064470471627,0.0,0.0
10,4755516,4784555,0,77.73333333333333,1.4126413400278057,75.0,80.0,1.0,0.6158817620514397,0.0,0.005882025515550422,0.0031436423178488678,0.0,0.0
10,4761544,4790555,0,77.6,1.2274635093014645,76.0,79.0,2.0,0.3713906763541037,0.0,0.006305114679361689,0.0033214685965810508,0.0,0.0
10,4767555,4796555,0,77.36666666666666,1.0796089827134432,76.0,79.0,0.0,0.454858826147342,0.0,0.0063063145111560415,0.0034507797869905666,0.0,0.0
10,4773555,4802555,0,77.13333333333334,0.8844332774281066,76.0,79.0,1.0,0.4913036844405175,0.0,0.006449811123970516,0.0032946858578581924,0.0,0.0
10,4779555,4808555,0,77.06666666666666,0.85374989832438,76.0,79.0,2.0,0.454858826147342,0.0,0.006183472386206747,0.003166244357287004,0.0,0.0
10,4785555,4814555,0,77.36666666666666,0.7063206700139029,76.0,79.0,2.0,0.5252257314388902,0.0,0.006201193854267906,0.0027845455069859452,0.0,0.0
10,4791555,4820555,0,77.66666666666667,0.6497862896539307,77.0,79.0,2.0,0.5252257314388902,0.0,0.005301172311950025,0.0026905166997314945,0.0,0.0
10,4797555,4826555,0,77.9,0.7895146188218006,77.0,79.0,0.0,0.454858826147342,0.0,0.005229917974183632,0.0023709306411415637,0.0,0.0
10,4803555,4832555,0,78.13333333333334,0.8055363982396383,77.0,79.0,1.0,0.41522739926869984,0.0,0.004779951549517367,0.002484865250066695,0.0,0.0
10,4809555,4834555,0,78.34615384615384,0.6760921473556518,77.0,79.0,0.0,0.4,0.0,0.005024345334124446,0.0027443908841504406,0.0,0.0
10,4815555,4834555,0,78.6,0.4898979485566356,78.0,79.0,0.0,0.3244428422615251,0.0,0.0045798040704001,0.0028284983004388405,0.0,0.0
10,4821555,4834555,0,78.78571428571429,0.410325903324145,78.0,79.0,1.0,0.2773500981126146,0.0,0.004865136760716799,0.0024918055761466206,0.0,0.0
10,4827555,4834555,0,78.625,0.4841229182759271,78.0,79.0,1.0,0.3779644730092272,0.0,0.00512691860406546,0.0028725903043404413,0.0,0.0
10,5446866,5450899,0,76.2,0.4,76.0,77.0,0.0,0.7071067811865476,0.0,0.00907469328519476,0.004498993044011433,0.0,0.0
10,5446866,5456928,0,76.27272727272727,0.44536177141512323,76.0,77.0,0.0,0.7745966692414834,0.0,0.011426136644655055,0.010131402795422512,0.0,0.0
10,5446866,5462942,0,76.58823529411765,0.7714633558002355,76.0,78.0,2.0,0.7071067811865476,0.0,0.008995744828066088,0.00901673334301378,0.0,0.0
10,5446866,5468881,0,76.76190476190476,0.8109231602822096,76.0,78.0,2.0,0.7071067811865476,0.0,0.008248542047117354,0.00836779478160085,0.0,0.0
10,5446866,5474881,0,77.44444444444444,1.4989708403591158,76.0,81.0,5.0,0.7071067811865476,0.0,0.0076589710033150024,0.00752960274025329,0.0,0.0
10,5451904,5480881,0,78.25,1.682366530473411,76.0,81.0,4.0,0.6666666666666666,0.0,0.008075513768919962,0.008103828683156705,0.0,0.0
10,5457933,5486881,0,79.46428571428571,1.9545211846445898,76.0,83.0,7.0,0.6382847385042254,0.0,0.006074578833675108,0.00502587166142332,0.0,0.0
10,5463947,5492881,0,80.71428571428571,1.9059520091609052,77.0,83.0,6.0,0.5443310539518174,0.0,0.0061493044165970125,0.004949074703693357,0.0,0.0
10,5469881,5498881,0,81.4,1.3564659966250536,79.0,83.0,3.0,0.4913036844405175,0.0,0.005952270783110652,0.00478583579565691,0.0,0.0
10,5475881,5504881,0,81.86666666666666,1.0873004286866728,80.0,83.0,1.0,0.4913036844405175,0.0,0.00591247319224191,0.0047519854506796215,0.0,0.0
10,5481881,5510881,0,82.26666666666667,0.6798692684790378,80.0,83.0,3.0,0.4913036844405175,0.0,0.0048886200892537595,0.0022872363997910256,0.0,0.0
10,5487881,5516881,0,82.1,0.7895146188218007,80.0,83.0,3.0,0.4913036844405175,0.0,0.005765330469440032,0.0028914091595491124,0.0,0.0
10,5493881,5522881,0,81.83333333333333,1.002773930432755,80.0,84.0,1.0,0.7656414934887764,0.0,0.0057738019872734915,0.0033162075666072145,0.0,0.0
10,5499881,5528881,0,81.73333333333333,1.0624918300339483,80.0,84.0,1.0,0.8094272134003795,0.0,0.006578606265828497,0.0036196902466531953,0.0,0.0
10,5505881,5534881,0,81.5,1.0567244989431572,80.0,84.0,1.0,0.7656414934887764,0.0,0.006569229285373795,0.003648866321028457,0.0,0.0
10,5511881,5535881,0,81.28,1.1142710621747296,80.0,84.0,3.0,0.8416254115301732,0.0,0.006865591921465256,0.003887000053823923,0.0,0.0
10,5517881,5535881,0,81.3157894736842,1.1263649767911947,80.0,84.0,0.0,0.8819171036881969,0.0,0.006371085692245647,0.0038586274215620673,0.0,0.0
10,5523881,5535881,0,81.15384615384616,0.6617173282340482,80.0,83.0,3.0,0.5,0.0,0.0070356928699947955,0.003184469123975321,0.0,0.0
10,5529881,5535881,0,80.85714285714286,0.3499271061118826,80.0,81.0,1.0,0.408248290463863,0.0,0.005805794030334,0.002111016123193436,0.0,0.0
10,7207857,7214875,0,76.125,1.2686114456365274,74.0,77.0,3.0,0.8451542547285166,0.0,0.022077940925302117,0.03571665175884531,0.0,0.0
10,7207857,7220880,0,75.92857142857143,1.5336364681131347,74.0,79.0,2.0,1.0377490433255416,0.0,0.01630975258861217,0.028116228672641155,0.0,0.0
10,7207857,7225872,0,77.78947368421052,3.44244324753007,74.0,84.0,7.0,1.130388330520878,0.0,0.013619825294485017,0.024646518804284544,0.0,0.0
10,7207857,7232193,0,79.28,4.005196624386873,74.0,84.0,7.0,0.9789450103725609,0.0,0.011523161098151779,0.021881492801236396,0.0,0.0
10,7209863,7238193,0,80.41379310344827,4.09808400461947,74.0,84.0,7.0,0.9063269671749657,0.0,0.007259732217028637,0.0067557313556917626,0.0,0.0
10,7215881,7244193,0,81.93103448275862,3.3726182858810483,74.0,84.0,9.0,0.823754471047914,0.0,0.006903706588859942,0.0045809113124189605,0.0,0.0
10,7221873,7250193,0,83.44827586206897,0.7233164470138976,81.0,84.0,2.0,0.4629100498862757,0.0,0.006527274993589518,0.004108931670242212,0.0,0.0
10,7227193,7256193,0,83.23333333333333,0.7608474807008886,82.0,84.0,2.0,0.2626128657194451,0.0,0.010622692138425519,0.01221074733313242,0.0,0.0
10,7233193,7262193,0,83.16666666666667,0.8595864638818418,82.0,85.0,1.0,0.41522739926869984,0.0,0.014542395000986445,0.014921232444410968,0.0,0.0
10,7239193,7268193,0,83.46666666666667,1.384035966135113,82.0,87.0,3.0,0.5570860145311556,0.0,0.01644203566375048,0.015683685864752637,0.0,0.0
10,7245193,7274193,0,83.9,1.6603212540549699,82.0,87.0,0.0,0.6948083337796512,0.0,0.01810371790647577,0.01511165306688693,0.0,0.0
10,7251193,7280193,0,83.33333333333333,2.3285665595430642,79.0,87.0,3.0,0.8094272134003795,0.0,0.01969838470652775,0.015826067761028604,0.0,0.0
10,7257193,7286193,0,82.6,3.1155523854794462,77.0,87.0,5.0,0.9649012813540153,0.0,0.033508071774646764,0.05088757461030862,0.0,0.0
11,404049,433494,0,63.6551724137931,0.841831421774738,62.0,65.0,0.0,0.7071067811865476,0.0,0.01696459625855857,0.014142296278758838,0.0,0.0
11,411045,439494,0,63.035714285714285,1.1796531832081245,60.0,65.0,3.0,0.8819171036881969,0.0,0.01385366419089932,0.014068333393429356,0.0,0.0
11,417494,445494,0,62.58620689655172,1.0991294793454636,60.0,65.0,2.0,0.8451542547285166,0.0,0.009899889255604014,0.008932744993127146,0.0,0.0
11,422494,451494,0,62.233333333333334,0.8034647195462634,60.0,64.0,0.0,0.7878385971583354,0.0,0.009722682722439249,0.008606049879900804,0.0,0.0
11,428494,457494,0,62.166666666666664,0.7781745019952503,60.0,64.0,2.0,0.7427813527082074,0.0,0.007139854265319606,0.005503779798716092,0.0,0.0
11,434494,463494,0,61.96666666666667,0.6046119049072353,60.0,63.0,0.0,0.6432675209026769,0.0,0.005842223936483498,0.003149592636738739,0.0,0.0
11,440494,469494,0,62.0,0.5163977794943222,61.0,63.0,0.0,0.3713906763541037,0.0,0.006021828131562602,0.00326918508095402,0.0,0.0
11,446494,475494,0,61.833333333333336,0.6368324391514267,61.0,63.0,1.0,0.32163376045133846,0.0,0.006079295926496925,0.003339526371698639,0.0,0.0
11,452494,481494,0,61.63333333333333,0.6574360974438672,61.0,63.0,1.0,0.32163376045133846,0.0,0.0060387825058023335,0.0032106152399277964,0.0,0.0
11,458494,487494,0,61.733333333333334,0.8137703743822469,61.0,64.0,1.0,0.41522739926869984,0.0,0.006158540984793032,0.003092246206544317,0.0,0.0
11,464494,492494,0,62.03448275862069,1.188530202732006,61.0,65.0,3.0,0.5669467095138409,0.0,0.006253640387133352,0.0031602391671051904,0.0,0.0
11,470494,492494,0,62.17391304347826,1.273549436163201,61.0,65.0,4.0,0.6030226891555273,0.0,0.006020913346105324,0.0028958244002626095,0.0,0.0
11,476494,492494,0,62.588235294117645,1.2394886768062046,61.0,65.0,4.0,0.7071067811865476,0.0,0.006268776237107174,0.002910222047236349,0.0,0.0
11,482494,492494,0,63.36363636363637,0.77138921583987,62.0,65.0,3.0,0.8366600265340756,0.0,0.0054688498008607644,0.002818651330901611,0.0,0.0
11,488494,492494,0,63.8,0.7483314773547882,63.0,65.0,2.0,1.0,0.0,0.005155762003377797,0.00329301299554535,0.0,0.0
11,990101,997096,0,68.125,1.0532687216470449,67.0,70.0,3.0,0.6546536707079771,0.0,0.01352187649761651,0.002544330746280868,0.0,0.0
11,990101,1003098,0,68.07142857142857,0.883522634060927,67.0,70.0,2.0,0.6793662204867574,0.0,0.013215539058926213,0.00316986947233947,0.0,0.0
11,990101,1009088,0,68.0,0.8366600265340756,67.0,70.0,2.0,0.7947194142390263,0.0,0.011579874160877583,0.003899793250556419,0.0,0.0
11,990101,1012089,0,68.0,0.7801894976054939,67.0,70.0,2.0,0.7385489458759964,0.0,0.011260566780944002,0.00394193646025042,0.0,0.0
11,992100,1021520,0,67.88888888888889,0.5665577237325317,67.0,69.0,1.0,0.6504436355879909,0.0,0.010939903703973908,0.003662956783366885,0.0,0.0
11,998096,1027520,0,67.85185185185185,0.523782800878924,67.0,69.0,0.0,0.6793662204867574,0.0,0.009616525544905751,0.003854871232379176,0.0,0.0
11,1004098,1033520,0,67.51851851851852,0.7874182083507147,65.0,69.0,3.0,0.6504436355879909,0.0,0.009059686223258812,0.003147806607536164,0.0,0.0
11,1010088,1039520,0,66.55555555555556,1.8121673811444545,63.0,68.0,5.0,0.5188745216627708,0.0,0.009638163495459814,0.003124138489556706,0.0,0.0
11,1016520,1045520,0,65.7,2.1315096371664226,63.0,68.0,5.0,0.4913036844405175,0.0,0.00998671384366398,0.003044017406550867,0.0,0.0
11,1022520,1051520,0,64.93333333333334,1.8607047649270485,63.0,68.0,3.0,0.5570860145311556,0.0,0.009819773236178862,0.0029712234303227096,0.0,0.0
11,1028520,1057520,0,64.6,1.4966629547095767,63.0,67.0,0.0,0.5252257314388902,0.0,0.010441562953963241,0.0024344279200316722,0.0,0.0
11,1034520,1063520,0,64.8,1.758787461103056,63.0,68.0,2.0,0.5252257314388902,0.0,0.010126348615958977,0.0025159347589815235,0.0,0.0
11,1040520,1069520,0,65.53333333333333,1.8024674446127702,63.0,68.0,4.0,0.5252257314388902,0.0,0.009544100750775544,0.0029692425825174717,0.0,0.0
11,1046520,1075520,0,66.13333333333334,1.3349989596333858,63.0,68.0,2.0,0.5872202195147035,0.0,0.009616799533053545,0.002850893609749343,0.0,0.0
11,1052520,1079520,0,66.32142857142857,1.1666059265043625,64.0,68.0,1.0,0.5773502691896257,0.0,0.009333822840349407,0.002932203590665986,0.0,0.0
11,1058520,1079520,0,66.45454545454545,1.233150906022776,64.0,68.0,3.0,0.5773502691896257,0.0,0.009213638679535672,0.00324215042888594,0.0,0.0
11,1064520,1079520,0,66.0625,1.197327753791751,64.0,68.0,3.0,0.5773502691896257,0.0,0.009396787995646574,0.0036372603267896446,0.0,0.0
11,1070520,1079520,0,65.4,1.0198039027185568,64.0,67.0,3.0,0.5773502691896257,0.0,0.010561722114383644,0.0029946211445177383,0.0,0.0
11,1076520,1079520,0,64.5,0.5,64.0,65.0,1.0,0.5773502691896257,0.0,0.009167425999707938,0.00392987459915585,0.0,0.0
11,2293868,2298864,0,63.166666666666664,0.37267799624996495,63.0,64.0,0.0,0.6324555320336759,0.0,0.008681829364781258,0.0032413663799525996,0.0,0.0
11,2293868,2305277,0,63.44444444444444,0.4969039949999533,63.0,64.0,1.0,0.6123724356957945,0.0,0.00748581270888932,0.003189007520744302,0.0,0.0
11,2293868,2311277,0,62.8,0.9797958971132712,61.0,64.0,2.0,0.6546536707079771,0.0,0.007476009280899442,0.00302398922446427,0.0,0.0
11,2293868,2317277,0,62.857142857142854,1.1664236870396087,61.0,65.0,2.0,0.7745966692414834,0.0,0.0077244670247722065,0.0032785945647936946,0.0,0.0
11,2294867,2323277,0,63.34615384615385,1.3851494696437774,61.0,65.0,2.0,0.6928203230275509,0.0,0.0072879527377583886,0.003310227170425577,0.0,0.0
11,2303277,2329277,0,63.96296296296296,1.7739155577523031,61.0,67.0,3.0,0.6504436355879909,0.0,0.014011877139547775,0.02564109717248738,0.0,0.0
11,2306277,2335277,0,64.56666666666666,2.108448613449129,61.0,68.0,3.0,0.6695340634119862,0.0,0.013005185754928464,0.024532880455672316,0.0,0.0
11,2312277,2341277,0,65.8,1.9561867668161617,61.0,69.0,8.0,0.6948083337796512,0.0,0.014842083085174129,0.0259365240021166,0.0,0.0
11,2318277,2347277,0,67.56666666666666,2.4991109530302085,65.0,74.0,9.0,0.7191949522280763,0.0,0.015637878085111988,0.025940074713568392,0.0,0.0
11,2324277,2353277,0,70.13333333333334,4.455209185760966,65.0,80.0,14.0,1.0504514628777804,0.0,0.015487833120028183,0.025984603585971253,0.0,0.0
11,2330277,2359277,0,72.86666666666666,5.200854630624556,66.0,80.0,12.0,1.0504514628777804,0.0,0.009651806417584492,0.01071101033551557,0.0,0.0
11,2336277,2365277,0,75.0,4.501851470969102,67.0,80.0,9.0,1.0339078862458586,0.0,0.009789564953092052,0.010710258748257049,0.0,0.0
11,2342277,2371277,0,75.66666666666667,3.6545253529775317,69.0,80.0,1.0,1.217685764345488,0.0,0.00742289726196664,0.005141332689178485,0.0,0.0
11,2348277,2377277,0,74.43333333333334,5.389392874485544,64.0,80.0,12.0,1.144702942944678,0.0,0.006485970610651929,0.0033822266569344954,0.0,0.0
11,2354277,2382277,0,71.58620689655173,6.7696953600246035,61.0,80.0,18.0,1.0,0.0,0.005908056255381422,0.0035517140263940923,0.0,0.0
11,2360277,2382277,0,69.47826086956522,6.0207580428221785,61.0,79.0,18.0,1.087114613009218,0.0,0.005108130379840433,0.0032004229755238137,0.0,0.0
11,2366277,2382277,0,66.58823529411765,4.088129495033895,61.0,75.0,14.0,1.1726039399558574,0.0,0.005072824388218987,0.003072224129074111,0.0,0.0
11,2372277,2382277,0,64.0,2.174229226018436,61.0,68.0,7.0,0.8366600265340756,0.0,0.005214845508420686,0.0034336290333367263,0.0,0.0
11,2378277,2382277,0,62.0,0.6324555320336759,61.0,63.0,2.0,0.7071067811865476,0.0,0.002304716365441658,0.0011500805667104764,0.0,0.0
11,2931266,2935263,0,67.8,0.4,67.0,68.0,1.0,0.5,0.0,0.015074240786657426,0.001908048295778648,0.0,0.0
11,2931266,2942038,0,67.36363636363636,0.77138921583987,66.0,68.0,0.0,0.6324555320336759,0.0,0.015411089813889183,0.007249188436929346,0.0,0.0
11,2931266,2948038,0,67.3529411764706,0.7624400821656306,66.0,68.0,0.0,0.7905694150420949,0.0,0.01339523122323619,0.007308533669264804,0.0,0.0
11,2931266,2954038,0,67.6086956521739,0.8203461853962264,66.0,69.0,0.0,0.7977240352174656,0.0,0.011883165849136063,0.007346939508023226,0.0,0.0
11,2931266,2960038,0,67.37931034482759,0.9252695079309473,66.0,69.0,2.0,0.7559289460184544,0.0,0.010435859675174408,0.007294549327536895,0.0,0.0
11,2936262,2966038,0,66.66666666666667,1.6193277068654823,63.0,69.0,4.0,0.8304547985373997,0.0,0.008898910903890512,0.0072568418437684865,0.0,0.0
11,2943038,2972038,0,65.2,3.1979159880563883,59.0,69.0,9.0,0.9284766908852593,0.0,0.006566941938201451,0.005003271413767872,0.0,0.0
11,2949038,2978038,0,63.233333333333334,4.18476071265995,56.0,69.0,12.0,0.9468641529479986,0.0,0.005389299317981942,0.0041246700199166,0.0,0.0
11,2955038,2984038,0,60.63333333333333,4.254278891761668,55.0,68.0,11.0,0.9649012813540153,0.0,0.005032916957260711,0.003553071325047667,0.0,0.0
11,2961038,2990038,0,58.6,3.272104317815473,55.0,66.0,9.0,0.9649012813540153,0.0,0.004638791276721682,0.003441300275221041,0.0,0.0
11,2967038,2996038,0,57.233333333333334,1.6468825769380833,55.0,61.0,4.0,0.8304547985373997,0.0,0.004505513995841786,0.0027752063907969617,0.0,0.0
11,2973038,3002038,0,56.56666666666667,1.0857664983268223,55.0,60.0,4.0,0.7878385971583354,0.0,0.004202659040763326,0.002924171219926873,0.0,0.0
11,2979038,3008038,0,56.46666666666667,0.8459051693633013,55.0,58.0,2.0,0.6432675209026769,0.0,0.004159028585620872,0.0031469501042490655,0.0,0.0
11,2985038,3014038,0,56.96666666666667,0.7063206700139031,56.0,58.0,2.0,0.5252257314388902,0.0,0.0041301155449435705,0.0030657486323985694,0.0,0.0
12,551716,581352,0,74.48148148148148,1.2872701627394643,72.0,77.0,4.0,0.6793662204867574,0.0,0.01686354406077626,0.016039699276844555,0.0,0.0
12,558710,587352,0,74.96153846153847,0.8978936561483655,74.0,77.0,0.0,0.7483314773547883,0.0,0.01903786495537976,0.01558410636301836,0.0,0.0
12,566352,593352,0,74.5,1.5,71.0,77.0,3.0,0.7934920476158722,0.0,0.01653608373543365,0.011863564994032506,0.0,0.0
12,570352,599352,0,73.7,2.0840665376454117,70.0,77.0,6.0,0.7878385971583354,0.0,0.013892245125939905,0.007857816925104668,0.0,0.0
12,576352,605352,0,73.0,2.016597794967223,70.0,76.0,4.0,0.6948083337796512,0.0,0.016478454271614058,0.009147222814412215,0.0,0.0
12,582352,611352,0,72.13333333333334,1.564892612574067,70.0,76.0,5.0,0.7656414934887764,0.0,0.01538946234446783,0.008835910583378308,0.0,0.0
12,588352,617352,0,71.63333333333334,0.8359957469322971,70.0,73.0,0.0,0.6948083337796512,0.0,0.014900155581687788,0.008632544828526482,0.0,0.0
12,594352,623352,0,71.86666666666666,1.0561986345169907,70.0,74.0,1.0,0.7191949522280763,0.0,0.013779442900324346,0.00901675567716149,0.0,0.0
12,600352,629352,0,72.16666666666667,0.8595864638818418,71.0,74.0,0.0,0.6432675209026769,0.0,0.013329515409363828,0.008958280353939103,0.0,0.0
12,606352,635352,0,72.26666666666667,0.85374989832438,71.0,74.0,1.0,0.6695340634119862,0.0,0.010727261912408748,0.006266505148821766,0.0,0.0
12,612352,640352,0,72.37931034482759,0.7617490356680869,71.0,74.0,0.0,0.6546536707079771,0.0,0.010038252723957598,0.0042562852634238585,0.0,0.0
12,618352,640352,0,72.3913043478261,0.8203461853962264,71.0,74.0,2.0,0.674199862463242,0.0,0.009641154858494691,0.0039042526605431744,0.0,0.0
12,624352,640352,0,72.05882352941177,0.5391265523477459,71.0,73.0,0.0,0.7071067811865476,0.0,0.010320018971291953,0.003296219224854967,0.0,0.0
12,630352,640352,0,72.0,0.6030226891555273,71.0,73.0,0.0,0.7745966692414834,0.0,0.01058503701361998,0.0034831928551968395,0.0,0.0
12,636352,640352,0,71.8,0.4,71.0,72.0,0.0,0.7071067811865476,0.0,0.012635889512806081,0.003753405112388611,0.0,0.0
12,1858332,1865328,0,73.625,0.4841229182759271,73.0,74.0,0.0,0.5345224838248488,0.0,0.0032425210808132653,0.0011726180138270815,0.0,0.0
12,1858332,1871328,0,74.71428571428571,1.4846149779161804,73.0,78.0,4.0,0.6793662204867574,0.0,0.0032549059447619156,0.0014785880996775471,0.0,0.0
12,1858332,1876329,0,75.47368421052632,1.81712384227706,73.0,78.0,3.0,0.6236095644623235,0.0,0.0033773293339825526,0.001851826287051207,0.0,0.0
12,1858332,1882749,0,75.86363636363636,1.960877691829363,73.0,79.0,5.0,0.6546536707079771,0.0,0.0035252476614707276,0.0018523137448050483,0.0,0.0
12,1860332,1888749,0,76.1923076923077,1.7978455219261913,73.0,79.0,2.0,0.7483314773547883,0.0,0.003921764577228499,0.0033861689632629427,0.0,0.0
12,1866329,1894749,0,76.3076923076923,1.6354070481130232,74.0,79.0,1.0,0.7211102550927979,0.0,0.004424694848286339,0.0036938115133579395,0.0,0.0
12,1872328,1900749,0,75.8076923076923,1.860918523600453,73.0,79.0,3.0,0.7211102550927979,0.0,0.004899004862725685,0.0036531556629088133,0.0,0.0
12,1880749,1906749,0,75.77777777777777,1.791612832955233,73.0,79.0,1.0,0.7595545253127499,0.0,0.005444592333537203,0.0035281393901073444,0.0,0.0
12,1883749,1912749,0,75.4,1.496662954709577,73.0,79.0,5.0,0.8094272134003795,0.0,0.005310045214442689,0.0033856137550665895,0.0,0.0
12,1889749,1918749,0,74.76666666666667,1.4533486237727757,73.0,78.0,2.0,0.7427813527082074,0.0,0.004934169533987187,0.002509551597100036,0.0,0.0
12,1895749,1924749,0,74.8,1.4696938456699071,73.0,78.0,1.0,0.7656414934887764,0.0,0.00474290638786139,0.0024832611789074284,0.0,0.0
12,1901749,1930749,0,75.06666666666666,1.4126413400278062,73.0,78.0,0.0,0.6948083337796512,0.0,0.0045280896925206275,0.002806133546263254,0.0,0.0
12,1907749,1936749,0,74.96666666666667,1.2512216252748973,73.0,77.0,0.0,0.6432675209026769,0.0,0.004234088511141438,0.0027206580533194404,0.0,0.0
12,1913749,1942749,0,74.83333333333333,1.2405196043952265,73.0,77.0,2.0,0.5872202195147035,0.0,0.0044071226969686515,0.0030386619993050383,0.0,0.0
12,1919749,1946749,0,75.28571428571429,1.0301575072754257,73.0,77.0,2.0,0.6085806194501846,0.0,0.004406498001462619,0.0031738667939079043,0.0,0.0
12,1925749,1946749,0,75.54545454545455,0.9403709484353273,74.0,77.0,0.0,0.6172133998483676,0.0,0.004476799476035812,0.0031519566157350598,0.0,0.0
12,1931749,1946749,0,75.625,1.0532687216470449,74.0,77.0,2.0,0.6324555320336759,0.0,0.004560844648589192,0.003001511259522697,0.0,0.0
12,1937749,1946749,0,75.0,0.7745966692414834,74.0,76.0,0.0,0.6666666666666666,0.0,0.004356310912516442,0.003319981521905245,0.0,0.0
12,1943749,1946749,0,75.75,0.4330127018922193,75.0,76.0,1.0,0.5773502691896257,0.0,0.0031721322289710798,0.0031478146790617106,0.0,0.0
12,2508761,2512762,0,72.8,0.4,72.0,73.0,1.0,0.5,0.0,0.007045392382503579,0.005620884430965546,0.0,0.0
12,2508761,2518769,0,73.0,0.4264014327112209,72.0,74.0,2.0,0.4472135954999579,0.0,0.005424296482288523,0.005253783300697173,0.0,0.0
12,2508761,2524773,0,73.41176470588235,0.6910200073218077,72.0,75.0,2.0,0.5,0.0,0.004741865575209751,0.004693820353367371,0.0,0.0
12,2508761,2530825,0,73.54545454545455,0.655554777357089,72.0,75.0,2.0,0.4364357804719847,0.0,0.00461307036529025,0.0046708916835375815,0.0,0.0
12,2508761,2536825,0,73.5,0.6267831705280087,72.0,75.0,1.0,0.4303314829119352,0.0,0.003926727589059442,0.004357067186923121,0.0,0.0
12,2513767,2542825,0,73.48275862068965,0.6226024167333719,72.0,75.0,1.0,0.4225771273642583,0.0,0.003262509666046601,0.003506026283615334,0.0,0.0
12,2519771,2548825,0,73.34482758620689,0.755479389662298,72.0,75.0,1.0,0.4225771273642583,0.0,0.005346457753052495,0.009042940872690773,0.0,0.0
12,2525767,2554825,0,73.17241379310344,0.7908513752537735,72.0,75.0,1.0,0.5,0.0,0.005203504478157936,0.008998674511798433,0.0,0.0
12,2531825,2560825,0,73.26666666666667,0.9285592184789414,72.0,75.0,0.0,0.5872202195147035,0.0,0.005737411448828696,0.009746950936299008,0.0,0.0
12,2537825,2566825,0,73.33333333333333,0.9428090415820634,72.0,75.0,1.0,0.6695340634119862,0.0,0.006112366813381403,0.00965324828154464,0.0,0.0
12,2543825,2572825,0,73.23333333333333,1.0225241100118647,72.0,75.0,0.0,0.6948083337796512,0.0,0.006171785858199278,0.009623878505997415,0.0,0.0
12,2549825,2578825,0,73.33333333333333,1.0110500592068734,72.0,75.0,0.0,0.7427813527082074,0.0,0.0037046635019092667,0.005100626078971174,0.0,0.0
12,2555825,2584825,0,73.23333333333333,0.9551032521262937,72.0,75.0,1.0,0.7656414934887764,0.0,0.0040103943685975,0.005129459412113813,0.0,0.0
12,2561825,2590825,0,73.16666666666667,0.8198915917499229,72.0,74.0,1.0,0.6695340634119862,0.0,0.0035530297348309336,0.002287836926960881,0.0,0.0
12,2567825,2596825,0,73.13333333333334,0.8055363982396383,72.0,74.0,1.0,0.6158817620514397,0.0,0.003659288358767452,0.002397703821992408,0.0,0.0
12,2573825,2597825,0,73.32,0.7332121111929345,72.0,74.0,0.0,0.6454972243679028,0.0,0.0037329238997731635,0.0023673923326948676,0.0,0.0
12,2579825,2597825,0,73.42105263157895,0.6740130776245103,72.0,74.0,0.0,0.5773502691896257,0.0,0.004340103908800139,0.0023313545659782694,0.0,0.0
12,2585825,2597825,0,73.6923076923077,0.4615384615384615,73.0,74.0,1.0,0.5,0.0,0.004345479981931219,0.002376996132104812,0.0,0.0
12,2591825,2597825,0,73.42857142857143,0.4948716593053935,73.0,74.0,1.0,0.7071067811865476,0.0,0.004016518846000338,0.002581250384370329,0.0,0.0
12,3161193,3167198,0,78.28571428571429,1.385051387833237,76.0,80.0,4.0,0.816496580927726,0.0,0.0044626986127509335,0.0031561054047624768,0.0,0.0
12,3161193,3173194,0,77.53846153846153,1.336780553614059,76.0,80.0,3.0,0.6454972243679028,0.0,0.003921088224400275,0.0026986074496899784,0.0,0.0
12,3161193,3179197,0,77.78947368421052,1.195559651747426,76.0,80.0,2.0,0.6666666666666666,0.0,0.003694167761353561,0.0023932740216048294,0.0,0.0
12,3161193,3185612,0,77.63636363636364,1.188790620965638,76.0,80.0,4.0,0.6900655593423543,0.0,0.003819001678091573,0.002461344761884791,0.0,0.0
12,3162193,3191612,0,77.22222222222223,1.1331154474650633,76.0,80.0,4.0,0.6793662204867574,0.0,0.00405973274893029,0.002307552054715909,0.0,0.0
12,3168198,3197612,0,76.62962962962963,1.127046226274292,75.0,79.0,1.0,0.6504436355879909,0.0,0.0039026944089871163,0.0021675208363150845,0.0,0.0
12,3174194,3203612,0,76.33333333333333,1.2472191289246473,75.0,79.0,3.0,0.6504436355879909,0.0,0.0040536833283694,0.00241865112120016,0.0,0.0
12,3183612,3209612,0,75.74074074074075,0.643635081369732,75.0,77.0,1.0,0.5883484054145521,0.0,0.004457166349778743,0.0026601571340168235,0.0,0.0
12,3186612,3215612,0,75.43333333333334,0.7156970184527962,74.0,77.0,2.0,0.5872202195147035,0.0,0.005841708598198053,0.007694032928179545,0.0,0.0
12,3192612,3221612,0,75.26666666666667,0.6289320754704402,74.0,76.0,1.0,0.6158817620514397,0.0,0.0059513704717003004,0.007712854085670245,0.0,0.0
12,3198612,3227612,0,75.16666666666667,0.6368324391514266,74.0,76.0,0.0,0.5872202195147035,0.0,0.006190079392205833,0.007698798884013867,0.0,0.0
12,3204612,3233612,0,74.76666666666667,0.9551032521262937,73.0,76.0,2.0,0.5872202195147035,0.0,0.006681482888828361,0.007806471571206256,0.0,0.0
12,3210612,3239612,0,74.03333333333333,1.303414319734477,72.0,76.0,4.0,0.5872202195147035,0.0,0.006761062317773887,0.007762500503406963,0.0,0.0
12,3216612,3245612,0,73.23333333333333,1.782943882708844,70.0,76.0,4.0,0.5872202195147035,0.0,0.005298613698142138,0.0033059440394998495,0.0,0.0
12,3222612,3249612,0,72.5,1.5923926292577109,70.0,75.0,3.0,0.6382847385042254,0.0,0.005426025615430358,0.004005776313589112,0.0,0.0
12,3228612,3249612,0,71.86363636363636,1.1399942003622228,70.0,74.0,2.0,0.6172133998483676,0.0,0.005356975556632204,0.0042822414908551595,0.0,0.0
12,3234612,3249612,0,71.3125,0.7680128579652817,70.0,72.0,0.0,0.6324555320336759,0.0,0.004956212493497748,0.003976176690304197,0.0,0.0
12,3240612,3249612,0,70.9,0.7000000000000001,70.0,72.0,1.0,0.7453559924999299,0.0,0.004680293490103181,0.004647273365499817,0.0,0.0
12,3246612,3249612,0,71.25,0.82915619758885,70.0,72.0,2.0,0.816496580927726,0.0,0.005484944383942948,0.006428735904205668,0.0,0.0
12,3812620,3815622,0,79.25,0.4330127018922193,79.0,80.0,1.0,0.5773502691896257,0.0,0.007571387649599337,0.011858616707938538,0.0,0.0
12,3812620,3821625,0,78.7,0.6403124237432849,78.0,80.0,2.0,0.4714045207910317,0.0,0.006747206506828059,0.009774325803113193,0.0,0.0
12,3812620,3827637,0,78.3125,0.7680128579652817,77.0,80.0,3.0,0.4472135954999579,0.0,0.004642135138750163,0.00819900357969207,0.0,0.0
12,3812620,3833111,0,77.95238095238095,0.9988655696858585,76.0,80.0,2.0,0.5477225575051661,0.0,0.004516433790511152,0.007333526446979962,0.0,0.0
12,3812620,3839111,0,77.51851851851852,1.343582010904967,74.0,80.0,6.0,0.6201736729460423,0.0,0.004175838010978556,0.006581589210797782,0.0,0.0
12,3816623,3845111,0,76.62068965517241,1.6063192688071886,74.0,79.0,4.0,0.5976143046671968,0.0,0.00389556165773569,0.004673600710342445,0.0,0.0
12,3822635,3851111,0,76.20689655172414,1.3488004976281343,74.0,78.0,1.0,0.6267831705280087,0.0,0.0033748665744236703,0.0028132021334017435,0.0,0.0
12,3828638,3857111,0,75.75862068965517,1.1342678760964502,74.0,78.0,0.0,0.6546536707079771,0.0,0.003791379138706918,0.003044103909253252,0.0,0.0
12,3834111,3863111,0,75.73333333333333,1.0624918300339483,74.0,78.0,2.0,0.6432675209026769,0.0,0.0042220074822569564,0.003399346845593856,0.0,0.0
12,3840111,3869111,0,75.93333333333334,1.0624918300339485,74.0,78.0,4.0,0.5872202195147035,0.0,0.004206906031190532,0.003318102602245225,0.0,0.0
12,3846111,3875111,0,76.83333333333333,1.2133516482134197,75.0,79.0,2.0,0.5872202195147035,0.0,0.0037804793650772625,0.003036487780086873,0.0,0.0
12,3852111,3881111,0,76.93333333333334,1.2092238098144705,75.0,79.0,0.0,0.5872202195147035,0.0,0.003370078883200072,0.0030564142210910247,0.0,0.0
12,3858111,3887111,0,76.7,1.5307950004273376,74.0,79.0,2.0,0.5872202195147035,0.0,0.003895339730279394,0.003044504812509959,0.0,0.0
12,3864111,3893111,0,76.5,1.6278820596099706,74.0,79.0,0.0,0.5872202195147035,0.0,0.0031628122285609554,0.002349856138210682,0.0,0.0
12,3870111,3899111,0,76.4,1.6041612554021292,74.0,79.0,2.0,0.5252257314388902,0.0,0.0044120226198558115,0.007319230866975015,0.0,0.0
12,3876111,3901111,0,76.0,1.3301243435223524,74.0,79.0,1.0,0.6,0.0,0.004726899050488649,0.007813949380056365,0.0,0.0
12,3882111,3901111,0,75.75,1.3738631664034087,74.0,79.0,4.0,0.5619514869490163,0.0,0.005656251635759295,0.008682929779535999,0.0,0.0
12,3888111,3901111,0,76.35714285714286,1.171515676204052,74.0,79.0,5.0,0.6201736729460423,0.0,0.005606160413347862,0.010211641619011448,0.0,0.0
12,3894111,3901111,0,77.0,1.0,76.0,79.0,3.0,0.6546536707079771,0.0,0.00789761175156045,0.012919072842952779,0.0,0.0
12,4565126,4577126,1,87.28571428571429,1.1605769149479945,85.0,89.0,4.0,1.1547005383792515,0.0,0.2034375812686706,0.18320829821517617,0.0,0.0
13,2252704,2281960,1,86.0,3.3487737627802976,82.0,92.0,5.0,0.7453559924999299,0.0,0.07295906836706967,0.07119804444604262,0.0,0.0
13,2260960,2287960,1,84.0,2.721655269759087,79.0,90.0,11.0,1.224744871391589,0.0,0.08103227741961007,0.06617772480091527,0.0,0.0
13,2264960,2293960,1,82.41379310344827,2.4426842411620466,79.0,87.0,8.0,1.164964745021435,0.0,0.08205057759754092,0.06610736753828815,0.0,0.0
13,2270960,2299960,1,81.34482758620689,2.1054258651687934,79.0,86.0,2.0,1.164964745021435,0.0,0.07436819288516662,0.06780279200762755,0.0,0.0
13,2276960,2305960,1,81.0,2.067815772491717,79.0,86.0,1.0,1.267731382092775,0.0,0.05735106941891396,0.05607703493867763,0.0,0.0
13,2282960,2311960,1,80.44827586206897,1.4284355294626192,79.0,86.0,5.0,1.267731382092775,0.0,0.041526974541098285,0.05416531896811098,0.0,0.0
13,2288960,2317960,1,80.4,0.9865765724632494,79.0,82.0,2.0,0.909717652294684,0.0,0.027333307441378865,0.028540101101821876,0.0,0.0
13,2294960,2323960,1,80.86666666666666,0.9910712498212338,79.0,83.0,2.0,1.0170952554312156,0.0,0.05275224308990085,0.11350332513625361,0.0,0.0
13,2300960,2329960,1,80.66666666666667,1.1925695879998877,78.0,83.0,1.0,1.0,0.0,0.08324990007711781,0.16157256495527111,0.0,0.0
13,2306960,2335960,1,80.36666666666666,1.4487542541400487,78.0,83.0,1.0,1.0,0.0,0.08523368335135934,0.16105122036463934,0.0,0.0
14,1709849,1738996,1,103.1923076923077,1.544698894463323,101.0,106.0,1.0,0.7745966692414834,0.0,0.05090942962763629,0.10871431953762849,0.0,0.0
14,1715862,1740996,1,103.3913043478261,1.5530931390862395,101.0,106.0,3.0,0.6396021490668313,0.0,0.05789966547017709,0.1141054507855487,0.0,0.0
14,1721881,1740996,1,104.05882352941177,1.211250604822,102.0,106.0,3.0,0.6614378277661477,0.0,0.07060833225426844,0.1288328837678566,0.0,0.0
14,1727996,1740996,1,104.5,0.823754471047914,103.0,106.0,2.0,0.6793662204867574,0.0,0.08396316636856782,0.1383567561498102,0.0,0.0
14,1733996,1740996,1,104.875,0.5994789404140899,104.0,106.0,0.0,0.7559289460184544,0.0,0.05082034433044265,0.07629367968246802,0.0,0.0
14,5474602,5477602,1,105.75,0.4330127018922193,105.0,106.0,0.0,0.816496580927726,0.0,0.08202070105950036,0.09977919530858664,0.0,0.0
14,5474602,5483602,1,105.1,0.9433981132056604,103.0,106.0,3.0,0.7453559924999299,0.0,0.04140478620837681,0.07160772230125537,0.0,0.0
14,5474602,5489602,1,103.4375,2.3443749166888814,99.0,106.0,7.0,0.7745966692414834,0.0,0.033332570435307164,0.059625371604496935,0.0,0.0
14,5474602,5493602,1,102.8,2.4819347291981715,99.0,106.0,7.0,0.8885233166386386,0.0,0.06907980111537429,0.11385401573811725,0.0,0.0
14,5474602,5493602,1,102.8,2.4819347291981715,99.0,106.0,7.0,0.8885233166386386,0.0,0.06907980111537429,0.11385401573811725,0.0,0.0
14,5478602,5493602,1,102.0625,2.2211694554896075,99.0,106.0,7.0,0.9309493362512627,0.0,0.06584457612934277,0.11688505365084463,0.0,0.0
14,5484602,5513602,1,98.1875,3.0866395562164364,94.0,102.0,8.0,1.3662601021279464,0.0,0.0626289387144017,0.11826352017476675,0.0,0.0
14,5490602,5519602,1,95.625,2.7357585785299112,93.0,101.0,6.0,1.3165611772087666,0.0,0.05703566937272088,0.1194919373976233,0.0,0.0
14,5508602,5525602,1,94.16666666666667,0.5,93.0,95.0,0.0,0.5940885257860046,0.0,0.005584800493950978,0.004133445313066493,0.0,0.0
14,5508602,5531602,1,94.66666666666667,0.9860132971832694,93.0,97.0,1.0,0.6255432421712243,0.0,0.007161152082111707,0.005734893961238795,0.0,0.0
14,5508602,5537602,1,95.1,1.2476644848141933,93.0,97.0,1.0,0.6158817620514397,0.0,0.009440231063311296,0.011488384601538223,0.0,0.0
14,5514602,5543602,1,95.3,1.1874342087037915,93.0,97.0,1.0,0.5570860145311556,0.0,0.01805518840071663,0.02516331696179021,0.0,0.0
14,5520602,5549602,1,95.66666666666667,0.9428090415820634,94.0,97.0,1.0,0.5570860145311556,0.0,0.030181254638683506,0.03386337360029921,0.0,0.0
14,5526602,5555602,1,96.16666666666667,0.7781745019952501,95.0,98.0,1.0,0.6158817620514397,0.0,0.03921403212693076,0.03623712253232792,0.0,0.0
14,5532602,5555602,1,96.16666666666667,0.8498365855987975,95.0,98.0,0.0,0.5897678246195885,0.0,0.04604498844701498,0.03735613955433716,0.0,0.0
14,5538602,5555602,1,95.94444444444444,0.8480187512485414,95.0,98.0,1.0,0.6416889479197478,0.0,0.05520780226665009,0.037193027643032436,0.0,0.0
14,5544602,5555602,1,96.25,0.82915619758885,95.0,98.0,1.0,0.674199862463242,0.0,0.05839807178923603,0.0370046587438291,0.0,0.0
14,5550602,5555602,1,96.83333333333333,0.6871842709362769,96.0,98.0,1.0,0.7745966692414834,0.0,0.05120231981959541,0.03756955454329868,0.0,0.0
14,6065182,6071742,1,105.0,1.2909944487358056,103.0,107.0,4.0,0.8944271909999159,0.0,0.041856557700913295,0.059534851004700184,0.0,0.0
14,6065182,6075742,1,104.5,1.4142135623730951,103.0,107.0,4.0,0.7559289460184544,0.0,0.03783244064975964,0.052102269377583894,0.0,0.0
14,6065182,6083742,1,101.85714285714286,3.291919606229403,97.0,107.0,9.0,1.1435437497937313,0.0,0.03618550571628655,0.04210333354588269,0.0,0.0
14,6065182,6089742,1,100.7,3.3331666624997918,96.0,107.0,11.0,1.0513149660756937,0.0,0.048140423827202475,0.06512734425266564,0.0,0.0
14,6067188,6095742,1,99.48,3.138407239349285,96.0,106.0,8.0,0.9574271077563381,0.0,0.048160876066954544,0.05920793651574988,0.0,0.0
14,6073742,6101742,1,98.07692307692308,1.7742403991801223,96.0,103.0,4.0,0.938083151964686,0.0,0.0569273829613384,0.06055358530967803,0.0,0.0
14,6078742,6107742,1,97.8,1.0770329614269007,96.0,100.0,3.0,0.7191949522280763,0.0,0.050094240065370416,0.058962213429738106,0.0,0.0
14,6084742,6113742,1,97.56666666666666,1.054619467970425,96.0,99.0,1.0,0.7656414934887764,0.0,0.0570592877243703,0.073069967258999,0.0,0.0
14,6090742,6119742,1,97.83333333333333,1.2133516482134197,96.0,100.0,2.0,0.8304547985373997,0.0,0.04925972556183346,0.0603626014918103,0.0,0.0
14,6096742,6125742,1,98.53571428571429,1.4755663042938285,96.0,102.0,4.0,0.9428090415820634,0.0,0.04980930282170076,0.061911420874852935,0.0,0.0
14,6102742,6131742,1,99.11111111111111,1.594744454934147,96.0,102.0,1.0,0.9405399431259602,0.0,0.04302958517506145,0.06513650703591504,0.0,0.0
14,6108742,6137742,1,99.03703703703704,1.8950516748838564,95.0,102.0,3.0,1.0561177090573832,0.0,0.04219573483788402,0.06546264928184967,0.0,0.0
14,6114742,6143742,1,98.44444444444444,2.629368792488718,94.0,102.0,5.0,0.9805806756909202,0.0,0.031357131991054506,0.04471375744915005,0.0,0.0
14,6122742,6149742,1,97.37037037037037,2.9956530005764734,94.0,102.0,5.0,0.8086075400626399,0.0,0.0248336886431384,0.04393907965896638,0.0,0.0
15,4212773,4242664,1,80.48148148148148,4.297892423815899,74.0,86.0,10.0,0.9607689228305228,0.0,0.06828578607968774,0.08043767791612268,0.0,0.0
15,4218784,4248664,1,82.82142857142857,3.5056441371489107,75.0,87.0,10.0,1.0540925533894598,0.0,0.08007152299558869,0.08552235592839738,0.0,0.0
15,4226664,4254664,1,84.58620689655173,1.9211570037495338,80.0,87.0,5.0,0.9819805060619657,0.0,0.09200383643898843,0.09982947250888,0.0,0.0
15,4231664,4254664,1,85.29166666666667,1.135751097536584,83.0,87.0,1.0,1.0,0.0,0.09061171465566818,0.09700653392856198,0.0,0.0
15,4237664,4262664,1,85.47368421052632,1.1862555441668048,83.0,87.0,1.0,1.130388330520878,0.0,0.11276019552329176,0.09941528465601435,0.0,0.0
15,4243664,4272664,1,85.41176470588235,1.3745084053585792,83.0,87.0,0.0,1.0,0.0,0.09053597832488666,0.0941874105745813,0.0,0.0
15,4249664,4278664,1,84.29411764705883,1.600173001027699,82.0,87.0,4.0,1.0606601717798212,0.0,0.07163035502987425,0.08479929643890555,0.0,0.0
15,4262664,4281664,1,83.0,1.2535663410560174,81.0,86.0,0.0,1.1094003924504583,0.0,0.04335254761049286,0.04091356880320129,0.0,0.0
15,4262664,4290664,1,83.84210526315789,1.7848236797698074,81.0,87.0,4.0,1.2018504251546631,0.0,0.08592335548185809,0.10961720718207402,0.0,0.0
15,4269664,4296664,1,84.54545454545455,2.2508033460254446,81.0,90.0,7.0,1.3273676061682242,0.0,0.09086040637355197,0.10760480038208385,0.0,0.0
15,4273664,4301664,1,85.14285714285714,2.531435020952764,81.0,90.0,3.0,1.2449899597988732,0.0,0.11583434875672564,0.11523077077577523,0.0,0.0
15,4279664,4301664,1,86.0,2.4765567494675613,81.0,90.0,6.0,1.4142135623730951,0.0,0.14165164326843363,0.12558599802539788,0.0,0.0
15,4286664,4301664,1,87.08333333333333,1.2555432644432802,86.0,90.0,1.0,1.1677484162422844,0.0,0.16967970997793222,0.12402952165091899,0.0,0.0
15,4291664,4301664,1,87.71428571428571,1.2777531299998797,86.0,90.0,0.0,1.5275252316519468,0.0,0.1443640617323976,0.09664233020830214,0.0,0.0
15,6089200,6096291,0,70.75,0.6614378277661477,70.0,72.0,1.0,0.6546536707079771,0.0,0.010944459980604393,0.009243084198568988,0.0,0.0
15,6089200,6102291,0,71.85714285714286,1.6842608746502281,70.0,75.0,3.0,0.9198662110077999,0.0,0.0075008321445698455,0.008069443100599288,0.0,0.0
15,6089200,6108295,0,72.5,1.7175564037317668,70.0,75.0,2.0,0.7947194142390263,0.0,0.008460996510375069,0.010481867557203928,0.0,0.0
15,6089200,6114072,0,72.875,1.786815136865964,70.0,75.0,3.0,0.8075728530872482,0.0,0.00783719675804504,0.009728787570082003,0.0,0.0
15,6091210,6120072,0,73.17857142857143,1.6701918501557034,70.0,75.0,2.0,0.769800358919501,0.0,0.007436131569896453,0.009196282819346481,0.0,0.0
15,6097291,6126072,0,73.42857142857143,1.2936264483053452,71.0,75.0,1.0,0.7453559924999299,0.0,0.0054167289223101475,0.007619071576596371,0.0,0.0
15,6103291,6132072,0,73.14285714285714,1.4069796859708719,71.0,75.0,3.0,1.1385500851066221,0.0,0.006095892132662054,0.007651991169482563,0.0,0.0
15,6109299,6138072,0,72.39285714285714,1.6762902432430478,70.0,75.0,5.0,1.1385500851066221,0.0,0.005230782363952558,0.0032466171320594908,0.0,0.0
15,6115072,6144072,0,71.63333333333334,1.5162087220725546,70.0,75.0,5.0,1.0985884360051028,0.0,0.005255388317675524,0.0034171971575512306,0.0,0.0
15,6121072,6150072,0,70.73333333333333,1.2364824660660936,69.0,75.0,3.0,1.0667385033281394,0.0,0.005062598670061978,0.00315890291101388,0.0,0.0
15,6127072,6156072,0,70.26666666666667,1.2364824660660936,69.0,75.0,6.0,0.7878385971583354,0.0,0.005180183763497926,0.003049141266653976,0.0,0.0
15,6133072,6162072,0,69.63333333333334,0.7520342781785652,68.0,71.0,2.0,0.5252257314388902,0.0,0.005171269917785983,0.002973676295569245,0.0,0.0
15,6139072,6168072,0,69.33333333333333,0.5962847939999438,68.0,71.0,1.0,0.4913036844405175,0.0,0.0044784255142163824,0.002843226779829756,0.0,0.0
15,6145072,6174072,0,69.03333333333333,0.48189440982669873,68.0,70.0,1.0,0.4913036844405175,0.0,0.004200773985704402,0.0025932523472265434,0.0,0.0
16,1071052,1100161,1,50.53333333333333,1.359738536958076,49.0,54.0,1.0,0.7656414934887764,0.0,0.015167752973620264,0.007233827656405568,0.0,0.0
16,1077076,1106333,1,50.44444444444444,1.5234788000891208,48.0,54.0,3.0,0.8548504142651103,0.0,0.012986287304064991,0.00812816414720978,0.0,0.0
16,1083090,1112333,1,49.44444444444444,0.9938079899999065,48.0,52.0,3.0,0.7595545253127499,0.0,0.009733841477023797,0.0085532485108089,0.0,0.0
16,1089112,1118333,1,48.77777777777778,1.547598697464902,46.0,52.0,3.0,0.8086075400626399,0.0,0.006009531488114417,0.006288649924868931,0.0,0.0
16,1095137,1124333,1,47.888888888888886,1.8121673811444543,45.0,52.0,4.0,0.8320502943378437,0.0,0.004288950622621077,0.0030222761179468237,0.0,0.0
16,1101165,1130333,1,46.851851851851855,1.2383891479481843,45.0,49.0,2.0,0.6201736729460423,0.0,0.0038282458509523495,0.0021821248764395573,0.0,0.0
16,1107333,1136333,1,46.4,1.1135528725660044,45.0,49.0,4.0,0.5872202195147035,0.0,0.003861687359799539,0.0020105053155715625,0.0,0.0
16,1113333,1142333,1,45.833333333333336,0.5821416398857661,45.0,47.0,2.0,0.5872202195147035,0.0,0.005538126236484223,0.006792127548289614,0.0,0.0
16,1119333,1148333,1,45.733333333333334,0.4422166387140533,45.0,46.0,0.0,0.5252257314388902,0.0,0.006653798046903211,0.007920138158195002,0.0,0.0
16,1125333,1154333,1,46.36666666666667,1.4487542541400487,45.0,50.0,4.0,0.6948083337796512,0.0,0.0059330440114564705,0.008121672866506918,0.0,0.0
16,1131333,1159333,1,46.96551724137931,1.7710849708132768,45.0,50.0,3.0,0.7319250547113999,0.0,0.0055351338595695,0.008366425612656598,0.0,0.0
16,1137333,1159333,1,47.34782608695652,1.7841986546681037,45.0,50.0,4.0,0.7977240352174656,0.0,0.006048778596040176,0.00930225258144595,0.0,0.0
16,1143333,1159333,1,48.0,1.6087993330796875,46.0,50.0,3.0,0.82915619758885,0.0,0.004286258401322692,0.006567698705773067,0.0,0.0
16,1149333,1159333,1,49.09090909090909,0.7925270806437589,47.0,50.0,2.0,1.0,0.0,0.0016246203931591708,0.0010424256782214734,0.0,0.0
16,1155333,1159333,1,49.2,0.4,49.0,50.0,0.0,0.7071067811865476,0.0,0.0012892126214606736,0.0009139704736413299,0.0,0.0
16,2389504,2396519,0,60.625,0.4841229182759271,60.0,61.0,1.0,0.6546536707079771,0.0,0.010090270239165732,0.004574872796169688,0.0,0.0
16,2389504,2402538,0,60.857142857142854,0.6388765649999398,60.0,62.0,2.0,0.6793662204867574,0.0,0.009421714814774816,0.004039442585600928,0.0,0.0
16,2389504,2408811,0,61.25,0.82915619758885,60.0,63.0,2.0,0.6488856845230502,0.0,0.007533770853338864,0.0045139244267945805,0.0,0.0
16,2389504,2414811,0,61.34615384615385,0.7816308243423683,60.0,63.0,1.0,0.6,0.0,0.006934925486404163,0.004449366706306095,0.0,0.0
16,2391510,2420811,0,61.43333333333333,0.6674994798166929,60.0,63.0,1.0,0.5570860145311556,0.0,0.006409269930582284,0.004056678155901647,0.0,0.0
16,2397522,2426811,0,61.666666666666664,0.5962847939999438,60.0,63.0,1.0,0.4913036844405175,0.0,0.005730087871309116,0.003393217682505794,0.0,0.0
16,2403541,2432811,0,61.833333333333336,0.45338235029118146,61.0,63.0,1.0,0.32163376045133846,0.0,0.004976343254654473,0.002867825567129911,0.0,0.0
16,2409811,2438811,0,60.6,2.563851269737255,53.0,62.0,9.0,0.7656414934887764,0.0,0.005576551802458881,0.0030892772915891123,0.0,0.0
16,2415811,2444811,0,58.36666666666667,4.679624866256791,49.0,62.0,11.0,0.8905635565617213,0.0,0.005903716700626653,0.002991636499342959,0.0,0.0
16,2421811,2450811,0,55.733333333333334,5.830570774422994,48.0,62.0,14.0,0.909717652294684,0.0,0.006187045860964474,0.0034390176032376416,0.0,0.0
16,2427811,2456811,0,53.0,5.446711546122731,48.0,62.0,14.0,0.9468641529479986,0.0,0.005835509732794416,0.0032286844226486876,0.0,0.0
16,2433811,2462811,0,50.43333333333333,3.137762826530322,48.0,60.0,11.0,0.9284766908852593,0.0,0.005824404000961805,0.0033557866179754424,0.0,0.0
16,2439811,2468811,0,49.06666666666667,0.9977753031397177,48.0,52.0,3.0,0.7191949522280763,0.0,0.005600683458957812,0.003208222337509286,0.0,0.0
16,2445811,2474811,0,48.666666666666664,0.5962847939999438,48.0,50.0,1.0,0.5570860145311556,0.0,0.005583171230067639,0.0033352132297911024,0.0,0.0
16,2451811,2477811,0,48.592592592592595,0.7821745215534399,47.0,50.0,1.0,0.5883484054145521,0.0,0.005409419781002667,0.0028383950941223237,0.0,0.0
16,2457811,2477811,0,48.666666666666664,0.8357108940373449,47.0,50.0,2.0,0.5477225575051661,0.0,0.00563578539384094,0.003157693241200913,0.0,0.0
16,2463811,2477811,0,48.46666666666667,0.8844332774281066,47.0,50.0,3.0,0.4629100498862757,0.0,0.006007677215450386,0.003319793983577179,0.0,0.0
16,2469811,2477811,0,48.0,0.816496580927726,47.0,49.0,2.0,0.5,0.0,0.006672123155312608,0.003507530200633019,0.0,0.0
16,3603655,3608679,0,52.0,0.5773502691896257,51.0,53.0,1.0,0.7745966692414834,0.0,0.004949377796862291,0.0021165535038115617,0.0,0.0
16,3603655,3614702,0,51.666666666666664,0.6236095644623235,51.0,53.0,1.0,0.7977240352174656,0.0,0.003319032460894564,0.0024934309432555475,0.0,0.0
16,3603655,3620716,0,51.666666666666664,0.5773502691896257,51.0,53.0,1.0,0.7276068751089989,0.0,0.015075022430603637,0.036881678280928594,0.0,0.0
16,3603655,3626749,0,52.5,2.29128784747792,50.0,60.0,9.0,1.1978241142570356,0.0,0.04493493213650329,0.08005720657312015,0.0,0.0
16,3603655,3632776,0,55.06666666666667,5.567365225630123,50.0,67.0,14.0,1.5536386656646635,0.0,0.03756914038037791,0.0731321963102935,0.0,0.0
16,3609682,3638847,0,58.266666666666666,7.2384774335184305,50.0,69.0,18.0,1.618854426800759,0.0,0.040098603455614154,0.0726059749964791,0.0,0.0
16,3615705,3644847,0,62.266666666666666,7.827018731434226,50.0,73.0,19.0,1.7120264258353668,0.0,0.053669010579025685,0.08302230291161963,0.0,0.0
16,3621720,3650854,0,67.0,7.127411872482185,50.0,77.0,24.0,1.8382900600361158,0.0,0.05749446964596835,0.08397143957313861,0.0,0.0
16,3627753,3656920,0,70.93333333333334,4.016078795154409,63.0,77.0,12.0,1.618854426800759,0.0,0.0407877977202641,0.060324197794411,0.0,0.0
16,3633781,3662924,0,72.63333333333334,2.9038288899696245,67.0,77.0,6.0,1.5085960589122316,0.0,0.06449084672588082,0.08063341618158779,0.0,0.0
16,3639847,3668991,0,73.55172413793103,1.8305116468947582,69.0,77.0,3.0,1.5,0.0,0.07327981280398578,0.08082695046357208,0.0,0.0
16,3645847,3674991,0,73.72413793103448,1.5951770353407417,71.0,77.0,2.0,1.4638501094227998,0.0,0.06699284798498556,0.07035319454341828,0.0,0.0
16,3651858,3681024,0,72.3103448275862,2.3650245792389306,67.0,76.0,7.0,1.4516001023501126,0.0,0.12842232686154578,0.1708550011838063,0.0,0.0
16,3657920,3686113,0,70.17241379310344,3.6205254478363273,63.0,75.0,7.0,1.3758114488755873,0.0,0.158046214817869,0.18351925524838425,0.0,0.0
17,2409572,2438398,1,91.0,1.5442199922988256,89.0,94.0,2.0,0.6324555320336759,0.0,0.03882936097991023,0.076027294612593,0.0,0.0
17,2416579,2445398,1,90.76,1.8821264569629745,88.0,94.0,1.0,0.7905694150420949,0.0,0.03573433072173989,0.0787152171147902,0.0,0.0
17,2421586,2451398,1,90.65384615384616,1.90024912723625,88.0,94.0,0.0,0.8,0.0,0.018664065040446383,0.04763890273687687,0.0,0.0
17,2427595,2457398,1,89.96153846153847,1.9509518235342154,88.0,94.0,5.0,0.7211102550927979,0.0,0.018865730287928185,0.04757491940747689,0.0,0.0
17,2434398,2463398,1,88.60714285714286,2.041345594634748,84.0,93.0,8.0,0.769800358919501,0.0,0.009139475666371103,0.022234397483321806,0.0,0.0
17,2440398,2469398,1,87.1,2.371356854910988,83.0,90.0,6.0,0.6432675209026769,0.0,0.0043476096613573635,0.0028948780794224786,0.0,0.0
17,2446398,2475398,1,85.96666666666667,2.8223315814332577,82.0,90.0,7.0,0.6158817620514397,0.0,0.0050659670209127535,0.0035101300545715627,0.0,0.0
17,2452398,2481398,1,84.9,2.165640782770771,82.0,89.0,4.0,0.6432675209026769,0.0,0.0050410457794612855,0.0038401410304783343,0.0,0.0
17,2458398,2487398,1,84.63333333333334,1.7978382080215733,82.0,88.0,0.0,0.6948083337796512,0.0,0.005158525609507253,0.003807971411038949,0.0,0.0
17,2464398,2493398,1,85.16666666666667,2.3106035767497826,82.0,89.0,5.0,0.5570860145311556,0.0,0.0051218684653229676,0.0038828157818523216,0.0,0.0
17,2470398,2498398,1,86.27586206896552,2.5850572157229394,82.0,90.0,7.0,0.5669467095138409,0.0,0.004961069128680103,0.0037338296537794487,0.0,0.0
17,2476398,2498398,1,87.21739130434783,2.0206869632386524,83.0,90.0,7.0,0.5640760748177662,0.0,0.0044829642305277044,0.003242409476717313,0.0,0.0
17,2482398,2498398,1,88.23529411764706,1.164646463130784,86.0,90.0,4.0,0.5,0.0,0.004006367571075888,0.0028865635958930007,0.0,0.0
17,2488398,2498398,1,88.9090909090909,0.668042657122685,88.0,90.0,2.0,0.4472135954999579,0.0,0.002895081291077903,0.002545339960379565,0.0,0.0
17,2494398,2498398,1,89.4,0.4898979485566356,89.0,90.0,1.0,0.5,0.0,0.0032804964919716365,0.002071179278890874,0.0,0.0
17,4149517,4155525,1,86.42857142857143,0.4948716593053935,86.0,87.0,1.0,0.408248290463863,0.0,0.02709402659823403,0.027623646901961115,0.0,0.0
17,4149517,4160741,1,87.08333333333333,0.8620067027323833,86.0,88.0,2.0,0.4264014327112209,0.0,0.023165514057991953,0.02258726833740776,0.0,0.0
17,4149517,4166741,1,87.94444444444444,1.4326441064697364,86.0,90.0,4.0,0.6859943405700354,0.0,0.016919889283056426,0.02049965088750277,0.0,0.0
17,4149517,4172741,1,88.16666666666667,1.4043582955293932,86.0,90.0,1.0,0.6915640748081247,0.0,0.01465568441300584,0.018367768514788368,0.0,0.0
17,4150518,4178741,1,88.13793103448276,1.279119792482166,86.0,90.0,3.0,0.6813851438692469,0.0,0.01734424029038854,0.02042125855147627,0.0,0.0
19,1969726,1999478,1,79.41935483870968,1.8452064059451736,76.0,82.0,0.0,1.0645812948447542,0.0,0.035960600664536185,0.028890444239766375,0.0,0.0
19,1975743,2005478,1,79.0,2.3691566486423925,74.0,82.0,2.0,1.0954451150103321,0.0,0.046158485989482766,0.05984889327015543,0.0,0.0
19,1982478,2011478,1,78.8,2.4276188608044165,74.0,82.0,3.0,1.0339078862458586,0.0,0.07082423837855269,0.09037866439759012,0.0,0.0
19,1988478,2016478,1,78.62068965517241,2.3549477350294996,74.0,82.0,2.0,1.1338934190276817,0.0,0.09789018940600068,0.13036376090380183,0.0,0.0
19,1994478,2023478,1,78.89655172413794,2.656739349552858,74.0,83.0,2.0,1.1952286093343936,0.0,0.09722145302534592,0.13043057033649358,0.0,0.0
19,2000478,2029478,1,79.65517241379311,3.121403995209202,74.0,84.0,6.0,1.1338934190276817,0.0,0.09661481658846328,0.13087184273978214,0.0,0.0
19,2006478,2035478,1,80.89655172413794,2.4260771171500495,74.0,84.0,6.0,1.0690449676496976,0.0,0.08194907155414997,0.12339025534668693,0.0,0.0
19,2012478,2041478,1,81.34482758620689,1.645806836383686,79.0,84.0,0.0,0.8864052604279183,0.0,0.057100528637755804,0.10565674387316097,0.0,0.0
19,2018478,2047478,1,81.53333333333333,1.5860503004493762,79.0,84.0,2.0,0.9468641529479986,0.0,0.06243324793556607,0.09246602493163829,0.0,0.0
19,2024478,2053478,1,81.73333333333333,1.6110727964792761,79.0,84.0,0.0,0.8709883407113854,0.0,0.05964758764744604,0.09212485471646549,0.0,0.0
19,2030478,2057478,1,81.71428571428571,1.729102633844315,79.0,85.0,2.0,0.9813067629253163,0.0,0.06210675855274382,0.09475041027925117,0.0,0.0
19,2036478,2057478,1,81.72727272727273,1.8136306675690914,79.0,85.0,6.0,0.9759000729485332,0.0,0.07217489027042323,0.10461403075844522,0.0,0.0
19,2042478,2057478,1,82.6875,1.0439558180306292,81.0,85.0,4.0,1.0954451150103321,0.0,0.08674432909634956,0.11884119910098803,0.0,0.0
19,2048478,2057478,1,83.2,0.7483314773547882,82.0,85.0,2.0,0.9428090415820634,0.0,0.029131992053087436,0.0170855103127712,0.0,0.0
19,2054478,2057478,1,83.75,0.82915619758885,83.0,85.0,1.0,1.2909944487358056,0.0,0.027135401999264758,0.008177393841476378,0.0,0.0
19,3935670,3943696,1,74.66666666666667,0.6666666666666666,73.0,75.0,2.0,0.8660254037844386,0.0,0.02793985069232365,0.015116906769972486,0.0,0.0
19,3935670,3949707,1,75.0,0.7302967433402214,73.0,76.0,3.0,0.8017837257372732,0.0,0.030884198439210676,0.04371718043908031,0.0,0.0
19,3935670,3955693,1,75.57142857142857,1.2936264483053452,73.0,79.0,6.0,0.9486832980505138,0.0,0.027420278874874717,0.037626324636250714,0.0,0.0
19,3935670,3960744,1,76.3076923076923,1.9368735864637188,73.0,80.0,7.0,1.0,0.0,0.031938825876965886,0.0448844484553847,0.0,0.0
21,406738,414790,1,99.5,1.118033988749895,98.0,101.0,1.0,0.8451542547285166,0.0,0.1355913828156073,0.20414847425796456,0.0,0.0
21,3851207,3862237,0,94.5,1.5,93.0,97.0,3.0,1.4832396974191326,0.0,0.007221340764705035,0.0023829153467821813,0.0,0.0
21,3851207,3868262,0,95.0,1.224744871391589,93.0,97.0,2.0,1.2060453783110545,0.0,0.010879142068480905,0.0043477691166084655,0.0,0.0
21,3851207,3874183,0,95.0,1.0954451150103321,93.0,97.0,2.0,1.0690449676496976,0.0,0.011037806186593278,0.004044250177850816,0.0,0.0
21,3851207,3880183,0,95.14285714285714,0.989743318610787,93.0,97.0,2.0,0.9486832980505138,0.0,0.012117687879997629,0.004375562476396856,0.0,0.0
21,3859235,3886183,0,94.92,0.8447484832777151,93.0,96.0,1.0,0.6123724356957945,0.0,0.012643818681475748,0.004142661614856792,0.0,0.0
21,3863240,3892183,0,94.37037037037037,1.7245106261959726,90.0,96.0,5.0,0.6504436355879909,0.0,0.013467558703066282,0.003865776692689888,0.0,0.0
21,3872183,3898183,0,92.48148148148148,3.359567546799575,86.0,96.0,9.0,0.7071067811865476,0.0,0.013800728037441657,0.003995712451145507,0.0,0.0
21,3875183,3904183,0,90.63333333333334,4.3625935201691926,83.0,96.0,12.0,0.7427813527082074,0.0,0.014556784469923117,0.0038716908378211264,0.0,0.0
21,3881183,3910183,0,88.43333333333334,4.152776848755006,83.0,95.0,9.0,0.7656414934887764,0.0,0.013470658304251119,0.004286706896316967,0.0,0.0
21,3887183,3916183,0,86.43333333333334,2.8946310453819306,83.0,93.0,9.0,0.7656414934887764,0.0,0.01357804121302022,0.004202255093835558,0.0,0.0
21,3893183,3922183,0,85.13333333333334,1.3349989596333858,83.0,88.0,2.0,0.6432675209026769,0.0,0.013831186468055933,0.003997439580962091,0.0,0.0
21,3899183,3928183,0,84.9,1.0115993936995678,83.0,86.0,0.0,0.6432675209026769,0.0,0.0135203444322699,0.004112353020300709,0.0,0.0
21,3905183,3934183,0,85.26666666666667,1.0624918300339483,83.0,87.0,3.0,0.6158817620514397,0.0,0.013276011028726584,0.003990408702300084,0.0,0.0
21,3911183,3939183,0,85.62068965517241,0.9252695079309474,84.0,87.0,1.0,0.5669467095138409,0.0,0.014049860795193136,0.003458260958899989,0.0,0.0
21,3917183,3939183,0,85.8695652173913,0.7969696860792764,84.0,87.0,3.0,0.5640760748177662,0.0,0.014220780373681833,0.0034888716223205746,0.0,0.0
21,3923183,3939183,0,86.17647058823529,0.5128116404165498,85.0,87.0,1.0,0.5590169943749475,0.0,0.014361731415022748,0.003250866600763294,0.0,0.0
21,3929183,3939183,0,86.36363636363636,0.48104569292083466,86.0,87.0,1.0,0.5477225575051661,0.0,0.014296132987935632,0.002891555519593734,0.0,0.0
21,3935183,3939183,0,86.4,0.4898979485566356,86.0,87.0,1.0,0.5,0.0,0.01309723998193888,0.003149099794641522,0.0,0.0
21,4500074,4504087,0,85.6,1.019803902718557,84.0,87.0,3.0,0.8660254037844386,0.0,0.008092071274240078,0.004888399106832024,0.0,0.0
21,4500074,4510104,0,84.81818181818181,1.02851895445316,84.0,87.0,2.0,0.6324555320336759,0.0,0.00915400290857139,0.005126815538728453,0.0,0.0
21,4500074,4516117,0,85.41176470588235,1.2394886768062046,84.0,87.0,0.0,0.6123724356957945,0.0,0.007136257490919837,0.004989849336957141,0.0,0.0
21,4500074,4519125,0,85.65,1.2757350822173072,84.0,87.0,0.0,0.5619514869490163,0.0,0.006517942010124897,0.00489421211032031,0.0,0.0
21,4500074,4527870,0,85.92,1.26237870704476,84.0,87.0,0.0,0.5,0.0,0.0057167136049937825,0.0047203743489223505,0.0,0.0
21,4505089,4533870,0,86.03846153846153,1.1596010332062563,84.0,87.0,2.0,0.4,0.0,0.0046822336187845185,0.004089257225426009,0.0,0.0
21,4511107,4539870,0,86.07692307692308,1.1409536133993328,83.0,87.0,2.0,0.4898979485566356,0.0,0.0031306860500713318,0.0016564165163167118,0.0,0.0
21,4517120,4545870,0,85.26923076923077,1.6538461538461537,82.0,87.0,5.0,0.5291502622129182,0.0,0.009711261800645472,0.021071953511405644,0.0,0.0
21,4523870,4551870,0,84.44827586206897,1.8861785284382542,81.0,87.0,5.0,0.6813851438692469,0.0,0.014181805664049741,0.0213856319890095,0.0,0.0
21,4528870,4557870,0,83.93333333333334,1.5040685563571303,81.0,87.0,2.0,0.7878385971583354,0.0,0.019257283749270944,0.021758455161698623,0.0,0.0
21,4534870,4563870,0,83.53333333333333,1.0561986345169905,81.0,85.0,1.0,0.8094272134003795,0.0,0.026155045139227822,0.021396284243351833,0.0,0.0
21,4540870,4569870,0,83.1,1.0754843869934452,81.0,85.0,2.0,0.8304547985373997,0.0,0.032966725151161294,0.018352856660448145,0.0,0.0
21,4546870,4575870,0,83.06666666666666,1.1234866364235145,81.0,85.0,2.0,0.8304547985373997,0.0,0.03326389204487994,0.010540553745534394,0.0,0.0
21,4552870,4581870,0,83.36666666666666,1.0159833769418782,81.0,85.0,0.0,0.6948083337796512,0.0,0.03333765688594033,0.010342274393457236,0.0,0.0
21,4558870,4587870,0,83.7,1.4177446878757824,81.0,87.0,3.0,0.6695340634119862,0.0,0.03450141482148924,0.01320825209308081,0.0,0.0
21,4564870,4588870,0,83.72,1.6618062462272791,81.0,87.0,4.0,0.6454972243679028,0.0,0.0336767711674427,0.013682088158640929,0.0,0.0
21,4570870,4588870,0,84.21052631578948,1.5754346891679754,82.0,87.0,5.0,0.6236095644623235,0.0,0.032509233683764294,0.015244030630315337,0.0,0.0
21,4576870,4588870,0,84.84615384615384,1.4058205294228512,83.0,87.0,3.0,0.6454972243679028,0.0,0.03208023987028326,0.016522971929988986,0.0,0.0
21,4582870,4588870,0,85.85714285714286,1.124858267715973,84.0,87.0,3.0,0.7071067811865476,0.0,0.03528687896919285,0.02087397424632845,0.0,0.0
21,5734409,5740426,1,89.71428571428571,0.4517539514526256,89.0,90.0,1.0,0.7071067811865476,0.0,0.015674570627496814,0.006928314873593071,0.0,0.0
21,5734409,5746444,1,89.53846153846153,0.4985185152621431,89.0,90.0,0.0,0.5773502691896257,0.0,0.017759043373878926,0.008642560051456324,0.0,0.0
21,5734409,5752168,1,89.29411764705883,0.6655122646461624,88.0,90.0,2.0,0.6123724356957945,0.0,0.017283876388422072,0.008306976027488104,0.0,0.0
21,5734409,5758168,1,89.08695652173913,0.7170618479335062,88.0,90.0,1.0,0.6396021490668313,0.0,0.015447483245343433,0.007916009776424452,0.0,0.0
21,5735412,5764168,1,89.25,0.7849021777084254,88.0,91.0,0.0,0.6666666666666666,0.0,0.01386732293671559,0.007730598689727953,0.0,0.0
21,5741429,5770168,1,88.85714285714286,0.9529760045804525,87.0,91.0,2.0,0.6666666666666666,0.0,0.01222550549801727,0.007334946537819085,0.0,0.0
21,5747446,5776168,1,88.17857142857143,1.415565798757601,85.0,91.0,4.0,0.7200822998230956,0.0,0.010099709881589744,0.00500663907263472,0.0,0.0
21,5753168,5782168,1,87.16666666666667,2.3676054476106345,82.0,91.0,6.0,0.7427813527082074,0.0,0.008890031072856573,0.004041921823295449,0.0,0.0
21,5759168,5788168,1,85.8,3.070287717245188,81.0,91.0,7.0,0.7191949522280763,0.0,0.008799980585401402,0.004220396519607807,0.0,0.0
21,5765168,5794168,1,84.3,2.4241837114102283,81.0,89.0,5.0,0.6695340634119862,0.0,0.01297149467312332,0.016097810432295676,0.0,0.0
21,5771168,5800168,1,83.7,1.7540429489230496,81.0,87.0,0.0,0.6432675209026769,0.0,0.013847562896502057,0.016311602551885313,0.0,0.0
21,5777168,5806168,1,83.6,1.6248076809271923,81.0,87.0,1.0,0.6158817620514397,0.0,0.014002477198706275,0.01624263493714702,0.0,0.0
21,5783168,5812168,1,83.9,1.680277754817142,81.0,87.0,3.0,0.6695340634119862,0.0,0.014989751728615584,0.016294294335558478,0.0,0.0
21,5789168,5818168,1,84.73333333333333,1.4126413400278057,82.0,87.0,5.0,0.7191949522280763,0.0,0.015006878184478788,0.016480992921816776,0.0,0.0
21,5795168,5823168,1,85.86206896551724,1.5475038394701293,84.0,90.0,6.0,0.7559289460184544,0.0,0.011202481658635766,0.007162363187716907,0.0,0.0
21,5801168,5823168,1,86.1304347826087,1.5963095435378973,84.0,90.0,3.0,0.7687061147858074,0.0,0.011005325980827207,0.006831774119385466,0.0,0.0
21,5807168,5823168,1,86.29411764705883,1.77448272105863,84.0,90.0,4.0,0.7905694150420949,0.0,0.010991280957936568,0.007119313829892181,0.0,0.0
21,5813168,5823168,1,87.0909090909091,1.6762808104168887,85.0,90.0,5.0,0.7071067811865476,0.0,0.010033286376700796,0.0061441745605489775,0.0,0.0
21,5819168,5823168,1,88.6,1.019803902718557,87.0,90.0,3.0,0.8660254037844386,0.0,0.01021753101034883,0.005041797883556485,0.0,0.0
21,6714977,6723977,1,90.71428571428571,0.6998542122237652,90.0,92.0,1.0,1.0801234497346435,0.0,0.12988955803359942,0.1058507408776616,0.0,0.0
21,6714977,6725977,1,90.88888888888889,0.7370277311900889,90.0,92.0,1.0,1.0606601717798212,0.0,0.12424862892077823,0.10140231356835704,0.0,0.0
21,6714977,6725977,1,90.88888888888889,0.7370277311900889,90.0,92.0,1.0,1.0606601717798212,0.0,0.12424862892077823,0.10140231356835704,0.0,0.0
21,6714977,6741977,1,91.2,1.16619037896906,90.0,94.0,3.0,1.2018504251546631,0.0,0.1359190241055358,0.10237172163849535,0.0,0.0
21,6719977,6747977,1,92.57142857142857,1.7202277969703277,90.0,95.0,1.0,0.9198662110077999,0.0,0.12185171561422563,0.10784012657443856,0.0,0.0
21,6724977,6748977,1,93.5,1.2041594578792296,91.0,95.0,2.0,0.9428090415820634,0.0,0.08998016945886021,0.09945550017859257,0.0,0.0
22,1013168,1042412,0,79.0,1.618854426800759,76.0,82.0,3.0,0.823754471047914,0.0,0.027210858015568454,0.03816232730564181,0.0,0.0
22,1020412,1048412,0,79.41379310344827,1.7521856573672414,76.0,82.0,2.0,0.8451542547285166,0.0,0.04348814051646355,0.06462394763209904,0.0,0.0
22,1025412,1054412,0,80.5,2.4324199198877374,76.0,86.0,6.0,1.364576478442026,0.0,0.042052891723377187,0.06420769866692387,0.0,0.0
22,1031412,1060412,0,81.03333333333333,1.779200819344336,79.0,86.0,1.0,1.4263529572376852,0.0,0.06484321208613315,0.0912510471009622,0.0,0.0
22,1037412,1066424,0,81.43333333333334,1.961008810677697,79.0,86.0,5.0,1.4263529572376852,0.0,0.08346504240184602,0.11525095863704994,0.0,0.0
22,1043412,1072760,0,81.96428571428571,2.008591241519838,79.0,86.0,2.0,1.46565621758588,0.0,0.08673373127432052,0.11879184151929864,0.0,0.0
22,1049412,1076760,0,82.92307692307692,2.510333672627803,79.0,89.0,5.0,1.4832396974191326,0.0,0.0736280866795701,0.11626288615184172,0.0,0.0
22,1055412,1084760,0,83.64,3.10972667609229,79.0,89.0,7.0,0.9789450103725609,0.0,0.06908803501577736,0.11848019598786154,0.0,0.0
22,1061412,1090760,0,85.16,2.2570777567465417,81.0,89.0,3.0,0.9354143466934853,0.0,0.03987023731231154,0.09601397034785755,0.0,0.0
22,1069760,1096760,0,85.48,1.9208331525668751,82.0,89.0,0.0,1.0801234497346435,0.0,0.006016638154360234,0.004097880245085383,0.0,0.0
22,1073760,1101760,0,85.3076923076923,2.0337390871388132,82.0,89.0,1.0,1.0770329614269007,0.0,0.005211642455487405,0.004126440579563804,0.0,0.0
22,1080760,1101760,0,85.13636363636364,2.0067036413312835,82.0,89.0,6.0,0.9759000729485332,0.0,0.004715469320776978,0.004161120548377124,0.0,0.0
22,1085760,1101760,0,84.41176470588235,1.647058823529412,82.0,87.0,4.0,1.0606601717798212,0.0,0.003447970650221812,0.002487898551076628,0.0,0.0
22,1091760,1101760,0,83.54545454545455,1.1570838237598051,82.0,86.0,0.0,1.1832159566199232,0.0,0.0029519054532032994,0.001960968143940573,0.0,0.0
22,1097760,1101760,0,83.0,0.6324555320336759,82.0,84.0,1.0,0.8660254037844386,0.0,0.002327769937544336,0.0008746287748866943,0.0,0.0
22,1685823,1690835,0,81.0,0.816496580927726,80.0,82.0,2.0,0.6324555320336759,0.0,0.02148373339981995,0.016271043278411074,0.0,0.0
22,1685823,1696848,0,80.58333333333333,0.759202798262025,80.0,82.0,1.0,0.5222329678670935,0.0,0.016276776637540066,0.01652255122230134,0.0,0.0
22,1685823,1702866,0,81.33333333333333,1.2909944487358056,80.0,84.0,0.0,0.6859943405700354,0.0,0.013713666795555192,0.014967319662084049,0.0,0.0
22,1685823,1709049,0,81.375,1.1479147761629926,80.0,84.0,1.0,0.6255432421712243,0.0,0.01198039482532437,0.013463507631644374,0.0,0.0
22,1685823,1715049,0,81.43333333333334,1.1742609969205693,80.0,84.0,2.0,0.7427813527082074,0.0,0.01088406180285057,0.012603822079167118,0.0,0.0
22,1691838,1721049,0,81.66666666666667,1.2736648783028532,80.0,84.0,0.0,0.7878385971583354,0.0,0.007265684702536584,0.009067971488664011,0.0,0.0
22,1697851,1727049,0,81.0,2.3944379994757297,75.0,84.0,7.0,0.8509629433967631,0.0,0.005626226884706186,0.006040770742153398,0.0,0.0
22,1703869,1733049,0,79.86666666666666,2.604269997949948,75.0,84.0,4.0,0.8304547985373997,0.0,0.010207043187672432,0.021424107469883838,0.0,0.0
22,1710049,1739060,0,79.7,2.557994005726623,75.0,84.0,0.0,0.9468641529479986,0.0,0.0246239121270088,0.042072132679672275,0.0,0.0
22,1716049,1744539,0,78.86206896551724,2.4736422668222002,75.0,84.0,6.0,1.0350983390135313,0.0,0.05234580455920043,0.07592628896531763,0.0,0.0
22,1722049,1750539,0,77.79310344827586,2.0065291759967114,74.0,82.0,5.0,1.14953406710222,0.0,0.0777864263410638,0.09241511186042839,0.0,0.0
22,1728049,1756539,0,77.75862068965517,1.9766773307540018,74.0,82.0,1.0,1.1801936887041646,0.0,0.07881294752020848,0.09160756812207589,0.0,0.0
22,1734049,1762539,0,77.93103448275862,1.9463676954027707,74.0,82.0,0.0,1.164964745021435,0.0,0.07354089280502732,0.09305555599789839,0.0,0.0
22,1740539,1768539,0,78.03448275862068,2.0923960629349057,74.0,83.0,5.0,1.0522085616183026,0.0,0.05908064250600574,0.09333362497558176,0.0,0.0
22,1745539,1774539,0,79.6,3.4698703145794942,74.0,86.0,7.0,1.0,0.0,0.031425813772415774,0.07042699877478503,0.0,0.0
22,1751539,1774539,0,80.25,3.4308648083731503,75.0,86.0,11.0,0.8597269536210951,0.0,0.007693553921205638,0.004140667159912288,0.0,0.0
22,1757539,1774539,0,81.44444444444444,3.113094605804866,77.0,86.0,9.0,0.8043996665398437,0.0,0.007646721955393963,0.0043214916967270435,0.0,0.0
22,1763539,1774539,0,83.16666666666667,2.3033791601808753,80.0,86.0,6.0,0.8528028654224418,0.0,0.008465117514903699,0.004604751617726686,0.0,0.0
22,1769539,1774539,0,85.16666666666667,1.2133516482134197,83.0,86.0,3.0,1.0,0.0,0.007956521197097879,0.003454862806962586,0.0,0.0
22,3584012,3587012,0,93.0,0.7071067811865476,92.0,94.0,1.0,1.2909944487358056,0.0,0.1477679908820802,0.07400934636170914,0.0,0.0
22,3584012,3587012,0,93.0,0.7071067811865476,92.0,94.0,1.0,1.2909944487358056,0.0,0.1477679908820802,0.07400934636170914,0.0,0.0
22,3584012,3587012,0,93.0,0.7071067811865476,92.0,94.0,1.0,1.2909944487358056,0.0,0.1477679908820802,0.07400934636170914,0.0,0.0
22,3584012,3587012,0,93.0,0.7071067811865476,92.0,94.0,1.0,1.2909944487358056,0.0,0.1477679908820802,0.07400934636170914,0.0,0.0
22,3584012,3587012,0,93.0,0.7071067811865476,92.0,94.0,1.0,1.2909944487358056,0.0,0.1477679908820802,0.07400934636170914,0.0,0.0
22,4798179,4804179,0,88.42857142857143,1.5907898179514348,86.0,91.0,3.0,1.224744871391589,0.0,0.1146363066640439,0.1416338923332267,0.0,0.0
22,4798179,4810179,0,88.91666666666667,1.3819269959814167,86.0,91.0,2.0,1.2060453783110545,0.0,0.0895339798923916,0.11643752638704483,0.0,0.0
22,4798179,4815179,0,89.11764705882354,1.2779741754353195,86.0,91.0,0.0,1.0606601717798212,0.0,0.11213046451357415,0.11882000701079164,0.0,0.0
22,4798179,4818179,0,89.27777777777777,1.4065543223524624,86.0,92.0,1.0,1.0571882797418488,0.0,0.10611087802825275,0.11810949206556942,0.0,0.0
22,4799179,4828179,0,88.8695652173913,1.2956229935435948,86.0,92.0,2.0,1.243163121016122,0.0,0.08756351995464265,0.11043928929513175,0.0,0.0
22,4805179,4832179,0,89.23809523809524,1.1507662831994832,88.0,92.0,1.0,1.118033988749895,0.0,0.06064164459792018,0.08404328197579729,0.0,0.0
22,4811179,4832179,0,89.125,1.2686114456365274,88.0,92.0,2.0,1.2110601416389966,0.0,0.06259505778099574,0.0923265911135409,0.0,0.0
22,4818179,4832179,0,88.9090909090909,1.3787046261911908,88.0,92.0,1.0,1.378404875209022,0.0,0.015428253315806405,0.01203436704042398,0.0,0.0
22,4823179,4832179,0,88.6,1.0198039027185568,88.0,91.0,3.0,0.5773502691896257,0.0,0.016593287869608155,0.01201574918358963,0.0,0.0
22,4829179,4832179,0,89.5,1.118033988749895,88.0,91.0,3.0,1.0,0.0,0.015183667675285834,0.006429927817750243,0.0,0.0
22,6871805,6874810,0,83.5,0.5,83.0,84.0,1.0,0.5773502691896257,0.0,0.013559413114830794,0.00698356498575184,0.0,0.0
22,6871805,6880827,0,83.2,0.6,82.0,84.0,0.0,0.6666666666666666,0.0,0.01898143667711613,0.016439034553773532,0.0,0.0
22,6871805,6886845,0,84.5,1.8371173070873836,82.0,88.0,3.0,0.7745966692414834,0.0,0.02532306160401458,0.0359946241688705,0.0,0.0
22,6871805,6892884,0,85.5909090909091,2.4244791551081066,82.0,90.0,4.0,0.816496580927726,0.0,0.030851008079671772,0.04117103876841006,0.0,0.0
22,6871805,6898889,0,86.0,2.29906813420444,82.0,90.0,4.0,0.769800358919501,0.0,0.04452125516292845,0.0821359548857521,0.0,0.0
22,6875812,6901892,0,86.48148148148148,2.1146818405363255,82.0,90.0,6.0,0.8770580193070292,0.0,0.045774507116161524,0.08334783805896927,0.0,0.0
22,6881830,6910941,0,87.64285714285714,1.1088696211614302,85.0,90.0,5.0,0.8819171036881969,0.0,0.052933502392811235,0.0843241640854325,0.0,0.0
22,6887847,6914941,0,88.42307692307692,1.5485247799382613,86.0,92.0,5.0,0.8717797887081347,0.0,0.05884766548982406,0.0846157953896652,0.0,0.0
22,6893884,6914941,0,88.4,1.6852299546352716,86.0,92.0,4.0,0.8583950752789521,0.0,0.06282430553234399,0.09219991678239227,0.0,0.0
22,6899891,6927119,0,89.0,1.699673171197595,86.0,92.0,3.0,1.1114378604524227,0.0,0.05592026033703442,0.04702748605016157,0.0,0.0
22,6905899,6927119,0,89.4,1.5405626677721789,87.0,92.0,3.0,1.0350983390135313,0.0,0.06420069906886214,0.04732701752706029,0.0,0.0
22,6911941,6941119,0,90.81818181818181,1.02851895445316,89.0,92.0,2.0,1.1832159566199232,0.0,0.06456960405659024,0.04790354112033193,0.0,0.0
23,1084786,1114291,0,78.13793103448276,1.775778370977067,75.0,81.0,3.0,0.9063269671749657,0.0,0.04470832691551359,0.05416196980005555,0.0,0.0
23,1090793,1120291,0,79.0,2.051072049374214,75.0,83.0,3.0,0.9819805060619657,0.0,0.0426179946326261,0.054234942345832204,0.0,0.0
23,1096799,1126291,0,79.27586206896552,2.5037427394029446,75.0,84.0,1.0,1.14953406710222,0.0,0.04263986133981584,0.05424790458560039,0.0,0.0
23,1102809,1132291,0,79.39285714285714,2.395520905390572,75.0,84.0,0.0,1.3333333333333333,0.0,0.043963445430869386,0.054441337698366184,0.0,0.0
23,1110291,1138291,0,79.24137931034483,2.444630603416014,75.0,84.0,2.0,1.2817398889233114,0.0,0.029515543144276804,0.04178870957906487,0.0,0.0
23,1115291,1144291,0,78.96666666666667,2.5361826082169676,75.0,84.0,4.0,1.144702942944678,0.0,0.02048271161394759,0.004947822426324386,0.0,0.0
23,1121291,1150291,0,78.1,2.270829510700146,75.0,84.0,7.0,1.0339078862458586,0.0,0.018638385905081458,0.006239246172662986,0.0,0.0
23,1127291,1156291,0,77.26666666666667,0.679869268479038,75.0,79.0,1.0,0.8509629433967631,0.0,0.018352385821335627,0.0062431275417664505,0.0,0.0
23,1133291,1162291,0,77.96666666666667,1.6224124698183944,77.0,83.0,6.0,0.5252257314388902,0.0,0.018227001295463178,0.006585545116602527,0.0,0.0
23,1139291,1168291,0,78.86666666666666,2.10923893594085,77.0,83.0,3.0,0.6158817620514397,0.0,0.021399518814405175,0.01395098255674261,0.0,0.0
23,1145291,1173291,0,79.06896551724138,2.0330210997218865,77.0,83.0,0.0,0.7071067811865476,0.0,0.021115730730322437,0.014372703474960807,0.0,0.0
23,1151291,1173291,0,79.6086956521739,1.9502314340874611,77.0,83.0,0.0,0.7977240352174656,0.0,0.02376145968960541,0.014696672599663748,0.0,0.0
23,1157291,1173291,0,80.17647058823529,1.9474053361466883,77.0,83.0,3.0,0.82915619758885,0.0,0.025192224765287527,0.01643819874796561,0.0,0.0
23,1163291,1173291,0,79.81818181818181,2.124240262826895,77.0,83.0,6.0,0.7745966692414834,0.0,0.0272458234526521,0.019604335879596303,0.0,0.0
23,1169291,1173291,0,77.8,0.7483314773547882,77.0,79.0,2.0,0.7071067811865476,0.0,0.01936706484912445,0.006220173013961196,0.0,0.0
23,4595797,4599799,1,74.8,0.4,74.0,75.0,1.0,0.5,0.0,0.009941673077830365,0.01222356128975314,0.0,0.0
23,4595797,4606146,1,74.36363636363636,0.4810456929208347,74.0,75.0,1.0,0.31622776601683794,0.0,0.00961425587804099,0.010517659896917374,0.0,0.0
23,4595797,4612146,1,75.1875,1.3331705629813464,74.0,78.0,2.0,0.7302967433402214,0.0,0.01208978111972485,0.011139093875942597,0.0,0.0
23,4595797,4618146,1,75.68181818181819,1.4265777114977465,74.0,78.0,1.0,0.7237468644557459,0.0,0.027371319120788808,0.04186329909473213,0.0,0.0
23,4595797,4624146,1,75.85714285714286,1.3552618543578767,74.0,78.0,2.0,0.769800358919501,0.0,0.04169963071243831,0.05350251394328541,0.0,0.0
23,4600800,4630146,1,75.86206896551724,1.431761344277703,73.0,78.0,3.0,1.0522085616183026,0.0,0.06471968081538625,0.0685559812005761,0.0,0.0
23,4607146,4632146,1,76.28,1.1838918869558994,73.0,78.0,1.0,1.0992421631894098,0.0,0.07892179304231561,0.06713112264282489,0.0,0.0
23,4613146,4632146,1,76.1,1.2206555615733703,73.0,78.0,2.0,1.1697953037312037,0.0,0.0942682571400372,0.06654343335313133,0.0,0.0
23,4619146,4632146,1,75.71428571428571,1.2205719636167902,73.0,78.0,1.0,1.3301243435223524,0.0,0.10547375857564198,0.06537288172207634,0.0,0.0
23,4625146,4653146,1,75.27272727272727,1.1354541815269814,73.0,77.0,2.0,1.3416407864998738,0.0,0.08740805358572568,0.07365527236306743,0.0,0.0
23,4631146,4660146,1,75.5,0.7637626158259734,75.0,77.0,1.0,1.3416407864998738,0.0,0.035185308404819725,0.032127813349007175,0.0,0.0
23,4649146,4666146,1,74.7,1.004987562112089,73.0,77.0,2.0,1.0540925533894598,0.0,0.03167497458386166,0.03290826098607055,0.0,0.0
23,4649146,4672729,1,73.5625,1.8016919131749467,70.0,77.0,4.0,1.0954451150103321,0.0,0.03271773441286152,0.03520462127005493,0.0,0.0
23,4649146,4678729,1,73.04545454545455,1.7958860241034917,70.0,77.0,4.0,1.023532631438318,0.0,0.03364563767703885,0.03380781955076703,0.0,0.0
23,4660146,4684729,1,72.88,1.5051910177781422,70.0,75.0,2.0,0.9574271077563381,0.0,0.02992704377262236,0.03268894957787228,0.0,0.0
23,4661146,4684729,1,72.79166666666667,1.4713702985841313,70.0,75.0,2.0,0.9780192938436515,0.0,0.030815141010105948,0.03306619345512455,0.0,0.0
23,4667147,4684729,1,72.33333333333333,1.3743685418725535,70.0,75.0,1.0,1.0571882797418488,0.0,0.026761275397325323,0.030995803109870625,0.0,0.0
23,4673729,4684729,1,72.66666666666667,1.3743685418725535,71.0,75.0,1.0,1.0,0.0,0.022914079365390683,0.025477392239412845,0.0,0.0
23,4679729,4684729,1,73.66666666666667,1.1055415967851334,72.0,75.0,1.0,1.1832159566199232,0.0,0.00970811234926966,0.008479846963759427,0.0,0.0
23,5011288,5020288,1,79.4,0.4898979485566356,79.0,80.0,1.0,0.8660254037844386,0.0,0.054541016863002834,0.03955254334756526,0.0,0.0
23,5011288,5024288,1,79.85714285714286,0.832993127835043,79.0,81.0,2.0,0.816496580927726,0.0,0.04217729015941361,0.0387963499257555,0.0,0.0
23,5011288,5032288,1,79.91666666666667,1.114924013354971,78.0,82.0,1.0,1.4459976109624424,0.0,0.02703585732456322,0.034672044152018265,0.0,0.0
23,5011288,5038288,1,78.88888888888889,1.7603310575283178,76.0,82.0,3.0,1.212678125181665,0.0,0.022320695861053376,0.029287767226712887,0.0,0.0
23,5017288,5044288,1,78.17391304347827,2.0141277951131253,75.0,82.0,4.0,1.2060453783110545,0.0,0.021037410529846347,0.026965958274203835,0.0,0.0
23,5023288,5049288,1,77.33333333333333,2.2110831935702664,74.0,82.0,6.0,1.3513278493843524,0.0,0.011181329120091206,0.009524276766717372,0.0,0.0
23,5027288,5056288,1,76.28571428571429,2.2968478844019327,72.0,82.0,6.0,1.247219128924647,0.0,0.010876180105869706,0.009175554560635776,0.0,0.0
23,5033288,5062288,1,75.18518518518519,1.6338329629713169,72.0,78.0,3.0,1.126601424298216,0.0,0.014353397601817676,0.012200896998505554,0.0,0.0
23,5039288,5068288,1,74.6923076923077,1.5132550440696924,72.0,77.0,1.0,1.4560219778561037,0.0,0.02303992546530892,0.02327650335566602,0.0,0.0
23,5045288,5074288,1,74.34615384615384,1.238557091392663,72.0,77.0,1.0,1.42828568570857,0.0,0.02217413580490267,0.022793020255110052,0.0,0.0
23,5051288,5080288,1,74.25925925925925,1.1415581486979587,72.0,76.0,0.0,1.3008872711759818,0.0,0.021026291524830636,0.0228645569927124,0.0,0.0
23,5057288,5084288,1,74.44,1.0229369482035537,72.0,76.0,2.0,1.35400640077266,0.0,0.022373839310623554,0.02371377708253932,0.0,0.0
23,5063288,5084288,1,74.61904761904762,0.8984743935292003,72.0,76.0,3.0,1.2041594578792296,0.0,0.021292763509619044,0.024815003874898066,0.0,0.0
23,5069288,5084288,1,74.625,0.5994789404140899,74.0,76.0,0.0,0.9660917830792959,0.0,0.009894341828052707,0.009249163352985439,0.0,0.0
23,5075288,5084288,1,74.6,0.66332495807108,74.0,76.0,1.0,1.1055415967851334,0.0,0.009273648864489406,0.010676723132834633,0.0,0.0
23,5081288,5084288,1,74.5,0.5,74.0,75.0,1.0,1.0,0.0,0.012588300619551416,0.012962875089280176,0.0,0.0
23,5834131,5841140,1,71.625,2.117634293262177,69.0,75.0,6.0,0.9258200997725514,0.0,0.058303432900936314,0.07935253771681099,0.0,0.0
23,5834131,5847988,1,73.78571428571429,3.0042486921161555,69.0,78.0,9.0,0.9198662110077999,0.0,0.061799495145678285,0.06414238822137533,0.0,0.0
23,5834131,5853988,1,75.15,3.305676935213119,69.0,80.0,10.0,0.9733285267845752,0.0,0.06693599084766817,0.06471897985799438,0.0,0.0
23,5834131,5859988,1,75.6923076923077,3.085564787712551,69.0,80.0,9.0,1.0,0.0,0.06006850024237846,0.061248568017972134,0.0,0.0
23,5837135,5865988,1,76.34482758620689,2.0047506005170526,71.0,80.0,5.0,0.9819805060619657,0.0,0.06409123909649511,0.056555056597540725,0.0,0.0
23,5842988,5871988,1,76.46666666666667,1.6478942792411033,73.0,80.0,3.0,0.9284766908852593,0.0,0.05755553986938185,0.046467344872545814,0.0,0.0
23,5848988,5877988,1,75.53333333333333,2.404625172916191,71.0,80.0,6.0,0.909717652294684,0.0,0.05242261135528411,0.04551225027961358,0.0,0.0
23,5854988,5883988,1,74.33333333333333,2.2997584414213788,70.0,78.0,3.0,0.9284766908852593,0.0,0.05137090416436089,0.04148437039748919,0.0,0.0
23,5860988,5889988,1,74.5,2.6172504656604803,70.0,81.0,4.0,0.982607368881035,0.0,0.04819643601717778,0.03957822078072507,0.0,0.0
23,5866988,5895988,1,74.73333333333333,2.85112063737908,70.0,81.0,0.0,1.1141720290623112,0.0,0.04957720242767934,0.0406643647932445,0.0,0.0
23,5872988,5901988,1,75.36666666666666,3.027466854575877,70.0,81.0,5.0,1.1596670152276025,0.0,0.04542023982594708,0.03790030187181716,0.0,0.0
23,5878988,5907988,1,76.16666666666667,2.721315041584776,70.0,81.0,1.0,1.2730630994465333,0.0,0.055463461706193394,0.05204835424443943,0.0,0.0
23,5884988,5913988,1,75.76666666666667,3.2525203902341473,69.0,81.0,7.0,1.1596670152276025,0.0,0.046775668732170504,0.048132548552555394,0.0,0.0
23,5890988,5919988,1,75.24137931034483,3.2340342310878225,69.0,80.0,1.0,1.6146649364939023,0.03571428571428571,0.060807983997461026,0.06880912414875853,0.0,0.0
23,5896988,5923988,1,74.96296296296296,3.167911819310089,69.0,79.0,1.0,1.6052797503622467,0.038461538461538464,0.05786493733381275,0.07078822463764764,0.0,0.0
23,5902988,5923988,1,74.28571428571429,3.238795442501324,69.0,79.0,4.0,1.760681686165901,0.05,0.06549005628921428,0.07704557350735088,0.0,0.0
23,5908988,5923988,1,73.6,3.282275633357645,69.0,79.0,4.0,1.889822365046136,0.07142857142857142,0.05528112748380249,0.07588683632735112,0.0,0.0
23,5914988,5923988,1,75.77777777777777,2.3934065809486684,72.0,79.0,3.0,2.318404623873926,0.125,0.07198611469906148,0.0915760121527569,0.0,0.0
23,5920988,5923988,1,75.75,0.82915619758885,75.0,77.0,2.0,0.816496580927726,0.0,0.039971603349328796,0.02487036083021039,0.0,0.0
23,7075084,7078087,1,78.0,1.5811388300841898,76.0,80.0,4.0,1.4142135623730951,0.0,0.014695757507065556,0.001172690873600585,0.0,0.0
23,7075084,7084095,1,74.5,3.263433774416144,70.0,80.0,10.0,1.4907119849998598,0.0,0.0168469822185163,0.005255241589849792,0.0,0.0
23,7075084,7090104,1,73.1875,3.1862742741327215,69.0,80.0,7.0,1.2909944487358056,0.0,0.018782905851558854,0.010197294205843917,0.0,0.0
23,7075084,7096111,1,73.77272727272727,2.93771429673755,69.0,80.0,4.0,1.2344267996967353,0.0,0.028325649128936235,0.036180949136570176,0.0,0.0
23,7075084,7102120,1,74.0,2.6457513110645907,69.0,80.0,5.0,1.1385500851066221,0.0,0.02914923829443869,0.03478191008694034,0.0,0.0
23,7079089,7108127,1,73.63333333333334,2.040969268645551,69.0,77.0,0.0,1.0504514628777804,0.0,0.029348140057136745,0.034975673254487284,0.0,0.0
23,7085097,7114143,1,74.56666666666666,2.139833846093871,69.0,78.0,7.0,0.9284766908852593,0.0,0.03296883529447217,0.034881233858698006,0.0,0.0
23,7091106,7120150,1,75.46666666666667,1.0873004286866725,74.0,78.0,2.0,0.9468641529479986,0.0,0.049310073649648206,0.06470714957274191,0.0,0.0
23,7097112,7126585,1,75.72413793103448,1.141582438430817,74.0,78.0,3.0,0.944911182523068,0.0,0.05196053851083897,0.06503474500415325,0.0,0.0
23,7103122,7132585,1,75.96551724137932,1.2725960060169608,74.0,78.0,2.0,1.1019463300386794,0.0,0.055183082681060244,0.06420045204386235,0.0,0.0
23,7109129,7138585,1,76.13793103448276,1.1955128154041184,74.0,78.0,2.0,1.164964745021435,0.0,0.0716840851099612,0.07877263948903719,0.0,0.0
23,7115144,7144585,1,75.96551724137932,1.2994099090632256,73.0,78.0,1.0,1.3228756555322954,0.0,0.06937303849558524,0.08045958734328242,0.0,0.0
23,7122585,7150585,1,76.03448275862068,1.2452048334667438,73.0,78.0,1.0,1.267731382092775,0.0,0.06188439182601263,0.0748550967028321,0.0,0.0
23,7127585,7156585,1,76.06666666666666,1.2092238098144705,73.0,78.0,1.0,1.18903032065977,0.0,0.05927439870255446,0.0727793135337135,0.0,0.0
23,7133585,7162585,1,76.03333333333333,1.015983376941878,73.0,78.0,1.0,1.0985884360051028,0.0,0.06047108991646191,0.07258707701256259,0.0,0.0
24,4849753,4859753,0,96.6,1.3564659966250534,94.0,98.0,3.0,2.0615528128088303,0.0,0.18859919263504757,0.1262144579278649,0.0,0.0
24,4849753,4859753,0,96.6,1.3564659966250534,94.0,98.0,3.0,2.0615528128088303,0.0,0.18859919263504757,0.1262144579278649,0.0,0.0
24,4849753,4859753,0,96.6,1.3564659966250534,94.0,98.0,3.0,2.0615528128088303,0.0,0.18859919263504757,0.1262144579278649,0.0,0.0
24,4854753,4859753,0,97.25,0.4330127018922193,97.0,98.0,1.0,0.5773502691896257,0.0,0.15991226218791155,0.12568974439124647,0.0,0.0
24,6641824,6644834,0,103.5,1.118033988749895,102.0,105.0,3.0,1.0,0.0,0.036172046270341256,0.03920859321585139,0.0,0.0
24,6641824,6651847,0,102.4,1.2,101.0,105.0,4.0,0.6666666666666666,0.0,0.06728760007591142,0.060304021463922095,0.0,0.0
24,6641824,6657847,0,102.375,1.0532687216470449,101.0,105.0,2.0,0.6324555320336759,0.0,0.045426543487386256,0.05550969612682077,0.0,0.0
24,6641824,6663847,0,102.4090909090909,0.9370694603676504,101.0,105.0,3.0,0.5773502691896257,0.0,0.0361305509227217,0.04988034466593019,0.0,0.0
24,6641824,6669847,0,102.32142857142857,0.8474150369789052,101.0,105.0,3.0,0.5091750772173156,0.0,0.03234478447663313,0.04513973629363356,0.0,0.0
24,6646847,6675847,0,101.7,1.0376254944182253,99.0,103.0,3.0,0.4913036844405175,0.0,0.027953970447654224,0.04204715562197192,0.0,0.0
24,6652847,6681847,0,101.06666666666666,1.6519348924485158,98.0,103.0,3.0,0.5570860145311556,0.0,0.01483494281603091,0.014767770788785682,0.0,0.0
24,6658847,6687847,0,99.4,3.440930106817051,90.0,103.0,11.0,1.450326954814696,0.034482758620689655,0.026007673097473687,0.030441376449513464,0.0,0.0
24,6664847,6687847,0,98.625,3.42554740151118,90.0,102.0,10.0,1.6151457061744965,0.043478260869565216,0.02967428201760472,0.032800467535931736,0.0,0.0
24,6670847,6687847,0,97.5,3.253203549323856,90.0,101.0,9.0,1.8629514849544841,0.058823529411764705,0.03341116240981462,0.036492983222900226,0.0,0.0
24,6676847,6687847,0,96.25,3.3197640478403483,90.0,99.0,7.0,2.2763607319179844,0.09090909090909091,0.043645632517616585,0.040503908022439396,0.0,0.0
24,6682847,6711847,0,94.77777777777777,3.010270485365348,90.0,98.0,2.0,3.1622776601683795,0.125,0.06854734988984236,0.03856779986920589,0.0,0.0
24,6707847,6717847,0,97.33333333333333,1.1547005383792515,96.0,99.0,1.0,0.7905694150420949,0.0,0.05554736719118744,0.04765587803738052,0.0,0.0
24,6707847,6721847,0,97.7,1.5524174696260022,96.0,101.0,4.0,1.247219128924647,0.0,0.05101165986047799,0.04721364431253938,0.0,0.0
24,6707847,6729847,0,98.26666666666667,1.5260697523012796,96.0,101.0,2.0,1.1952286093343936,0.0,0.05886321012845279,0.0433776082769122,0.0,0.0
24,6707847,6730847,0,98.3125,1.4882351124738322,96.0,101.0,2.0,1.1547005383792515,0.0,0.06040505434695054,0.042422577685683936,0.0,0.0
24,6712847,6730847,0,98.76923076923077,1.2498520622516862,96.0,101.0,3.0,1.2583057392117916,0.0,0.05682194800192128,0.04398380225075549,0.0,0.0
24,6721847,6730847,0,99.57142857142857,0.7284313590846836,99.0,101.0,2.0,1.0,0.0,0.06665065211864597,0.03352958308959203,0.0,0.0
24,6724847,6730847,0,99.33333333333333,0.4714045207910317,99.0,100.0,0.0,0.6324555320336759,0.0,0.07606071182440481,0.02630134090739875,0.0,0.0
24,7521428,7544293,1,85.0,1.5811388300841898,83.0,87.0,4.0,1.4142135623730951,0.0,0.03054569705387241,0.022729579467879343,0.0,0.0
24,7532293,7551293,1,81.375,2.496873044429772,79.0,86.0,7.0,1.2535663410560174,0.0,0.05616002690911941,0.04862712366392083,0.0,0.0
24,7532293,7557293,1,80.85714285714286,2.0995626366712954,79.0,86.0,4.0,1.1094003924504583,0.0,0.057782681256044126,0.04885785723850425,0.0,0.0
24,7543293,7563293,1,81.0,1.5894388284780525,79.0,84.0,3.0,0.9128709291752769,0.0,0.09983057110678378,0.11748152084275976,0.0,0.0
24,7543293,7567293,1,80.63636363636364,1.7976109030259262,77.0,84.0,7.0,1.0,0.0,0.09312512325194972,0.1116343489531888,0.0,0.0
24,7547293,7567293,1,80.35,1.6209565077447328,77.0,83.0,4.0,0.9176629354822471,0.0,0.09832672478413527,0.11561292447074444,0.0,0.0
24,7552293,7567293,1,80.6,1.7435595774162693,77.0,83.0,2.0,1.0,0.0,0.10668945486394049,0.12911807377925982,0.0,0.0
24,7558293,7584293,1,81.18181818181819,1.9455395053666085,77.0,83.0,1.0,2.1213203435596424,0.1,0.12468039318506617,0.1423840372892713,0.0,0.0
24,7564293,7584293,1,80.0,2.280350850198276,77.0,83.0,2.0,3.24037034920393,0.25,0.05655833698045698,0.03627013218025681,0.0,0.0
24,8892632,8894638,0,93.75,0.82915619758885,93.0,95.0,2.0,0.816496580927726,0.0,0.15655849553710943,0.10631452911149418,0.0,0.0
24,8892632,8894638,0,93.75,0.82915619758885,93.0,95.0,2.0,0.816496580927726,0.0,0.15655849553710943,0.10631452911149418,0.0,0.0
24,8892632,8894638,0,93.75,0.82915619758885,93.0,95.0,2.0,0.816496580927726,0.0,0.15655849553710943,0.10631452911149418,0.0,0.0
24,8892632,8894638,0,93.75,0.82915619758885,93.0,95.0,2.0,0.816496580927726,0.0,0.15655849553710943,0.10631452911149418,0.0,0.0
24,8892632,8919756,0,88.33333333333333,5.033222956847166,82.0,95.0,7.0,4.756574397610112,0.125,0.08411555304612,0.0965196418196584,0.0,0.0
24,8915756,8921756,0,84.85714285714286,1.9587584572574412,82.0,87.0,5.0,1.35400640077266,0.0,0.026838240487495415,0.011075022470965675,0.0,0.0
24,8915756,8921756,0,84.85714285714286,1.9587584572574412,82.0,87.0,5.0,1.35400640077266,0.0,0.026838240487495415,0.011075022470965675,0.0,0.0
24,8915756,8921756,0,84.85714285714286,1.9587584572574412,82.0,87.0,5.0,1.35400640077266,0.0,0.026838240487495415,0.011075022470965675,0.0,0.0
24,8915756,8921756,0,84.85714285714286,1.9587584572574412,82.0,87.0,5.0,1.35400640077266,0.0,0.026838240487495415,0.011075022470965675,0.0,0.0
25,448063,465063,1,89.77777777777777,1.2717247935843996,87.0,91.0,1.0,0.7276068751089989,0.0,0.14272409148695447,0.14317095810467706,0.0,0.0
25,454063,480063,1,89.92307692307692,1.4390989949130544,87.0,91.0,0.0,1.1547005383792515,0.0,0.15936444756503515,0.15972433857230645,0.0,0.0
25,460063,486063,1,89.11111111111111,1.286204100310025,87.0,91.0,2.0,1.5,0.0,0.1583189150342121,0.08319448339427059,0.0,0.0
25,485063,513413,1,88.75,0.82915619758885,88.0,90.0,2.0,0.816496580927726,0.0,0.2008415935073986,0.08059628143123838,0.0,0.0
25,512413,519413,1,87.0,0.8660254037844386,86.0,88.0,2.0,0.5345224838248488,0.0,0.1661508100184061,0.13723899142891924,0.0,0.0
25,512413,521413,1,86.6,1.1135528725660042,85.0,88.0,3.0,0.5773502691896257,0.0,0.1361783658264441,0.136647683575054,0.0,0.0
25,512413,521413,1,86.6,1.1135528725660042,85.0,88.0,3.0,0.5773502691896257,0.0,0.1361783658264441,0.136647683575054,0.0,0.0
25,512413,521413,1,86.6,1.1135528725660042,85.0,88.0,3.0,0.5773502691896257,0.0,0.1361783658264441,0.136647683575054,0.0,0.0
25,514413,521413,1,86.25,0.9682458365518543,85.0,88.0,3.0,0.6546536707079771,0.0,0.1388543975977391,0.1521045515743974,0.0,0.0
25,1185496,1202496,1,87.33333333333333,3.543381937578217,85.0,95.0,8.0,4.560701700396552,0.2,0.0969525321839828,0.03237725012076968,0.0,0.0
25,1185496,1202496,1,87.33333333333333,3.543381937578217,85.0,95.0,8.0,4.560701700396552,0.2,0.0969525321839828,0.03237725012076968,0.0,0.0
25,1198496,1202496,1,85.8,0.9797958971132712,85.0,87.0,2.0,1.0,0.0,0.10747418727937703,0.0243662109237535,0.0,0.0
25,1198496,1202496,1,85.8,0.9797958971132712,85.0,87.0,2.0,1.0,0.0,0.10747418727937703,0.0243662109237535,0.0,0.0
25,1198496,1227496,1,86.83333333333333,2.4776781245530843,85.0,92.0,7.0,2.4083189157584592,0.0,0.10140359380805519,0.02605802604037727,0.0,0.0
25,6464206,6477197,0,105.83333333333333,0.6871842709362768,105.0,107.0,0.0,1.0954451150103321,0.0,0.03221977458801914,0.046254781547849774,0.0,0.0
25,6464206,6479197,0,105.75,0.6614378277661477,105.0,107.0,1.0,1.0,0.0,0.02696401336256843,0.04115591648828711,0.0,0.0
25,6464206,6479197,0,105.75,0.6614378277661477,105.0,107.0,1.0,1.0,0.0,0.02696401336256843,0.04115591648828711,0.0,0.0
25,6466212,6479197,0,105.83333333333333,0.6871842709362769,105.0,107.0,0.0,1.0954451150103321,0.0,0.03425818940635247,0.045179744198715115,0.0,0.0
25,6473197,6479197,0,106.0,0.6324555320336759,105.0,107.0,2.0,0.7071067811865476,0.0,0.01451925346562038,0.010568708085648292,0.0,0.0
25,6525197,6533197,0,92.4,1.624807680927192,90.0,94.0,3.0,2.179449471770337,0.0,0.023956451269520708,0.026120284201636562,0.0,0.0
25,6525197,6542197,0,91.33333333333333,2.808716591058786,86.0,94.0,5.0,4.0743097574926725,0.2,0.03600960583823328,0.035985419004530214,0.0,0.0
25,6525197,6542197,0,91.33333333333333,2.808716591058786,86.0,94.0,5.0,4.0743097574926725,0.2,0.03600960583823328,0.035985419004530214,0.0,0.0
25,6526197,6542197,0,91.4,3.0724582991474434,86.0,94.0,4.0,4.527692569068709,0.25,0.042772880763194125,0.03576994731411133,0.0,0.0
26,5976368,6005080,1,96.88888888888889,2.2662308949301266,93.0,100.0,6.0,0.9198662110077999,0.0,0.04328195677764811,0.0724799718514916,0.0,0.0
26,5983080,6005080,1,96.77272727272727,2.4482241835445877,93.0,100.0,3.0,0.9511897312113419,0.0,0.03394822076467886,0.059074444931087766,0.0,0.0
26,5989080,6018080,1,94.18181818181819,4.396655377943181,85.0,100.0,15.0,1.0910894511799618,0.0,0.038863305316236156,0.06067810549248438,0.0,0.0
26,5995080,6024080,1,90.86363636363636,4.11533114259632,85.0,97.0,9.0,1.1751393027860062,0.0,0.055349166306488805,0.06260794012404793,0.0,0.0
26,6001080,6030080,1,89.0909090909091,2.794622936170799,85.0,94.0,5.0,1.2149857925879117,0.0,0.07414906263539264,0.06879686994929396,0.0,0.0
26,6014080,6035080,1,88.11111111111111,2.051798368068821,85.0,93.0,3.0,1.475286612233465,0.0,0.06867525874759485,0.06028344509409339,0.0,0.0
27,2507324,2536351,0,72.17241379310344,2.166659044469656,67.0,75.0,4.0,0.6546536707079771,0.0,0.0038984741680914824,0.0028148875305437884,0.0,0.0
27,2513344,2542351,0,71.37931034482759,3.0559584884282107,65.0,75.0,3.0,0.9063269671749657,0.0,0.0029528573659704203,0.001709638994432015,0.0,0.0
27,2520351,2548351,0,69.93103448275862,3.731792898887913,65.0,75.0,10.0,0.8864052604279183,0.0,0.0028257551676745415,0.0017753469751961028,0.0,0.0
27,2525351,2554351,0,68.4,3.061590000854676,65.0,75.0,7.0,0.9284766908852593,0.0,0.0031678871967991914,0.0018972428386639822,0.0,0.0
27,2531351,2560351,0,67.6,1.9078784028338915,65.0,71.0,2.0,0.909717652294684,0.0,0.0030606232924145623,0.0018910714746596929,0.0,0.0
27,2537351,2566351,0,67.16666666666667,1.6749792701868156,65.0,70.0,1.0,0.8905635565617213,0.0,0.0029833704890144825,0.0017493460100313897,0.0,0.0
27,2543351,2572351,0,66.4,2.244994432064365,62.0,70.0,5.0,0.7191949522280763,0.0,0.0029873896605310483,0.0017228578520565774,0.0,0.0
27,2549351,2578351,0,65.56666666666666,3.04065051519499,61.0,70.0,3.0,0.7191949522280763,0.0,0.0029761410651563684,0.001657745717196655,0.0,0.0
27,2555351,2584351,0,64.5,3.4132096331752027,61.0,70.0,8.0,0.6432675209026769,0.0,0.002714533244127394,0.0014144641931916361,0.0,0.0
27,2561351,2590351,0,62.96666666666667,2.38723456930585,61.0,69.0,7.0,0.6158817620514397,0.0,0.0026196677522163435,0.0014363978803328382,0.0,0.0
27,2567351,2596351,0,62.36666666666667,1.3535960336164639,61.0,65.0,0.0,0.5872202195147035,0.0,0.002352861610933526,0.001440588583321833,0.0,0.0
27,2573351,2596351,0,62.125,1.3010412496663328,61.0,65.0,3.0,0.5516772843673705,0.0,0.0022368272356292863,0.0014578879234506598,0.0,0.0
27,2579351,2596351,0,62.388888888888886,1.37997137204158,61.0,65.0,3.0,0.5423261445466404,0.0,0.0022200601742352077,0.0014282811066865725,0.0,0.0
27,2585351,2596351,0,63.0,1.2909944487358056,61.0,65.0,4.0,0.6030226891555273,0.0,0.0020178631457492867,0.0014420010090451033,0.0,0.0
27,2591351,2596351,0,64.16666666666667,0.6871842709362769,63.0,65.0,2.0,0.6324555320336759,0.0,0.0021972907927412543,0.0018820138087283379,0.0,0.0
27,3209855,3214877,0,67.5,0.5,67.0,68.0,0.0,0.6324555320336759,0.0,0.011607820665546434,0.005897190253772161,0.0,0.0
27,3209855,3220893,0,68.58333333333333,1.552328000849763,67.0,72.0,4.0,0.7385489458759964,0.0,0.00882933933066247,0.006502622116302434,0.0,0.0
27,3209855,3227265,0,70.38888888888889,2.8894230275435207,67.0,75.0,7.0,0.7276068751089989,0.0,0.006926750979500965,0.00606010207226688,0.0,0.0
27,3209855,3233265,0,71.54166666666667,3.214280202817144,67.0,76.0,6.0,0.7223151185146152,0.0,0.03453087997748152,0.10279520872862039,0.0,0.0
27,3209855,3239265,0,72.43333333333334,3.489826484066062,67.0,79.0,11.0,0.9649012813540153,0.0,0.03094518027212632,0.09255135246367083,0.0,0.0
27,3215880,3245265,0,74.8,3.3605555096342825,68.0,80.0,10.0,0.982607368881035,0.0,0.02900396707585877,0.09300285471557307,0.0,0.0
27,3222265,3251265,0,76.03333333333333,2.121058435991071,73.0,80.0,1.0,0.9649012813540153,0.0,0.02834694439124077,0.09314222263812762,0.0,0.0
27,3228265,3257265,0,75.63333333333334,2.6518337470931734,70.0,80.0,5.0,1.0339078862458586,0.0,0.02850319962460936,0.09310272193225481,0.0,0.0
27,3234265,3263265,0,74.13333333333334,4.2405450383438,67.0,80.0,7.0,1.0339078862458586,0.0,0.0061853994068369325,0.009760466033773799,0.0,0.0
27,3240265,3269265,0,72.46666666666667,4.709800656314683,67.0,80.0,12.0,0.7427813527082074,0.0,0.003668543004235961,0.002959731502543789,0.0,0.0
27,3246265,3275265,0,70.23333333333333,3.3732608687868915,67.0,77.0,9.0,0.7191949522280763,0.0,0.004185592736053547,0.002971508297568108,0.0,0.0
27,3252265,3281265,0,68.53333333333333,1.9275776393067947,67.0,74.0,7.0,0.6695340634119862,0.0,0.004258372656545418,0.002897369882188749,0.0,0.0
27,3258265,3287265,0,67.53333333333333,0.618241233033047,67.0,69.0,2.0,0.454858826147342,0.0,0.003908219314832945,0.003016910382912246,0.0,0.0
27,3264265,3293277,0,67.6,0.6633249580710798,67.0,69.0,2.0,0.454858826147342,0.0,0.005359688991081402,0.0068961238983627215,0.0,0.0
27,3270265,3298297,0,68.06896551724138,1.2575574157800322,67.0,71.0,2.0,0.4629100498862757,0.0,0.007659527769749794,0.00917454043020986,0.0,0.0
27,3276265,3298297,0,68.04347826086956,1.3980813209403067,67.0,71.0,3.0,0.4767312946227962,0.0,0.008487142837520197,0.01004877780964144,0.0,0.0
27,3282265,3298297,0,68.29411764705883,1.524880164331261,67.0,71.0,4.0,0.5,0.0,0.010378024718357472,0.011032674115065031,0.0,0.0
27,3288265,3298297,0,69.0,1.4770978917519928,67.0,71.0,4.0,0.6324555320336759,0.0,0.014864901618120513,0.011307985448957702,0.0,0.0
27,3294284,3298297,0,70.4,0.4898979485566356,70.0,71.0,1.0,0.5,0.0,0.017088846443301175,0.010330071266047774,0.0,0.0
27,4764098,4768121,0,76.2,0.4,76.0,77.0,0.0,0.7071067811865476,0.0,0.040027959950778604,0.04777306389910155,0.0,0.0
27,4764098,4775007,0,75.72727272727273,0.616575453011388,75.0,77.0,1.0,0.7071067811865476,0.0,0.034319204837714584,0.03987258372357055,0.0,0.0
27,4764098,4781007,0,75.3529411764706,0.7624400821656306,74.0,77.0,2.0,0.6123724356957945,0.0,0.07348163821440071,0.12474742462814496,0.0,0.0
27,4764098,4787007,0,75.0,1.06321906614239,73.0,77.0,0.0,0.674199862463242,0.0,0.06482621752670105,0.10949288285729018,0.0,0.0
27,4764098,4793007,0,75.82758620689656,2.035359250120511,73.0,81.0,5.0,0.7791937224739796,0.0,0.06858418966445833,0.10595339335945765,0.0,0.0
27,4770007,4799007,0,76.4,2.550816862627865,73.0,81.0,1.0,0.9284766908852593,0.0,0.06919488077649089,0.10270746328338062,0.0,0.0
27,4776007,4805007,0,76.73333333333333,2.502443250549795,73.0,81.0,2.0,0.9468641529479986,0.0,0.06740569769214037,0.10261862759827566,0.0,0.0
27,4782007,4811007,0,76.96666666666667,2.3449709782615407,73.0,81.0,2.0,0.9468641529479986,0.0,0.0449232342542282,0.05009802632104558,0.0,0.0
27,4788007,4817007,0,77.16666666666667,2.05074512203627,75.0,81.0,2.0,0.8709883407113854,0.0,0.05870654374193432,0.07589337532510992,0.0,0.0
27,4794007,4823007,0,76.3,1.8823743871327336,74.0,81.0,5.0,0.8509629433967631,0.0,0.06554732972377879,0.07998736071143601,0.0,0.0
27,4800007,4829007,0,76.36666666666666,1.7978382080215733,74.0,81.0,5.0,0.9649012813540153,0.0,0.07109008063439352,0.08169395149934773,0.0,0.0
27,4806007,4835007,0,76.4,2.026491220476089,74.0,81.0,2.0,1.144702942944678,0.0,0.08564858734890475,0.0854721049206729,0.0,0.0
27,4812007,4841007,0,75.4,3.0724582991474434,69.0,81.0,3.0,1.299867367239363,0.0,0.09183529697956866,0.0870523967364352,0.0,0.0
27,4818007,4847007,0,74.63333333333334,3.572891763761611,69.0,81.0,5.0,1.3518824678560455,0.0,0.0944682372884463,0.07624479560626393,0.0,0.0
27,4824007,4853007,0,73.66666666666667,4.077035960378841,68.0,81.0,9.0,1.3518824678560455,0.0,0.08335366819455088,0.06811864591017949,0.0,0.0
27,4830007,4853007,0,72.25,3.243583409338094,68.0,80.0,9.0,1.335143698502964,0.0,0.08530344982244815,0.07200793288579162,0.0,0.0
27,4836007,4853007,0,70.61111111111111,1.3391078659104387,68.0,73.0,2.0,1.2366938848016846,0.0,0.08260175740960934,0.0690100185102411,0.0,0.0
27,4842007,4853007,0,70.5,1.4433756729740645,68.0,73.0,2.0,1.2792042981336627,0.0,0.09200230426337198,0.06851354712869691,0.0,0.0
27,4848007,4853007,0,69.83333333333333,1.2133516482134197,68.0,72.0,1.0,1.61245154965971,0.0,0.06162083396560644,0.05314721825017368,0.0,0.0
27,6509377,6514388,0,79.83333333333333,0.3726779962499649,79.0,80.0,0.0,0.6324555320336759,0.0,0.0800342991714176,0.07624038753157594,0.0,0.0
27,6509377,6520959,0,81.75,2.277608394786075,79.0,86.0,6.0,0.9534625892455924,0.0,0.06689449752172112,0.08098515371662582,0.0,0.0
27,6509377,6526959,0,83.55555555555556,3.1836775070876446,79.0,88.0,8.0,0.8401680504168059,0.0,0.08778637645045446,0.08025557291886548,0.0,0.0
27,6509377,6532959,0,84.58333333333333,3.290347837066605,79.0,88.0,8.0,0.7801894976054939,0.0,0.08934587718239666,0.07934298580983644,0.0,0.0
27,6509377,6538959,0,84.93333333333334,3.0324174441451097,79.0,88.0,6.0,0.7427813527082074,0.0,0.08278466352849871,0.07360345988915114,0.0,0.0
27,6515959,6544959,0,85.93333333333334,1.7307673314329561,81.0,88.0,3.0,0.7191949522280763,0.0,0.11159100460435682,0.09998935446467946,0.0,0.0
27,6521959,6550959,0,85.93333333333334,1.569146972791976,83.0,88.0,2.0,0.5872202195147035,0.0,0.12226271445361242,0.10225560639970863,0.0,0.0
27,6527959,6556959,0,85.36666666666666,1.5162087220725546,83.0,88.0,4.0,0.5872202195147035,0.0,0.11516535538442982,0.10587470806495047,0.0,0.0
27,6533959,6562959,0,84.63333333333334,1.0159833769418782,83.0,87.0,3.0,0.4913036844405175,0.0,0.1174656021286689,0.1057319198958564,0.0,0.0
27,6539959,6568959,0,84.23333333333333,0.6155395104206461,83.0,85.0,0.0,0.5252257314388902,0.0,0.12145908506323666,0.10352885586102106,0.0,0.0
27,6545959,6574959,0,84.1,0.5385164807134503,83.0,85.0,0.0,0.5252257314388902,0.0,0.10068447064227007,0.08163717947019042,0.0,0.0
27,6551959,6580959,0,84.3,0.5259911279353167,83.0,85.0,1.0,0.4913036844405175,0.0,0.10798801198360122,0.0807656436037851,0.0,0.0
27,6557959,6586959,0,84.66666666666667,1.0110500592068734,83.0,88.0,4.0,0.7427813527082074,0.0,0.10691550394876327,0.07344680163926987,0.0,0.0
27,6563959,6586959,0,84.83333333333333,1.0671873729054748,83.0,88.0,5.0,0.8075728530872482,0.0,0.10726297666109942,0.0723034736179293,0.0,0.0
27,6569959,6586959,0,85.0,1.1055415967851334,84.0,88.0,3.0,0.8744746321952062,0.0,0.11751489435288402,0.07915343821639047,0.0,0.0
27,6575959,6586959,0,85.41666666666667,1.114924013354971,84.0,88.0,4.0,1.044465935734187,0.0,0.11617587530638833,0.08202968526296167,0.0,0.0
27,6581959,6586959,0,86.16666666666667,1.0671873729054748,85.0,88.0,2.0,1.4142135623730951,0.0,0.08872079878781834,0.03238592044326108,0.0,0.0
27,7918610,7925108,0,75.0,0.5345224838248488,74.0,76.0,1.0,0.7071067811865476,0.0,0.06458069237731215,0.0866372324295482,0.0,0.0
27,7918610,7931108,0,75.0,0.6793662204867574,74.0,76.0,0.0,0.7071067811865476,0.0,0.0784444784865365,0.08155944864367334,0.0,0.0
27,7918610,7937108,0,74.84210526315789,0.6698906348083081,74.0,76.0,0.0,0.7453559924999299,0.0,0.06467652845343,0.07180591335847848,0.0,0.0
27,7918610,7943108,0,75.12,0.8158431221748456,74.0,77.0,3.0,0.7359800721939872,0.0,0.06183237672336985,0.06338688506287729,0.0,0.0
27,7919612,7949108,0,75.6,1.3063945294843615,74.0,79.0,0.0,0.8304547985373997,0.0,0.055903549841957965,0.05948092391234322,0.0,0.0
27,7926108,7955108,0,75.2,1.7009801096230763,72.0,79.0,3.0,0.8509629433967631,0.0,0.04456157588686927,0.04510359603356768,0.0,0.0
27,7932108,7961108,0,74.96666666666667,1.8162843634433705,72.0,79.0,1.0,0.8509629433967631,0.0,0.03735334282891981,0.036051350442983736,0.0,0.0
27,7938108,7967108,0,75.5,2.0453198608856593,72.0,79.0,2.0,0.982607368881035,0.0,0.040564347386655555,0.03696722638088784,0.0,0.0
27,7944108,7973108,0,75.13333333333334,2.124983660067897,72.0,79.0,4.0,1.0504514628777804,0.0,0.036193905901713924,0.038109450898491076,0.0,0.0
27,7950108,7979108,0,74.63333333333334,1.7026123718829513,72.0,79.0,0.0,1.0170952554312156,0.0,0.03966049459715637,0.0393132792897157,0.0,0.0
27,7956108,7985108,0,74.83333333333333,1.529342632927262,72.0,79.0,1.0,1.0667385033281394,0.0,0.03827182225044161,0.040017093829671016,0.0,0.0
27,7962108,7991108,0,75.03333333333333,1.4940623220676648,73.0,79.0,2.0,1.144702942944678,0.0,0.04687516120301332,0.0803384643573995,0.0,0.0
27,7968108,7997108,0,74.5,1.02469507659596,73.0,77.0,3.0,1.0667385033281394,0.0,0.039552346669660836,0.08036687265838376,0.0,0.0
27,7974108,8003108,0,74.36666666666666,1.1396880664852507,71.0,77.0,0.0,1.0827805840074194,0.0,0.0443296179841173,0.08039939923298078,0.0,0.0
28,1018974,1048777,1,88.0,2.8284271247461903,83.0,91.0,1.0,1.7480147469502525,0.0,0.023434154490562135,0.031973434002244915,0.0,0.0
28,1030777,1049777,1,89.13333333333334,1.9955506062794355,84.0,91.0,5.0,1.439245834257849,0.0,0.026468816107205535,0.03498461480282433,0.0,0.0
28,1031777,1060777,1,87.10526315789474,3.9188443092602703,80.0,91.0,9.0,1.4337208778404378,0.0,0.021481791600140375,0.03256155423522069,0.0,0.0
28,1037777,1066777,1,83.10526315789474,4.822040808861624,77.0,91.0,12.0,1.4907119849998598,0.0,0.013245876373738991,0.024763892916551445,0.0,0.0
28,1048777,1072777,1,79.36842105263158,2.6399865692598845,77.0,85.0,6.0,1.0,0.0,0.018597136409250935,0.05835632238823095,0.0,0.0
28,1049777,1078777,1,78.91666666666667,2.099933861392359,77.0,84.0,4.0,0.9780192938436515,0.0,0.019084677332509764,0.052947253661554,0.0,0.0
28,1056777,1084777,1,79.6896551724138,2.7304597096316074,77.0,86.0,2.0,1.0690449676496976,0.0,0.016916109868736824,0.048424526894287695,0.0,0.0
28,1061777,1090777,1,80.73333333333333,3.758841429069453,77.0,87.0,6.0,0.909717652294684,0.0,0.01995658681408403,0.04829876109128268,0.0,0.0
28,1067777,1096777,1,82.66666666666667,4.2295258468165065,77.0,89.0,12.0,0.8709883407113854,0.0,0.02108006945763063,0.047961480486392115,0.0,0.0
28,1073777,1102777,1,85.23333333333333,4.20066132359603,77.0,91.0,11.0,0.8905635565617213,0.0,0.011765688604667887,0.015738171633913393,0.0,0.0
28,1079777,1107777,1,87.13793103448276,2.569370484165125,80.0,91.0,8.0,0.8451542547285166,0.0,0.009155628219667485,0.012460594418374498,0.0,0.0
28,1085777,1107777,1,88.08695652173913,1.6658473096233055,86.0,91.0,2.0,0.674199862463242,0.0,0.00988656328374558,0.013793528853184654,0.0,0.0
28,1091777,1107777,1,88.70588235294117,1.485803640037069,86.0,91.0,2.0,0.7071067811865476,0.0,0.0063048786448117716,0.00400784171696384,0.0,0.0
28,1097777,1107777,1,89.36363636363636,1.149919149152138,88.0,91.0,2.0,0.6324555320336759,0.0,0.005589875839855606,0.0036424026580897714,0.0,0.0
28,1103777,1107777,1,88.2,0.4,88.0,89.0,1.0,0.5,0.0,0.003709995254274046,0.0025004383179739946,0.0,0.0
28,3702004,3722004,1,91.83333333333333,1.4624940645653532,89.0,93.0,4.0,1.0954451150103321,0.0,0.026900698186847555,0.02576200894130876,0.0,0.0
28,3702004,3728004,1,91.77777777777777,1.227262335243029,89.0,93.0,2.0,1.0,0.0,0.035160379711381785,0.0369069743449732,0.0,0.0
28,3718004,3728004,1,92.125,0.7806247497997998,91.0,93.0,0.0,0.7559289460184544,0.0,0.030393576136331705,0.036440205855690244,0.0,0.0
28,3718004,3728004,1,92.125,0.7806247497997998,91.0,93.0,0.0,0.7559289460184544,0.0,0.030393576136331705,0.036440205855690244,0.0,0.0
28,3719004,3746004,1,92.0,1.0,90.0,93.0,2.0,0.7559289460184544,0.0,0.03005757271437532,0.03668711433305085,0.0,0.0
28,3726004,3746004,1,91.25,0.82915619758885,90.0,92.0,2.0,0.816496580927726,0.0,0.03926309480077233,0.04716755195111854,0.0,0.0
28,7067171,7072171,1,89.33333333333333,0.9428090415820634,88.0,91.0,2.0,1.4142135623730951,0.0,0.06109576378812509,0.05747556125508935,0.0,0.0
28,7067171,7078171,1,88.16666666666667,1.3437096247164249,87.0,91.0,4.0,1.1281521496355325,0.0,0.0749279753835585,0.061488223030651365,0.0,0.0
29,1058775,1087775,1,78.6923076923077,2.0147385928782757,77.0,83.0,4.0,1.5275252316519468,0.0,0.09351329684745688,0.13025110643216473,0.0,0.0
29,1077775,1093775,1,78.6875,1.5699820858850588,77.0,82.0,3.0,0.9309493362512627,0.0,0.10775161402706372,0.1505956325566733,0.0,0.0
29,1077775,1099775,1,79.81818181818181,2.386255408801216,77.0,85.0,7.0,0.8997354108424374,0.0,0.08817145366549557,0.13306688137004608,0.0,0.0
29,1077775,1105775,1,81.32142857142857,3.576246749921841,77.0,87.0,9.0,0.8388704928078611,0.0,0.07299570197762538,0.12165336690422024,0.0,0.0
29,1082775,1110775,1,82.33333333333333,3.4533933928711225,77.0,87.0,3.0,1.9903613896824017,0.038461538461538464,0.0831379613128895,0.1348833482899794,0.0,0.0
29,1088775,1114775,1,83.21739130434783,3.06390659607789,78.0,87.0,3.0,2.1426406817077592,0.045454545454545456,0.056626338824649645,0.11197112401109016,0.0,0.0
29,1094775,1123775,1,83.3913043478261,2.8702239033215666,78.0,87.0,1.0,2.0780235364840838,0.045454545454545456,0.03857935278779285,0.07096582113312315,0.0,0.0
29,1100775,1129775,1,82.69565217391305,3.1544968951681835,78.0,87.0,6.0,2.04494943258218,0.045454545454545456,0.036152482190171205,0.0706676527339557,0.0,0.0
29,1106775,1131775,1,81.21052631578948,2.1662226976059658,78.0,87.0,6.0,2.260776661041756,0.05555555555555555,0.03927311713278921,0.07705830108251698,0.0,0.0
29,1113775,1131775,1,80.73333333333333,0.6798692684790381,80.0,82.0,0.0,0.6546536707079771,0.0,0.02042850210014431,0.015246627476467193,0.0,0.0
29,1118775,1131775,1,80.6923076923077,0.72160242458822,80.0,82.0,1.0,0.6454972243679028,0.0,0.021687115382509566,0.015947505721465225,0.0,0.0
29,1124775,1131775,1,80.375,0.4841229182759271,80.0,81.0,1.0,0.6546536707079771,0.0,0.022339742793031303,0.019431963119174663,0.0,0.0
29,1910440,1917498,1,80.75,0.82915619758885,80.0,82.0,1.0,1.2909944487358056,0.0,0.08219660729683038,0.12439250586572381,0.0,0.0
29,1910440,1928498,1,81.0,0.816496580927726,80.0,82.0,1.0,1.1832159566199232,0.0,0.13979715546076268,0.1325141720391902,0.0,0.0
29,1910440,1932498,1,81.25,0.82915619758885,80.0,82.0,1.0,1.0,0.0,0.17901987055008012,0.19712349336325552,0.0,0.0
29,1911441,1940498,1,81.625,1.2183492931011204,80.0,84.0,4.0,1.1952286093343936,0.0,0.17848112406574262,0.19758448388521457,0.0,0.0
29,1917498,1945498,1,81.9,1.044030650891055,80.0,84.0,2.0,1.0540925533894598,0.0,0.1172023983523222,0.18491947631380257,0.0,0.0
29,1927498,1952498,1,79.76923076923077,3.3547634595933116,74.0,84.0,7.0,1.7559422921421233,0.0,0.09387007869878013,0.16776095775928224,0.0,0.0
29,1931498,1955498,1,78.42857142857143,3.7170319517879102,74.0,84.0,7.0,1.6870547845739468,0.0,0.052565025945180824,0.14841649040093643,0.0,0.0
29,1940498,1959498,1,78.15384615384616,3.7178602995675605,74.0,84.0,2.0,2.614064523559687,0.08333333333333333,0.011251843454792338,0.007887977498526391,0.0,0.0
29,1941498,1970498,1,78.33333333333333,3.3796778281697537,74.0,83.0,2.0,2.4784787961282104,0.07142857142857142,0.013411098327079924,0.010643347105409923,0.0,0.0
29,1949498,1976498,1,77.6875,2.7775607554111215,74.0,82.0,2.0,2.160246899469287,0.06666666666666667,0.017124257031875867,0.018122320646521525,0.0,0.0
29,1953498,1982498,1,78.72222222222223,2.1808651584878356,74.0,82.0,6.0,1.909727421264462,0.058823529411764705,0.014073966955829152,0.017856987042951796,0.0,0.0
29,1959498,1988498,1,79.57142857142857,1.1780301787479028,78.0,82.0,3.0,0.8660254037844386,0.0,0.014447075920485103,0.017046968159653564,0.0,0.0
29,1965498,1994498,1,79.53846153846153,1.0088366960464616,78.0,82.0,1.0,0.8717797887081347,0.0,0.01213531611553429,0.016053690436990918,0.0,0.0
29,1971498,1998498,1,79.55555555555556,0.9558139185602917,78.0,81.0,0.0,0.7337993857053428,0.0,0.01103396945798976,0.015546063786025466,0.0,0.0
29,1977498,1998498,1,79.72727272727273,0.9136250564655354,78.0,81.0,2.0,0.7559289460184544,0.0,0.008030501337969618,0.00970320930431201,0.0,0.0
29,1983498,1998498,1,80.0,0.7905694150420949,79.0,81.0,1.0,0.6831300510639732,0.0,0.008533681151104793,0.010328809130402109,0.0,0.0
29,1989498,1998498,1,80.2,0.7483314773547882,79.0,81.0,0.0,0.6666666666666666,0.0,0.0060885865566769745,0.009860160112725978,0.0,0.0
29,1995498,1998498,1,80.75,0.4330127018922193,80.0,81.0,1.0,0.5773502691896257,0.0,0.011254151894307935,0.013949272091320476,0.0,0.0
29,3189058,3193068,0,84.4,0.8,83.0,85.0,2.0,0.7071067811865476,0.0,0.06949674890893184,0.1298765701705088,0.0,0.0
29,3189058,3195073,0,84.5,0.7637626158259734,83.0,85.0,0.0,1.0954451150103321,0.0,0.12250793806692888,0.1676530160155312,0.0,0.0
29,3189058,3195073,0,84.5,0.7637626158259734,83.0,85.0,0.0,1.0954451150103321,0.0,0.12250793806692888,0.1676530160155312,0.0,0.0
29,3189058,3210885,0,84.9,0.8306623862918076,83.0,86.0,1.0,1.0,0.0,0.0782467848644259,0.14086401966432777,0.0,0.0
3,482310,511310,0,102.83333333333333,0.8333333333333334,102.0,105.0,2.0,0.6859943405700354,0.0,0.07928102904561049,0.07694897628183711,0.0,0.0
3,495310,515310,0,102.71428571428571,0.6281383789653772,102.0,104.0,2.0,0.6324555320336759,0.0,0.08203420269211409,0.07549499205546722,0.0,0.0
3,495310,515310,0,102.71428571428571,0.6281383789653772,102.0,104.0,2.0,0.6324555320336759,0.0,0.08203420269211409,0.07549499205546722,0.0,0.0
3,500310,515310,0,102.625,0.5994789404140899,102.0,104.0,2.0,0.5163977794943222,0.0,0.08757816796127658,0.08454573164524692,0.0,0.0
3,506310,532310,0,102.0909090909091,1.378704626191191,98.0,103.0,4.0,1.3416407864998738,0.0,0.0740047653611605,0.05833892670532954,0.0,0.0
3,512310,532310,0,101.8,1.9390719429665317,98.0,103.0,5.0,2.0615528128088303,0.0,0.10192977969538286,0.0685704407867661,0.0,0.0
3,532310,547310,0,100.75,1.7853571071357126,98.0,103.0,5.0,2.0816659994661326,0.0,0.023450584870897087,0.014080607080736659,0.0,0.0
3,532310,553310,0,101.5,1.8027756377319946,98.0,103.0,5.0,1.61245154965971,0.0,0.028250736370809243,0.024805835509627852,0.0,0.0
3,532310,557310,0,102.1,1.5779733838059498,98.0,103.0,5.0,1.2018504251546631,0.0,0.026236100678626268,0.020544849359762918,0.0,0.0
3,542310,557310,0,102.55555555555556,0.8314794192830981,101.0,103.0,2.0,0.7071067811865476,0.0,0.025603796983563614,0.02156366706471899,0.0,0.0
3,542310,557310,0,102.55555555555556,0.8314794192830981,101.0,103.0,2.0,0.7071067811865476,0.0,0.025603796983563614,0.02156366706471899,0.0,0.0
3,548310,557310,0,103.0,0.0,103.0,103.0,0.0,0.0,0.0,0.02809311121711239,0.02372104216022986,0.0,0.0
3,554310,557310,0,103.0,0.0,103.0,103.0,0.0,0.0,0.0,0.0232141471403518,0.010817233306002502,0.0,0.0
3,7527661,7531660,0,92.0,0.0,92.0,92.0,0.0,0.0,0.0,0.021328669003639857,0.02443355752109394,0.0,0.0
3,7527661,7537858,0,94.54545454545455,2.8400907912387834,92.0,99.0,7.0,1.0488088481701516,0.0,0.08867449357414293,0.08947228068169713,0.0,0.0
3,7527661,7543858,0,97.05882352941177,4.151124415147612,92.0,103.0,11.0,0.9682458365518543,0.0,0.0678161131273259,0.07828498439110554,0.0,0.0
3,7527661,7549858,0,98.73913043478261,4.560867492849862,92.0,104.0,12.0,0.8528028654224418,0.0,0.06455148038054087,0.07366933496067136,0.0,0.0
3,7527661,7555858,0,99.82758620689656,4.586855022909385,92.0,104.0,12.0,0.7559289460184544,0.0,0.07066363822761396,0.07159203798218426,0.0,0.0
3,7532666,7561858,0,102.1,3.1128764832546763,93.0,105.0,12.0,0.7427813527082074,0.0,0.07771625077190626,0.070815472072287,0.0,0.0
3,7538858,7567858,0,103.9,1.468559384794046,100.0,106.0,6.0,0.454858826147342,0.0,0.051305033576953055,0.05305555764019627,0.0,0.0
3,7544858,7573858,0,104.8,1.077032961426901,103.0,107.0,3.0,0.41522739926869984,0.0,0.04980135565080284,0.05353296391076649,0.0,0.0
3,7550858,7579858,0,105.16666666666667,0.8975274678557507,104.0,107.0,0.0,0.454858826147342,0.0,0.04480964692173754,0.0480970889431262,0.0,0.0
30,487740,517088,0,83.06896551724138,3.1832648007846265,76.0,87.0,11.0,0.6813851438692469,0.0,0.19075659540604523,0.24483288839586848,0.0,0.0
30,494088,523088,0,84.86666666666666,2.692376067507823,80.0,88.0,8.0,0.5252257314388902,0.0,0.18146730357829127,0.1389754891929124,0.0,0.0
30,500088,529088,0,86.33333333333333,1.849924923401548,82.0,88.0,6.0,0.454858826147342,0.0,0.20563430738128347,0.14807580669213607,0.0,0.0
30,506088,535088,0,87.26666666666667,1.0934146311237813,84.0,88.0,4.0,0.3713906763541037,0.0,0.20525745954176325,0.14839804613358268,0.0,0.0
30,512088,541088,0,87.7,0.45825756949558394,87.0,88.0,1.0,0.32163376045133846,0.0,0.23712391245537448,0.15425227815538511,0.0,0.0
30,518088,546088,0,87.89655172413794,0.30454347814923616,87.0,88.0,0.0,0.2672612419124244,0.0,0.2560782461216392,0.15527030732159677,0.0,0.0
30,524088,552825,0,88.03703703703704,0.5761610809668165,87.0,90.0,2.0,0.3922322702763681,0.0,0.2725319096754229,0.1844947256603801,0.0,0.0
30,530088,558825,0,88.96296296296296,1.835483213831684,87.0,93.0,5.0,0.5188745216627708,0.0,0.3071056987782923,0.20832415681622318,0.0,0.0
30,536088,564825,0,90.70370370370371,3.3201384934836997,87.0,98.0,11.0,0.6504436355879909,0.0,0.3298976235300792,0.198744031060339,0.0,0.0
30,542088,570825,0,93.44444444444444,4.4416657980681515,88.0,100.0,12.0,0.6793662204867574,0.0,0.2686416068078679,0.2333705113464321,0.0,0.0
30,549825,570825,0,94.68181818181819,3.9930207707991023,88.0,100.0,12.0,0.7559289460184544,0.0,0.2606471336469486,0.24655114780739412,0.0,0.0
30,553825,570825,0,95.94444444444444,3.2569962682444116,91.0,100.0,9.0,0.7276068751089989,0.0,0.21546700388770376,0.2189575520852096,0.0,0.0
30,559825,570825,0,97.83333333333333,2.229848026709942,94.0,100.0,6.0,0.7385489458759964,0.0,0.11928454745459871,0.14564347955419119,0.0,0.0
30,565825,570825,0,99.83333333333333,0.3726779962499649,99.0,100.0,1.0,0.4472135954999579,0.0,0.006681049180671636,0.004465402800910494,0.0,0.0
30,1027823,1031831,1,86.0,0.0,86.0,86.0,0.0,0.0,0.0,0.03359456806213797,0.05218811503307407,0.0,0.0
30,1027823,1039091,1,87.45454545454545,1.9241827716833386,86.0,91.0,5.0,0.8366600265340756,0.0,0.07595685545871865,0.11666388550867261,0.0,0.0
30,1027823,1045091,1,88.17647058823529,1.9169612631529793,86.0,91.0,4.0,0.9354143466934853,0.0,0.06330095263866067,0.09673641008634958,0.0,0.0
30,1027823,1051091,1,88.04347826086956,1.7062101626390074,86.0,91.0,1.0,0.8790490729915326,0.0,0.054326781412617375,0.08513775678563008,0.0,0.0
30,1027823,1057091,1,88.0,1.5536386656646635,86.0,91.0,3.0,0.823754471047914,0.0,0.0485445555438544,0.07722275500478931,0.0,0.0
30,1034091,1063091,1,87.8,2.0396078054371136,81.0,91.0,5.0,1.0985884360051028,0.0,0.04455835771698472,0.07396381262102289,0.0,0.0
30,1040091,1069091,1,86.6,2.7398296784046017,81.0,91.0,7.0,1.0667385033281394,0.0,0.02508923952512571,0.020065249139313922,0.0,0.0
30,1046091,1075091,1,85.53333333333333,2.390722810272147,81.0,89.0,4.0,0.9468641529479986,0.0,0.06288699832263012,0.20725419752980365,0.0,0.0
30,1052091,1081091,1,85.67857142857143,2.8164513060203387,81.0,91.0,4.0,1.186342028003479,0.0,0.06381056501313977,0.21441568788369997,0.0,0.0
30,1058091,1087091,1,85.71428571428571,2.8891069165938124,81.0,91.0,2.0,1.2171612389003692,0.0,0.13643324588120406,0.29805643828817213,0.0,0.0
30,1064091,1092091,1,86.57692307692308,3.5428484511659533,81.0,96.0,15.0,1.5362291495737217,0.0,0.15217229203494045,0.3057874244999133,0.0,0.0
30,1070091,1098091,1,88.27272727272727,3.413633337367016,84.0,96.0,9.0,1.6761634196950514,0.0,0.17750614433225226,0.32608948696652257,0.0,0.0
30,1076091,1105091,1,89.70588235294117,2.6516300399022694,86.0,96.0,1.0,2.222048604328897,0.0,0.15006384246362597,0.2722239468300199,0.0,0.0
30,1082091,1111091,1,88.94736842105263,2.665050294983613,86.0,96.0,4.0,1.9720265943665387,0.0,0.1370727773710949,0.26029501910731984,0.0,0.0
30,1088091,1116091,1,87.83333333333333,3.5939764421413036,83.0,96.0,4.0,2.0291986247835694,0.0,0.03195607244314462,0.033222081275188296,0.0,0.0
30,1097091,1116091,1,87.0,3.2071349029490928,83.0,94.0,11.0,1.593255013631383,0.0,0.024423509620958007,0.01616154124198026,0.0,0.0
30,1105091,1116091,1,85.91666666666667,1.9346977943739831,83.0,88.0,5.0,0.7977240352174656,0.0,0.02581621069273919,0.01705961478072866,0.0,0.0
30,1106091,1116091,1,85.72727272727273,1.9112541856026035,83.0,88.0,5.0,0.8366600265340756,0.0,0.026301893909483575,0.017738576956644225,0.0,0.0
30,1112091,1116091,1,83.8,0.7483314773547882,83.0,85.0,2.0,1.0,0.0,0.032507547302635935,0.023246331774320343,0.0,0.0
30,1840231,1854231,0,88.75,1.0897247358851685,87.0,90.0,0.0,2.160246899469287,0.0,0.1825952500766227,0.2373549767392981,0.0,0.0
30,1840231,1861231,0,87.0,2.6457513110645907,83.0,90.0,6.0,2.8284271247461903,0.0,0.12681197866243432,0.20926054919830558,0.0,0.0
30,1840231,1867231,0,85.75,2.3139072294858036,83.0,90.0,4.0,1.954016841836789,0.0,0.17286295787596795,0.15731262939172333,0.0,0.0
30,1847231,1873231,0,84.875,1.4086784586980805,83.0,89.0,3.0,1.4832396974191326,0.0,0.16319745866079574,0.1481836639443407,0.0,0.0
30,1854231,1879231,0,84.61904761904762,1.1741740958036146,83.0,89.0,5.0,1.2449899597988732,0.0,0.09979132395124901,0.10297808066654171,0.0,0.0
30,1860231,1885231,0,84.53846153846153,0.7457969011409737,83.0,86.0,2.0,0.565685424949238,0.0,0.0861021048347696,0.09720980778695612,0.0,0.0
30,1862231,1891231,0,84.46666666666667,0.7180219742846006,83.0,86.0,0.0,0.6432675209026769,0.0,0.08089810458905565,0.09229282874067511,0.0,0.0
30,1868231,1897231,0,84.32,0.9682974749528164,81.0,86.0,4.0,0.7637626158259734,0.0,0.045094058670707496,0.06478004799754873,0.0,0.0
30,1874231,1903231,0,82.08,4.088226999568395,73.0,86.0,11.0,1.136515141415488,0.0,0.021067198666065032,0.022625874434183863,0.0,0.0
30,1880231,1909231,0,79.04,5.681408276123095,71.0,86.0,12.0,1.1902380714238083,0.0,0.022751407739331618,0.02271505114565548,0.0,0.0
30,1886231,1915231,0,75.32,5.647796030311293,68.0,84.0,14.0,1.2583057392117916,0.0,0.017752181528508205,0.021372752942351903,0.0,0.0
30,1897231,1917231,0,72.76190476190476,3.3080675110396958,68.0,81.0,6.0,1.51657508881031,0.0,0.010773913039698959,0.0117919296786348,0.0,0.0
30,1898231,1917231,0,72.35,2.8155816450602176,68.0,79.0,4.0,1.4867838833500564,0.0,0.010618011110032577,0.012061992877547802,0.0,0.0
30,1904231,1917231,0,71.07142857142857,1.7914194577120646,68.0,75.0,3.0,1.4411533842457842,0.0,0.010709080139056512,0.013774585096052961,0.0,0.0
30,1910231,1917231,0,70.625,2.2325713874364688,68.0,75.0,4.0,1.7728105208558367,0.0,0.004215938889922336,0.00437923403306061,0.0,0.0
30,2234688,2239437,1,88.0,0.6324555320336759,87.0,89.0,1.0,0.8660254037844386,0.0,0.026840092454847357,0.025104632706136124,0.0,0.0
30,2234688,2245437,1,87.66666666666667,0.9428090415820634,86.0,89.0,3.0,1.0606601717798212,0.0,0.01907281045437497,0.021067250459783242,0.0,0.0
30,2234688,2251437,1,86.53333333333333,1.6275407487644937,84.0,89.0,4.0,0.9258200997725514,0.0,0.019388232263130002,0.02632570167438283,0.0,0.0
30,2234688,2257437,1,85.9047619047619,1.743143354068869,83.0,89.0,4.0,0.9486832980505138,0.0,0.031985354450008406,0.04753972213806503,0.0,0.0
30,2234688,2263437,1,85.66666666666667,1.7716909687891083,83.0,89.0,6.0,0.9325048082403138,0.0,0.028877439736493444,0.04525050989595264,0.0,0.0
30,2240437,2269437,1,84.16,2.091506633984219,80.0,89.0,9.0,0.8897565210026093,0.0,0.024849430559882833,0.04385921817861517,0.0,0.0
30,2246437,2275437,1,82.51851851851852,2.4850720292172226,78.0,86.0,8.0,0.8320502943378437,0.0,0.02332962590006796,0.042525074806700404,0.0,0.0
30,2252437,2281437,1,81.29629629629629,2.431503342543682,78.0,85.0,4.0,0.8320502943378437,0.0,0.022056817070005192,0.0403731378909174,0.0,0.0
30,2261437,2287437,1,81.14814814814815,2.3206592885660062,78.0,85.0,0.0,0.8320502943378437,0.0,0.013494543626872637,0.018928826511482522,0.0,0.0
30,2264437,2293437,1,81.53571428571429,2.7448932175059566,78.0,87.0,3.0,0.8388704928078611,0.0,0.013182455542996659,0.018671257032720517,0.0,0.0
30,2270437,2299437,1,82.39285714285714,3.109194724801696,78.0,87.0,5.0,0.7934920476158722,0.0,0.012168327417401101,0.018493096597935226,0.0,0.0
30,2276437,2305437,1,84.07142857142857,2.902321379130006,78.0,89.0,11.0,0.7934920476158722,0.0,0.012331871269518227,0.018365736469001005,0.0,0.0
30,2282437,2311437,1,86.21428571428571,2.1771072363040247,81.0,90.0,8.0,0.769800358919501,0.0,0.01010054278859705,0.017507321744934395,0.0,0.0
30,2288437,2317437,1,87.35714285714286,1.8168710488538433,85.0,90.0,4.0,0.6085806194501846,0.0,0.007531770642995041,0.007858595468154681,0.0,0.0
30,2294437,2323437,1,87.63333333333334,1.682920741515245,85.0,90.0,2.0,0.5872202195147035,0.0,0.007163209942783067,0.007976891920940801,0.0,0.0
30,2300437,2324437,1,88.24,1.335065541462291,85.0,90.0,4.0,0.6454972243679028,0.0,0.007295190854642198,0.008718340329987672,0.0,0.0
30,2306437,2324437,1,88.73684210526316,0.7841928645132284,87.0,90.0,1.0,0.5270462766947299,0.0,0.006930609283519646,0.009810282169430523,0.0,0.0
30,2312437,2324437,1,88.46153846153847,0.7457969011409736,87.0,89.0,0.0,0.5773502691896257,0.0,0.008412032492829681,0.011420623535778423,0.0,0.0
30,2318437,2324437,1,88.0,0.7559289460184544,87.0,89.0,0.0,0.816496580927726,0.0,0.004513495134999207,0.0058293232816220945,0.0,0.0
30,3136815,3156802,0,95.5,2.140872096444188,91.0,97.0,4.0,2.756809750418044,0.2,0.029597065849914908,0.03951362357372582,0.0,0.0
30,3136815,3162802,0,93.91666666666667,2.32588095615881,91.0,97.0,0.0,1.954016841836789,0.09090909090909091,0.01704722630634642,0.03080409180254446,0.0,0.0
30,3152802,3168802,0,93.05882352941177,2.3632128737177256,91.0,97.0,6.0,0.6123724356957945,0.0,0.006971118854497263,0.005808558681382372,0.0,0.0
30,3152802,3174802,0,93.21739130434783,2.166072818622809,91.0,97.0,2.0,0.7385489458759964,0.0,0.006624987413402964,0.0052176835772030335,0.0,0.0
30,3152802,3180802,0,93.82758620689656,2.275339542941189,91.0,97.0,1.0,0.7319250547113999,0.0,0.011945695748474162,0.017113717147362963,0.0,0.0
30,3157802,3186802,0,94.06666666666666,2.4621580416825846,91.0,98.0,3.0,0.7191949522280763,0.0,0.017356870931786388,0.029489509076802426,0.0,0.0
30,3163802,3192802,0,95.03333333333333,2.5097587312108085,91.0,98.0,6.0,0.7878385971583354,0.0,0.024502253125040525,0.030889939260173638,0.0,0.0
30,3169802,3198802,0,96.23076923076923,1.782558496347149,91.0,100.0,9.0,1.0392304845413265,0.0,0.028502499319744152,0.03166729875886304,0.0,0.0
30,3175802,3204802,0,97.26923076923077,1.1947865051545437,96.0,100.0,0.0,0.9797958971132712,0.0,0.02927506533743383,0.03118347073200152,0.0,0.0
30,3181802,3210802,0,97.11538461538461,1.3957882547403118,94.0,100.0,2.0,0.9797958971132712,0.0,0.024310077713639036,0.02912866039629907,0.0,0.0
30,3187802,3216802,0,95.96153846153847,2.5340871400044818,91.0,100.0,5.0,0.9591663046625439,0.0,0.016406173512678826,0.01663639385864492,0.0,0.0
31,2601282,2631145,1,80.0,1.2817398889233114,78.0,83.0,0.0,1.1547005383792515,0.0,0.07268969544033109,0.07057917215722873,0.0,0.0
31,2607283,2637145,1,79.55172413793103,1.7337662193071082,76.0,83.0,2.0,1.1338934190276817,0.0,0.06534602829728696,0.07249313322489556,0.0,0.0
31,2614145,2643145,1,79.06666666666666,1.9310331143946986,76.0,83.0,5.0,0.9649012813540153,0.0,0.05354888029062447,0.06872000970121457,0.0,0.0
31,2620145,2649145,1,78.26666666666667,1.50406855635713,76.0,82.0,3.0,0.8509629433967631,0.0,0.04196661311991708,0.056695097451890365,0.0,0.0
31,2626145,2655145,1,77.96666666666667,1.4715826703096078,76.0,82.0,3.0,0.8509629433967631,0.0,0.021359085820822625,0.028841385808354294,0.0,0.0
31,2632145,2661145,1,77.36666666666666,0.7063206700139029,76.0,79.0,1.0,0.9284766908852593,0.0,0.018939676859904046,0.017580489289451235,0.0,0.0
31,2638145,2667145,1,77.4,0.8793937305515279,75.0,79.0,2.0,1.0170952554312156,0.0,0.027661036070917435,0.041083162098830554,0.0,0.0
31,2644145,2673145,1,77.33333333333333,1.4907119849998598,73.0,80.0,3.0,1.2456821978060995,0.0,0.023504852365164457,0.040289025911616656,0.0,0.0
31,2650145,2679145,1,77.9,1.972308292331602,73.0,82.0,4.0,1.3130643285972254,0.0,0.02599628691590693,0.04220972144044766,0.0,0.0
31,2656145,2680145,1,78.16,2.257077756746541,73.0,82.0,5.0,1.3693063937629153,0.0,0.030156372871459704,0.04502899406461213,0.0,0.0
31,2662145,2689145,1,79.27272727272727,3.277773886785445,73.0,86.0,6.0,1.5735915849388864,0.0,0.029212681128898008,0.04797704095628635,0.0,0.0
31,2668145,2689145,1,80.0,3.48209706929603,73.0,86.0,10.0,1.7126976771553504,0.0,0.019020539281566506,0.023297439148812337,0.0,0.0
31,2674145,2689145,1,81.9,2.3,79.0,86.0,4.0,1.699673171197595,0.0,0.024017872904232566,0.027972588139159475,0.0,0.0
31,2680145,2689145,1,84.25,1.479019945774904,82.0,86.0,2.0,2.449489742783178,0.0,0.011166579423576316,0.016585382407637468,0.0,0.0
31,3999076,4005076,1,87.28571428571429,0.880630571852711,86.0,88.0,2.0,0.5773502691896257,0.0,0.02437164425256828,0.019851876631886627,0.0,0.0
31,3999076,4011076,1,87.84615384615384,0.9483713850721502,86.0,89.0,1.0,0.7637626158259734,0.0,0.01814098429971934,0.016303027635160554,0.0,0.0
31,3999076,4017076,1,87.94736842105263,0.8254940600714802,86.0,89.0,0.0,0.6666666666666666,0.0,0.0166413620724541,0.014104924347440173,0.0,0.0
31,3999076,4023076,1,87.9090909090909,0.7925270806437587,86.0,89.0,1.0,0.6546536707079771,0.0,0.01688511933771519,0.014486603903631925,0.0,0.0
31,4000076,4024076,1,87.86363636363636,0.81438513032586,86.0,89.0,1.0,0.6546536707079771,0.0,0.018816424103365148,0.015928895287209883,0.0,0.0
31,4006076,4034076,1,88.57894736842105,1.183918092547578,87.0,91.0,3.0,1.0274023338281628,0.0,0.031068342888733034,0.043124173913989684,0.0,0.0
31,4012076,4041076,1,88.71428571428571,1.3850513878332367,87.0,91.0,1.0,1.2089410496539776,0.0,0.039790814521055394,0.04759558666367643,0.0,0.0
31,4021076,4047076,1,89.0,1.3093073414159542,87.0,91.0,1.0,1.270977818604485,0.0,0.04651338580346404,0.04636138990268419,0.0,0.0
31,4024076,4048076,1,89.33333333333333,1.178511301977579,87.0,91.0,2.0,1.348399724926484,0.0,0.05437466488935041,0.04677649489097896,0.0,0.0
31,4032076,4048076,1,89.54545454545455,0.9875254992000196,88.0,91.0,2.0,0.6324555320336759,0.0,0.054731251124851915,0.048840837418652104,0.0,0.0
31,4041076,4048076,1,89.0,0.5,88.0,90.0,1.0,0.6546536707079771,0.0,0.032883572431004184,0.020567297719977902,0.0,0.0
31,4042076,4067076,1,88.25,1.6393596310755,84.0,89.0,5.0,1.9639610121239315,0.0,0.036726986325959846,0.022795981398252126,0.0,0.0
31,5304759,5312759,1,89.5,0.7637626158259734,88.0,90.0,2.0,1.0954451150103321,0.0,0.1841401336796558,0.07556041444271182,0.0,0.0
31,5304759,5318759,1,88.91666666666667,0.9537935951882998,87.0,90.0,0.0,0.9534625892455924,0.0,0.1472041697795855,0.07997661019742028,0.0,0.0
31,5304759,5323759,1,89.29411764705883,1.1764705882352942,87.0,92.0,4.0,0.9354143466934853,0.0,0.12179112439345824,0.08572258322523772,0.0,0.0
31,5304759,5329759,1,89.23809523809524,1.1086139739831253,87.0,92.0,1.0,1.02469507659596,0.0,0.1239406709992881,0.08222701442589589,0.0,0.0
31,5308759,5336759,1,89.61904761904762,1.7855555485002546,87.0,96.0,6.0,1.816590212458495,0.05,0.12147477110173084,0.08314776894419122,0.0,0.0
32,1035743,1065740,1,85.5,1.6881943016134133,82.0,89.0,2.0,0.9468641529479986,0.0,0.06315849692099802,0.1067812717557514,0.0,0.0
32,1041783,1071740,1,85.6,1.6451950239004094,82.0,89.0,1.0,0.8509629433967631,0.0,0.08180055579627649,0.11751504217978385,0.0,0.0
32,1048740,1077740,1,86.7,2.583924663504466,82.0,93.0,10.0,0.909717652294684,0.0,0.07508429862825938,0.11539350974763757,0.0,0.0
32,1054740,1082740,1,88.42857142857143,2.9571773634977783,85.0,95.0,7.0,0.9622504486493763,0.0,0.06922622457530683,0.11832384671918708,0.0,0.0
32,1060740,1089740,1,88.89285714285714,2.8327080142290617,85.0,95.0,1.0,1.0715167512214394,0.0,0.050269965442568454,0.10168708226318081,0.0,0.0
32,1066740,1095740,1,89.10714285714286,2.677142475987166,85.0,95.0,3.0,1.0,0.0,0.039494011009776224,0.08730470233779812,0.0,0.0
32,1072740,1101740,1,89.67857142857143,2.105326093312785,87.0,95.0,0.0,1.1221672153735642,0.0,0.01981316328687741,0.05756089698005372,0.0,0.0
32,1078740,1107740,1,89.82142857142857,2.105326093312785,87.0,95.0,2.0,1.1221672153735642,0.0,0.009661758878908248,0.01042638460712261,0.0,0.0
32,1084740,1113740,1,89.43333333333334,1.406729856400613,87.0,92.0,0.0,0.909717652294684,0.0,0.023693630216507097,0.03494634147175518,0.0,0.0
32,1090740,1119740,1,89.33333333333333,1.534781924429512,87.0,92.0,0.0,0.982607368881035,0.0,0.03416347963003855,0.04919055981565126,0.0,0.0
33,1743649,1767084,1,91.73913043478261,3.039127324748051,88.0,98.0,7.0,0.9293203772845852,0.0,0.06469930753324453,0.09422345239445956,0.0,0.0
33,1750084,1779084,1,92.69565217391305,3.2628979198771684,88.0,98.0,7.0,1.0660035817780522,0.0,0.09316949082656957,0.10073189908873074,0.0,0.0
33,1756084,1785084,1,94.34782608695652,2.581012535592318,89.0,98.0,5.0,1.02247471629109,0.0,0.0686106082219879,0.06019275483325698,0.0,0.0
33,1762084,1786084,1,95.72222222222223,1.0437941237808854,94.0,98.0,2.0,0.9701425001453319,0.0,0.07105214592368,0.06598232605929813,0.0,0.0
33,1775084,1786084,1,95.41666666666667,0.4930066485916347,95.0,96.0,1.0,0.5222329678670935,0.0,0.08961881861029168,0.07231335795475681,0.0,0.0
33,1775084,1803084,1,95.86666666666666,1.024152766382481,95.0,98.0,2.0,0.7559289460184544,0.0,0.07512902834451754,0.07129969130200743,0.0,0.0
33,1780084,1807084,1,96.5,1.0522085616183026,95.0,98.0,1.0,0.8320502943378437,0.0,0.029205292295662027,0.032255003578624666,0.0,0.0
33,1786084,1811084,1,97.0,0.7745966692414834,96.0,98.0,0.0,0.9428090415820634,0.0,0.013666797029920621,0.01357823570151046,0.0,0.0
33,1801084,1811084,1,97.11111111111111,0.7370277311900889,96.0,98.0,2.0,0.7071067811865476,0.0,0.011303602615362958,0.012206842079424346,0.0,0.0
33,1801084,1811084,1,97.11111111111111,0.7370277311900889,96.0,98.0,2.0,0.7071067811865476,0.0,0.011303602615362958,0.012206842079424346,0.0,0.0
33,1804084,1831084,1,95.71428571428571,2.813959371941744,89.0,98.0,9.0,2.9154759474226504,0.16666666666666666,0.008558635338882488,0.0063347534313020195,0.0,0.0
33,2433763,2437776,1,95.4,0.4898979485566356,95.0,96.0,1.0,0.5,0.0,0.03798164978058484,0.030844858981614806,0.0,0.0
33,2433763,2445609,1,95.1,0.5385164807134505,94.0,96.0,1.0,0.5773502691896257,0.0,0.08614290284975713,0.07777837356043758,0.0,0.0
33,2433763,2451609,1,95.3125,0.8454843286542927,94.0,97.0,1.0,0.6831300510639732,0.0,0.05896398886298038,0.07105358436560467,0.0,0.0
33,2433763,2454609,1,95.57894736842105,0.9902572485382516,94.0,97.0,1.0,0.6236095644623235,0.0,0.0668067239687716,0.07627556569978201,0.0,0.0
33,2433763,2454609,1,95.57894736842105,0.9902572485382516,94.0,97.0,1.0,0.6236095644623235,0.0,0.0668067239687716,0.07627556569978201,0.0,0.0
33,2441609,2469609,1,95.73333333333333,1.1234866364235145,94.0,97.0,2.0,0.6546536707079771,0.0,0.07306783677130387,0.08309140101123648,0.0,0.0
33,2446609,2475609,1,96.1875,0.8816709987291178,94.0,97.0,1.0,0.5773502691896257,0.0,0.0279389421653104,0.05508232731588493,0.0,0.0
33,2452609,2481609,1,96.0625,0.7473912964438374,95.0,97.0,2.0,0.3651483716701107,0.0,0.14668306162989547,0.45759731389486713,0.0,0.0
33,2469609,2487609,1,96.21052631578948,1.2388002416778758,95.0,99.0,2.0,0.6666666666666666,0.0,0.1392845502170501,0.42166784675597846,0.0,0.0
33,2469609,2493609,1,96.44,1.2354756169184402,95.0,99.0,1.0,0.67700320038633,0.0,0.12003692147713195,0.3698112691434267,0.0,0.0
33,2470609,2493609,1,96.41666666666667,1.2555432644432805,95.0,99.0,1.0,0.6915640748081247,0.0,0.12434687466093657,0.37682135200078837,0.0,0.0
33,2476609,2503609,1,96.23809523809524,1.540091583694879,93.0,99.0,3.0,0.8660254037844386,0.0,0.14676572601516702,0.3984131395926086,0.0,0.0
33,2482609,2511609,1,94.6842105263158,4.026917739660752,86.0,99.0,9.0,1.35400640077266,0.0,0.05864337658279356,0.0669665961152355,0.0,0.0
33,2488609,2517609,1,91.26315789473684,4.982517914121628,86.0,98.0,11.0,1.224744871391589,0.0,0.03311869196770216,0.036936645196357795,0.0,0.0
33,2501609,2522609,1,88.27777777777777,3.0332519321597107,86.0,96.0,8.0,1.2833778958394957,0.0,0.020737143451358936,0.024409671422335428,0.0,0.0
33,2501609,2522609,1,88.27777777777777,3.0332519321597107,86.0,96.0,8.0,1.2833778958394957,0.0,0.020737143451358936,0.024409671422335428,0.0,0.0
33,2508609,2522609,1,87.0,0.9660917830792959,86.0,89.0,1.0,0.7071067811865476,0.0,0.01686580166655839,0.022057549141231238,0.0,0.0
33,2512609,2522609,1,86.81818181818181,0.8331955809010617,86.0,88.0,2.0,0.6324555320336759,0.0,0.021722037409120834,0.02395792574507603,0.0,0.0
33,2518609,2522609,1,87.6,0.4898979485566356,87.0,88.0,1.0,0.8660254037844386,0.0,0.019706003508493376,0.02057899256759011,0.0,0.0
33,2951865,2954876,1,95.75,0.82915619758885,95.0,97.0,2.0,0.816496580927726,0.0,0.017386702717632582,0.010834411933933235,0.0,0.0
33,2951865,2960929,1,94.77777777777777,1.1331154474650633,93.0,97.0,3.0,0.9354143466934853,0.0,0.05156676472628238,0.04675188388772591,0.0,0.0
33,2951865,2966929,1,95.26666666666667,1.236482466066094,93.0,97.0,1.0,0.9636241116594315,0.0,0.0707235514852273,0.07116038188199038,0.0,0.0
33,2951865,2972929,1,95.80952380952381,1.401327520910682,93.0,98.0,1.0,0.8660254037844386,0.0,0.08306819158972512,0.08174960689101367,0.0,0.0
33,2951865,2978929,1,96.33333333333333,1.5869840952317447,93.0,99.0,1.0,0.8086075400626399,0.0,0.07520857163935608,0.07522040483434848,0.0,0.0
33,2955879,2984929,1,96.86206896551724,1.7165349606418816,93.0,99.0,5.0,0.7319250547113999,0.0,0.07103299213483026,0.0742880831308962,0.0,0.0
33,2961929,2990929,1,97.73333333333333,1.2092238098144699,94.0,99.0,4.0,0.6432675209026769,0.0,0.06326585784562748,0.0719081652338588,0.0,0.0
33,2967929,2996929,1,98.33333333333333,0.8299933065325821,96.0,100.0,2.0,0.5872202195147035,0.0,0.05358172856667462,0.060137647029212135,0.0,0.0
33,2973929,3002929,1,98.3,0.9,96.0,100.0,2.0,0.5872202195147035,0.0,0.035605332370082135,0.03042295043293523,0.0,0.0
33,2979929,3008929,1,98.07407407407408,1.1840272120848727,96.0,100.0,2.0,0.5547001962252291,0.0,0.029233990534392323,0.028874410153016585,0.0,0.0
33,2985929,3014929,1,97.07407407407408,2.035352839116161,93.0,100.0,6.0,0.7844645405527362,0.0,0.02686547560833234,0.029700239303898663,0.0,0.0
33,2991929,3020929,1,95.81481481481481,2.2939055655114107,93.0,100.0,6.0,0.7844645405527362,0.0,0.019325676932753718,0.028980464058895834,0.0,0.0
33,2997929,3026929,1,94.77777777777777,1.6850834320114554,92.0,98.0,2.0,0.8320502943378437,0.0,0.011715950739538163,0.01502629061189049,0.0,0.0
33,3006929,3026929,1,94.14285714285714,1.2830660557435694,92.0,96.0,0.0,0.8944271909999159,0.0,0.008192562131404138,0.011861826762315095,0.0,0.0
33,3009929,3026929,1,93.83333333333333,1.118033988749895,92.0,96.0,1.0,0.9393364366277243,0.0,0.009149256697498422,0.01254021302805276,0.0,0.0
33,3015929,3026929,1,93.75,1.2332207155790618,92.0,96.0,3.0,0.7977240352174656,0.0,0.010813697920049723,0.014885694103196881,0.0,0.0
33,3021929,3026929,1,94.33333333333333,1.4907119849998596,92.0,96.0,4.0,0.8944271909999159,0.0,0.016794317359410362,0.0189549775181396,0.0,0.0
33,3720424,3723440,1,99.25,0.82915619758885,98.0,100.0,2.0,0.816496580927726,0.0,0.014420924342681763,0.003319326091105299,0.0,0.0
33,3720424,3728974,1,99.5,0.9574271077563381,98.0,101.0,1.0,1.1832159566199232,0.0,0.019823565604335236,0.008141872322564697,0.0,0.0
33,3720424,3728974,1,99.5,0.9574271077563381,98.0,101.0,1.0,1.1832159566199232,0.0,0.019823565604335236,0.008141872322564697,0.0,0.0
33,3720424,3740974,1,98.0,1.954016841836789,95.0,101.0,3.0,1.0488088481701516,0.0,0.021309071433412225,0.010493417531867654,0.0,0.0
33,3720424,3746974,1,97.29411764705883,1.9331384382535275,94.0,101.0,1.0,1.0897247358851685,0.0,0.017604722963129277,0.010321718072542651,0.0,0.0
33,3725974,3749974,1,97.0625,1.7842628029525247,94.0,101.0,2.0,1.0954451150103321,0.0,0.02551736556158226,0.025201099351403387,0.0,0.0
33,3736974,3758974,1,96.76470588235294,1.3516617991854185,94.0,99.0,0.0,1.0606601717798212,0.0,0.027071612542733808,0.025791076643488633,0.0,0.0
33,3736974,3764974,1,96.9090909090909,1.2398346997259868,94.0,99.0,1.0,0.9511897312113419,0.0,0.03170504453089221,0.026196897970149652,0.0,0.0
33,3741974,3768974,1,97.15,1.1079259903080168,94.0,99.0,3.0,0.9459053029269173,0.0,0.06108183797759137,0.07937885071246362,0.0,0.0
33,3747974,3776974,1,98.42105263157895,1.4623625252052426,97.0,101.0,3.0,1.0274023338281628,0.0,0.06818811446523701,0.07890002522379383,0.0,0.0
33,3756974,3782974,1,98.81818181818181,1.5561129789657897,97.0,101.0,2.0,0.8728715609439694,0.0,0.056375543601884306,0.07570093110669944,0.0,0.0
33,3759974,3788974,1,99.04,1.3705473359209452,97.0,101.0,1.0,0.8897565210026093,0.0,0.06679796071343168,0.08745345892356181,0.0,0.0
33,3766974,3794974,1,99.0,1.6939791077198396,94.0,101.0,4.0,1.1677484162422844,0.0,0.07970999972646321,0.10855135053961684,0.0,0.0
33,3772974,3800974,1,98.26923076923077,2.329702726293509,94.0,101.0,6.0,0.9797958971132712,0.0,0.08122345831824043,0.11521690960936985,0.0,0.0
33,3777974,3806974,1,96.74074074074075,2.716105498859126,93.0,101.0,6.0,1.0377490433255416,0.0,0.07696516444832575,0.11414997426716099,0.0,0.0
33,3783974,3808974,1,95.8695652173913,2.2516534567346174,93.0,100.0,3.0,1.1078234188139946,0.0,0.08732095164763497,0.1204730508966927,0.0,0.0
33,3789974,3808974,1,94.76470588235294,1.4360653665569063,93.0,97.0,0.0,1.118033988749895,0.0,0.08620573934146025,0.12626571261418723,0.0,0.0
33,3795974,3808974,1,94.5,1.2955969390869324,93.0,97.0,2.0,0.8770580193070292,0.0,0.07605878760562913,0.1160449013670395,0.0,0.0
33,3801974,3808974,1,94.125,1.5360257159305635,93.0,97.0,4.0,0.9258200997725514,0.0,0.018344866487436197,0.007289590579567436,0.0,0.0
33,6183219,6187237,1,92.6,1.019803902718557,91.0,94.0,3.0,0.8660254037844386,0.0,0.017328416586551487,0.008620011844819362,0.0,0.0
33,6183219,6194863,1,92.33333333333333,1.1547005383792515,91.0,94.0,0.0,1.0,0.0,0.023178056091656865,0.024010321719608884,0.0,0.0
33,6183219,6200863,1,92.6,1.083205120618128,91.0,94.0,2.0,0.9258200997725514,0.0,0.016732665533924777,0.020381386309057302,0.0,0.0
33,6183219,6201863,1,92.6875,1.1021995055342748,91.0,94.0,0.0,1.0327955589886444,0.0,0.015832832249324077,0.02003955713676623,0.0,0.0
33,6184222,6201863,1,92.6,1.083205120618128,91.0,94.0,1.0,1.0350983390135313,0.0,0.015836180060297758,0.02069676128274228,0.0,0.0
33,6191863,6201863,1,92.72727272727273,1.1354541815269814,91.0,94.0,3.0,1.140175425099138,0.0,0.01515302118694798,0.023427938151517738,0.0,0.0
33,6195863,6224863,1,93.61538461538461,0.8355984993230936,92.0,95.0,1.0,0.8660254037844386,0.0,0.010363493607730485,0.009835472083194081,0.0,0.0
33,6201863,6228863,1,94.45454545454545,0.6555547773570889,94.0,96.0,2.0,0.7745966692414834,0.0,0.01203148405810585,0.010620558075954464,0.0,0.0
33,6219863,6228863,1,94.5,0.6708203932499369,94.0,96.0,2.0,0.816496580927726,0.0,0.013001099165885077,0.010664623350105843,0.0,0.0
33,6219863,6228863,1,94.5,0.6708203932499369,94.0,96.0,2.0,0.816496580927726,0.0,0.013001099165885077,0.010664623350105843,0.0,0.0
33,6219863,6228863,1,94.5,0.6708203932499369,94.0,96.0,2.0,0.816496580927726,0.0,0.013001099165885077,0.010664623350105843,0.0,0.0
33,6225863,6228863,1,95.0,0.7071067811865476,94.0,96.0,1.0,1.2909944487358056,0.0,0.010002096480656978,0.006826376546160522,0.0,0.0
33,6264863,6269863,1,93.0,0.5773502691896257,92.0,94.0,2.0,0.6324555320336759,0.0,0.014998081366719365,0.00770010581193859,0.0,0.0
33,6264863,6269863,1,93.0,0.5773502691896257,92.0,94.0,2.0,0.6324555320336759,0.0,0.014998081366719365,0.00770010581193859,0.0,0.0
33,6264863,6269863,1,93.0,0.5773502691896257,92.0,94.0,2.0,0.6324555320336759,0.0,0.014998081366719365,0.00770010581193859,0.0,0.0
33,6264863,6269863,1,93.0,0.5773502691896257,92.0,94.0,2.0,0.6324555320336759,0.0,0.014998081366719365,0.00770010581193859,0.0,0.0
33,7552387,7557388,1,88.16666666666667,0.37267799624996495,88.0,89.0,0.0,0.6324555320336759,0.0,0.026004476222661513,0.02387470384694223,0.0,0.0
33,7552387,7562844,1,88.0909090909091,0.51425947722658,87.0,89.0,1.0,0.7071067811865476,0.0,0.032132197945740806,0.027479444157822278,0.0,0.0
33,7552387,7566844,1,88.6,0.9521904571390466,87.0,90.0,2.0,0.6546536707079771,0.0,0.030035003410181,0.025013725998787553,0.0,0.0
33,7552387,7566844,1,88.6,0.9521904571390466,87.0,90.0,2.0,0.6546536707079771,0.0,0.030035003410181,0.025013725998787553,0.0,0.0
33,7552387,7566844,1,88.6,0.9521904571390466,87.0,90.0,2.0,0.6546536707079771,0.0,0.030035003410181,0.025013725998787553,0.0,0.0
33,7558844,7586844,1,89.5,2.1095023109728985,87.0,95.0,7.0,1.7950549357115013,0.0,0.030829960709862887,0.02474879270464625,0.0,0.0
33,7563844,7586844,1,91.0,2.0,90.0,95.0,5.0,2.5,0.0,0.022174457406289816,0.014037001236888384,0.0,0.0
33,7586844,7607844,1,91.25,2.277608394786075,89.0,95.0,6.0,2.449489742783178,0.0,0.022063220128459484,0.025976249522938574,0.0,0.0
33,7602844,7613844,1,89.75,0.82915619758885,89.0,91.0,2.0,0.816496580927726,0.0,0.018903270755708235,0.027512454672716548,0.0,0.0
33,7602844,7613844,1,89.75,0.82915619758885,89.0,91.0,2.0,0.816496580927726,0.0,0.018903270755708235,0.027512454672716548,0.0,0.0
33,7602844,7613844,1,89.75,0.82915619758885,89.0,91.0,2.0,0.816496580927726,0.0,0.018903270755708235,0.027512454672716548,0.0,0.0
33,8102639,8109021,1,90.2,0.7483314773547882,89.0,91.0,2.0,0.7071067811865476,0.0,0.01921686376335571,0.01269790780850362,0.0,0.0
33,8102639,8115021,1,92.36363636363636,2.267266166061805,89.0,96.0,7.0,0.8366600265340756,0.0,0.010934606079185673,0.011736931742284422,0.0,0.0
33,8102639,8120021,1,93.875,2.9341736485763756,89.0,98.0,8.0,0.816496580927726,0.0,0.014757926287645488,0.014477273108821442,0.0,0.0
33,8102639,8127021,1,94.11764705882354,3.007487772038639,89.0,98.0,9.0,0.82915619758885,0.0,0.014151111925015466,0.014253213930873648,0.0,0.0
33,8103653,8133021,1,95.18181818181819,2.690663379445226,90.0,98.0,7.0,0.7867957924694432,0.0,0.011279064698990747,0.013325845908734304,0.0,0.0
33,8110021,8134021,1,96.26315789473684,1.6493094332623577,92.0,98.0,5.0,0.7817359599705717,0.0,0.01076211390599021,0.013228030398249362,0.0,0.0
33,8116021,8134021,1,97.23076923076923,0.42132504423474315,97.0,98.0,0.0,0.7071067811865476,0.0,0.01386798585842693,0.014799145024257335,0.0,0.0
33,8127021,8134021,1,97.25,0.4330127018922193,97.0,98.0,1.0,0.6546536707079771,0.0,0.008054707803533087,0.010128336678009421,0.0,0.0
33,8128021,8157021,1,95.27272727272727,2.525898907172692,91.0,98.0,6.0,1.4142135623730951,0.0,0.048238942273298974,0.08535916718151661,0.0,0.0
33,8134021,8158021,1,92.66666666666667,2.054804667656325,91.0,97.0,6.0,1.8973665961010275,0.0,0.09074997442806519,0.09812191440912599,0.0,0.0
33,8154021,8158021,1,91.8,0.7483314773547882,91.0,93.0,2.0,0.7071067811865476,0.0,0.10225600981374494,0.1037263659972484,0.0,0.0
33,8154021,8175021,1,91.63636363636364,0.642824346533225,91.0,93.0,2.0,0.7745966692414834,0.0,0.05838581128165659,0.08203865380726849,0.0,0.0
33,8154021,8181021,1,89.94117647058823,2.4845543625815147,85.0,93.0,8.0,0.9354143466934853,0.0,0.06249547339266986,0.08097850837476321,0.0,0.0
33,8158021,8187021,1,88.93333333333334,2.515728301881761,85.0,92.0,4.0,1.0,0.0,0.05118385792087518,0.059303414650523245,0.0,0.0
33,8170021,8192021,1,88.63157894736842,2.252729953582389,85.0,92.0,3.0,0.97182531580755,0.0,0.09807495702265859,0.12185642712860834,0.0,0.0
33,8170021,8192021,1,88.63157894736842,2.252729953582389,85.0,92.0,3.0,0.97182531580755,0.0,0.09807495702265859,0.12185642712860834,0.0,0.0
33,8176021,8192021,1,87.3076923076923,1.3234346564680965,85.0,89.0,0.0,0.9128709291752769,0.0,0.1332661775693089,0.13259343402630933,0.0,0.0
33,8186021,8192021,1,87.71428571428571,1.1605769149479943,86.0,89.0,3.0,0.9128709291752769,0.0,0.1874687406891215,0.14495178256458605,0.0,0.0
33,8188021,8192021,1,88.2,0.9797958971132712,87.0,89.0,2.0,1.0,0.0,0.22726271579703025,0.1524770737872471,0.0,0.0
33,8784705,8792857,1,98.0,1.247219128924647,96.0,100.0,3.0,0.7905694150420949,0.0,0.030441955072585885,0.02274481272711837,0.0,0.0
33,8784705,8798857,1,96.4,2.244994432064365,93.0,100.0,6.0,0.7559289460184544,0.0,0.04707089514610192,0.05248345534755713,0.0,0.0
33,8784705,8804857,1,96.19047619047619,1.990909043844464,93.0,100.0,3.0,0.8660254037844386,0.0,0.08064454749234404,0.09999228519623403,0.0,0.0
34,608549,637902,1,80.3103448275862,1.6836628435494758,78.0,83.0,3.0,0.7319250547113999,0.0,0.1028919985190886,0.13248140333102365,0.0,0.0
34,614566,643902,1,80.03448275862068,1.3514426167079603,78.0,82.0,0.0,0.7559289460184544,0.0,0.1422994569920963,0.13112633743886595,0.0,0.0
34,620580,649902,1,80.37931034482759,1.5180248760727681,78.0,83.0,5.0,0.7319250547113999,0.0,0.13585925556488873,0.10760506576602846,0.0,0.0
34,626601,655902,1,81.79310344827586,2.383554435694546,78.0,87.0,5.0,0.7791937224739796,0.0,0.12030921652500656,0.11501826489845093,0.0,0.0
34,633902,661902,1,82.65517241379311,2.5901119942364037,78.0,87.0,5.0,0.7791937224739796,0.0,0.10651034968921556,0.10286706591580955,0.0,0.0
34,638902,667902,1,83.73333333333333,1.8245242911205344,80.0,87.0,5.0,0.7191949522280763,0.0,0.09617133679696027,0.09827144115518528,0.0,0.0
34,644902,673902,1,84.63333333333334,1.7220788470785986,81.0,88.0,2.0,0.9468641529479986,0.0,0.06765905062644524,0.07845339357822319,0.0,0.0
34,650902,679902,1,84.36666666666666,2.167692065051881,80.0,88.0,3.0,0.9649012813540153,0.0,0.0801039837189128,0.12232820617506433,0.0,0.0
34,656902,686041,1,83.72413793103448,2.1955527420319454,80.0,88.0,3.0,0.9819805060619657,0.0,0.09791106162775011,0.12442972650622323,0.0,0.0
34,662902,692041,1,83.65517241379311,2.1379310344827585,80.0,88.0,0.0,1.0,0.0,0.09996773983743817,0.12708613682970935,0.0,0.0
34,668902,697041,1,84.25,2.8363079623240592,80.0,90.0,3.0,1.1055415967851334,0.0,0.10737509886042719,0.13396618557490778,0.0,0.0
34,674902,697041,1,83.77272727272727,2.906604050681485,80.0,90.0,8.0,1.023532631438318,0.0,0.12210710061786645,0.14653558798934113,0.0,0.0
34,680905,697041,1,84.9375,2.536452985962878,81.0,90.0,9.0,1.1254628677422756,0.0,0.09127435790513369,0.08719090667638839,0.0,0.0
34,687041,697041,1,86.18181818181819,2.0368505911280073,84.0,90.0,6.0,1.1832159566199232,0.0,0.08683767995961535,0.08769852019408389,0.0,0.0
34,693041,697041,1,88.2,1.16619037896906,87.0,90.0,3.0,1.3228756555322954,0.0,0.09360142435955512,0.10061994239504757,0.0,0.0
34,2392384,2396404,1,86.2,0.7483314773547882,85.0,87.0,1.0,0.8660254037844386,0.0,0.05160819730303891,0.06178800513597813,0.0,0.0
34,2392384,2402406,1,85.66666666666667,1.1547005383792515,83.0,87.0,2.0,1.0,0.0,0.06943215425874587,0.07190489559940082,0.0,0.0
34,2392384,2408406,1,85.33333333333333,1.0749676997731399,83.0,87.0,1.0,1.164964745021435,0.0,0.07092579498202613,0.06429841674548148,0.0,0.0
34,2392384,2414406,1,84.76190476190476,1.3418097908195592,82.0,87.0,3.0,1.0723805294763609,0.0,0.08013926384935872,0.06481617714622792,0.0,0.0
34,2392384,2420406,1,83.70370370370371,2.4008457586136074,77.0,87.0,8.0,1.1435437497937313,0.0,0.08758708809017454,0.07016895512406515,0.0,0.0
34,2399406,2426406,1,81.60714285714286,3.5890636036465566,75.0,86.0,11.0,1.2909944487358056,0.0,0.10377024277747558,0.0745049287687448,0.0,0.0
34,2403406,2432406,1,80.16666666666667,3.6885709367661015,74.0,86.0,7.0,1.217685764345488,0.0,0.12201419639647232,0.08544551616106585,0.0,0.0
34,2409406,2438406,1,79.4,2.9955522584881296,74.0,84.0,2.0,1.174440439029407,0.0,0.11377921763768054,0.08897764856408323,0.0,0.0
34,2415406,2444406,1,79.43333333333334,3.040650515194989,74.0,85.0,4.0,1.203443335628631,0.0,0.11933066156462203,0.09562345190251194,0.0,0.0
34,2421406,2450406,1,80.33333333333333,3.636237371545238,74.0,85.0,8.0,1.0170952554312156,0.0,0.11529921252400636,0.09141385354434049,0.0,0.0
34,2427406,2456406,1,82.33333333333333,3.428637565499677,74.0,87.0,11.0,1.0339078862458586,0.0,0.12055717813814336,0.08832089108152273,0.0,0.0
34,2433406,2462406,1,84.06666666666666,1.9310331143946988,79.0,87.0,5.0,1.0339078862458586,0.0,0.11293831068299938,0.08489403024743161,0.0,0.0
34,2439406,2468406,1,84.96428571428571,1.267228214229298,83.0,88.0,5.0,1.1706281947614154,0.0,0.1243522368700681,0.08199540996964953,0.0,0.0
34,2445406,2473406,1,85.81481481481481,1.3887654266113092,83.0,89.0,3.0,1.1602387022306428,0.0,0.11073505562145976,0.07481124517357617,0.0,0.0
34,2451406,2480406,1,85.85185185185185,1.3250773199998753,84.0,89.0,2.0,1.1435437497937313,0.0,0.11344437080042896,0.07769316387014917,0.0,0.0
34,2457406,2481406,1,85.72727272727273,1.482682402754554,84.0,89.0,1.0,1.2149857925879117,0.0,0.10085178070993846,0.07671968708518777,0.0,0.0
34,2463406,2481406,1,85.875,1.653594569415369,84.0,89.0,1.0,1.2382783747337807,0.0,0.08284985645841206,0.05498714882967883,0.0,0.0
34,2469406,2481406,1,85.91666666666667,1.70579079087156,84.0,89.0,3.0,1.087114613009218,0.0,0.08666135148539522,0.05622356392060268,0.0,0.0
34,2475406,2481406,1,84.57142857142857,0.4948716593053935,84.0,85.0,1.0,0.408248290463863,0.0,0.10662448778469287,0.061250572262272616,0.0,0.0
34,3705397,3710402,0,91.0,1.5275252316519468,89.0,93.0,0.0,1.7888543819998317,0.0,0.0854360114116126,0.13139727585610975,0.0,0.0
34,3705397,3716470,0,91.58333333333333,1.4409680388158819,89.0,94.0,2.0,1.348399724926484,0.0,0.35004152632513924,0.5253382825927593,0.0,0.0
34,3705397,3722474,0,91.88888888888889,1.9688939051854835,89.0,97.0,4.0,1.4552137502179978,0.0,0.3301652166261862,0.4534437316043654,0.0,0.0
34,3705397,3728489,0,92.75,2.331844763272204,89.0,97.0,1.0,1.3021720984236467,0.0,0.250844281390298,0.41606987281613017,0.0,0.0
34,3705397,3734512,0,92.75862068965517,2.207435279072996,89.0,97.0,3.0,1.349603116263656,0.0,0.21174684368983404,0.38841487713508366,0.0,0.0
34,3711406,3739834,0,92.10714285714286,3.0976867603594336,86.0,97.0,8.0,1.247219128924647,0.0,0.2195911250879314,0.38999628416330095,0.0,0.0
34,3717470,3745834,0,90.46428571428571,4.371025891817478,84.0,97.0,6.0,1.247219128924647,0.0,0.1443430122656609,0.1818629073114626,0.0,0.0
34,3723477,3751834,0,88.5,4.880720087387575,83.0,97.0,14.0,1.0540925533894598,0.0,0.12368407030192839,0.1322116050061113,0.0,0.0
34,3729493,3757834,0,86.21428571428571,3.4263385586318447,83.0,94.0,8.0,1.0540925533894598,0.0,0.2205516999340446,0.20314974652033038,0.0,0.0
34,3735834,3763834,0,85.20689655172414,1.6479728476342788,83.0,89.0,1.0,0.9063269671749657,0.0,0.25827962433909357,0.19708073452598943,0.0,0.0
34,3740834,3769834,0,85.73333333333333,2.2793761329705013,83.0,90.0,5.0,0.8094272134003795,0.0,0.25735488036222515,0.2056762900486266,0.0,0.0
34,3746834,3775834,0,87.06666666666666,3.0324174441451093,83.0,93.0,9.0,0.8509629433967631,0.0,0.23172933896407927,0.2071591160440265,0.0,0.0
34,3752834,3781834,0,89.33333333333333,3.654525352977532,83.0,97.0,14.0,0.9468641529479986,0.0,0.24592017685773443,0.20802086497003597,0.0,0.0
34,3758834,3787837,0,91.60714285714286,3.958167737316686,85.0,99.0,12.0,1.0183501544346312,0.0,0.23329698039372487,0.3180745637559753,0.0,0.0
36,471326,501045,1,84.96551724137932,0.5560177757447275,84.0,86.0,1.0,0.32732683535398854,0.0,0.1163175005075601,0.14754084937320353,0.0,0.0
36,478045,507045,1,85.56666666666666,1.0225241100118645,84.0,88.0,4.0,0.3713906763541037,0.0,0.10637033484220856,0.1387079181058064,0.0,0.0
36,484045,513045,1,86.2,1.3012814197295421,85.0,88.0,3.0,0.32163376045133846,0.0,0.13744875930211953,0.14000389692687365,0.0,0.0
36,490045,519045,1,86.8,1.3012814197295421,85.0,88.0,3.0,0.32163376045133846,0.0,0.14234967044794075,0.14145466031223006,0.0,0.0
36,496045,525045,1,87.33333333333333,0.9775252199076786,85.0,88.0,2.0,0.3713906763541037,0.0,0.16497538933402423,0.15911858131275422,0.0,0.0
36,502045,531045,1,87.56666666666666,0.6155395104206463,86.0,88.0,0.0,0.3713906763541037,0.0,0.1482031638149045,0.1297320246636168,0.0,0.0
36,508045,537045,1,87.43333333333334,0.6674994798166928,86.0,88.0,1.0,0.32163376045133846,0.0,0.1688339247225664,0.13016028369728536,0.0,0.0
36,514045,543045,1,87.46666666666667,0.7180219742846006,86.0,89.0,1.0,0.41522739926869984,0.0,0.17704559694820982,0.1286345692846509,0.0,0.0
36,520045,549045,1,87.8,1.1944315244779278,86.0,91.0,3.0,0.4913036844405175,0.0,0.19250208933381283,0.13770441004331452,0.0,0.0
36,526045,555045,1,88.86666666666666,2.4458581770458854,86.0,95.0,8.0,0.5872202195147035,0.0,0.2771272171776487,0.33505157764453497,0.0,0.0
36,532045,560045,1,90.55172413793103,3.43999004505929,86.0,97.0,11.0,0.6267831705280087,0.0,0.286115616385363,0.34058676081639133,0.0,0.0
36,538045,560045,1,91.56521739130434,3.1460960895870507,88.0,97.0,9.0,0.6396021490668313,0.0,0.31712782730142497,0.37242239516327685,0.0,0.0
36,544045,560045,1,92.76470588235294,2.797675753080968,89.0,97.0,8.0,0.7071067811865476,0.0,0.35753561932182404,0.42135688922397574,0.0,0.0
36,550045,560045,1,94.45454545454545,1.9241827716833388,91.0,97.0,6.0,0.7745966692414834,0.0,0.4464655369337892,0.4885138848964928,0.0,0.0
36,556045,560045,1,96.2,0.7483314773547882,95.0,97.0,2.0,0.7071067811865476,0.0,0.2058786407036184,0.15856339009721412,0.0,0.0
36,1040386,1052386,1,86.5,0.8660254037844386,86.0,88.0,2.0,1.1547005383792515,0.0,0.018970241524393253,0.01160188635529813,0.0,0.0
36,1040386,1055386,1,86.14285714285714,0.832993127835043,85.0,88.0,2.0,1.0,0.0,0.021070072172741205,0.01280104565081367,0.0,0.0
36,1040386,1055386,1,86.14285714285714,0.832993127835043,85.0,88.0,2.0,1.0,0.0,0.021070072172741205,0.01280104565081367,0.0,0.0
36,1050386,1055386,1,85.83333333333333,0.37267799624996495,85.0,86.0,0.0,0.6324555320336759,0.0,0.023373264528822647,0.012411487938309452,0.0,0.0
36,1050386,1055386,1,85.83333333333333,0.37267799624996495,85.0,86.0,0.0,0.6324555320336759,0.0,0.023373264528822647,0.012411487938309452,0.0,0.0
36,1108386,1115386,1,85.75,0.4330127018922193,85.0,86.0,0.0,0.816496580927726,0.0,0.07555512904008413,0.0626797131701873,0.0,0.0
36,1108386,1115386,1,85.75,0.4330127018922193,85.0,86.0,0.0,0.816496580927726,0.0,0.07555512904008413,0.0626797131701873,0.0,0.0
36,1108386,1115386,1,85.75,0.4330127018922193,85.0,86.0,0.0,0.816496580927726,0.0,0.07555512904008413,0.0626797131701873,0.0,0.0
36,1108386,1115386,1,85.75,0.4330127018922193,85.0,86.0,0.0,0.816496580927726,0.0,0.07555512904008413,0.0626797131701873,0.0,0.0
36,3163245,3171245,1,75.71428571428571,2.602981022612657,73.0,81.0,4.0,2.6457513110645907,0.0,0.027047758435016642,0.014785096361005041,0.0,0.0
36,3163245,3177245,1,74.84615384615384,2.247944491723455,73.0,81.0,8.0,2.041241452319315,0.0,0.03656858865472798,0.02338996097236917,0.0,0.0
36,3163245,3183245,1,74.26315789473684,2.098673898671251,72.0,81.0,9.0,1.7480147469502525,0.0,0.03498116571626725,0.01980193587195984,0.0,0.0
36,3163245,3189245,1,74.08,1.8956792977716457,72.0,81.0,6.0,1.6072751268321592,0.0,0.031896091622979045,0.020243710355313423,0.0,0.0
36,3166245,3195245,1,73.7,1.215181742237212,72.0,77.0,4.0,1.3130643285972254,0.0,0.030636723390821727,0.019107459128299625,0.0,0.0
36,3172245,3199245,1,73.32142857142857,0.9278843611976128,72.0,76.0,2.0,1.0183501544346312,0.0,0.029656226774860243,0.018936275276695173,0.0,0.0
36,3178245,3199245,1,73.18181818181819,0.8331955809010619,72.0,75.0,2.0,0.9759000729485332,0.0,0.0247416821013518,0.012346234444439294,0.0,0.0
36,3184245,3199245,1,73.25,0.82915619758885,72.0,75.0,1.0,1.0,0.0,0.02219165688325785,0.0130806509502718,0.0,0.0
36,3190245,3199245,1,73.1,0.8306623862918076,72.0,75.0,1.0,1.0,0.0,0.022230636816672714,0.008343374130770114,0.0,0.0
36,3196245,3199245,1,72.75,0.82915619758885,72.0,74.0,1.0,1.2909944487358056,0.0,0.017941050299799963,0.004658289797512532,0.0,0.0
36,4502400,4508400,1,115.28571428571429,1.0301575072754257,114.0,117.0,3.0,0.7071067811865476,0.0,0.02011921748242846,0.026528563277823266,0.0,0.0
36,4502400,4510400,1,115.77777777777777,1.314684396244359,114.0,118.0,4.0,0.7071067811865476,0.0,0.031587297170039406,0.03868958379007544,0.0,0.0
36,4502400,4510400,1,115.77777777777777,1.314684396244359,114.0,118.0,4.0,0.7071067811865476,0.0,0.031587297170039406,0.03868958379007544,0.0,0.0
36,4502400,4510400,1,115.77777777777777,1.314684396244359,114.0,118.0,4.0,0.7071067811865476,0.0,0.031587297170039406,0.03868958379007544,0.0,0.0
36,4503400,4510400,1,116.0,1.224744871391589,114.0,118.0,4.0,0.7559289460184544,0.0,0.035353231957288886,0.03945065268387945,0.0,0.0
37,424615,453952,1,84.0,3.927922024247863,79.0,91.0,11.0,1.0,0.0,0.15785146040945217,0.1300670585444506,0.0,0.0
37,430952,459952,1,81.57142857142857,2.498979383505129,78.0,88.0,9.0,1.0,0.0,0.19864349666448877,0.13630034649802295,0.0,0.0
37,436952,465952,1,80.6,1.562049935181331,78.0,85.0,4.0,0.909717652294684,0.0,0.20618400412295942,0.1435968834676782,0.0,0.0
37,442952,471952,1,79.96666666666667,1.2242911781471304,77.0,82.0,3.0,0.9649012813540153,0.0,0.2108925207780963,0.1623501016534371,0.0,0.0
37,448952,477952,1,79.16666666666667,1.2931443160847214,76.0,82.0,3.0,1.0,0.0,0.19795467706681877,0.1591256912625209,0.0,0.0
37,454952,483952,1,79.0,1.3165611772087666,76.0,82.0,2.0,1.1141720290623112,0.0,0.18432862487062354,0.16514929543476745,0.0,0.0
37,460952,489952,1,78.53333333333333,1.6069294390925268,76.0,82.0,4.0,1.1141720290623112,0.0,0.1811315589638719,0.16156338044481755,0.0,0.0
37,466952,496188,1,78.3103448275862,1.5779394742962134,76.0,82.0,2.0,1.2535663410560174,0.0,0.22161425450841754,0.22031438036056814,0.0,0.0
37,472952,502188,1,78.03448275862068,1.2725960060169608,76.0,81.0,0.0,1.1019463300386794,0.0,0.20708593717807575,0.20075507631037484,0.0,0.0
37,478952,508188,1,78.53571428571429,1.4755663042938285,76.0,81.0,2.0,1.0886621079036347,0.0,0.2271414847779189,0.20733483948475173,0.0,0.0
37,484952,514188,1,78.78571428571429,1.5665508713900937,76.0,81.0,3.0,0.9229582069908973,0.0,0.26176506234820246,0.22705937876712795,0.0,0.0
37,492188,514188,1,79.36363636363636,1.226430687566549,77.0,81.0,3.0,0.9511897312113419,0.0,0.27828340179240924,0.24031194946697965,0.0,0.0
37,497188,514188,1,79.52941176470588,1.1939872429520257,77.0,81.0,2.0,0.7905694150420949,0.0,0.21978311305398776,0.18577477987735913,0.0,0.0
37,503188,514188,1,80.27272727272727,0.616575453011388,79.0,81.0,1.0,0.7071067811865476,0.0,0.27198715788909594,0.211400402695868,0.0,0.0
37,509188,514188,1,80.33333333333333,0.47140452079103173,80.0,81.0,1.0,0.4472135954999579,0.0,0.30487153065828215,0.24224299495252988,0.0,0.0
37,1172830,1179836,1,84.375,0.4841229182759271,84.0,85.0,1.0,0.6546536707079771,0.0,0.015110852001115699,0.00551461548651678,0.0,0.0
37,1172830,1185843,1,84.21428571428571,0.41032590332414504,84.0,85.0,1.0,0.4803844614152614,0.0,0.016290825130365748,0.006674297309490742,0.0,0.0
37,1172830,1191985,1,83.94736842105263,0.6862318321265946,82.0,85.0,2.0,0.5773502691896257,0.0,0.027491912795703913,0.03223714898502071,0.0,0.0
37,1172830,1197985,1,84.12,0.8158431221748456,82.0,86.0,0.0,0.7637626158259734,0.0,0.026656055431607113,0.031775125712273505,0.0,0.0
37,1174831,1203985,1,84.86206896551724,1.696327431206737,82.0,88.0,3.0,0.7791937224739796,0.0,0.023385966973268377,0.030579689063959643,0.0,0.0
37,1180837,1209985,1,85.55172413793103,1.992852865765502,82.0,88.0,3.0,0.823754471047914,0.0,0.02220091974424239,0.0311239457610702,0.0,0.0
37,1186844,1215985,1,85.93103448275862,1.855672282354995,82.0,88.0,1.0,0.8660254037844386,0.0,0.020423021681903696,0.031454851984875326,0.0,0.0
37,1192985,1221985,1,86.0,1.8516401995451028,82.0,88.0,0.0,0.90267093384844,0.0,0.011600414196222266,0.01640362595809545,0.0,0.0
37,1198985,1227985,1,86.32142857142857,1.6914400337449458,82.0,88.0,1.0,0.7934920476158722,0.0,0.015089538650467518,0.023873269027741374,0.0,0.0
37,1204985,1231985,1,85.73076923076923,1.6066614287850327,82.0,88.0,2.0,0.848528137423857,0.0,0.01649691727452315,0.024456888866298133,0.0,0.0
37,1210985,1239985,1,85.22727272727273,1.3118972445147103,82.0,87.0,1.0,0.8997354108424374,0.0,0.016982402004891532,0.026220658669495415,0.0,0.0
37,1218985,1242985,1,85.0,1.2977713690461004,82.0,87.0,1.0,0.9128709291752769,0.0,0.019666888745811045,0.027857225841484215,0.0,0.0
37,1222985,1250985,1,84.3157894736842,2.4720039085931322,79.0,87.0,5.0,1.3944333775567925,0.0,0.020815155916962647,0.02780801711484686,0.0,0.0
37,1228985,1257985,1,82.44444444444444,2.7532248207475263,78.0,86.0,7.0,1.475286612233465,0.0,0.011894794302153077,0.009424737238686627,0.0,0.0
37,1238985,1261985,1,81.22222222222223,2.6782157318208775,78.0,86.0,7.0,1.475286612233465,0.0,0.012004150962028731,0.010638282257195408,0.0,0.0
37,1240985,1261985,1,80.625,2.2043990110685496,78.0,85.0,6.0,1.5491933384829668,0.0,0.012880334037375405,0.010860676083089648,0.0,0.0
37,1247985,1261985,1,79.61538461538461,0.737820234355803,78.0,81.0,1.0,0.9574271077563381,0.0,0.01156935465591058,0.010765298124326783,0.0,0.0
37,1253985,1261985,1,79.55555555555556,0.8314794192830981,78.0,81.0,1.0,1.0606601717798212,0.0,0.01130730825140966,0.010460121956750883,0.0,0.0
37,1258985,1261985,1,79.25,0.4330127018922193,79.0,80.0,0.0,0.816496580927726,0.0,0.010349227963887805,0.011781377246349353,0.0,0.0
37,2271615,2277622,0,82.85714285714286,0.832993127835043,82.0,84.0,1.0,0.7071067811865476,0.0,0.10598885528273631,0.11520674673538743,0.0,0.0
37,2271615,2284250,0,82.07142857142857,1.1627728997214075,80.0,84.0,3.0,0.9198662110077999,0.0,0.09507400770043513,0.09586692625218232,0.0,0.0
37,2271615,2290250,0,81.95,1.16081867662439,80.0,84.0,0.0,1.1697953037312037,0.0,0.0850788635544429,0.08349182490082556,0.0,0.0
37,2271615,2296250,0,81.95833333333333,1.0598414451647422,80.0,84.0,1.0,1.0834726777719228,0.0,0.07349240397375077,0.08057634801651656,0.0,0.0
37,2272616,2302250,0,81.65517241379311,1.122677282489635,80.0,84.0,3.0,1.0856202966836188,0.0,0.061790526113158856,0.07765004462484595,0.0,0.0
37,2278623,2308250,0,80.86206896551724,1.3319453735053768,78.0,83.0,3.0,1.14953406710222,0.0,0.040615094346495594,0.04877109402290325,0.0,0.0
37,2285250,2314250,0,80.32142857142857,1.513122868879633,78.0,83.0,3.0,1.1055415967851334,0.0,0.032028990106908774,0.03312495325796837,0.0,0.0
37,2291250,2320250,0,80.32142857142857,1.8526731927632767,78.0,85.0,3.0,1.1055415967851334,0.0,0.03926502610636374,0.059534718512542564,0.0,0.0
37,2297250,2326250,0,80.57142857142857,2.1618208500602223,78.0,85.0,3.0,1.0715167512214394,0.0,0.05861715122984525,0.08369143453066501,0.0,0.0
37,2303250,2331250,0,81.14814814814815,2.5342645028971855,78.0,85.0,3.0,1.0919284281983377,0.0,0.07165627969281257,0.08262606911162534,0.0,0.0
37,2309250,2331250,0,81.76190476190476,2.524258720133061,78.0,85.0,5.0,1.118033988749895,0.0,0.08686914876424788,0.08783501362611634,0.0,0.0
37,2315250,2331250,0,82.93333333333334,1.9821424996424677,78.0,85.0,5.0,1.1019463300386794,0.0,0.10107760108514631,0.09693178534996773,0.0,0.0
37,2321250,2331250,0,83.77777777777777,0.628539361054709,83.0,85.0,1.0,0.7905694150420949,0.0,0.10477931611218771,0.09628764311427711,0.0,0.0
37,2327250,2356250,0,83.2,1.0770329614269007,81.0,85.0,3.0,0.8819171036881969,0.0,0.044734017710201815,0.03865587025477726,0.0,0.0
37,2352250,2361250,0,81.8,1.2489995996796797,80.0,84.0,3.0,1.0,0.0,0.027001750181747514,0.021618413293789135,0.0,0.0
37,2352250,2361250,0,81.8,1.2489995996796797,80.0,84.0,3.0,1.0,0.0,0.027001750181747514,0.021618413293789135,0.0,0.0
37,2352250,2361250,0,81.8,1.2489995996796797,80.0,84.0,3.0,1.0,0.0,0.027001750181747514,0.021618413293789135,0.0,0.0
37,2352250,2361250,0,81.8,1.2489995996796797,80.0,84.0,3.0,1.0,0.0,0.027001750181747514,0.021618413293789135,0.0,0.0
37,2357250,2361250,0,81.0,0.8944271909999159,80.0,82.0,1.0,1.118033988749895,0.0,0.03231824839730067,0.023920568570466594,0.0,0.0
37,3484524,3490532,0,78.42857142857143,1.049781318335648,77.0,80.0,3.0,0.7071067811865476,0.0,0.011227362684474695,0.004237766338676128,0.0,0.0
37,3484524,3495523,0,77.41666666666667,1.4409680388158819,76.0,80.0,4.0,0.6030226891555273,0.0,0.10992054652162227,0.21594055410555132,0.0,0.0
37,3484524,3502070,0,78.33333333333333,2.1081851067789197,76.0,82.0,2.0,0.9074852129730301,0.0,0.08041696990011944,0.18119005987119394,0.0,0.0
37,3484524,3508070,0,78.79166666666667,2.061131701005273,76.0,82.0,0.0,0.8846517369293828,0.0,0.06527637963000071,0.15918637671591976,0.0,0.0
37,3485525,3514070,0,78.93103448275862,1.9106062313372512,76.0,82.0,0.0,0.8017837257372732,0.0,0.058402686254718054,0.1457428970314185,0.0,0.0
37,3491532,3520070,0,79.41379310344827,1.9916591831991244,76.0,82.0,5.0,0.8660254037844386,0.0,0.05846940046703015,0.14576346992098327,0.0,0.0
37,3497070,3526070,0,80.43333333333334,1.4302291968616625,77.0,83.0,3.0,0.9284766908852593,0.0,0.018441942177861197,0.010537900130864865,0.0,0.0
37,3503070,3532070,0,80.46666666666667,1.14697670227235,79.0,83.0,1.0,0.8094272134003795,0.0,0.01772074842388411,0.010608433839246034,0.0,0.0
37,3509070,3538070,0,80.56666666666666,1.0857664983268223,79.0,83.0,1.0,0.8094272134003795,0.0,0.01713557770537272,0.009692054619728389,0.0,0.0
37,3515070,3544070,0,80.1,1.7387735140993301,76.0,83.0,3.0,0.9284766908852593,0.0,0.0165225824450868,0.006141252336623453,0.0,0.0
37,3521070,3550070,0,79.23333333333333,2.261022384281549,75.0,83.0,6.0,0.9468641529479986,0.0,0.0246535767146962,0.019988257720494843,0.0,0.0
37,3527070,3556070,0,78.86666666666666,2.404625172916191,75.0,86.0,7.0,1.3518824678560455,0.0,0.032826891453882345,0.032273043758417046,0.0,0.0
37,3533070,3556070,0,78.5,2.533114025595111,75.0,86.0,5.0,1.4890907643081486,0.0,0.036582652345545835,0.03500382562429349,0.0,0.0
37,3539070,3556070,0,77.77777777777777,2.506780927261884,75.0,86.0,7.0,1.6627404735414788,0.0,0.04313395138503195,0.038090096908352286,0.0,0.0
37,3545070,3556070,0,78.0,2.972092416687835,75.0,86.0,11.0,1.8829377433825436,0.0,0.0554670291650183,0.041346341532064214,0.0,0.0
37,3551070,3556070,0,79.83333333333333,3.2360813064912666,77.0,86.0,9.0,2.4899799195977463,0.0,0.05721668557261513,0.05080813062844452,0.0,0.0
37,4726544,4732552,1,86.42857142857143,1.3997084244475304,84.0,88.0,3.0,1.0801234497346435,0.0,0.06082940447387093,0.03029873461575901,0.0,0.0
37,4726544,4735555,1,86.0,1.4142135623730951,84.0,88.0,1.0,1.0,0.0,0.05748776178265906,0.0338849778368063,0.0,0.0
37,4726544,4735555,1,86.0,1.4142135623730951,84.0,88.0,1.0,1.0,0.0,0.05748776178265906,0.0338849778368063,0.0,0.0
37,4726544,4735555,1,86.0,1.4142135623730951,84.0,88.0,1.0,1.0,0.0,0.05748776178265906,0.0338849778368063,0.0,0.0
37,4727545,4735555,1,85.88888888888889,1.4487116456005886,84.0,88.0,1.0,1.0606601717798212,0.0,0.05541058645803573,0.035108716977694014,0.0,0.0
37,4733553,4760661,1,85.5,1.118033988749895,84.0,87.0,3.0,1.0,0.0,0.05329707859319599,0.035182919154893216,0.0,0.0
37,4760661,4767719,1,86.8,0.4,86.0,87.0,0.0,0.7071067811865476,0.0,0.020487385507742366,0.02376206965379575,0.0,0.0
37,4760661,4773719,1,86.27272727272727,0.616575453011388,85.0,87.0,1.0,0.7071067811865476,0.0,0.059168664850118624,0.07019326422548629,0.0,0.0
37,4760661,4776719,1,86.38461538461539,0.6249260311258431,85.0,87.0,0.0,0.7071067811865476,0.0,0.05494102119340852,0.06584512730784492,0.0,0.0
37,4760661,4785719,1,86.47058823529412,0.6960093862470137,85.0,88.0,1.0,0.75,0.0,0.05001083857649954,0.058850831574214856,0.0,0.0
37,4764719,4787719,1,86.55555555555556,0.7617394000445605,85.0,88.0,1.0,0.8744746321952062,0.0,0.05344825101728384,0.058534068454469755,0.0,0.0
37,4768719,4787719,1,86.5,0.823754471047914,85.0,88.0,1.0,0.9198662110077999,0.0,0.06598200847397766,0.0605519122484608,0.0,0.0
37,4774719,4787719,1,87.0,0.7071067811865476,86.0,88.0,0.0,1.0690449676496976,0.0,0.046916216602886765,0.02934013708130035,0.0,0.0
37,4782719,4787719,1,87.0,0.816496580927726,86.0,88.0,1.0,1.1832159566199232,0.0,0.05199196177668138,0.029949506197737133,0.0,0.0
37,5640580,5643583,0,82.75,0.82915619758885,82.0,84.0,1.0,1.2909944487358056,0.0,0.07120474146076827,0.0828743180277169,0.0,0.0
37,5640580,5650091,0,82.5,0.9574271077563381,81.0,84.0,0.0,1.4142135623730951,0.0,0.12195887784439131,0.09911296585336081,0.0,0.0
37,5640580,5655091,0,82.71428571428571,1.0301575072754257,81.0,84.0,1.0,1.35400640077266,0.0,0.1127535640276975,0.09449056468768038,0.0,0.0
37,5640580,5655091,0,82.71428571428571,1.0301575072754257,81.0,84.0,1.0,1.35400640077266,0.0,0.1127535640276975,0.09449056468768038,0.0,0.0
37,5640580,5668091,0,84.36363636363636,2.3460887091934435,81.0,88.0,4.0,1.6733200530681511,0.0,0.10201725599105772,0.08832983595569108,0.0,0.0
37,5649091,5674091,0,85.92307692307692,1.9791815892720932,81.0,88.0,5.0,1.4433756729740645,0.0,0.13085418901197413,0.09772970740148317,0.0,0.0
37,5655091,5680091,0,87.11764705882354,1.1314931800983143,84.0,89.0,5.0,1.299038105676658,0.0,0.08780474490600491,0.09034360992281089,0.0,0.0
37,5663091,5681091,0,87.41176470588235,0.9112901991076275,86.0,89.0,1.0,0.82915619758885,0.0,0.0849609724162533,0.09199780873921791,0.0,0.0
37,5663091,5681091,0,87.41176470588235,0.9112901991076275,86.0,89.0,1.0,0.82915619758885,0.0,0.0849609724162533,0.09199780873921791,0.0,0.0
37,5669091,5697091,0,87.21428571428571,1.3190132366156706,84.0,89.0,3.0,1.640825308284734,0.0,0.07989209205984117,0.09579413580513152,0.0,0.0
37,5675091,5702091,0,86.7,2.2825424421026654,83.0,89.0,5.0,1.7950549357115013,0.0,0.02966872446149641,0.03966007880939954,0.0,0.0
37,5681091,5702091,0,84.75,2.48746859276655,83.0,89.0,6.0,2.943920288775949,0.0,0.014544184286317279,0.007024800588339071,0.0,0.0
37,5697091,5717091,0,83.25,0.4330127018922193,83.0,84.0,1.0,0.5773502691896257,0.0,0.02998649769679996,0.024474403352969805,0.0,0.0
37,5701091,5728091,0,83.4,0.4898979485566356,83.0,84.0,1.0,0.5,0.0,0.052854971609968604,0.034536442669033184,0.0,0.0
37,5717091,5729091,0,83.5,0.5,83.0,84.0,0.0,0.816496580927726,0.0,0.05819445881432993,0.037367175478278114,0.0,0.0
37,5717091,5729091,0,83.5,0.5,83.0,84.0,0.0,0.816496580927726,0.0,0.05819445881432993,0.037367175478278114,0.0,0.0
37,5717091,5729091,0,83.5,0.5,83.0,84.0,0.0,0.816496580927726,0.0,0.05819445881432993,0.037367175478278114,0.0,0.0
37,8153616,8157615,0,88.8,0.4,88.0,89.0,1.0,0.5,0.0,0.15582159441141938,0.2598942597668712,0.0,0.0
37,8153616,8163741,0,88.7,0.45825756949558394,88.0,89.0,0.0,0.4714045207910317,0.0,0.19710208742893748,0.19731571432644923,0.0,0.0
37,8153616,8166741,0,89.0,0.7844645405527362,88.0,91.0,2.0,0.816496580927726,0.0,0.16674710207507484,0.18190327658688155,0.0,0.0
37,8153616,8175741,0,88.88235294117646,0.7578881603955956,88.0,91.0,1.0,0.9013878188659973,0.0,0.13228544909070294,0.17087278161870964,0.0,0.0
37,8153616,8181741,0,88.66666666666667,0.8357108940373449,87.0,91.0,2.0,0.8366600265340756,0.0,0.12258399635890095,0.15618571538531242,0.0,0.0
37,8159741,8183741,0,88.52941176470588,0.9772498662256559,87.0,91.0,1.0,0.9013878188659973,0.0,0.10755929969034426,0.10092205160914469,0.0,0.0
37,8164741,8193741,0,86.44444444444444,3.059088866208045,82.0,91.0,8.0,1.3284223283101428,0.0,0.04936959498104176,0.03853957498615745,0.0,0.0
37,8172741,8199741,0,84.04761904761905,3.657688451366004,78.0,89.0,11.0,1.161895003862225,0.0,0.04260523330225974,0.036803968024556315,0.0,0.0
37,8176741,8205741,0,81.8695652173913,3.4174023675006238,78.0,88.0,8.0,1.1281521496355325,0.0,0.041413551119809745,0.0354548653518318,0.0,0.0
37,8183741,8211741,0,80.52,2.022275945562326,78.0,87.0,7.0,1.0992421631894098,0.0,0.0297872848946246,0.024296716677305794,0.0,0.0
37,8188741,8217741,0,79.66666666666667,1.9550504398153574,75.0,83.0,8.0,0.8304547985373997,0.0,0.032276948973703125,0.02914803406321975,0.0,0.0
37,8194741,8223741,0,77.9,2.662705391138869,72.0,81.0,8.0,0.8709883407113854,0.0,0.02687886423887791,0.023990657002202643,0.0,0.0
37,8200741,8229741,0,76.73333333333333,2.7800879282657394,72.0,81.0,5.0,0.8509629433967631,0.0,0.02824526367722584,0.024842558992595687,0.0,0.0
37,8206741,8235741,0,76.33333333333333,2.736583433569839,72.0,81.0,0.0,0.982607368881035,0.0,0.04241842606991654,0.04592401825655469,0.0,0.0
37,8212741,8241741,0,76.23333333333333,2.6164012604253872,72.0,81.0,1.0,1.0339078862458586,0.0,0.04311393601213667,0.045770098844973864,0.0,0.0
37,8218741,8242741,0,76.16,2.8660774588276574,72.0,81.0,6.0,1.0,0.0,0.04181673158876145,0.04650235185034606,0.0,0.0
37,8224741,8242741,0,77.0,2.7338039817306425,73.0,81.0,7.0,0.97182531580755,0.0,0.05027912182150611,0.050294828790569804,0.0,0.0
37,8230741,8242741,0,78.38461538461539,2.1675388928623645,74.0,81.0,7.0,1.0408329997330663,0.0,0.054735591467913666,0.05810767430406679,0.0,0.0
37,8236741,8242741,0,79.85714285714286,0.832993127835043,79.0,81.0,2.0,0.816496580927726,0.0,0.02106081904685857,0.011384719333585923,0.0,0.0
37,8915806,8942083,1,86.25,1.920286436967152,84.0,89.0,5.0,1.7320508075688772,0.0,0.022970571287102445,0.014960882319883713,0.0,0.0
37,8942083,8950083,1,85.0,2.0976176963403033,83.0,89.0,6.0,2.6457513110645907,0.0,0.23629365877220865,0.15887923194089612,0.0,0.0
37,8942083,8956083,1,82.18181818181819,3.009626428590336,79.0,89.0,10.0,1.8439088914585775,0.0,0.1772741471584378,0.13708988485642015,0.0,0.0
37,8942083,8962083,1,81.23529411764706,2.7553031596777338,79.0,89.0,9.0,1.5206906325745548,0.0,0.151108274762266,0.13928934335315862,0.0,0.0
37,8942083,8968083,1,82.0,2.874172848876245,79.0,89.0,2.0,1.4770978917519928,0.0,0.13767883409225723,0.12738242658250662,0.0,0.0
38,5506062,5535062,0,85.44444444444444,3.90472964240124,79.0,90.0,10.0,1.2833778958394957,0.0,0.011187007424426847,0.009709590904469084,0.0,0.0
38,5512062,5541062,0,81.94736842105263,5.010238824127273,75.0,90.0,15.0,1.224744871391589,0.0,0.01734540202122348,0.021034965048512565,0.0,0.0
38,5525062,5547062,0,78.10526315789474,2.552495926943609,75.0,84.0,6.0,1.1055415967851334,0.0,0.022842097405662398,0.02538500322076722,0.0,0.0
38,5525062,5553062,0,78.0,2.3151673805580453,75.0,84.0,4.0,1.1547005383792515,0.0,0.02210137977260822,0.023013165919144863,0.0,0.0
38,5531062,5559062,0,78.48275862068965,2.4582119890512573,75.0,83.0,1.0,1.0856202966836188,0.0,0.024143622846194063,0.02303449740864726,0.0,0.0
38,5536062,5565062,0,78.62962962962963,2.737234995096575,75.0,83.0,3.0,1.0561177090573832,0.0,0.027021958492016527,0.02232486509066994,0.0,0.0
38,5542062,5568062,0,79.70833333333333,2.9506943627258693,75.0,85.0,10.0,1.1420804814403216,0.0,0.022721040561898432,0.01956058454130312,0.0,0.0
38,5548062,5568062,0,80.83333333333333,2.5,76.0,85.0,7.0,1.1631599960755994,0.0,0.020285259102754187,0.016522669502688627,0.0,0.0
38,5554062,5583062,0,83.53333333333333,2.418447619628941,81.0,88.0,7.0,1.224744871391589,0.0,0.018341548032664537,0.016975573075090133,0.0,0.0
39,1043573,1071666,1,83.24137931034483,1.1642719321471815,81.0,85.0,1.0,0.5669467095138409,0.0,0.015073480703600416,0.012986714475045492,0.0,0.0
39,1050666,1079416,1,83.14814814814815,1.406432410818335,80.0,85.0,1.0,0.6504436355879909,0.0,0.015519921226734667,0.014012147336150742,0.0,0.0
39,1055666,1085416,1,83.5,1.8419709940325182,80.0,88.0,4.0,0.7200822998230956,0.0,0.014232763378006644,0.012497755111455549,0.0,0.0
39,1061666,1091416,1,84.92857142857143,3.6048436802701542,80.0,92.0,8.0,0.769800358919501,0.0,0.016153688857835777,0.019105547500352114,0.0,0.0
39,1067666,1092416,1,85.47826086956522,4.179344292416666,80.0,92.0,9.0,0.8257228238447705,0.0,0.016824251667772315,0.02092785905874026,0.0,0.0
39,1075416,1092416,1,86.55555555555556,4.099081499043715,80.0,92.0,12.0,0.8401680504168059,0.0,0.01842700091317456,0.02308843955462799,0.0,0.0
39,1080416,1092416,1,88.53846153846153,2.9512809374232125,84.0,92.0,8.0,0.816496580927726,0.0,0.02115514780725055,0.025793340231489298,0.0,0.0
39,1086416,1092416,1,91.0,1.0690449676496976,89.0,92.0,3.0,0.7071067811865476,0.0,0.017496623810486105,0.030901386424006305,0.0,0.0
39,1092416,1121416,1,78.0,8.154753215150045,72.0,92.0,20.0,9.899494936611665,0.3333333333333333,0.01992813164096014,0.029494788631471064,0.0,0.0
39,1118416,1127416,1,71.66666666666667,1.4907119849998598,70.0,75.0,4.0,1.0,0.0,0.015216948968390792,0.0208955736739647,0.0,0.0
39,1118416,1130416,1,71.5,1.3228756555322954,70.0,75.0,4.0,0.8528028654224418,0.0,0.01290647326535139,0.018603813812270453,0.0,0.0
39,1118416,1130416,1,71.5,1.3228756555322954,70.0,75.0,4.0,0.8528028654224418,0.0,0.01290647326535139,0.018603813812270453,0.0,0.0
39,1118416,1130416,1,71.5,1.3228756555322954,70.0,75.0,4.0,0.8528028654224418,0.0,0.01290647326535139,0.018603813812270453,0.0,0.0
39,1122416,1130416,1,70.88888888888889,0.5665577237325317,70.0,72.0,1.0,0.6123724356957945,0.0,0.008383447539532952,0.007082037752019082,0.0,0.0
39,1699431,1702435,1,75.25,0.4330127018922193,75.0,76.0,0.0,0.816496580927726,0.0,0.011800719706478,0.011334529549591434,0.0,0.0
39,1699431,1708758,1,77.1,1.6401219466856725,75.0,79.0,3.0,1.5275252316519468,0.0,0.03863744788123272,0.040388612981504986,0.0,0.0
39,1699431,1714758,1,76.9375,1.3448396744593758,75.0,79.0,2.0,1.3165611772087666,0.0,0.0302755564910998,0.03407544871796753,0.0,0.0
39,1699431,1718758,1,76.78947368421052,1.3210421471590665,75.0,79.0,0.0,1.247219128924647,0.0,0.027025798839834254,0.03223978389465336,0.0,0.0
39,1699431,1718758,1,76.78947368421052,1.3210421471590665,75.0,79.0,0.0,1.247219128924647,0.0,0.027025798839834254,0.03223978389465336,0.0,0.0
39,1703758,1731758,1,76.88888888888889,1.3286956381223776,74.0,79.0,2.0,1.137592917989042,0.0,0.0477925774102477,0.06110132030849654,0.0,0.0
39,1709758,1738758,1,76.14285714285714,0.9147320339189784,74.0,77.0,0.0,1.1094003924504583,0.0,0.04344006055655841,0.06497281406800261,0.0,0.0
39,1715758,1744758,1,76.21428571428571,1.0126747770541302,74.0,78.0,1.0,1.1435437497937313,0.0,0.05454314349690254,0.06261498661725064,0.0,0.0
39,1727758,1750758,1,75.41176470588235,1.5740103717952532,72.0,78.0,2.0,1.0606601717798212,0.0,0.05146193758068698,0.057477972332799276,0.0,0.0
39,1727758,1756758,1,74.08695652173913,2.6360880680389775,69.0,78.0,5.0,1.02247471629109,0.0,0.04974338485014355,0.052275427941155854,0.0,0.0
39,1735758,1762758,1,73.3076923076923,2.699989042274499,69.0,78.0,2.0,1.0954451150103321,0.0,0.05102804232224018,0.051496444531433525,0.0,0.0
39,1739758,1768758,1,73.5,2.5527762664727724,69.0,78.0,3.0,1.0339078862458586,0.0,0.05022437665825659,0.049823753601676006,0.0,0.0
39,1745758,1774758,1,72.93333333333334,2.0805982045769644,69.0,76.0,2.0,1.0827805840074194,0.0,0.057609242973336666,0.057897587429235675,0.0,0.0
39,1751758,1779758,1,73.27586206896552,2.4760445615194815,69.0,78.0,7.0,1.1801936887041646,0.0,0.0644919417273958,0.059000821838063315,0.0,0.0
39,1757758,1779758,1,74.04347826086956,2.1765201757884918,70.0,78.0,8.0,1.243163121016122,0.0,0.06960962597447196,0.06308840274863586,0.0,0.0
39,1763758,1788758,1,75.10526315789474,1.5524085477634344,72.0,78.0,1.0,1.224744871391589,0.0,0.05780717391530764,0.05159458601239907,0.0,0.0
39,1769758,1788758,1,75.07692307692308,1.8170787401565716,72.0,78.0,0.0,1.35400640077266,0.0,0.06394369620212445,0.055500430715655226,0.0,0.0
39,1775758,1788758,1,76.0,1.6035674514745464,73.0,78.0,2.0,1.5275252316519468,0.0,0.05089206785216115,0.04151449022727544,0.0,0.0
39,2917109,2921440,1,79.16666666666667,0.8975274678557508,78.0,80.0,1.0,1.3416407864998738,0.0,0.03789096556865323,0.026897656148275405,0.0,0.0
39,2917109,2925440,1,78.9,1.0440306508910548,77.0,80.0,0.0,1.4142135623730951,0.0,0.029002019968843985,0.024919565261139913,0.0,0.0
39,2917109,2925440,1,78.9,1.0440306508910548,77.0,80.0,0.0,1.4142135623730951,0.0,0.029002019968843985,0.024919565261139913,0.0,0.0
39,2917109,2925440,1,78.9,1.0440306508910548,77.0,80.0,0.0,1.4142135623730951,0.0,0.029002019968843985,0.024919565261139913,0.0,0.0
39,2917109,2925440,1,78.9,1.0440306508910548,77.0,80.0,0.0,1.4142135623730951,0.0,0.029002019968843985,0.024919565261139913,0.0,0.0
39,2922440,2925440,1,78.5,1.118033988749895,77.0,80.0,1.0,1.7320508075688772,0.0,0.015668601569130122,0.013074245506638655,0.0,0.0
39,2985467,2989467,1,89.4,1.019803902718557,88.0,91.0,3.0,0.8660254037844386,0.0,0.018791552791316647,0.012085171992754391,0.0,0.0
39,2985467,2989467,1,89.4,1.019803902718557,88.0,91.0,3.0,0.8660254037844386,0.0,0.018791552791316647,0.012085171992754391,0.0,0.0
39,2985467,2989467,1,89.4,1.019803902718557,88.0,91.0,3.0,0.8660254037844386,0.0,0.018791552791316647,0.012085171992754391,0.0,0.0
39,2985467,2989467,1,89.4,1.019803902718557,88.0,91.0,3.0,0.8660254037844386,0.0,0.018791552791316647,0.012085171992754391,0.0,0.0
39,5511175,5519175,1,87.55555555555556,1.4229164972072998,86.0,90.0,3.0,1.1726039399558574,0.0,0.03121991779777526,0.028268195125045692,0.0,0.0
39,5511175,5525175,1,87.06666666666666,1.4360439485692011,85.0,90.0,3.0,1.164964745021435,0.0,0.04706783490523736,0.04137674546034894,0.0,0.0
39,5511175,5531194,1,87.33333333333333,1.6426846010152705,85.0,90.0,1.0,1.3228756555322954,0.0,0.042831094703643956,0.0388744780586039,0.0,0.0
4,1279364,1291364,1,93.0909090909091,0.51425947722658,92.0,94.0,1.0,0.5477225575051661,0.0,0.019735746497702995,0.022281969337089255,0.0,0.0
4,1285364,1291364,1,93.14285714285714,0.6388765649999399,92.0,94.0,2.0,0.5773502691896257,0.0,0.026955435882706713,0.02472089966036543,0.0,0.0
4,1686713,1692713,0,93.71428571428571,0.4517539514526256,93.0,94.0,1.0,0.408248290463863,0.0,0.0394147939693796,0.028456750208215916,0.0,0.0
4,1686713,1693713,0,93.75,0.4330127018922193,93.0,94.0,1.0,0.3779644730092272,0.0,0.03468576429871624,0.0294127413673615,0.0,0.0
4,1686713,1704713,0,94.0909090909091,0.668042657122685,93.0,95.0,2.0,0.4472135954999579,0.0,0.026720842727106665,0.028395017030276946,0.0,0.0
4,1686713,1704713,0,94.0909090909091,0.668042657122685,93.0,95.0,2.0,0.4472135954999579,0.0,0.026720842727106665,0.028395017030276946,0.0,0.0
4,1687713,1716713,0,93.6923076923077,1.065877420042386,92.0,95.0,1.0,0.9574271077563381,0.0,0.022019385721365838,0.027396790241240327,0.0,0.0
4,1693713,1722713,0,93.3076923076923,1.3234346564680965,92.0,95.0,1.0,1.0408329997330663,0.0,0.00932172649254703,0.009139258944761431,0.0,0.0
4,1702713,1723713,0,93.38461538461539,1.3888823142513684,92.0,95.0,0.0,1.0,0.0,0.01104675094475251,0.009619462136372402,0.0,0.0
4,1714713,1723713,0,92.9,1.2206555615733703,92.0,95.0,3.0,0.5773502691896257,0.0,0.012716460667333923,0.009974298098641908,0.0,0.0
4,1714713,1723713,0,92.9,1.2206555615733703,92.0,95.0,3.0,0.5773502691896257,0.0,0.012716460667333923,0.009974298098641908,0.0,0.0
4,1717713,1723713,0,93.28571428571429,1.2777531299998797,92.0,95.0,3.0,0.7071067811865476,0.0,0.01516830067978539,0.010968755758870472,0.0,0.0
4,5021498,5028846,0,98.875,0.33071891388307384,98.0,99.0,1.0,0.3779644730092272,0.0,0.029254214895066924,0.026304524560966377,0.0,0.0
4,5021498,5034846,0,99.3076923076923,0.8213137116947162,98.0,101.0,3.0,0.5,0.0,0.03348439797212842,0.02791323705034709,0.0,0.0
4,5021498,5036846,0,99.6,1.083205120618128,98.0,102.0,4.0,0.5345224838248488,0.0,0.04342490967841095,0.046464172262139045,0.0,0.0
4,5021498,5036846,0,99.6,1.083205120618128,98.0,102.0,4.0,0.5345224838248488,0.0,0.04342490967841095,0.046464172262139045,0.0,0.0
4,5023500,5036846,0,99.76923076923077,1.0490908997681427,99.0,102.0,3.0,0.5,0.0,0.04761551623015976,0.04855025669945883,0.0,0.0
4,5029846,5036846,0,100.42857142857143,1.049781318335648,99.0,102.0,3.0,0.7071067811865476,0.0,0.05961998943080411,0.057824775311294596,0.0,0.0
4,6368031,6373031,0,98.75,1.299038105676658,97.0,100.0,3.0,1.2909944487358056,0.0,0.013286399073125597,0.01588042567810563,0.0,0.0
4,6368031,6379031,0,98.2,0.9797958971132711,97.0,100.0,2.0,0.816496580927726,0.0,0.024259346555377908,0.025969417334147083,0.0,0.0
4,6368031,6383031,0,98.14285714285714,0.832993127835043,97.0,100.0,2.0,0.6793662204867574,0.0,0.028970216175196677,0.027425402850092907,0.0,0.0
4,6368031,6383031,0,98.14285714285714,0.832993127835043,97.0,100.0,2.0,0.6793662204867574,0.0,0.028970216175196677,0.027425402850092907,0.0,0.0
4,6368031,6397031,0,96.88888888888889,2.469567863432541,92.0,100.0,7.0,1.3932610920384718,0.0,0.025926723653246445,0.02547088394447568,0.0,0.0
4,6374031,6400031,0,95.70588235294117,2.6516300399022694,92.0,98.0,4.0,1.3693063937629153,0.0,0.032295529546367496,0.025769931397267645,0.0,0.0
4,6380031,6400031,0,94.54545454545455,2.6410616447879907,92.0,98.0,5.0,1.70293863659264,0.0,0.03268873936608825,0.024030377640548273,0.0,0.0
4,6394031,6400031,0,92.57142857142857,0.4948716593053935,92.0,93.0,0.0,0.816496580927726,0.0,0.028083796018285194,0.02047487001086958,0.0,0.0
4,6394031,6421031,0,92.8,0.6,92.0,94.0,0.0,0.816496580927726,0.0,0.030328271043402282,0.019851828229760983,0.0,0.0
4,6398031,6425031,0,92.5,0.806225774829855,91.0,94.0,0.0,0.816496580927726,0.0,0.03408914026496485,0.02019423665877211,0.0,0.0
4,6419031,6425031,0,92.42857142857143,0.9035079029052513,91.0,94.0,2.0,0.816496580927726,0.0,0.029343261403904964,0.019688536198995243,0.0,0.0
4,6419031,6425031,0,92.42857142857143,0.9035079029052513,91.0,94.0,2.0,0.816496580927726,0.0,0.029343261403904964,0.019688536198995243,0.0,0.0
4,6419031,6425031,0,92.42857142857143,0.9035079029052513,91.0,94.0,2.0,0.816496580927726,0.0,0.029343261403904964,0.019688536198995243,0.0,0.0
4,6422031,6425031,0,91.75,0.4330127018922193,91.0,92.0,0.0,0.816496580927726,0.0,0.024676672880327058,0.020133017747093668,0.0,0.0
4,7580142,7585145,0,96.83333333333333,0.8975274678557508,96.0,98.0,2.0,0.6324555320336759,0.0,0.01491566906519357,0.002585200232600487,0.0,0.0
4,7580142,7588142,0,96.0,1.4142135623730951,94.0,98.0,4.0,0.7071067811865476,0.0,0.021640118768006936,0.011085840077756927,0.0,0.0
4,7580142,7596620,0,96.26666666666667,1.3399834161494522,94.0,98.0,0.0,0.7559289460184544,0.0,0.02864565110269787,0.015363673310146785,0.0,0.0
4,7580142,7602620,0,96.38888888888889,1.253390463630942,94.0,98.0,1.0,0.7276068751089989,0.0,0.032166695865160744,0.018904502956794675,0.0,0.0
4,7580142,7606620,0,96.68181818181819,1.3275528969554755,94.0,99.0,0.0,0.7559289460184544,0.0,0.032657292624552164,0.01914244959512494,0.0,0.0
4,7586145,7606620,0,96.625,1.4523687548277813,94.0,99.0,3.0,0.7745966692414834,0.0,0.03931040145931163,0.01841300791522727,0.0,0.0
4,7591620,7606620,0,97.15384615384616,1.0262818510866412,95.0,99.0,3.0,0.7637626158259734,0.0,0.04028456683292962,0.01981993848251753,0.0,0.0
40,4540521,4550322,1,91.3,0.6403124237432849,90.0,92.0,0.0,0.9428090415820634,0.0,0.01911032944721834,0.013987004402327027,0.0,0.0
40,4547322,4550322,1,91.25,0.82915619758885,90.0,92.0,0.0,1.4142135623730951,0.0,0.017336250705053943,0.0071645476748978905,0.0,0.0
40,4605322,4612322,1,90.875,0.33071891388307384,90.0,91.0,1.0,0.3779644730092272,0.0,0.012751270965978362,0.007353087493492335,0.0,0.0
40,4605322,4618322,1,90.21428571428571,1.0809104250301111,88.0,91.0,3.0,0.6201736729460423,0.0,0.009025272975393156,0.007208806662291035,0.0,0.0
40,4605322,4624322,1,89.2,1.8330302779823358,86.0,91.0,5.0,0.6882472016116853,0.0,0.008211079809005107,0.0064549375765709195,0.0,0.0
40,4605322,4628322,1,88.375,2.54644359843292,83.0,91.0,8.0,0.7801894976054939,0.0,0.010362075333391446,0.010902730842065772,0.0,0.0
40,4607322,4628322,1,88.13636363636364,2.5279430111789694,83.0,91.0,8.0,0.816496580927726,0.0,0.010942775694204104,0.011208314738004828,0.0,0.0
40,4613322,4628322,1,87.125,2.2325713874364688,83.0,91.0,7.0,0.9309493362512627,0.0,0.00916747751709799,0.012123909025155309,0.0,0.0
40,4619322,4628322,1,85.8,1.5999999999999999,83.0,88.0,5.0,1.0,0.0,0.012233598634589055,0.014371109506014274,0.0,0.0
40,4625322,4628322,1,84.25,1.299038105676658,83.0,86.0,3.0,1.2909944487358056,0.0,0.021117052955323137,0.019133287509525258,0.0,0.0
40,4907414,4911884,1,81.2,0.7483314773547882,80.0,82.0,2.0,0.7071067811865476,0.0,0.021064114683366168,0.008690523130150455,0.0,0.0
40,4907414,4917884,1,82.63636363636364,1.9198829165402613,80.0,86.0,5.0,1.0488088481701516,0.0,0.024832504705545603,0.029912044107674063,0.0,0.0
40,4907414,4923884,1,83.58823529411765,2.088028158741041,80.0,87.0,6.0,1.0606601717798212,0.0,0.03614342153938079,0.034670631988084295,0.0,0.0
40,4907414,4927884,1,83.85714285714286,1.9829202679673343,80.0,87.0,4.0,1.0488088481701516,0.0,0.031329145814811624,0.032924231631498865,0.0,0.0
40,4907414,4927884,1,83.85714285714286,1.9829202679673343,80.0,87.0,4.0,1.0488088481701516,0.0,0.031329145814811624,0.032924231631498865,0.0,0.0
40,4912884,4927884,1,84.6875,1.4456291882775472,81.0,87.0,3.0,1.1254628677422756,0.0,0.034536968043388336,0.036823042498709165,0.0,0.0
40,4918884,4945884,1,85.07692307692308,0.8284868934053083,84.0,87.0,0.0,1.0,0.0,0.04742107984607596,0.047540134817128356,0.0,0.0
40,4924884,4953884,1,82.92307692307692,2.6153846153846154,78.0,86.0,7.0,1.1902380714238083,0.0,0.036490289227076804,0.04891143070861574,0.0,0.0
40,4943884,4959884,1,80.26666666666667,2.9544693074880453,77.0,85.0,7.0,1.1019463300386794,0.0,0.03886516059844436,0.045808689269882,0.0,0.0
40,4943884,4965884,1,79.33333333333333,2.965409043226717,75.0,85.0,10.0,1.0,0.0,0.03454121382506198,0.040512575838178355,0.0,0.0
40,4943884,4971884,1,78.37037037037037,3.1989367232132127,74.0,85.0,9.0,0.9805806756909202,0.0,0.034388395817610225,0.03973578023071894,0.0,0.0
40,4948884,4977884,1,77.43333333333334,2.7041120949809425,73.0,84.0,8.0,3.0625659739551057,0.06896551724137931,0.029225355886180505,0.03127372552279439,0.0,0.0
40,4954884,4983884,1,76.4,1.9933221850301406,73.0,84.0,2.0,3.0057416320470214,0.06896551724137931,0.02403897795659023,0.02725101296798769,0.0,0.0
40,4960884,4989884,1,75.86666666666666,1.9618585292749549,73.0,84.0,3.0,3.0114723171965867,0.06896551724137931,0.022020944286046677,0.02602998615992087,0.0,0.0
40,4966884,4993884,1,75.64285714285714,1.8938676547946929,73.0,84.0,2.0,3.1150768375280413,0.07407407407407407,0.021271438178578173,0.025771134398791216,0.0,0.0
40,4972884,4993884,1,75.81818181818181,2.059045755073841,73.0,84.0,0.0,3.491486243775878,0.09523809523809523,0.01783995782959157,0.020477275549241506,0.0,0.0
40,4978884,4993884,1,75.4375,0.7880950133074057,74.0,77.0,1.0,0.7745966692414834,0.0,0.01328034719325815,0.00842713643624491,0.0,0.0
40,4984884,4993884,1,75.4,0.9165151389911681,74.0,77.0,3.0,0.7453559924999299,0.0,0.01688965566183557,0.008016772250348905,0.0,0.0
40,4990884,4993884,1,76.0,0.7071067811865476,75.0,77.0,2.0,0.816496580927726,0.0,0.01934000544210622,0.008403910947386633,0.0,0.0
40,7520327,7523310,0,86.5,0.5,86.0,87.0,0.0,0.816496580927726,0.0,0.07271669148541957,0.09184310212473956,0.0,0.0
40,7520327,7523310,0,86.5,0.5,86.0,87.0,0.0,0.816496580927726,0.0,0.07271669148541957,0.09184310212473956,0.0,0.0
40,7520327,7523310,0,86.5,0.5,86.0,87.0,0.0,0.816496580927726,0.0,0.07271669148541957,0.09184310212473956,0.0,0.0
40,7520327,7523310,0,86.5,0.5,86.0,87.0,0.0,0.816496580927726,0.0,0.07271669148541957,0.09184310212473956,0.0,0.0
40,7564213,7570213,0,81.85714285714286,0.832993127835043,81.0,83.0,1.0,0.7071067811865476,0.0,0.03453293663850533,0.05322055881463721,0.0,0.0
40,7564213,7576213,0,81.61538461538461,1.2113858267710478,79.0,83.0,3.0,0.7637626158259734,0.0,0.037057028724553964,0.04878164253638072,0.0,0.0
40,7564213,7582213,0,81.36842105263158,1.1337189067651587,79.0,83.0,0.0,0.7453559924999299,0.0,0.03279432993985255,0.042395799004431425,0.0,0.0
40,7564213,7588213,0,81.0,1.296148139681572,78.0,83.0,1.0,0.8897565210026093,0.0,0.03436707608077431,0.0436437229039777,0.0,0.0
40,7565213,7594213,0,80.3,1.9174636024359542,75.0,83.0,6.0,0.9468641529479986,0.0,0.026317835192131492,0.03293784647566569,0.0,0.0
40,7571213,7600213,0,79.1,2.3853720883753122,75.0,83.0,8.0,0.982607368881035,0.0,0.028053056907047028,0.03302669689518619,0.0,0.0
40,7577213,7606213,0,78.26666666666667,2.0965580258021848,75.0,82.0,4.0,1.0170952554312156,0.0,0.05033182598392363,0.1310035767980671,0.0,0.0
41,993249,1022744,1,79.10714285714286,1.9519090602771012,73.0,82.0,6.0,1.0183501544346312,0.0,0.05790239052382328,0.10783147032361677,0.0,0.0
41,1000744,1028744,1,77.34482758620689,3.4866826647626312,71.0,81.0,8.0,0.9258200997725514,0.0,0.0352921831372771,0.03835352627607949,0.0,0.0
41,1005744,1034744,1,76.16666666666667,3.3174622161458833,71.0,80.0,6.0,0.8709883407113854,0.0,0.030840374738488645,0.03457017430031203,0.0,0.0
41,1011744,1040744,1,74.73333333333333,2.9769484749021475,71.0,80.0,6.0,1.0170952554312156,0.0,0.04020643560428191,0.04070137052249409,0.0,0.0
41,1017744,1046744,1,73.26666666666667,1.9310331143946984,70.0,78.0,5.0,1.18903032065977,0.0,0.050022936527122405,0.05303822814305388,0.0,0.0
41,1023744,1050744,1,72.96296296296296,1.688336491857997,70.0,78.0,6.0,1.2403473458920846,0.0,0.045555616417150765,0.053035077589426716,0.0,0.0
41,1029744,1058744,1,74.26086956521739,3.2733096042989063,70.0,84.0,11.0,1.6922282244532987,0.0,0.050236937218298694,0.055981492554885555,0.0,0.0
41,1035744,1064744,1,76.69565217391305,5.1197382967143055,70.0,84.0,11.0,1.665150825819473,0.0,0.08447127165622825,0.17478978182465363,0.0,0.0
41,1041744,1068744,1,79.15,5.424711973920827,70.0,86.0,13.0,1.670171752907624,0.0,0.0824413950399545,0.18668900285969753,0.0,0.0
41,1047744,1068744,1,82.14285714285714,3.3986792152486625,74.0,86.0,12.0,1.7097008285302207,0.0,0.0770551422604019,0.21816284600898964,0.0,0.0
41,1057744,1068744,1,83.81818181818181,0.9359663764533637,83.0,86.0,3.0,0.7071067811865476,0.0,0.08931623790853777,0.24382092000995526,0.0,0.0
41,1059744,1068744,1,83.88888888888889,0.9938079899999066,83.0,86.0,3.0,0.6123724356957945,0.0,0.10342678552919998,0.26748479259916363,0.0,0.0
41,2200009,2203016,1,93.5,0.5,93.0,94.0,1.0,0.5773502691896257,0.0,0.3509514681321355,0.5290395336989585,0.0,0.0
41,2200009,2203016,1,93.5,0.5,93.0,94.0,1.0,0.5773502691896257,0.0,0.3509514681321355,0.5290395336989585,0.0,0.0
41,2200009,2203016,1,93.5,0.5,93.0,94.0,1.0,0.5773502691896257,0.0,0.3509514681321355,0.5290395336989585,0.0,0.0
41,2200009,2203016,1,93.5,0.5,93.0,94.0,1.0,0.5773502691896257,0.0,0.3509514681321355,0.5290395336989585,0.0,0.0
41,2200009,2203016,1,93.5,0.5,93.0,94.0,1.0,0.5773502691896257,0.0,0.3509514681321355,0.5290395336989585,0.0,0.0
41,2233242,2241242,1,90.77777777777777,0.9162456945817024,89.0,92.0,1.0,1.0606601717798212,0.0,0.13057942898785793,0.25509778702322844,0.0,0.0
41,2233242,2246355,1,90.71428571428571,0.9583148474999098,89.0,92.0,1.0,1.0,0.0,0.12343608084744852,0.2209877480736802,0.0,0.0
41,2233242,2252355,1,90.65,0.9096702699330126,89.0,92.0,2.0,0.9176629354822471,0.0,0.10295001426135102,0.18807830761836414,0.0,0.0
41,2233242,2258355,1,91.11538461538461,1.2192974987805658,89.0,94.0,2.0,0.938083151964686,0.0,0.10616424175190914,0.1761179248429064,0.0,0.0
41,2236242,2264358,1,91.3076923076923,1.1357556200179537,89.0,94.0,2.0,0.848528137423857,0.0,0.12892141393798068,0.188520639023855,0.0,0.0
41,2242245,2265436,1,91.42857142857143,1.256276757930754,89.0,94.0,1.0,0.8660254037844386,0.0,0.11728336192215834,0.13172473169550555,0.0,0.0
41,2247355,2265436,1,91.6875,1.2103072956898178,90.0,94.0,3.0,0.8563488385776752,0.0,0.11937877058698544,0.12926379968738486,0.0,0.0
41,2253355,2265436,1,92.4,0.8,91.0,94.0,1.0,1.0,0.0,0.1579165176029026,0.1495179167847653,0.0,0.0
41,2262355,2265436,1,92.0,0.7071067811865476,91.0,93.0,2.0,0.816496580927726,0.0,0.21947379392660227,0.15827416708968517,0.0,0.0
41,3053887,3056892,0,94.25,0.4330127018922193,94.0,95.0,1.0,0.5773502691896257,0.0,0.06107789066299796,0.07871533319753368,0.0,0.0
41,3053887,3063173,0,93.8,0.6,93.0,95.0,1.0,0.7453559924999299,0.0,0.06684574866239835,0.06908118267840758,0.0,0.0
41,3053887,3069173,0,93.81818181818181,0.5749595745760689,93.0,95.0,1.0,0.7071067811865476,0.0,0.06159947913036301,0.06792353042729146,0.0,0.0
41,3053887,3075173,0,94.6470588235294,1.280678885710426,93.0,97.0,2.0,0.7905694150420949,0.0,0.05186907521417354,0.06037725970456446,0.0,0.0
41,3053887,3075173,0,94.6470588235294,1.280678885710426,93.0,97.0,2.0,0.7905694150420949,0.0,0.05186907521417354,0.06037725970456446,0.0,0.0
41,3058173,3075173,0,94.76923076923077,1.4225570776082255,93.0,97.0,4.0,0.816496580927726,0.0,0.04903559353761217,0.05316450046899127,0.0,0.0
41,3069173,3075173,0,95.85714285714286,0.989743318610787,94.0,97.0,3.0,0.9128709291752769,0.0,0.030473827430995228,0.03546150316732455,0.0,0.0
41,3070173,3075173,0,96.16666666666667,0.6871842709362769,95.0,97.0,2.0,0.8944271909999159,0.0,0.03403000136782617,0.037129233269993074,0.0,0.0
41,4191969,4196983,0,79.16666666666667,0.6871842709362768,78.0,80.0,1.0,0.7745966692414834,0.0,0.02578935234168202,0.008602401317665086,0.0,0.0
41,4191969,4203014,0,80.75,2.0463381929681126,78.0,85.0,6.0,0.9534625892455924,0.0,0.05414482328524306,0.048106115467579605,0.0,0.0
41,4191969,4209025,0,81.5,2.266911751455907,78.0,86.0,2.0,1.0289915108550531,0.0,0.04749034027888426,0.04445427159674177,0.0,0.0
41,4191969,4215226,0,81.75,2.184223737013526,78.0,86.0,6.0,1.0215078369104984,0.0,0.05098782777300198,0.068357528362767,0.0,0.0
41,4191969,4221226,0,82.7,2.7343494046421113,78.0,87.0,7.0,0.9649012813540153,0.0,0.04967030998010919,0.06253276818850156,0.0,0.0
41,4197986,4227226,0,83.66666666666667,2.1029080394116675,80.0,87.0,3.0,1.0,0.0,0.057367228557714166,0.06593388389180407,0.0,0.0
41,4204014,4233226,0,83.96666666666667,1.852625764212034,80.0,87.0,2.0,0.8709883407113854,0.0,0.06303521483372153,0.07945276569490428,0.0,0.0
41,4210028,4239226,0,84.9,2.211334438749598,80.0,90.0,10.0,0.8709883407113854,0.0,0.07652577567234915,0.09337345485884604,0.0,0.0
41,4216226,4245226,0,85.9,1.9553345834749951,83.0,90.0,0.0,0.8304547985373997,0.0,0.07904424413003659,0.08368711006539026,0.0,0.0
41,4222226,4250253,0,86.03571428571429,2.1294221693948345,83.0,90.0,2.0,0.9428090415820634,0.0,0.07807214419266417,0.08705345614712703,0.0,0.0
41,4228226,4256519,0,86.28571428571429,1.905952009160905,83.0,90.0,2.0,0.9813067629253163,0.0,0.07320622587860488,0.08655186459026068,0.0,0.0
41,4234226,4262519,0,86.46428571428571,1.7419640568938857,83.0,90.0,2.0,1.0183501544346312,0.0,0.05136187198418988,0.07284915291428674,0.0,0.0
41,4240226,4268519,0,85.28571428571429,2.2337851101588413,81.0,89.0,5.0,0.9622504486493763,0.0,0.03213591097943336,0.043385186360292344,0.0,0.0
41,4247253,4274519,0,83.96428571428571,2.321977956969674,80.0,89.0,7.0,0.9622504486493763,0.0,0.020904771602856125,0.023408830546991468,0.0,0.0
41,4251258,4280519,0,82.7,2.1315096371664226,79.0,86.0,3.0,0.8094272134003795,0.0,0.020168667405140894,0.023237001309426356,0.0,0.0
41,4257519,4281519,0,82.12,1.9041008376659048,79.0,86.0,2.0,0.8660254037844386,0.0,0.014819221946419823,0.012525763176773902,0.0,0.0
41,4263519,4281519,0,81.3157894736842,1.3397812696166165,79.0,84.0,1.0,0.8498365855987975,0.0,0.016688479160582616,0.013606311126241147,0.0,0.0
41,4269519,4281519,0,80.92307692307692,1.2686478848054341,79.0,83.0,0.0,0.816496580927726,0.0,0.018892533956032555,0.015529156189919409,0.0,0.0
41,4275519,4281519,0,80.57142857142857,1.3997084244475304,79.0,83.0,3.0,0.9128709291752769,0.0,0.016519864101404567,0.013256416130321006,0.0,0.0
41,5012203,5018593,0,89.57142857142857,1.1780301787479028,88.0,92.0,3.0,1.224744871391589,0.0,0.23936288585660334,0.20983630384960966,0.0,0.0
41,5012203,5024593,0,90.3076923076923,1.3234346564680965,88.0,92.0,0.0,1.0,0.0,0.16856351931483327,0.18669548228565883,0.0,0.0
41,5012203,5030593,0,90.94736842105263,1.4680342822085632,88.0,93.0,0.0,0.9428090415820634,0.0,0.2743026570075539,0.41949024920117983,0.0,0.0
41,5012203,5036593,0,91.44,1.576832267554162,88.0,94.0,2.0,0.9128709291752769,0.0,0.24378757221573777,0.377388791986191,0.0,0.0
41,5014209,5042593,0,91.67857142857143,1.5823484226339806,88.0,94.0,2.0,0.816496580927726,0.0,0.2355515371046489,0.3576054910837038,0.0,0.0
41,5019593,5045593,0,92.26923076923077,0.9828409491677413,90.0,94.0,2.0,0.8,0.0,0.24245145404775667,0.38930679762492243,0.0,0.0
41,5025593,5054593,0,92.73913043478261,0.7922116155777651,91.0,94.0,1.0,0.8257228238447705,0.0,0.25396368470130587,0.4103771675562828,0.0,0.0
41,5031593,5060593,0,92.91304347826087,0.7170618479335062,91.0,94.0,0.0,0.7385489458759964,0.0,0.16989473770103847,0.20598612063093957,0.0,0.0
41,5037593,5062593,0,92.78947368421052,0.7663273567663704,91.0,94.0,2.0,0.7453559924999299,0.0,0.18964652522237005,0.22914110647054747,0.0,0.0
41,5043593,5062593,0,92.85714285714286,0.6388765649999399,92.0,94.0,0.0,0.6793662204867574,0.0,0.21836205499530928,0.2569704903405894,0.0,0.0
41,5052593,5062593,0,93.0,0.6030226891555273,92.0,94.0,1.0,0.5477225575051661,0.0,0.15624502530732545,0.1597159972350613,0.0,0.0
41,5055593,5084681,0,90.9,3.726929030716845,83.0,93.0,10.0,2.70801280154532,0.1111111111111111,0.21082636826270282,0.1451041187841981,0.0,0.0
41,5061593,5088681,0,85.5,3.774917217635375,83.0,92.0,8.0,3.070597894314954,0.14285714285714285,0.1374606677352424,0.18454181306807618,0.0,0.0
41,5083681,5095459,0,83.63636363636364,0.4810456929208347,83.0,84.0,0.0,0.4472135954999579,0.0,0.051189343203463265,0.08567177128696378,0.0,0.0
43,4389736,4396757,1,83.85714285714286,1.8070158058105026,80.0,86.0,1.0,2.1984843263788196,0.0,0.06267195741775211,0.04658451669398312,0.0,0.0
43,4455002,4471002,1,83.0,2.0,81.0,85.0,4.0,2.309401076758503,0.0,0.02664335898922532,0.030857044786407148,0.0,0.0
43,4455002,4471002,1,83.0,2.0,81.0,85.0,4.0,2.309401076758503,0.0,0.02664335898922532,0.030857044786407148,0.0,0.0
43,7641479,7647501,0,91.14285714285714,1.124858267715973,90.0,93.0,2.0,0.816496580927726,0.0,0.025712323453929296,0.003514729780795148,0.0,0.0
43,7641479,7653089,0,90.875,1.2686114456365274,89.0,93.0,3.0,0.8451542547285166,0.0,0.027621464527547587,0.006026848034075697,0.0,0.0
43,7641479,7659089,0,90.88888888888889,1.1967032904743342,89.0,93.0,1.0,1.0606601717798212,0.0,0.04106048435950805,0.03843364479342178,0.0,0.0
43,7641479,7659089,0,90.88888888888889,1.1967032904743342,89.0,93.0,1.0,1.0606601717798212,0.0,0.04106048435950805,0.03843364479342178,0.0,0.0
43,7642482,7659089,0,90.75,1.1989578808281798,89.0,93.0,2.0,1.0690449676496976,0.0,0.042769261183075086,0.040441425785022,0.0,0.0
44,486031,495031,1,87.3,0.45825756949558394,87.0,88.0,0.0,0.6666666666666666,0.0,0.08949380070870569,0.17322841284472626,0.0,0.0
44,492031,495031,1,87.5,0.5,87.0,88.0,1.0,1.0,0.0,0.1778256211065038,0.2476711462130681,0.0,0.0
44,525031,533031,1,82.5,1.6072751268321592,80.0,84.0,4.0,1.0954451150103321,0.0,0.01919935459919792,0.011045102140005363,0.0,0.0
44,525031,539031,1,81.83333333333333,1.3437096247164249,80.0,84.0,3.0,0.9045340337332909,0.0,0.04337991935440202,0.0812193451174812,0.0,0.0
44,525031,545031,1,81.94444444444444,1.1772011166898382,80.0,84.0,1.0,0.8043996665398437,0.0,0.050577782951303205,0.07295206005516648,0.0,0.0
44,525031,548031,1,82.23809523809524,1.3418097908195592,80.0,85.0,1.0,0.806225774829855,0.0,0.06023459968488608,0.07671856790558086,0.0,0.0
44,531031,548031,1,81.94444444444444,1.2234841969747356,80.0,85.0,3.0,0.7276068751089989,0.0,0.06833340353664646,0.08002820593477733,0.0,0.0
44,534031,548031,1,82.13333333333334,1.203698005684519,81.0,85.0,4.0,0.6546536707079771,0.0,0.07664869771916134,0.08513669751398308,0.0,0.0
44,540031,548031,1,82.77777777777777,1.1331154474650633,81.0,85.0,4.0,0.7071067811865476,0.0,0.08270750679219817,0.06367214693882933,0.0,0.0
44,6265859,6269859,1,105.4,0.4898979485566356,105.0,106.0,1.0,0.5,0.0,0.06275439064902016,0.046883997671401514,0.0,0.0
44,6265859,6275859,1,105.72727272727273,0.7496555682941201,105.0,107.0,1.0,0.5477225575051661,0.0,0.04818527545234474,0.04399167314523113,0.0,0.0
44,6265859,6281859,1,107.05882352941177,2.0427947475512163,105.0,111.0,5.0,0.6614378277661477,0.0,0.036773399701244,0.03900186949439264,0.0,0.0
44,6265859,6287859,1,108.52173913043478,3.0341471864987652,105.0,113.0,6.0,0.674199862463242,0.0,0.029503645614807478,0.03592005038404184,0.0,0.0
6,2290054,2319054,0,87.0,2.63673679998231,83.0,91.0,4.0,1.4832396974191326,0.0,0.091567769939971,0.13058027928966526,0.0,0.0
6,2297054,2324054,0,86.7,2.511971337416094,83.0,91.0,1.0,1.504379571363837,0.0,0.10583132687218104,0.14516454859810035,0.0,0.0
6,2308054,2331054,0,86.77777777777777,3.154459903684087,83.0,94.0,8.0,1.2366938848016846,0.0,0.10598513950774482,0.1530256369793909,0.0,0.0
6,2308054,2333054,0,87.55,3.787809393303734,83.0,95.0,9.0,1.1920791213585393,0.0,0.10438100472407115,0.1466721472425019,0.0,0.0
6,2314054,2333054,0,88.8,3.5251477510406097,84.0,95.0,11.0,1.224744871391589,0.0,0.12071699021587191,0.1652187805406851,0.0,0.0
7,3040140,3047140,0,99.33333333333333,1.247219128924647,98.0,102.0,3.0,1.4832396974191326,0.0,0.010347088685650069,0.013118531678428205,0.0,0.0
7,3040140,3053140,0,98.75,1.1636866703140785,97.0,102.0,4.0,1.1281521496355325,0.0,0.012086724787080625,0.01120703985079335,0.0,0.0
7,3040140,3056140,0,98.46666666666667,1.2036980056845192,97.0,102.0,4.0,1.0690449676496976,0.0,0.01327609051046108,0.011001991678323447,0.0,0.0
9,463781,493552,1,107.23809523809524,1.2688488185213551,106.0,111.0,4.0,1.0,0.0,0.06489572425637648,0.13165141787675416,0.0,0.0
9,470552,493552,1,107.3125,1.4456291882775472,106.0,111.0,4.0,1.1547005383792515,0.0,0.0757851734187446,0.14730137835944263,0.0,0.0
9,476552,493552,1,107.7,1.676305461424021,106.0,111.0,4.0,1.4142135623730951,0.0,0.10758147632443207,0.1783227029122073,0.0,0.0
9,483552,493552,1,109.0,2.0,107.0,111.0,4.0,2.309401076758503,0.0,0.08791185498897507,0.12966928872232814,0.0,0.0
9,1075135,1098359,1,104.0,0.0,104.0,104.0,0.0,0.0,0.0,0.07761851744247991,0.0732739234789904,0.0,0.0
9,1095359,1098359,1,104.0,0.0,104.0,104.0,0.0,0.0,0.0,0.09521503994114185,0.07185504023571761,0.0,0.0
9,1095359,1098359,1,104.0,0.0,104.0,104.0,0.0,0.0,0.0,0.09521503994114185,0.07185504023571761,0.0,0.0
9,1095359,1116359,1,103.6,0.8,102.0,104.0,2.0,1.0,0.0,0.0878169772307464,0.06595030533127995,0.0,0.0
9,1095359,1123359,1,103.14285714285714,0.989743318610787,102.0,104.0,2.0,0.816496580927726,0.0,0.07898142914446936,0.057486538421651266,0.0,0.0
9,1116359,1124360,1,102.0,0.0,102.0,102.0,0.0,0.0,0.0,0.048499917212165955,0.015473846487258204,0.0,0.0
9,1116359,1124360,1,102.0,0.0,102.0,102.0,0.0,0.0,0.0,0.048499917212165955,0.015473846487258204,0.0,0.0
9,1116359,1124360,1,102.0,0.0,102.0,102.0,0.0,0.0,0.0,0.048499917212165955,0.015473846487258204,0.0,0.0
9,1122359,1142393,1,102.5,0.8660254037844386,102.0,104.0,2.0,1.1547005383792515,0.0,0.03604427014216964,0.021508411727615886,0.0,0.0
9,2343448,2347448,1,99.4,0.4898979485566356,99.0,100.0,1.0,0.5,0.0,0.013304608844030803,0.0027184913107123642,0.0,0.0
9,2343448,2353448,1,100.36363636363636,1.2264306875665492,99.0,103.0,3.0,0.7071067811865476,0.0,0.015465795437756858,0.01610682603340192,0.0,0.0
9,2343448,2359448,1,100.6470588235294,1.2338927625531195,99.0,103.0,0.0,0.7071067811865476,0.0,0.013264562125034948,0.013603568538321701,0.0,0.0
9,2343448,2365448,1,100.08695652173913,1.442010778415391,98.0,103.0,2.0,0.674199862463242,0.0,0.012491975495344166,0.011886319698329149,0.0,0.0
9,2343448,2371448,1,99.55172413793103,1.6730357890632004,97.0,103.0,3.0,0.6267831705280087,0.0,0.016763179783929893,0.019314108560612664,0.0,0.0
