subject,window_start_ms,window_end_ms,label,hr_mean,hr_std,hr_min,hr_max,hr_delta_abs,rmssd,pnn50,motion_mean,motion_std,temp_mean,temp_spread
1,492488,521325,0,98.53846153846153,1.598816130063579,95.0,100.0,1.0,1.1902380714238083,0.0,0.05045378829104122,0.06316668591435513,0.0,0.0
1,500487,541325,0,97.42857142857143,1.4982983545287878,95.0,100.0,0.0,1.7320508075688772,0.0,0.08829306195446573,0.065594601000128,0.0,0.0
1,505325,541325,0,97.6,1.624807680927192,95.0,100.0,3.0,1.8027756377319946,0.0,0.09315682699967373,0.06678844151843077,0.0,0.0
1,521325,554325,0,95.85714285714286,2.2314999074019015,93.0,100.0,7.0,1.35400640077266,0.0,0.061124264515010907,0.07389345514956659,0.0,0.0
1,521325,554325,0,95.85714285714286,2.2314999074019015,93.0,100.0,7.0,1.35400640077266,0.0,0.061124264515010907,0.07389345514956659,0.0,0.0
1,541325,554325,0,95.16666666666667,1.5723301886761003,93.0,98.0,5.0,1.1832159566199232,0.0,0.034427421124404285,0.037164943658056004,0.0,0.0
1,541325,554325,0,95.16666666666667,1.5723301886761003,93.0,98.0,5.0,1.1832159566199232,0.0,0.034427421124404285,0.037164943658056004,0.0,0.0
1,541325,577325,0,95.5,1.5,93.0,98.0,2.0,1.8516401995451028,0.0,0.04149488754221215,0.03751447394081385,0.0,0.0
1,541325,577325,0,95.5,1.5,93.0,98.0,2.0,1.8516401995451028,0.0,0.04149488754221215,0.03751447394081385,0.0,0.0
1,550325,577325,0,95.14285714285714,1.2453996981544782,93.0,97.0,0.0,1.8257418583505538,0.0,0.04310584101723584,0.03984497899703895,0.0,0.0
1,553325,577325,0,95.0,1.5811388300841898,93.0,97.0,2.0,2.449489742783178,0.0,0.07184524613233578,0.028943486444843205,0.0,0.0
1,3109754,3116761,0,95.625,0.6959705453537527,95.0,97.0,1.0,0.6546536707079771,0.0,0.009287673062477563,0.012922208272724067,0.0,0.0
1,3109754,3122745,0,96.38461538461539,1.2733034890189885,95.0,99.0,1.0,0.7637626158259734,0.0,0.0464187636597473,0.05418569623253607,0.0,0.0
1,3109754,3126745,0,96.88235294117646,1.4504503536397593,95.0,99.0,2.0,0.7905694150420949,0.0,0.03862167617719637,0.04944532104826716,0.0,0.0
1,3109754,3134745,0,97.13636363636364,1.391384351364906,95.0,99.0,0.0,0.7559289460184544,0.0,0.032195613601950175,0.04514203759565736,0.0,0.0
1,3109754,3140745,0,97.32142857142857,1.2832317302301202,95.0,99.0,1.0,0.693888666488711,0.0,0.027251112034269217,0.04119525750628248,0.0,0.0
1,3109754,3146745,0,97.44117647058823,1.1928999876866615,95.0,99.0,1.0,0.6276459144608478,0.0,0.02451442089290779,0.03795878866009573,0.0,0.0
1,3109754,3152745,0,97.45,1.1169153951844337,95.0,99.0,1.0,0.6201736729460423,0.0,0.023036208590983036,0.035288813526932056,0.0,0.0
1,3114759,3158745,0,97.58536585365853,0.9364075034367058,95.0,99.0,1.0,0.6123724356957945,0.0,0.02808035253850213,0.035232258289018804,0.0,0.0
1,3120745,3164745,0,97.23809523809524,1.585792933842544,93.0,99.0,4.0,0.6625891564490792,0.0,0.020618441872668813,0.022346615639206646,0.0,0.0
1,3126745,3170745,0,96.45238095238095,2.1291892147054803,92.0,99.0,6.0,0.6246950475544243,0.0,0.015360187401232218,0.013893321301821965,0.0,0.0
1,3132745,3176745,0,95.75555555555556,2.386588039259353,92.0,98.0,6.0,0.6396021490668313,0.0,0.014307790887958952,0.013874413982632273,0.0,0.0
1,3138745,3182745,0,94.95555555555555,2.555652172086679,91.0,98.0,6.0,0.6396021490668313,0.0,0.014079817647598926,0.013982035441329338,0.0,0.0
1,3144745,3188745,0,94.44444444444444,2.2954598237540846,91.0,98.0,2.0,0.7071067811865476,0.0,0.01389544731269992,0.013982595637835047,0.0,0.0
1,3150745,3194745,0,94.17777777777778,1.9920830960902198,91.0,98.0,2.0,0.7385489458759964,0.0,0.012822963413985927,0.014088384535962686,0.0,0.0
1,3156745,3198745,0,93.76744186046511,1.6115456873553873,91.0,97.0,3.0,0.7400128699009549,0.0,0.010540282664279933,0.01052481260261141,0.0,0.0
1,3162745,3198745,0,93.54054054054055,1.4994520547762376,91.0,97.0,1.0,0.6871842709362768,0.0,0.008551906770167811,0.006445454462485075,0.0,0.0
1,3168745,3198745,0,93.54838709677419,1.6231929839237578,91.0,97.0,2.0,0.6831300510639732,0.0,0.008163260966849783,0.006866881790021212,0.0,0.0
1,3174745,3198745,0,93.8,1.6970562748477143,91.0,97.0,2.0,0.6454972243679028,0.0,0.007922563840718936,0.00666197406571668,0.0,0.0
1,3180745,3198745,0,94.36842105263158,1.5630781478860527,91.0,97.0,2.0,0.7453559924999299,0.0,0.008165487870630981,0.006899793452560981,0.0,0.0
1,3186745,3198745,0,95.23076923076923,0.890448992522325,94.0,97.0,0.0,0.7071067811865476,0.0,0.009566865430692338,0.007854824111002225,0.0,0.0
1,3192745,3198745,0,94.85714285714286,0.6388765649999399,94.0,96.0,2.0,0.5773502691896257,0.0,0.012326842285459941,0.00971383178717872,0.0,0.0
1,3598207,3603221,0,92.5,0.5,92.0,93.0,0.0,0.6324555320336759,0.0,0.005247531428744384,0.003062693621419815,0.0,0.0
1,3598207,3609230,0,92.66666666666667,0.4714045207910317,92.0,93.0,0.0,0.6030226891555273,0.0,0.013321750594568893,0.01604406526020637,0.0,0.0
1,3598207,3615239,0,92.875,0.5994789404140899,92.0,94.0,0.0,0.6324555320336759,0.0,0.012219251165234953,0.014302487312202256,0.0,0.0
1,3598207,3617243,0,92.72222222222223,0.7307192465536614,91.0,94.0,2.0,0.6859943405700354,0.0,0.014086481324226284,0.014486484256077202,0.0,0.0
1,3598207,3627020,0,92.3913043478261,0.9663526422127334,90.0,94.0,2.0,0.7977240352174656,0.0,0.016535467786034975,0.017028719925973775,0.0,0.0
1,3598207,3633020,0,92.06896551724138,1.080582042482234,90.0,94.0,3.0,0.7319250547113999,0.0,0.019023081317813422,0.01904873330799692,0.0,0.0
1,3598207,3639020,0,91.45714285714286,1.6960939519606666,88.0,94.0,5.0,0.7071067811865476,0.0,0.018363615511608578,0.01802790206025594,0.0,0.0
1,3601213,3645020,0,90.94736842105263,1.8488597968684521,88.0,94.0,2.0,0.6974858324629157,0.0,0.01705163111302058,0.0178525141767531,0.0,0.0
1,3607227,3651020,0,90.8157894736842,1.7896671722020319,88.0,94.0,1.0,0.7165985720844785,0.0,0.018991994530936362,0.020099035083749914,0.0,0.0
1,3613236,3657020,0,90.575,1.6107063667844614,88.0,94.0,4.0,0.7161148740394329,0.0,0.020693317900956087,0.02018085009718639,0.0,0.0
1,3623020,3663020,0,90.36585365853658,1.3206815971395982,88.0,93.0,0.0,0.6708203932499369,0.0,0.028090003216611224,0.036238231516850315,0.0,0.0
1,3625020,3669020,0,90.71111111111111,1.5722909290052205,88.0,94.0,2.0,0.674199862463242,0.0,0.03554175627702737,0.053497678607220954,0.0,0.0
1,3631020,3675020,0,91.08888888888889,1.9756542907460328,88.0,95.0,4.0,0.7071067811865476,0.0,0.038040204743812346,0.05361065271511804,0.0,0.0
1,3637020,3681020,0,91.53333333333333,2.006655592438988,88.0,95.0,4.0,0.7071067811865476,0.0,0.040248448105344545,0.05259585653837816,0.0,0.0
10,501078,519078,0,81.36363636363636,0.9791208740244554,80.0,83.0,3.0,0.9486832980505138,0.0,0.012406485777643866,0.005032967244360472,0.0,0.0
10,512078,519078,0,81.125,0.9270248108869579,80.0,83.0,3.0,0.6546536707079771,0.0,0.011626582483811264,0.005696872859909324,0.0,0.0
10,513078,519078,0,80.85714285714286,0.6388765649999399,80.0,82.0,2.0,0.5773502691896257,0.0,0.01224605764985998,0.00583272678329675,0.0,0.0
10,1010618,1013633,0,78.25,1.920286436967152,76.0,81.0,5.0,1.7320508075688772,0.0,0.010224646213029338,0.0035786225110928586,0.0,0.0
10,1010618,1019646,0,76.8,2.1354156504062622,74.0,81.0,2.0,1.632993161855452,0.0,0.016046086333538594,0.018855312869363546,0.0,0.0
10,1010618,1020650,0,76.9090909090909,2.0650575802910085,74.0,81.0,3.0,1.5811388300841898,0.0,0.01731281240576057,0.018418700175343104,0.0,0.0
10,1010618,1028684,0,77.5,2.7838821814150108,74.0,84.0,3.0,2.354878881270658,0.09090909090909091,0.01640955872014964,0.01788721179771606,0.0,0.0
10,1010618,1038064,0,78.2,2.8565713714171403,74.0,84.0,0.0,2.23606797749979,0.07142857142857142,0.014811804024487491,0.01652272883625238,0.0,0.0
10,1010618,1039064,0,78.4375,2.9148059540902547,74.0,84.0,1.0,2.1756225162774294,0.06666666666666667,0.014015713229051395,0.016292465774176933,0.0,0.0
10,1010618,1050064,0,78.26315789473684,2.7307624781205995,74.0,84.0,3.0,2.48327740429189,0.1111111111111111,0.01214871463138233,0.015576601662261257,0.0,0.0
10,1011623,1056064,0,77.375,2.7204855571509046,74.0,84.0,5.0,2.2165386254836323,0.08695652173913043,0.01220239313399063,0.014621399645813094,0.0,0.0
10,1017638,1062064,0,77.20833333333333,2.8719790892151162,74.0,84.0,5.0,2.23606797749979,0.08695652173913043,0.01454436271879621,0.014873758726504328,0.0,0.0
10,1028684,1068064,0,77.23076923076923,2.679088425733538,74.0,84.0,6.0,1.697056274847714,0.04,0.036574319829961656,0.09844155058061295,0.0,0.0
10,1036064,1074064,0,77.19354838709677,2.1911751868053795,74.0,82.0,2.0,1.505545305418162,0.03333333333333333,0.04843177255686291,0.09477509396860867,0.0,0.0
10,1036064,1075064,0,77.28125,2.211254946291811,74.0,82.0,1.0,1.4919136877222163,0.03225806451612903,0.050333217918971114,0.09388131504206502,0.0,0.0
10,1048064,1086064,0,77.81818181818181,3.0694441847516605,74.0,85.0,8.0,1.3693063937629153,0.0,0.052317475801915835,0.09172638399173687,0.0,0.0
10,1048064,1092064,0,78.8974358974359,3.8014496006659986,74.0,86.0,10.0,1.2773327473170102,0.0,0.05000994330135178,0.08488564488494924,0.0,0.0
10,1054064,1098064,0,80.17948717948718,4.13782920215974,74.0,86.0,9.0,1.2030662579644695,0.0,0.05276314646049561,0.08374455830392093,0.0,0.0
10,1060064,1100064,0,81.38235294117646,3.6219486620777284,75.0,86.0,11.0,1.3142574813455419,0.0,0.07475562061658741,0.12506897930737415,0.0,0.0
10,1066064,1100064,0,82.32142857142857,3.251961731330923,77.0,86.0,9.0,1.2619796324000607,0.0,0.06534164725284093,0.1070641472733498,0.0,0.0
10,1072064,1100064,0,83.5909090909091,2.4056579313453166,78.0,86.0,8.0,1.3451854182690985,0.0,0.06278760185139289,0.11745420874980882,0.0,0.0
10,1082064,1100064,0,84.66666666666667,0.7453559924999299,83.0,86.0,1.0,0.8043996665398437,0.0,0.06036215339689556,0.12820896677379992,0.0,0.0
10,1084064,1100064,0,84.6875,0.7680128579652817,83.0,86.0,3.0,0.7745966692414834,0.0,0.06517293216776227,0.13503883293208038,0.0,0.0
10,1090064,1100064,0,85.1,0.5385164807134505,84.0,86.0,1.0,0.8819171036881969,0.0,0.08401742793337408,0.16735543528270133,0.0,0.0
10,1096064,1100064,0,85.0,0.7071067811865476,84.0,86.0,1.0,1.2909944487358056,0.0,0.15745090839010617,0.24681866237961117,0.0,0.0
10,3519081,3527637,1,82.25,0.82915619758885,81.0,83.0,2.0,1.3093073414159542,0.0,0.05380535553680907,0.07211243342373488,0.0,0.0
10,3519081,3533637,1,81.71428571428571,1.0301575072754254,80.0,83.0,0.0,1.1094003924504583,0.0,0.04821352776680018,0.05782566323154654,0.0,0.0
10,3519081,3539637,1,81.9,0.9433981132056604,80.0,83.0,2.0,1.0760551736979407,0.0,0.06551616993144374,0.07047751355600208,0.0,0.0
10,3519081,3541637,1,82.04545454545455,1.0214638661020106,80.0,84.0,3.0,1.0465362369445672,0.0,0.06468293410046745,0.06794759669187357,0.0,0.0
10,3519081,3541637,1,82.04545454545455,1.0214638661020106,80.0,84.0,3.0,1.0465362369445672,0.0,0.06468293410046745,0.06794759669187357,0.0,0.0
10,3519081,3541637,1,82.04545454545455,1.0214638661020106,80.0,84.0,3.0,1.0465362369445672,0.0,0.06468293410046745,0.06794759669187357,0.0,0.0
10,3519081,3541637,1,82.04545454545455,1.0214638661020106,80.0,84.0,3.0,1.0465362369445672,0.0,0.06468293410046745,0.06794759669187357,0.0,0.0
10,3525107,3541637,1,82.0,1.0606601717798212,80.0,84.0,2.0,0.8944271909999159,0.0,0.08387449118870544,0.07044731527303637,0.0,0.0
10,3531637,3541637,1,82.0,1.2060453783110545,80.0,84.0,4.0,0.8944271909999159,0.0,0.07951673443548164,0.0688861549291715,0.0,0.0
10,3537637,3541637,1,82.8,0.7483314773547882,82.0,84.0,2.0,0.7071067811865476,0.0,0.10779457966504088,0.0885916108796411,0.0,0.0
10,4745461,4751488,0,73.85714285714286,0.6388765649999399,73.0,75.0,2.0,0.5773502691896257,0.0,0.009989697086433741,0.007824106137373162,0.0,0.0
10,4745461,4757525,0,74.38461538461539,1.002954216185023,73.0,77.0,2.0,0.816496580927726,0.0,0.012909648787338976,0.01487744972219413,0.0,0.0
10,4745461,4763553,0,75.84210526315789,2.3229554200751488,73.0,80.0,4.0,0.816496580927726,0.0,0.010656554475202806,0.012772460722061063,0.0,0.0
10,4745461,4769555,0,76.6,2.4331050121192876,73.0,80.0,4.0,0.7071067811865476,0.0,0.00934282199116456,0.011452293192425004,0.0,0.0
10,4745461,4775555,0,76.93548387096774,2.299165120155543,73.0,80.0,3.0,0.6582805886043833,0.0,0.008533813767593754,0.010511034732759633,0.0,0.0
10,4745461,4781555,0,76.86486486486487,2.120200935941101,73.0,80.0,1.0,0.6454972243679028,0.0,0.00809524895086048,0.009729038363464318,0.0,0.0
10,4745461,4787555,0,76.76744186046511,1.9864331631686163,73.0,80.0,2.0,0.6172133998483676,0.0,0.00810766770948066,0.009103838745324515,0.0,0.0
10,4749479,4793555,0,77.04444444444445,1.775832268800627,73.0,80.0,4.0,0.6030226891555273,0.0,0.007842498982079657,0.008645188264410431,0.0,0.0
10,4755516,4799555,0,77.64444444444445,1.2676409508401478,75.0,80.0,3.0,0.5838742081211422,0.0,0.006122454039171257,0.0032506516733322626,0.0,0.0
10,4761544,4805555,0,77.6,1.0832051206181281,76.0,79.0,2.0,0.4264014327112209,0.0,0.006037669209166176,0.003102293117949649,0.0,0.0
10,4767555,4811555,0,77.37777777777778,0.9495938052987333,76.0,79.0,2.0,0.4767312946227962,0.0,0.00616915440625189,0.0030222341672556242,0.0,0.0
10,4773555,4817555,0,77.24444444444444,0.7931808132255442,76.0,79.0,0.0,0.4767312946227962,0.0,0.0059568756345635705,0.003136951636969069,0.0,0.0
10,4779555,4823555,0,77.4,0.9285592184789412,76.0,79.0,3.0,0.45226701686664544,0.0,0.005788863938466464,0.003079706592218066,0.0,0.0
10,4785555,4829555,0,77.8,0.8844332774281066,76.0,79.0,3.0,0.45226701686664544,0.0,0.0055005029943049275,0.002933036808562612,0.0,0.0
10,4791555,4834555,0,78.02272727272727,0.7830196898614642,77.0,79.0,1.0,0.457495710997814,0.0,0.005162433727466724,0.002636753265300959,0.0,0.0
10,4797555,4834555,0,78.05263157894737,0.7929746933325982,77.0,79.0,1.0,0.43495883620084,0.0,0.005208233896264017,0.0024853283538062427,0.0,0.0
10,4803555,4834555,0,78.125,0.7806247497997998,77.0,79.0,1.0,0.4016096644512494,0.0,0.00504920791991274,0.0026367033739863872,0.0,0.0
10,4809555,4834555,0,78.34615384615384,0.6760921473556518,77.0,79.0,0.0,0.4,0.0,0.005024345334124446,0.0027443908841504406,0.0,0.0
10,4815555,4834555,0,78.6,0.4898979485566356,78.0,79.0,0.0,0.3244428422615251,0.0,0.0045798040704001,0.0028284983004388405,0.0,0.0
10,4821555,4834555,0,78.78571428571429,0.410325903324145,78.0,79.0,1.0,0.2773500981126146,0.0,0.004865136760716799,0.0024918055761466206,0.0,0.0
10,4827555,4834555,0,78.625,0.4841229182759271,78.0,79.0,1.0,0.3779644730092272,0.0,0.00512691860406546,0.0028725903043404413,0.0,0.0
10,5446866,5453913,0,76.25,0.4330127018922193,76.0,77.0,1.0,0.6546536707079771,0.0,0.011627278485667384,0.011672699691571867,0.0,0.0
10,5446866,5459942,0,76.28571428571429,0.4517539514526257,76.0,77.0,1.0,0.7337993857053428,0.0,0.009819284292962593,0.009621980745612935,0.0,0.0
10,5446866,5465957,0,76.7,0.7810249675906654,76.0,78.0,2.0,0.7254762501100116,0.0,0.008531683472113714,0.008475696937999103,0.0,0.0
10,5446866,5471881,0,77.08333333333333,1.1516895800904376,76.0,80.0,4.0,0.7223151185146152,0.0,0.00806058133074467,0.007873138996358163,0.0,0.0
10,5446866,5477881,0,77.73333333333333,1.6719914938645934,76.0,81.0,4.0,0.6948083337796512,0.0,0.008255850571918976,0.007726352418814987,0.0,0.0
10,5446866,5483881,0,78.19444444444444,1.868145908595597,76.0,82.0,6.0,0.6761234037828132,0.0,0.007914586787803858,0.007469070953697675,0.0,0.0
10,5446866,5489881,0,78.88095238095238,2.4122937212811433,76.0,83.0,7.0,0.6439209162167846,0.0,0.007479954669796686,0.0070385982025542235,0.0,0.0
10,5451904,5495881,0,79.69767441860465,2.4545627538527928,76.0,83.0,6.0,0.6172133998483676,0.0,0.006741391877666668,0.00694174190956003,0.0,0.0
10,5457933,5501881,0,80.51162790697674,2.149873906775733,76.0,83.0,6.0,0.5773502691896257,0.0,0.005646996070476092,0.00437143652951048,0.0,0.0
10,5463947,5507881,0,81.18604651162791,1.674095576075831,77.0,83.0,5.0,0.511766315719159,0.0,0.005780645068354827,0.004201092397953175,0.0,0.0
10,5469881,5513881,0,81.64444444444445,1.1954646805611346,79.0,83.0,2.0,0.5222329678670935,0.0,0.005984573299358285,0.004219801469107923,0.0,0.0
10,5475881,5519881,0,81.68888888888888,1.1119996447286047,80.0,83.0,1.0,0.5,0.0,0.006138552041041327,0.004452260129552155,0.0,0.0
10,5481881,5525881,0,82.02222222222223,1.0217390162286801,80.0,84.0,1.0,0.7229988054812212,0.0,0.005439122302009681,0.0031636235335306536,0.0,0.0
10,5487881,5531881,0,81.88888888888889,0.9938079899999066,80.0,84.0,2.0,0.674199862463242,0.0,0.006003088775382175,0.0034280331478922623,0.0,0.0
10,5493881,5535881,0,81.62790697674419,0.9650462288951827,80.0,84.0,2.0,0.6900655593423543,0.0,0.006155303882049701,0.003327791216783765,0.0,0.0
10,5499881,5535881,0,81.56756756756756,1.0277380184773806,80.0,84.0,2.0,0.7453559924999299,0.0,0.006432398545599809,0.0033997185154213804,0.0,0.0
10,5505881,5535881,0,81.45161290322581,1.0727928482784448,80.0,84.0,2.0,0.7745966692414834,0.0,0.006632898058490794,0.0036064311536448354,0.0,0.0
10,5511881,5535881,0,81.28,1.1142710621747296,80.0,84.0,3.0,0.8416254115301732,0.0,0.006865591921465256,0.003887000053823923,0.0,0.0
10,5517881,5535881,0,81.3157894736842,1.1263649767911947,80.0,84.0,0.0,0.8819171036881969,0.0,0.006371085692245647,0.0038586274215620673,0.0,0.0
10,5523881,5535881,0,81.15384615384616,0.6617173282340482,80.0,83.0,3.0,0.5,0.0,0.0070356928699947955,0.003184469123975321,0.0,0.0
10,5529881,5535881,0,80.85714285714286,0.3499271061118826,80.0,81.0,1.0,0.408248290463863,0.0,0.005805794030334,0.002111016123193436,0.0,0.0
10,7207857,7211874,0,77.0,0.0,77.0,77.0,0.0,0.0,0.0,0.031130048507659186,0.04255920546597778,0.0,0.0
10,7207857,7217881,0,75.63636363636364,1.3666633071248098,74.0,77.0,2.0,0.7745966692414834,0.0,0.01920055854180994,0.0310437323869686,0.0,0.0
10,7207857,7223873,0,77.05882352941177,2.8588477365230274,74.0,84.0,7.0,1.1989578808281798,0.0,0.014656071691938197,0.025856052369852302,0.0,0.0
10,7207857,7229193,0,78.63636363636364,3.8440680930665407,74.0,84.0,7.0,1.0465362369445672,0.0,0.012644825459535021,0.023094926898648394,0.0,0.0
10,7207857,7235193,0,79.78571428571429,4.056363104143053,74.0,84.0,7.0,0.9229582069908973,0.0,0.011087453814486467,0.02078277486002061,0.0,0.0
10,7207857,7241193,0,80.47058823529412,3.9722218861492076,74.0,84.0,6.0,0.8528028654224418,0.0,0.01057233332496959,0.018935092123294032,0.0,0.0
10,7207857,7247193,0,80.85,3.7719358425084595,74.0,84.0,6.0,0.7844645405527362,0.0,0.009984169291678011,0.017588308524019863,0.0,0.0
10,7209863,7253193,0,81.25,3.536337345076374,74.0,84.0,5.0,0.7624928516630234,0.0,0.00892826001163081,0.010742858850070685,0.0,0.0
10,7215881,7259193,0,82.13636363636364,2.768252723379111,74.0,84.0,9.0,0.6988362419217079,0.0,0.010521573257605098,0.011277665465925138,0.0,0.0
10,7221873,7265193,0,83.3409090909091,0.9279298028451638,81.0,85.0,4.0,0.5282705437953743,0.0,0.01168131804308169,0.013274874884978185,0.0,0.0
10,7227193,7271193,0,83.8,1.3432961119739923,82.0,87.0,2.0,0.4767312946227962,0.0,0.013642754594016157,0.013803028441223398,0.0,0.0
10,7233193,7277193,0,83.64444444444445,1.5370325747369409,80.0,87.0,4.0,0.674199862463242,0.0,0.015329075984559008,0.014489961453939012,0.0,0.0
10,7239193,7283193,0,82.97777777777777,2.1958434359174444,78.0,87.0,4.0,0.7385489458759964,0.0,0.019862904238498402,0.030350980015995534,0.0,0.0
11,404049,448494,0,62.97727272727273,1.21521858048135,60.0,65.0,1.0,0.7624928516630234,0.0,0.01333441747467972,0.012674299751123767,0.0,0.0
11,411045,454494,0,62.74418604651163,1.0803320604034357,60.0,65.0,1.0,0.7400128699009549,0.0,0.011167684875987426,0.012049662185454581,0.0,0.0
11,417494,460494,0,62.47727272727273,0.9411945109476663,60.0,65.0,2.0,0.7152816976385906,0.0,0.008553819728051958,0.007756333420239292,0.0,0.0
11,422494,466494,0,62.22222222222222,0.6956655929999347,60.0,64.0,1.0,0.6571287406727709,0.0,0.008355380997247492,0.007593374986259744,0.0,0.0
11,428494,472494,0,61.977777777777774,0.745024649521787,60.0,64.0,3.0,0.621581560508061,0.0,0.006619201163291984,0.004980056891748443,0.0,0.0
11,434494,478494,0,61.71111111111111,0.6539528430916517,60.0,63.0,1.0,0.543557306504609,0.0,0.006067843340155325,0.0032494311449551955,0.0,0.0
11,440494,484494,0,61.8,0.653197264742181,61.0,63.0,2.0,0.3692744729379982,0.0,0.006249933344281765,0.0031108310999826334,0.0,0.0
11,446494,490494,0,62.0,0.8432740427115678,61.0,64.0,1.0,0.45226701686664544,0.0,0.006196297633311103,0.003245531669129953,0.0,0.0
11,452494,492494,0,62.09756097560975,1.0313353420422426,61.0,65.0,2.0,0.5,0.0,0.005885873731305814,0.0031205404726001927,0.0,0.0
11,458494,492494,0,62.02857142857143,1.0819483559292278,61.0,65.0,3.0,0.5144957554275266,0.0,0.006015286844590856,0.003141377487775741,0.0,0.0
11,464494,492494,0,62.03448275862069,1.188530202732006,61.0,65.0,3.0,0.5669467095138409,0.0,0.006253640387133352,0.0031602391671051904,0.0,0.0
11,470494,492494,0,62.17391304347826,1.273549436163201,61.0,65.0,4.0,0.6030226891555273,0.0,0.006020913346105324,0.0028958244002626095,0.0,0.0
11,476494,492494,0,62.588235294117645,1.2394886768062046,61.0,65.0,4.0,0.7071067811865476,0.0,0.006268776237107174,0.002910222047236349,0.0,0.0
11,482494,492494,0,63.36363636363637,0.77138921583987,62.0,65.0,3.0,0.8366600265340756,0.0,0.0054688498008607644,0.002818651330901611,0.0,0.0
11,488494,492494,0,63.8,0.7483314773547882,63.0,65.0,2.0,1.0,0.0,0.005155762003377797,0.00329301299554535,0.0,0.0
11,990101,994097,0,68.8,0.7483314773547882,68.0,70.0,2.0,0.7071067811865476,0.0,0.013501796295121016,0.00315231427846785,0.0,0.0
11,990101,1000098,0,68.0,0.9534625892455924,67.0,70.0,2.0,0.6324555320336759,0.0,0.014170246530874403,0.002450238421422237,0.0,0.0
11,990101,1006089,0,67.94117647058823,0.8724939396583133,67.0,70.0,3.0,0.6614378277661477,0.0,0.012477172879332175,0.0034015654593702867,0.0,0.0
11,990101,1012089,0,68.0,0.7801894976054939,67.0,70.0,2.0,0.7385489458759964,0.0,0.011260566780944002,0.00394193646025042,0.0,0.0
11,990101,1018520,0,68.0,0.7337993857053428,67.0,70.0,2.0,0.6928203230275509,0.0,0.011561195431308053,0.003819151539788918,0.0,0.0
11,990101,1024520,0,67.96875,0.6839396446324778,67.0,70.0,3.0,0.6475761258027333,0.0,0.010743130771806324,0.004018461682503437,0.0,0.0
11,990101,1030520,0,67.84210526315789,0.7080854761617742,67.0,70.0,3.0,0.6367145399670133,0.0,0.010553497770809467,0.0038127914674998533,0.0,0.0
11,992100,1036520,0,67.35714285714286,1.2114813555436714,63.0,69.0,6.0,0.6625891564490792,0.0,0.01030536048292179,0.00354651484208319,0.0,0.0
11,998096,1042520,0,66.69047619047619,1.9084785168906426,63.0,69.0,4.0,0.6246950475544243,0.0,0.009957249083708593,0.003411110515884485,0.0,0.0
11,1004098,1048520,0,66.02380952380952,2.1323818031007042,63.0,69.0,4.0,0.5843487097907776,0.0,0.009460601408270241,0.003068379103538908,0.0,0.0
11,1010088,1054520,0,65.61904761904762,2.0113059125659882,63.0,68.0,2.0,0.4938647983247948,0.0,0.010048075002568551,0.0030071019629506423,0.0,0.0
11,1016520,1060520,0,65.64444444444445,1.933971797514185,63.0,68.0,0.0,0.5222329678670935,0.0,0.010007420210447678,0.0028203689652134306,0.0,0.0
11,1022520,1066520,0,65.53333333333333,1.8208667044996882,63.0,68.0,1.0,0.543557306504609,0.0,0.009684617586224083,0.002636291973142718,0.0,0.0
11,1028520,1072520,0,65.46666666666667,1.7587874611030556,63.0,68.0,1.0,0.543557306504609,0.0,0.009876050938634409,0.0027780526639193167,0.0,0.0
11,1034520,1078520,0,65.26666666666667,1.70489491367259,63.0,68.0,1.0,0.543557306504609,0.0,0.010030552127543542,0.0028105937769600637,0.0,0.0
11,1040520,1079520,0,65.5,1.6431676725154984,63.0,68.0,1.0,0.5310850045437944,0.0,0.00979850609167757,0.0030080569006607706,0.0,0.0
11,1046520,1079520,0,65.94117647058823,1.3707270820860051,63.0,68.0,1.0,0.5773502691896257,0.0,0.009563932058542293,0.003001549629178117,0.0,0.0
11,1052520,1079520,0,66.32142857142857,1.1666059265043625,64.0,68.0,1.0,0.5773502691896257,0.0,0.009333822840349407,0.002932203590665986,0.0,0.0
11,1058520,1079520,0,66.45454545454545,1.233150906022776,64.0,68.0,3.0,0.5773502691896257,0.0,0.009213638679535672,0.00324215042888594,0.0,0.0
11,1064520,1079520,0,66.0625,1.197327753791751,64.0,68.0,3.0,0.5773502691896257,0.0,0.009396787995646574,0.0036372603267896446,0.0,0.0
11,1070520,1079520,0,65.4,1.0198039027185568,64.0,67.0,3.0,0.5773502691896257,0.0,0.010561722114383644,0.0029946211445177383,0.0,0.0
11,1076520,1079520,0,64.5,0.5,64.0,65.0,1.0,0.5773502691896257,0.0,0.009167425999707938,0.00392987459915585,0.0,0.0
11,2293868,2296865,0,63.0,0.0,63.0,63.0,0.0,0.0,0.0,0.010833525877302285,0.0012482219479413514,0.0,0.0
11,2293868,2298864,0,63.166666666666664,0.37267799624996495,63.0,64.0,0.0,0.6324555320336759,0.0,0.008681829364781258,0.0032413663799525996,0.0,0.0
11,2293868,2308277,0,63.166666666666664,0.6871842709362768,62.0,64.0,1.0,0.674199862463242,0.0,0.007911733267357538,0.002962399919429574,0.0,0.0
11,2293868,2314277,0,62.611111111111114,1.061387398585711,61.0,64.0,0.0,0.7669649888473704,0.0,0.007390184597518717,0.003241057499123026,0.0,0.0
11,2293868,2320277,0,63.125,1.3010412496663328,61.0,65.0,2.0,0.7223151185146152,0.0,0.007580326749282675,0.0033632162374808597,0.0,0.0
11,2293868,2326277,0,63.53333333333333,1.4313940369055924,61.0,66.0,3.0,0.6695340634119862,0.0,0.012637447226528964,0.024405584158272372,0.0,0.0
11,2293868,2332277,0,64.13888888888889,1.9025243140186405,61.0,68.0,5.0,0.6546536707079771,0.0,0.012178457761788093,0.022519580428021463,0.0,0.0
11,2294867,2338277,0,64.5609756097561,2.0248309834650984,61.0,68.0,5.0,0.689202437604511,0.0,0.011168692055748088,0.02126428987647482,0.0,0.0
11,2303277,2344277,0,65.47619047619048,2.674732699044499,61.0,72.0,8.0,0.6984302957695782,0.0,0.01320472882225185,0.0223231305033528,0.0,0.0
11,2306277,2350277,0,66.8,4.085747585611884,61.0,78.0,15.0,0.8393720596645177,0.0,0.01296454145038534,0.021598609738095888,0.0,0.0
11,2312277,2356277,0,69.13333333333334,5.377318621353542,61.0,80.0,19.0,0.9414688716912718,0.0,0.012856893327813328,0.02163608461269574,0.0,0.0
11,2318277,2362277,0,71.26666666666667,5.666274496233541,65.0,80.0,13.0,0.8918825850158447,0.0,0.012888852386672365,0.02162625465259291,0.0,0.0
11,2324277,2368277,0,72.6,5.259488779550938,65.0,80.0,7.0,1.0335288182638247,0.0,0.01252837631374581,0.02172294555019992,0.0,0.0
11,2330277,2374277,0,72.91111111111111,4.938835770243034,66.0,80.0,1.0,1.0975178606954215,0.0,0.008218356699480189,0.009120454085629968,0.0,0.0
11,2336277,2380277,0,72.42222222222222,5.639105086167442,62.0,80.0,5.0,1.0975178606954215,0.0,0.008308676884774893,0.009176292770945905,0.0,0.0
11,2342277,2382277,0,72.53658536585365,6.144986300469398,61.0,80.0,9.0,1.1291589790636214,0.0,0.006830493132966506,0.004843725424797852,0.0,0.0
11,2348277,2382277,0,72.65714285714286,6.6243829131166505,61.0,80.0,15.0,1.0981267472114393,0.0,0.005888648575621891,0.003483527769200904,0.0,0.0
11,2354277,2382277,0,71.58620689655173,6.7696953600246035,61.0,80.0,18.0,1.0,0.0,0.005908056255381422,0.0035517140263940923,0.0,0.0
11,2360277,2382277,0,69.47826086956522,6.0207580428221785,61.0,79.0,18.0,1.087114613009218,0.0,0.005108130379840433,0.0032004229755238137,0.0,0.0
11,2366277,2382277,0,66.58823529411765,4.088129495033895,61.0,75.0,14.0,1.1726039399558574,0.0,0.005072824388218987,0.003072224129074111,0.0,0.0
11,2372277,2382277,0,64.0,2.174229226018436,61.0,68.0,7.0,0.8366600265340756,0.0,0.005214845508420686,0.0034336290333367263,0.0,0.0
11,2378277,2382277,0,62.0,0.6324555320336759,61.0,63.0,2.0,0.7071067811865476,0.0,0.002304716365441658,0.0011500805667104764,0.0,0.0
11,2931266,2939038,0,67.25,0.82915619758885,66.0,68.0,2.0,0.5345224838248488,0.0,0.016091027737159272,0.007074456225693091,0.0,0.0
11,2931266,2945038,0,67.42857142857143,0.7284313590846836,66.0,68.0,1.0,0.6201736729460423,0.0,0.013504947155088817,0.007402814542360294,0.0,0.0
11,2931266,2951038,0,67.5,0.806225774829855,66.0,69.0,0.0,0.7947194142390263,0.0,0.01274068848259102,0.007413952399272126,0.0,0.0
11,2931266,2957038,0,67.53846153846153,0.8426500884694863,66.0,69.0,2.0,0.8,0.0,0.010968474996508566,0.007454725814737325,0.0,0.0
11,2931266,2963038,0,67.1875,1.0734727523323542,65.0,69.0,3.0,0.7405316311773545,0.0,0.009992920762276997,0.007145559237845263,0.0,0.0
11,2931266,2969038,0,66.28947368421052,2.3831413891933537,59.0,69.0,9.0,0.8542421961772491,0.0,0.009326380258380687,0.006993388306259065,0.0,0.0
11,2931266,2975038,0,65.27272727272727,3.4069690366260925,57.0,69.0,11.0,0.9021937088963173,0.0,0.008688421271785814,0.006739137415913555,0.0,0.0
11,2936262,2981038,0,63.733333333333334,4.498888751680798,55.0,69.0,12.0,0.9045340337332909,0.0,0.007453784973076674,0.006462773800747453,0.0,0.0
11,2943038,2987038,0,62.24444444444445,4.989569367103318,55.0,69.0,12.0,0.9293203772845852,0.0,0.005881551109161273,0.0045208978379525705,0.0,0.0
11,2949038,2993038,0,60.888888888888886,4.799176884157543,55.0,69.0,10.0,0.8790490729915326,0.0,0.005074760861798915,0.0038554979772574853,0.0,0.0
11,2955038,2999038,0,59.333333333333336,3.9496835316262997,55.0,68.0,11.0,0.8660254037844386,0.0,0.004774601739518559,0.0033275873024535135,0.0,0.0
11,2961038,3005038,0,58.022222222222226,2.8165296920453087,55.0,66.0,9.0,0.8660254037844386,0.0,0.004308232520851007,0.003312439136229972,0.0,0.0
11,2967038,3011038,0,57.111111111111114,1.4019386929411113,55.0,61.0,3.0,0.7537783614444091,0.0,0.004080006546393192,0.002762580980586143,0.0,0.0
11,2973038,3017038,0,56.888888888888886,1.0375660026603337,55.0,60.0,2.0,0.674199862463242,0.0,0.004227228555820806,0.0030519262545147647,0.0,0.0
12,551716,596352,0,73.92857142857143,1.6675167899898216,70.0,77.0,1.0,0.7156780854205468,0.0,0.015348283110148384,0.013601880066602252,0.0,0.0
12,558710,602352,0,73.70731707317073,1.8902045629265916,70.0,77.0,2.0,0.7416198487095663,0.0,0.01679302031761301,0.013099943052018646,0.0,0.0
12,566352,608352,0,73.37209302325581,2.0002703981625283,70.0,77.0,2.0,0.7867957924694432,0.0,0.016777092742892477,0.011420433855264792,0.0,0.0
12,570352,614352,0,73.0,1.9888578520235065,70.0,77.0,5.0,0.7537783614444091,0.0,0.015200496478325297,0.008863667266967214,0.0,0.0
12,576352,620352,0,72.75555555555556,1.7907857438138475,70.0,76.0,1.0,0.6908492797077574,0.0,0.015093364262729019,0.009003223520019907,0.0,0.0
12,582352,626352,0,72.33333333333333,1.3824294235551815,70.0,76.0,3.0,0.7229988054812212,0.0,0.013422892744780994,0.00822714652842371,0.0,0.0
12,588352,632352,0,71.93333333333334,0.9521904571390468,70.0,74.0,2.0,0.674199862463242,0.0,0.012914852734863922,0.007887586022425414,0.0,0.0
12,594352,638352,0,71.95555555555555,0.9178611745805947,70.0,74.0,1.0,0.6908492797077574,0.0,0.012463013767540705,0.00781494093982925,0.0,0.0
12,600352,640352,0,72.1219512195122,0.8022870343121232,71.0,74.0,0.0,0.6708203932499369,0.0,0.012593191937334988,0.007965791617701593,0.0,0.0
12,606352,640352,0,72.2,0.8211490207542809,71.0,74.0,0.0,0.6859943405700354,0.0,0.010999922998179795,0.006009813658415052,0.0,0.0
12,612352,640352,0,72.37931034482759,0.7617490356680869,71.0,74.0,0.0,0.6546536707079771,0.0,0.010038252723957598,0.0042562852634238585,0.0,0.0
12,618352,640352,0,72.3913043478261,0.8203461853962264,71.0,74.0,2.0,0.674199862463242,0.0,0.009641154858494691,0.0039042526605431744,0.0,0.0
12,624352,640352,0,72.05882352941177,0.5391265523477459,71.0,73.0,0.0,0.7071067811865476,0.0,0.010320018971291953,0.003296219224854967,0.0,0.0
12,630352,640352,0,72.0,0.6030226891555273,71.0,73.0,0.0,0.7745966692414834,0.0,0.01058503701361998,0.0034831928551968395,0.0,0.0
12,636352,640352,0,71.8,0.4,71.0,72.0,0.0,0.7071067811865476,0.0,0.012635889512806081,0.003753405112388611,0.0,0.0
12,1858332,1862332,0,73.4,0.4898979485566356,73.0,74.0,0.0,0.7071067811865476,0.0,0.003189932289387171,0.0012444486600403156,0.0,0.0
12,1858332,1868329,0,74.0909090909091,0.8999540851465151,73.0,76.0,2.0,0.6324555320336759,0.0,0.0034784309784647322,0.0014180185577984759,0.0,0.0
12,1858332,1874329,0,75.29411764705883,1.8395877377778693,73.0,78.0,4.0,0.6123724356957945,0.0,0.003590759151216485,0.001819614417151345,0.0,0.0
12,1858332,1876329,0,75.47368421052632,1.81712384227706,73.0,78.0,3.0,0.6236095644623235,0.0,0.0033773293339825526,0.001851826287051207,0.0,0.0
12,1858332,1885749,0,76.08,1.9579581200832668,73.0,79.0,3.0,0.7359800721939872,0.0,0.003421640735361622,0.0017916231761421018,0.0,0.0
12,1858332,1891749,0,75.83870967741936,1.8508371984233611,73.0,79.0,0.0,0.7302967433402214,0.0,0.004196004045663302,0.0033378758275023727,0.0,0.0
12,1858332,1897749,0,75.51351351351352,1.8544558700982101,73.0,79.0,1.0,0.6871842709362768,0.0,0.004247003565136374,0.003207402720243467,0.0,0.0
12,1860332,1903749,0,75.60975609756098,1.7652202070948515,73.0,79.0,4.0,0.7071067811865476,0.0,0.004426252851038643,0.0031755606204865883,0.0,0.0
12,1866329,1909749,0,76.02439024390245,1.6452118979551271,73.0,79.0,0.0,0.7416198487095663,0.0,0.004834862687470722,0.0032217416340327336,0.0,0.0
12,1872328,1915749,0,75.73170731707317,1.767241066608468,73.0,79.0,4.0,0.7745966692414834,0.0,0.004988015375677302,0.0031553932065542896,0.0,0.0
12,1880749,1921749,0,75.19047619047619,1.7489873973530434,73.0,79.0,4.0,0.7650920556760059,0.0,0.005037545316955129,0.0032515083329520697,0.0,0.0
12,1883749,1927749,0,74.95555555555555,1.4599171293917192,73.0,79.0,4.0,0.7385489458759964,0.0,0.004811187700815758,0.003388817760559125,0.0,0.0
12,1889749,1933749,0,74.93333333333334,1.3727506854649334,73.0,78.0,2.0,0.674199862463242,0.0,0.004782874723171417,0.002760105969603605,0.0,0.0
12,1895749,1939749,0,75.11111111111111,1.3859969892900155,73.0,78.0,0.0,0.7071067811865476,0.0,0.004798412956338571,0.0027918369402984548,0.0,0.0
12,1901749,1945749,0,75.26666666666667,1.3399834161494517,73.0,78.0,0.0,0.674199862463242,0.0,0.004450652908564889,0.0028443083699180687,0.0,0.0
12,1907749,1946749,0,74.975,1.1508149286483904,73.0,77.0,1.0,0.6602252917735247,0.0,0.00426464411148519,0.0028826819878203895,0.0,0.0
12,1913749,1946749,0,74.94117647058823,1.211250604822,73.0,77.0,2.0,0.6030226891555273,0.0,0.004261829700733643,0.0030775372858542725,0.0,0.0
12,1919749,1946749,0,75.28571428571429,1.0301575072754257,73.0,77.0,2.0,0.6085806194501846,0.0,0.004406498001462619,0.0031738667939079043,0.0,0.0
12,1925749,1946749,0,75.54545454545455,0.9403709484353273,74.0,77.0,0.0,0.6172133998483676,0.0,0.004476799476035812,0.0031519566157350598,0.0,0.0
12,1931749,1946749,0,75.625,1.0532687216470449,74.0,77.0,2.0,0.6324555320336759,0.0,0.004560844648589192,0.003001511259522697,0.0,0.0
12,1937749,1946749,0,75.0,0.7745966692414834,74.0,76.0,0.0,0.6666666666666666,0.0,0.004356310912516442,0.003319981521905245,0.0,0.0
12,1943749,1946749,0,75.75,0.4330127018922193,75.0,76.0,1.0,0.5773502691896257,0.0,0.0031721322289710798,0.0031478146790617106,0.0,0.0
12,2508761,2515767,0,72.875,0.33071891388307384,72.0,73.0,1.0,0.3779644730092272,0.0,0.006560430768596283,0.00565649436311623,0.0,0.0
12,2508761,2521772,0,73.28571428571429,0.6998542122237652,72.0,75.0,2.0,0.5547001962252291,0.0,0.005477739728872785,0.00485178454329791,0.0,0.0
12,2508761,2526767,0,73.47368421052632,0.6781104593013224,72.0,75.0,2.0,0.4714045207910317,0.0,0.0044572252676979025,0.00454090806989748,0.0,0.0
12,2508761,2533825,0,73.56,0.6374950980203692,72.0,75.0,1.0,0.45643546458763845,0.0,0.004179982533908312,0.004536799583195506,0.0,0.0
12,2508761,2539825,0,73.45161290322581,0.6137515351754982,72.0,75.0,1.0,0.408248290463863,0.0,0.003910150318463025,0.004230775208946639,0.0,0.0
12,2508761,2545825,0,73.27027027027027,0.7221832008587777,72.0,75.0,0.0,0.408248290463863,0.0,0.005470698958002772,0.008449763261857488,0.0,0.0
12,2508761,2551825,0,73.18604651162791,0.7235511249350719,72.0,75.0,1.0,0.4629100498862757,0.0,0.005237873770269553,0.00791898563889126,0.0,0.0
12,2513767,2557825,0,73.43181818181819,0.8633372687828446,72.0,75.0,2.0,0.4822428221704121,0.0,0.005237990301411111,0.00846234967954095,0.0,0.0
12,2519771,2563825,0,73.5,0.8660254037844386,72.0,75.0,0.0,0.5705974021574557,0.0,0.004974085090249842,0.008378643634691596,0.0,0.0
12,2525767,2569825,0,73.36363636363636,0.8552221691921263,72.0,75.0,2.0,0.6099942813304187,0.0,0.00516753915687728,0.00831045594369894,0.0,0.0
12,2531825,2575825,0,73.22222222222223,0.8916623398995057,72.0,75.0,0.0,0.6396021490668313,0.0,0.004909907276963649,0.00813841683540133,0.0,0.0
12,2537825,2581825,0,73.08888888888889,0.9386094258641279,72.0,75.0,1.0,0.6908492797077574,0.0,0.005098335062850565,0.00811479182701453,0.0,0.0
12,2543825,2587825,0,73.2,0.956846672960488,72.0,75.0,2.0,0.7071067811865476,0.0,0.005160920782441803,0.00807886601363149,0.0,0.0
12,2549825,2593825,0,73.35555555555555,0.9226906440900752,72.0,75.0,1.0,0.6908492797077574,0.0,0.004000766091727044,0.004414912565122043,0.0,0.0
12,2555825,2597825,0,73.37209302325581,0.8632888927102598,72.0,75.0,2.0,0.6900655593423543,0.0,0.004111699321465834,0.004482032420885083,0.0,0.0
12,2561825,2597825,0,73.21621621621621,0.7758216267247203,72.0,74.0,0.0,0.6666666666666666,0.0,0.003640716863971091,0.002353175943876488,0.0,0.0
12,2567825,2597825,0,73.12903225806451,0.7927874662867423,72.0,74.0,0.0,0.6324555320336759,0.0,0.00370958188945388,0.0023747453990717996,0.0,0.0
12,2573825,2597825,0,73.32,0.7332121111929345,72.0,74.0,0.0,0.6454972243679028,0.0,0.0037329238997731635,0.0023673923326948676,0.0,0.0
12,2579825,2597825,0,73.42105263157895,0.6740130776245103,72.0,74.0,0.0,0.5773502691896257,0.0,0.004340103908800139,0.0023313545659782694,0.0,0.0
12,2585825,2597825,0,73.6923076923077,0.4615384615384615,73.0,74.0,1.0,0.5,0.0,0.004345479981931219,0.002376996132104812,0.0,0.0
12,2591825,2597825,0,73.42857142857143,0.4948716593053935,73.0,74.0,1.0,0.7071067811865476,0.0,0.004016518846000338,0.002581250384370329,0.0,0.0
12,3161193,3164194,0,79.25,0.82915619758885,78.0,80.0,2.0,0.816496580927726,0.0,0.002513884321482452,0.0020198921934269413,0.0,0.0
12,3161193,3170199,0,77.7,1.4866068747318506,76.0,80.0,3.0,0.7453559924999299,0.0,0.004255291620488622,0.002708038829809871,0.0,0.0
12,3161193,3176195,0,77.75,1.299038105676658,76.0,80.0,1.0,0.6831300510639732,0.0,0.003855800980291285,0.0025302514609165123,0.0,0.0
12,3161193,3179197,0,77.78947368421052,1.195559651747426,76.0,80.0,2.0,0.6666666666666666,0.0,0.003694167761353561,0.0023932740216048294,0.0,0.0
12,3161193,3188612,0,77.48,1.2039933554633928,76.0,80.0,3.0,0.67700320038633,0.0,0.004003879141052052,0.0024283840013976927,0.0,0.0
12,3161193,3194612,0,77.12903225806451,1.3135014884840213,75.0,80.0,5.0,0.6582805886043833,0.0,0.0039958886096721135,0.00240884590519773,0.0,0.0
12,3161193,3200612,0,76.86486486486487,1.3588978475650308,75.0,80.0,4.0,0.6666666666666666,0.0,0.003923760564942294,0.0024373666499265855,0.0,0.0
12,3162193,3206612,0,76.54761904761905,1.312982445615451,75.0,80.0,4.0,0.6625891564490792,0.0,0.004114682269594806,0.0024450212810897503,0.0,0.0
12,3168198,3212612,0,76.21428571428571,1.1027177311342296,75.0,79.0,1.0,0.6048583789091339,0.0,0.004267844254385604,0.002708324989522927,0.0,0.0
12,3174194,3218612,0,75.9047619047619,1.2307474269828653,74.0,79.0,3.0,0.6048583789091339,0.0,0.00547693267069647,0.006651956629208067,0.0,0.0
12,3183612,3224612,0,75.47619047619048,0.7315376902732008,74.0,77.0,2.0,0.5843487097907776,0.0,0.005602204728008199,0.006650687616337749,0.0,0.0
12,3186612,3230612,0,75.22222222222223,0.7856742013183863,73.0,77.0,3.0,0.621581560508061,0.0,0.005883914911671491,0.006668139317279638,0.0,0.0
12,3192612,3236612,0,74.73333333333333,1.1234866364235145,72.0,76.0,4.0,0.6030226891555273,0.0,0.005976610269344616,0.006656243916399775,0.0,0.0
12,3198612,3242612,0,74.2,1.586050300449376,70.0,76.0,5.0,0.5838742081211422,0.0,0.005877383119525413,0.006689750465069836,0.0,0.0
12,3204612,3248612,0,73.6,1.8785337071473827,70.0,76.0,3.0,0.621581560508061,0.0,0.005850485966121445,0.006669807562824362,0.0,0.0
12,3210612,3249612,0,73.25,1.799305421544658,70.0,76.0,4.0,0.6405126152203485,0.0,0.00624087011085621,0.007169616292304608,0.0,0.0
12,3216612,3249612,0,73.0,1.8149704259460602,70.0,76.0,3.0,0.6276459144608478,0.0,0.005320534955295174,0.0038091032569807187,0.0,0.0
12,3222612,3249612,0,72.5,1.5923926292577109,70.0,75.0,3.0,0.6382847385042254,0.0,0.005426025615430358,0.004005776313589112,0.0,0.0
12,3228612,3249612,0,71.86363636363636,1.1399942003622228,70.0,74.0,2.0,0.6172133998483676,0.0,0.005356975556632204,0.0042822414908551595,0.0,0.0
12,3234612,3249612,0,71.3125,0.7680128579652817,70.0,72.0,0.0,0.6324555320336759,0.0,0.004956212493497748,0.003976176690304197,0.0,0.0
12,3240612,3249612,0,70.9,0.7000000000000001,70.0,72.0,1.0,0.7453559924999299,0.0,0.004680293490103181,0.004647273365499817,0.0,0.0
12,3246612,3249612,0,71.25,0.82915619758885,70.0,72.0,2.0,0.816496580927726,0.0,0.005484944383942948,0.006428735904205668,0.0,0.0
12,3812620,3818624,0,79.0,0.5345224838248488,78.0,80.0,2.0,0.5773502691896257,0.0,0.008066256902620868,0.011414554520957076,0.0,0.0
12,3812620,3824636,0,78.53846153846153,0.634323942402717,78.0,80.0,2.0,0.408248290463863,0.0,0.005393675435043028,0.008927610350201625,0.0,0.0
12,3812620,3830638,0,78.0,1.025978352085154,76.0,80.0,3.0,0.5270462766947299,0.0,0.004803685949245001,0.0076322962725158235,0.0,0.0
12,3812620,3836111,0,77.83333333333333,1.0274023338281628,76.0,80.0,4.0,0.5897678246195885,0.0,0.004516843043693919,0.006904670846554612,0.0,0.0
12,3812620,3842111,0,77.16666666666667,1.654958878307521,74.0,80.0,6.0,0.5872202195147035,0.0,0.004108978109455748,0.0062968687235617936,0.0,0.0
12,3812620,3848111,0,76.86111111111111,1.6857701467443065,74.0,80.0,4.0,0.5855400437691199,0.0,0.004314000929969657,0.005930765085272297,0.0,0.0
12,3812620,3854111,0,76.76190476190476,1.60073679180682,74.0,80.0,5.0,0.6048583789091339,0.0,0.004103815102566287,0.005560311921353903,0.0,0.0
12,3816623,3860111,0,76.43181818181819,1.3882252776432231,74.0,79.0,2.0,0.6099942813304187,0.0,0.0037919711076149156,0.004167879693111766,0.0,0.0
12,3822635,3866111,0,76.18181818181819,1.1730443545967217,74.0,78.0,1.0,0.6287677132370127,0.0,0.003652485604550808,0.0032456402521751594,0.0,0.0
12,3828638,3872111,0,76.25,1.299038105676658,74.0,79.0,3.0,0.6287677132370127,0.0,0.00397813959795263,0.0031227307109687576,0.0,0.0
12,3834111,3878111,0,76.42222222222222,1.4218749576041236,74.0,79.0,1.0,0.621581560508061,0.0,0.0036996630771896147,0.0030112975096243987,0.0,0.0
12,3840111,3884111,0,76.35555555555555,1.4166557733785983,74.0,79.0,0.0,0.6030226891555273,0.0,0.0037147073841136374,0.0029482038921474713,0.0,0.0
12,3846111,3890111,0,76.37777777777778,1.4029950326812972,74.0,79.0,0.0,0.6030226891555273,0.0,0.0036999322023754983,0.002966545233384908,0.0,0.0
12,3852111,3896111,0,76.33333333333333,1.3984117975602022,74.0,79.0,0.0,0.5640760748177662,0.0,0.0035377882016184655,0.0030115871597141386,0.0,0.0
12,3858111,3901111,0,76.5909090909091,1.4352412185315404,74.0,79.0,3.0,0.5906244232186183,0.0,0.004439691765801179,0.006335139540708448,0.0,0.0
12,3864111,3901111,0,76.60526315789474,1.531072442925143,74.0,79.0,3.0,0.5927489783638191,0.0,0.004159612128139796,0.00657439949579609,0.0,0.0
12,3870111,3901111,0,76.53125,1.6390617552429194,74.0,79.0,0.0,0.5679618342470648,0.0,0.004394243365800568,0.007114281991627435,0.0,0.0
12,3876111,3901111,0,76.0,1.3301243435223524,74.0,79.0,1.0,0.6,0.0,0.004726899050488649,0.007813949380056365,0.0,0.0
12,3882111,3901111,0,75.75,1.3738631664034087,74.0,79.0,4.0,0.5619514869490163,0.0,0.005656251635759295,0.008682929779535999,0.0,0.0
12,3888111,3901111,0,76.35714285714286,1.171515676204052,74.0,79.0,5.0,0.6201736729460423,0.0,0.005606160413347862,0.010211641619011448,0.0,0.0
12,3894111,3901111,0,77.0,1.0,76.0,79.0,3.0,0.6546536707079771,0.0,0.00789761175156045,0.012919072842952779,0.0,0.0
12,4565126,4574126,1,86.75,1.0897247358851685,85.0,88.0,2.0,1.4142135623730951,0.0,0.22161236607296747,0.13795155497122602,0.0,0.0
13,2252704,2296960,1,83.97619047619048,4.091152447009425,79.0,92.0,12.0,1.0359395405656244,0.0,0.07044683388972255,0.07061802833711403,0.0,0.0
13,2260960,2302960,1,82.5,3.009904285774518,79.0,90.0,9.0,1.0706733691535595,0.0,0.06648060126376827,0.06023051891028826,0.0,0.0
13,2264960,2308960,1,81.72727272727273,2.259964162664737,79.0,87.0,6.0,1.0996828295383152,0.0,0.061811339844662076,0.06118889489082194,0.0,0.0
13,2270960,2314960,1,81.1590909090909,1.7830410924008686,79.0,86.0,3.0,1.0890576254854043,0.0,0.05525774938952071,0.061588275449965535,0.0,0.0
13,2276960,2320960,1,81.04545454545455,1.7445310056723176,79.0,86.0,1.0,1.1713637450663281,0.0,0.060589365525323235,0.10219355210392851,0.0,0.0
13,2282960,2326960,1,80.61363636363636,1.3351184675204106,79.0,86.0,7.0,1.1910519095164538,0.0,0.07342467921732734,0.13748584239347234,0.0,0.0
13,2288960,2332960,1,80.22222222222223,1.297671228502794,78.0,83.0,1.0,0.917010954628728,0.0,0.0681526224465457,0.13515212296016407,0.0,0.0
13,2294960,2338960,1,80.46666666666667,1.3432961119739926,78.0,83.0,3.0,0.9653072991634227,0.0,0.0791501073361627,0.1427479204366796,0.0,0.0
14,1709849,1740996,1,103.28571428571429,1.5319721849662298,101.0,106.0,0.0,0.769800358919501,0.0,0.04961289077094622,0.10511964839763324,0.0,0.0
14,1715862,1740996,1,103.3913043478261,1.5530931390862395,101.0,106.0,3.0,0.6396021490668313,0.0,0.05789966547017709,0.1141054507855487,0.0,0.0
14,1721881,1740996,1,104.05882352941177,1.211250604822,102.0,106.0,3.0,0.6614378277661477,0.0,0.07060833225426844,0.1288328837678566,0.0,0.0
14,1727996,1740996,1,104.5,0.823754471047914,103.0,106.0,2.0,0.6793662204867574,0.0,0.08396316636856782,0.1383567561498102,0.0,0.0
14,1733996,1740996,1,104.875,0.5994789404140899,104.0,106.0,0.0,0.7559289460184544,0.0,0.05082034433044265,0.07629367968246802,0.0,0.0
14,5474602,5480602,1,105.57142857142857,0.4948716593053935,105.0,106.0,1.0,0.7071067811865476,0.0,0.05527327636342818,0.08161703521581433,0.0,0.0
14,5474602,5486602,1,104.23076923076923,1.8040060614705498,101.0,106.0,5.0,0.7637626158259734,0.0,0.03281456853236678,0.06478311258551593,0.0,0.0
14,5474602,5492602,1,103.0,2.3841582427170787,99.0,106.0,5.0,0.7817359599705717,0.0,0.06876641413096245,0.1168033474784253,0.0,0.0
14,5474602,5493602,1,102.8,2.4819347291981715,99.0,106.0,7.0,0.8885233166386386,0.0,0.06907980111537429,0.11385401573811725,0.0,0.0
14,5474602,5493602,1,102.8,2.4819347291981715,99.0,106.0,7.0,0.8885233166386386,0.0,0.06907980111537429,0.11385401573811725,0.0,0.0
14,5474602,5510602,1,101.73913043478261,3.5900513657987854,94.0,106.0,11.0,1.224744871391589,0.0,0.06057188207626001,0.1084222798868461,0.0,0.0
14,5474602,5516602,1,100.13793103448276,4.477715996684905,94.0,106.0,12.0,1.1019463300386794,0.0,0.04950478430508045,0.0989698212782323,0.0,0.0
14,5478602,5522602,1,98.19354838709677,4.313664371758056,93.0,106.0,12.0,1.0645812948447542,0.0,0.036281832644907516,0.08937873051330275,0.0,0.0
14,5484602,5528602,1,96.41935483870968,2.95966643225525,93.0,102.0,6.0,1.0645812948447542,0.0,0.03559652247541821,0.08952518505730245,0.0,0.0
14,5490602,5534602,1,95.61290322580645,2.120216351632901,93.0,101.0,3.0,1.0165300454651272,0.0,0.033399098601638116,0.08936341440990357,0.0,0.0
14,5508602,5540602,1,95.15151515151516,1.2090871117127275,93.0,97.0,0.0,0.6123724356957945,0.0,0.012946382247511878,0.019769913702683464,0.0,0.0
14,5508602,5546602,1,95.2051282051282,1.1363343490338638,93.0,97.0,1.0,0.5848976518656018,0.0,0.018281957427753386,0.02459279867532645,0.0,0.0
14,5508602,5552602,1,95.28888888888889,1.1079956322060363,93.0,97.0,2.0,0.6030226891555273,0.0,0.023722837358940617,0.03036747011569143,0.0,0.0
14,5514602,5555602,1,95.57142857142857,1.1780301787479028,93.0,98.0,3.0,0.6048583789091339,0.0,0.029581726511722167,0.034288109256125916,0.0,0.0
14,5520602,5555602,1,95.86111111111111,1.00423486014029,94.0,98.0,3.0,0.609449400220044,0.0,0.03368476550216883,0.03538678999680034,0.0,0.0
14,5526602,5555602,1,96.16666666666667,0.7781745019952501,95.0,98.0,1.0,0.6158817620514397,0.0,0.03921403212693076,0.03623712253232792,0.0,0.0
14,5532602,5555602,1,96.16666666666667,0.8498365855987975,95.0,98.0,0.0,0.5897678246195885,0.0,0.04604498844701498,0.03735613955433716,0.0,0.0
14,5538602,5555602,1,95.94444444444444,0.8480187512485414,95.0,98.0,1.0,0.6416889479197478,0.0,0.05520780226665009,0.037193027643032436,0.0,0.0
14,5544602,5555602,1,96.25,0.82915619758885,95.0,98.0,1.0,0.674199862463242,0.0,0.05839807178923603,0.0370046587438291,0.0,0.0
14,5550602,5555602,1,96.83333333333333,0.6871842709362769,96.0,98.0,1.0,0.7745966692414834,0.0,0.05120231981959541,0.03756955454329868,0.0,0.0
14,6065182,6073742,1,104.71428571428571,1.385051387833237,103.0,107.0,4.0,0.816496580927726,0.0,0.04035333196750196,0.05524141534385473,0.0,0.0
14,6065182,6080742,1,103.0,2.76339711883103,98.0,107.0,9.0,1.224744871391589,0.0,0.04006054037180413,0.04482924688156663,0.0,0.0
14,6065182,6086742,1,101.3529411764706,3.179736882762254,97.0,107.0,8.0,1.0606601717798212,0.0,0.049199710564335614,0.06786937839298915,0.0,0.0
14,6065182,6092742,1,100.08695652173913,3.4880297600228833,96.0,107.0,11.0,0.9770084209183945,0.0,0.04628643423107763,0.061200054937001806,0.0,0.0
14,6065182,6098742,1,99.51724137931035,3.307470016077737,96.0,107.0,10.0,0.9258200997725514,0.0,0.047864960261256945,0.05760239989378393,0.0,0.0
14,6065182,6104742,1,99.34285714285714,3.0513964685309687,96.0,107.0,8.0,0.8744746321952062,0.0,0.0500190258563367,0.059542497882718814,0.0,0.0
14,6067188,6110742,1,98.9,2.634387974463898,96.0,106.0,9.0,0.8623164985025763,0.0,0.0532709598339128,0.06783405240690055,0.0,0.0
14,6073742,6116742,1,98.07317073170732,1.5678203590232387,96.0,103.0,3.0,0.9082951062292475,0.0,0.05142854397051417,0.06394477004565802,0.0,0.0
14,6078742,6122742,1,97.97674418604652,1.2101964494193198,96.0,100.0,0.0,0.8728715609439694,0.0,0.050003612793070265,0.0633837510346337,0.0,0.0
14,6084742,6128742,1,98.33333333333333,1.6281258092646438,96.0,102.0,2.0,0.8553989227683015,0.0,0.055636481732337574,0.06926127758016372,0.0,0.0
14,6090742,6134742,1,98.61904761904762,1.6754868653103983,96.0,102.0,3.0,0.8695387058524823,0.0,0.046770022420183896,0.06041250155778762,0.0,0.0
14,6096742,6140742,1,98.4047619047619,2.0007084912900686,94.0,102.0,3.0,0.9499679070317291,0.0,0.042395193658822036,0.060988696693859853,0.0,0.0
14,6102742,6146742,1,97.92857142857143,2.4533054198352877,94.0,102.0,5.0,0.9239364353597956,0.0,0.032463449494441146,0.054840377305681295,0.0,0.0
14,6108742,6152742,1,97.5,2.5934900185253222,94.0,102.0,2.0,0.9106416928094863,0.0,0.03187879389308888,0.055022951717737474,0.0,0.0
15,4212773,4254664,1,82.2051282051282,4.432858007174217,74.0,87.0,11.0,0.9597148699373931,0.0,0.08133992290471267,0.08965601110804414,0.0,0.0
15,4218784,4262664,1,83.37142857142857,3.372881043056847,75.0,87.0,8.0,1.0571882797418488,0.0,0.08752209001241204,0.09231134931262146,0.0,0.0
15,4226664,4269664,1,84.48387096774194,1.8985727702660853,80.0,87.0,3.0,1.0165300454651272,0.0,0.09027408481608702,0.09784480753931638,0.0,0.0
15,4231664,4275664,1,84.90625,1.283534548619553,83.0,87.0,1.0,1.0924964014113612,0.0,0.08022229461841082,0.08882851038123799,0.0,0.0
15,4237664,4281664,1,84.46875,1.7317688753121763,81.0,87.0,1.0,1.121634751658949,0.0,0.08210960541199328,0.08812591466721463,0.0,0.0
15,4243664,4287664,1,84.53571428571429,1.8416247263362484,81.0,87.0,0.0,1.1547005383792515,0.0,0.08638973555254827,0.1079540758858658,0.0,0.0
15,4249664,4293664,1,84.60714285714286,1.896223421779755,81.0,87.0,1.0,1.1385500851066221,0.0,0.0980417122032297,0.11078037822635504,0.0,0.0
15,4262664,4299664,1,84.66666666666667,2.357022603955158,81.0,90.0,6.0,1.285369173834303,0.0,0.08903910311740378,0.10432302881843995,0.0,0.0
15,4262664,4301664,1,84.88461538461539,2.3911201603645464,81.0,90.0,4.0,1.2649110640673518,0.0,0.10165739178008026,0.10939546216322502,0.0,0.0
15,4269664,4301664,1,84.96,2.4079867109267856,81.0,90.0,4.0,1.2909944487358056,0.0,0.10084880711905711,0.11148570666043575,0.0,0.0
15,4273664,4301664,1,85.14285714285714,2.531435020952764,81.0,90.0,3.0,1.2449899597988732,0.0,0.11583434875672564,0.11523077077577523,0.0,0.0
15,4279664,4301664,1,86.0,2.4765567494675613,81.0,90.0,6.0,1.4142135623730951,0.0,0.14165164326843363,0.12558599802539788,0.0,0.0
15,4286664,4301664,1,87.08333333333333,1.2555432644432802,86.0,90.0,1.0,1.1677484162422844,0.0,0.16967970997793222,0.12402952165091899,0.0,0.0
15,4291664,4301664,1,87.71428571428571,1.2777531299998797,86.0,90.0,0.0,1.5275252316519468,0.0,0.1443640617323976,0.09664233020830214,0.0,0.0
15,6089200,6093218,0,71.0,0.6324555320336759,70.0,72.0,2.0,0.7071067811865476,0.0,0.005746808790714658,0.004182745001454024,0.0,0.0
15,6089200,6099291,0,71.0909090909091,0.8999540851465151,70.0,73.0,1.0,0.9486832980505138,0.0,0.008672214413369343,0.008715010705562487,0.0,0.0
15,6089200,6105291,0,72.23529411764706,1.733049395606616,70.0,75.0,2.0,0.8660254037844386,0.0,0.006614239872223934,0.007600177205716651,0.0,0.0
15,6089200,6111309,0,72.78260869565217,1.768234731101109,70.0,75.0,3.0,0.8257228238447705,0.0,0.008067918875618507,0.009873545977870941,0.0,0.0
15,6089200,6117072,0,73.03703703703704,1.752912528325812,70.0,75.0,2.0,0.7844645405527362,0.0,0.0072072871731427585,0.009364047159571925,0.0,0.0
15,6089200,6123072,0,72.96969696969697,1.6234054831489544,70.0,75.0,0.0,0.75,0.0,0.006652434334474443,0.00868814956319798,0.0,0.0
15,6089200,6129072,0,72.82051282051282,1.6309788609014617,70.0,75.0,1.0,1.0882143751650175,0.0,0.006680130928102997,0.008054209418213075,0.0,0.0
15,6091210,6135072,0,72.65116279069767,1.6408126309174544,70.0,75.0,0.0,1.0465362369445672,0.0,0.006934555256592079,0.007700298719143891,0.0,0.0
15,6097291,6141072,0,72.5813953488372,1.7284562024243766,70.0,75.0,2.0,1.023532631438318,0.0,0.005766639804857889,0.006434743644052175,0.0,0.0
15,6103291,6147072,0,72.11627906976744,1.8326407725437714,69.0,75.0,5.0,0.9636241116594315,0.0,0.00584561913843354,0.0064588521053805725,0.0,0.0
15,6109299,6153072,0,71.46511627906976,1.8844385655705018,69.0,75.0,5.0,0.9636241116594315,0.0,0.00488684344328337,0.0031429173369901665,0.0,0.0
15,6115072,6159072,0,70.84444444444445,1.6859623767458365,69.0,75.0,6.0,0.9293203772845852,0.0,0.004885203986113724,0.003047266345454858,0.0,0.0
15,6121072,6165072,0,70.17777777777778,1.304503121905704,68.0,75.0,3.0,0.917010954628728,0.0,0.004965211864958415,0.003049042062074918,0.0,0.0
15,6127072,6171072,0,69.82222222222222,1.197940619728316,68.0,75.0,6.0,0.674199862463242,0.0,0.0049644959827026686,0.0030535835215363405,0.0,0.0
15,6133072,6177072,0,69.35555555555555,0.7646511348482335,68.0,71.0,2.0,0.5222329678670935,0.0,0.004807980582660843,0.002883644821044774,0.0,0.0
16,1071052,1115333,1,49.80952380952381,1.693658975597975,46.0,54.0,3.0,0.7808688094430303,0.0,0.011791243477963374,0.00818064040640735,0.0,0.0
16,1077076,1121333,1,49.23809523809524,2.1470857747800944,45.0,54.0,6.0,0.7963330593811955,0.0,0.009694062670781756,0.007962635170853372,0.0,0.0
16,1083090,1127333,1,48.26190476190476,1.8002582329253265,45.0,52.0,5.0,0.7156780854205468,0.0,0.007804419954748298,0.0074713870276593595,0.0,0.0
16,1089112,1133333,1,47.73809523809524,1.8779360987343805,45.0,52.0,3.0,0.7156780854205468,0.0,0.005440757724772408,0.0052580550930441585,0.0,0.0
16,1095137,1139333,1,47.07142857142857,1.843816656814223,45.0,52.0,4.0,0.7325198740332296,0.0,0.004191207914823557,0.0027460561961555824,0.0,0.0
16,1101165,1145333,1,46.404761904761905,1.1964137644191535,45.0,49.0,2.0,0.5843487097907776,0.0,0.005453050946249518,0.006900408437283897,0.0,0.0
16,1107333,1151333,1,46.37777777777778,1.197940619728316,45.0,50.0,1.0,0.6571287406727709,0.0,0.005340513820379622,0.006800926604928295,0.0,0.0
16,1113333,1157333,1,46.51111111111111,1.4394786436179243,45.0,50.0,2.0,0.7071067811865476,0.0,0.005205522764681388,0.006861827906016165,0.0,0.0
16,1119333,1159333,1,46.63414634146341,1.5889265829173007,45.0,50.0,3.0,0.689202437604511,0.0,0.005304506481264566,0.007152324587659053,0.0,0.0
16,1125333,1159333,1,46.77142857142857,1.6747829588288967,45.0,50.0,3.0,0.7071067811865476,0.0,0.0052696395271713565,0.007700549093040978,0.0,0.0
16,1131333,1159333,1,46.96551724137931,1.7710849708132768,45.0,50.0,3.0,0.7319250547113999,0.0,0.0055351338595695,0.008366425612656598,0.0,0.0
16,1137333,1159333,1,47.34782608695652,1.7841986546681037,45.0,50.0,4.0,0.7977240352174656,0.0,0.006048778596040176,0.00930225258144595,0.0,0.0
16,1143333,1159333,1,48.0,1.6087993330796875,46.0,50.0,3.0,0.82915619758885,0.0,0.004286258401322692,0.006567698705773067,0.0,0.0
16,1149333,1159333,1,49.09090909090909,0.7925270806437589,47.0,50.0,2.0,1.0,0.0,0.0016246203931591708,0.0010424256782214734,0.0,0.0
16,1155333,1159333,1,49.2,0.4,49.0,50.0,0.0,0.7071067811865476,0.0,0.0012892126214606736,0.0009139704736413299,0.0,0.0
16,2389504,2393509,0,60.4,0.4898979485566356,60.0,61.0,1.0,0.8660254037844386,0.0,0.01020933992760857,0.005101267241026579,0.0,0.0
16,2389504,2399529,0,60.63636363636363,0.4810456929208346,60.0,61.0,1.0,0.7071067811865476,0.0,0.01025797690032357,0.004058311440219132,0.0,0.0
16,2389504,2405550,0,61.11764705882353,0.8318903308077029,60.0,63.0,2.0,0.7071067811865476,0.0,0.008246283485879635,0.004479076333490639,0.0,0.0
16,2389504,2411811,0,61.34782608695652,0.8134037797334656,60.0,63.0,2.0,0.6030226891555273,0.0,0.006852901541709167,0.004602060807801544,0.0,0.0
16,2389504,2417811,0,61.310344827586206,0.7475683927130621,60.0,63.0,1.0,0.5669467095138409,0.0,0.00680498945184321,0.004345064954496051,0.0,0.0
16,2389504,2423811,0,61.4,0.7250615737399726,60.0,63.0,2.0,0.5423261445466404,0.0,0.006654611244027326,0.004227951577842028,0.0,0.0
16,2389504,2429811,0,61.48780487804878,0.7026761117506309,60.0,63.0,2.0,0.5,0.0,0.006522121099971269,0.003959871775035356,0.0,0.0
16,2391510,2435811,0,61.355555555555554,1.1576903357894317,56.0,63.0,5.0,0.6908492797077574,0.0,0.006030368933751873,0.0037172543960978235,0.0,0.0
16,2397522,2441811,0,60.266666666666666,3.2345358588555206,51.0,63.0,10.0,0.7385489458759964,0.0,0.005611987023299805,0.003253003913993107,0.0,0.0
16,2403541,2447811,0,58.644444444444446,4.967250773507774,48.0,63.0,15.0,0.7833494518006403,0.0,0.005483115626318341,0.003312206340218855,0.0,0.0
16,2409811,2453811,0,56.8,5.814158962777372,48.0,62.0,13.0,0.7833494518006403,0.0,0.0058657270666516385,0.0033255845218972805,0.0,0.0
16,2415811,2459811,0,55.044444444444444,6.06247311308789,48.0,62.0,12.0,0.7977240352174656,0.0,0.005705046471123869,0.003191996742621477,0.0,0.0
16,2421811,2465811,0,53.44444444444444,5.767940343178762,48.0,62.0,13.0,0.8393720596645177,0.0,0.005801050482568024,0.0030619932125293763,0.0,0.0
16,2427811,2471811,0,51.71111111111111,4.810277063964067,48.0,62.0,13.0,0.8393720596645177,0.0,0.005586404906618523,0.0032806853115540094,0.0,0.0
16,2433811,2477811,0,49.77777777777778,2.7719939785800314,47.0,60.0,13.0,0.8118441408859887,0.0,0.005885495072457999,0.003344948054318167,0.0,0.0
16,2439811,2477811,0,48.82051282051282,1.0590705860545326,47.0,52.0,5.0,0.6688560540599386,0.0,0.005847938773501226,0.0033106402074959953,0.0,0.0
16,2445811,2477811,0,48.515151515151516,0.7435057058415332,47.0,50.0,2.0,0.5590169943749475,0.0,0.005715818777023749,0.003329018768961539,0.0,0.0
16,2451811,2477811,0,48.592592592592595,0.7821745215534399,47.0,50.0,1.0,0.5883484054145521,0.0,0.005409419781002667,0.0028383950941223237,0.0,0.0
16,2457811,2477811,0,48.666666666666664,0.8357108940373449,47.0,50.0,2.0,0.5477225575051661,0.0,0.00563578539384094,0.003157693241200913,0.0,0.0
16,2463811,2477811,0,48.46666666666667,0.8844332774281066,47.0,50.0,3.0,0.4629100498862757,0.0,0.006007677215450386,0.003319793983577179,0.0,0.0
16,2469811,2477811,0,48.0,0.816496580927726,47.0,49.0,2.0,0.5,0.0,0.006672123155312608,0.003507530200633019,0.0,0.0
16,3603655,3611689,0,51.77777777777778,0.6285393610547089,51.0,53.0,0.0,0.8660254037844386,0.0,0.004156567915307519,0.0023364894305836948,0.0,0.0
16,3603655,3617712,0,51.733333333333334,0.5734883511361751,51.0,53.0,1.0,0.7071067811865476,0.0,0.0034976485360504886,0.002388311444318699,0.0,0.0
16,3603655,3623737,0,51.714285714285715,0.8247860988423225,50.0,54.0,3.0,1.02469507659596,0.0,0.041584607694025486,0.07869075051572719,0.0,0.0
16,3603655,3629763,0,53.925925925925924,4.610181372875619,50.0,67.0,15.0,1.5063966175050876,0.0,0.04113356123067286,0.07625106682219528,0.0,0.0
16,3603655,3635788,0,56.21212121212121,6.432670286561457,50.0,69.0,18.0,1.5612494995995996,0.0,0.03554396354806824,0.07008945743637919,0.0,0.0
16,3603655,3641847,0,58.282051282051285,7.685980303652838,50.0,73.0,22.0,1.5217718205053643,0.0,0.039083488552146044,0.07595374092123948,0.0,0.0
16,3603655,3647847,0,60.31111111111111,8.863965057648292,50.0,77.0,26.0,1.5521246435421703,0.0,0.04275719303213849,0.07530291958975005,0.0,0.0
16,3609682,3653920,0,63.58695652173913,9.426087959249104,50.0,77.0,24.0,1.577621275493231,0.0,0.04818229985918181,0.0741187207394499,0.0,0.0
16,3615705,3659920,0,66.42222222222222,8.713945117234378,50.0,77.0,22.0,1.7188791273808215,0.0,0.05344561826449375,0.07330459321822204,0.0,0.0
16,3621720,3665936,0,69.28888888888889,6.69866395376213,50.0,77.0,23.0,1.712255291076124,0.0,0.06731882958731167,0.0840115134339204,0.0,0.0
16,3627753,3671991,0,71.54545454545455,3.5061928683048893,63.0,77.0,8.0,1.5994184989813396,0.0,0.052797805231469826,0.0720682908889987,0.0,0.0
16,3633781,3677991,0,72.31818181818181,2.5741082063214127,67.0,77.0,2.0,1.4627149017224546,0.0,0.07196141296447511,0.10106670653563872,0.0,0.0
16,3639847,3683113,0,72.04545454545455,3.147542659502557,63.0,77.0,6.0,1.4941747352752568,0.0,0.11065336069193131,0.15080630736876247,0.0,0.0
16,3645847,3689113,0,71.38636363636364,3.7611404767637184,63.0,77.0,5.0,1.4706429538383605,0.0,0.13242577779053247,0.165509931526222,0.0,0.0
17,2409572,2454398,1,90.2439024390244,1.6495452116010652,88.0,94.0,1.0,0.689202437604511,0.0,0.026449175666787932,0.06271543206611868,0.0,0.0
17,2416579,2460398,1,89.95,1.9487175269905075,86.0,94.0,4.0,0.7161148740394329,0.0,0.02427656691072943,0.063982408233539,0.0,0.0
17,2421586,2466398,1,89.09756097560975,2.818102441046669,83.0,94.0,6.0,0.7745966692414834,0.0,0.013288470475767629,0.038635646512223426,0.0,0.0
17,2427595,2472398,1,87.8780487804878,3.2922312246628205,83.0,94.0,10.0,0.7071067811865476,0.0,0.013407419119358012,0.03861166743269346,0.0,0.0
17,2434398,2478398,1,86.69767441860465,3.1068931892399503,82.0,93.0,9.0,0.7071067811865476,0.0,0.007721212570805747,0.018215741210141537,0.0,0.0
17,2440398,2484398,1,86.08888888888889,2.554492532532721,82.0,90.0,2.0,0.6396021490668313,0.0,0.004893661778148198,0.0033995376428563448,0.0,0.0
17,2446398,2490398,1,86.02222222222223,2.498789830554773,82.0,90.0,1.0,0.621581560508061,0.0,0.00500373608726333,0.003515966216188332,0.0,0.0
17,2452398,2496398,1,85.93333333333334,2.370185177950823,82.0,89.0,0.0,0.6030226891555273,0.0,0.004800553705344391,0.003578081088825423,0.0,0.0
17,2458398,2498398,1,85.78048780487805,2.4645010885988543,82.0,90.0,2.0,0.6324555320336759,0.0,0.004551260060660353,0.0036543360524748498,0.0,0.0
17,2464398,2498398,1,85.77142857142857,2.6086199338316174,82.0,90.0,6.0,0.5423261445466404,0.0,0.004858815326272778,0.0037350388417680155,0.0,0.0
17,2470398,2498398,1,86.27586206896552,2.5850572157229394,82.0,90.0,7.0,0.5669467095138409,0.0,0.004961069128680103,0.0037338296537794487,0.0,0.0
17,2476398,2498398,1,87.21739130434783,2.0206869632386524,83.0,90.0,7.0,0.5640760748177662,0.0,0.0044829642305277044,0.003242409476717313,0.0,0.0
17,2482398,2498398,1,88.23529411764706,1.164646463130784,86.0,90.0,4.0,0.5,0.0,0.004006367571075888,0.0028865635958930007,0.0,0.0
17,2488398,2498398,1,88.9090909090909,0.668042657122685,88.0,90.0,2.0,0.4472135954999579,0.0,0.002895081291077903,0.002545339960379565,0.0,0.0
17,2494398,2498398,1,89.4,0.4898979485566356,89.0,90.0,1.0,0.5,0.0,0.0032804964919716365,0.002071179278890874,0.0,0.0
17,4149517,4152521,1,86.0,0.0,86.0,86.0,0.0,0.0,0.0,0.014998191355726873,0.0055824945265824585,0.0,0.0
17,4149517,4157741,1,86.77777777777777,0.7856742013183862,86.0,88.0,2.0,0.5,0.0,0.027482820976459797,0.02442090958955029,0.0,0.0
17,4149517,4163741,1,87.66666666666667,1.398411797560202,86.0,90.0,4.0,0.6546536707079771,0.0,0.019387111896364086,0.021618459364276584,0.0,0.0
17,4149517,4169741,1,88.19047619047619,1.467717619754518,86.0,90.0,3.0,0.6708203932499369,0.0,0.015290373152555421,0.01941875031214742,0.0,0.0
17,4149517,4175741,1,88.03703703703704,1.3738694067401043,86.0,90.0,1.0,0.6504436355879909,0.0,0.018495522549961722,0.020793141977909754,0.0,0.0
19,1969726,2014478,1,78.65217391304348,2.198985846330746,74.0,82.0,4.0,1.1547005383792515,0.0,0.06322532629188198,0.07902499388261118,0.0,0.0
19,1975743,2020478,1,79.06666666666666,2.3513589451397863,74.0,82.0,6.0,1.1677484162422844,0.0,0.07605385941683628,0.10974001649441344,0.0,0.0
19,1982478,2026478,1,79.75,2.559518775792896,74.0,84.0,2.0,1.034295625950562,0.0,0.07594585019456492,0.11122135432770525,0.0,0.0
19,1988478,2032478,1,79.97727272727273,2.7426648981969435,74.0,84.0,3.0,1.0229915092057102,0.0,0.07586563708587231,0.11127368438236958,0.0,0.0
19,1994478,2038478,1,79.86363636363636,2.7435122569677413,74.0,84.0,2.0,1.0565410875907486,0.0,0.07287714003894118,0.11128838463627187,0.0,0.0
19,2000478,2044478,1,80.0,2.7386127875258306,74.0,84.0,6.0,1.0565410875907486,0.0,0.079339530791893,0.11423174529671443,0.0,0.0
19,2006478,2050478,1,80.93181818181819,2.1991499108925048,74.0,84.0,9.0,1.0229915092057102,0.0,0.08471948403043382,0.12298326756003926,0.0,0.0
19,2012478,2056478,1,81.75,1.5392589716542768,79.0,84.0,3.0,0.9276125895432153,0.0,0.06860559676364453,0.11250512009559534,0.0,0.0
19,2018478,2057478,1,81.95,1.5960889699512366,79.0,85.0,4.0,0.9336995618478525,0.0,0.05410793396494642,0.08181311355023659,0.0,0.0
19,2024478,2057478,1,81.97058823529412,1.671302664138279,79.0,85.0,2.0,0.9211323729436766,0.0,0.05582262463001295,0.08721303902912565,0.0,0.0
19,2030478,2057478,1,81.71428571428571,1.729102633844315,79.0,85.0,2.0,0.9813067629253163,0.0,0.06210675855274382,0.09475041027925117,0.0,0.0
19,2036478,2057478,1,81.72727272727273,1.8136306675690914,79.0,85.0,6.0,0.9759000729485332,0.0,0.07217489027042323,0.10461403075844522,0.0,0.0
19,2042478,2057478,1,82.6875,1.0439558180306292,81.0,85.0,4.0,1.0954451150103321,0.0,0.08674432909634956,0.11884119910098803,0.0,0.0
19,2048478,2057478,1,83.2,0.7483314773547882,82.0,85.0,2.0,0.9428090415820634,0.0,0.029131992053087436,0.0170855103127712,0.0,0.0
19,2054478,2057478,1,83.75,0.82915619758885,83.0,85.0,1.0,1.2909944487358056,0.0,0.027135401999264758,0.008177393841476378,0.0,0.0
19,3935670,3940688,1,74.66666666666667,0.74535599249993,73.0,75.0,2.0,0.8944271909999159,0.0,0.017912624027727107,0.004158107793644652,0.0,0.0
19,3935670,3946699,1,74.91666666666667,0.759202798262025,73.0,76.0,2.0,0.8528028654224418,0.0,0.022454384694514343,0.01626250248220095,0.0,0.0
19,3935670,3952686,1,75.16666666666667,0.8333333333333334,73.0,77.0,3.0,0.9393364366277243,0.0,0.028128627167303674,0.040571029117334824,0.0,0.0
19,3935670,3958655,1,76.0,1.6832508230603465,73.0,80.0,6.0,1.0215078369104984,0.0,0.026584884533090044,0.036005878935642804,0.0,0.0
21,406738,414790,1,99.5,1.118033988749895,98.0,101.0,1.0,0.8451542547285166,0.0,0.1355913828156073,0.20414847425796456,0.0,0.0
21,3851207,3865247,0,94.77777777777777,1.314684396244359,93.0,97.0,2.0,1.3228756555322954,0.0,0.00965202823158495,0.004151197478833364,0.0,0.0
21,3851207,3868262,0,95.0,1.224744871391589,93.0,97.0,2.0,1.2060453783110545,0.0,0.010879142068480905,0.0043477691166084655,0.0,0.0
21,3851207,3877183,0,95.05555555555556,1.0258991840344103,93.0,97.0,1.0,1.0,0.0,0.011527026459902827,0.004033705043757905,0.0,0.0
21,3851207,3883183,0,95.125,0.9270248108869579,93.0,97.0,2.0,0.8846517369293828,0.0,0.012468088947982637,0.004282478871336012,0.0,0.0
21,3851207,3889183,0,94.8,1.1372481406154653,92.0,97.0,5.0,0.8509629433967631,0.0,0.012158746505669952,0.004520208416088365,0.0,0.0
21,3851207,3895183,0,93.83333333333333,2.4664414311581235,87.0,97.0,10.0,0.8944271909999159,0.0,0.01268478380219333,0.0043897202632024014,0.0,0.0
21,3859235,3901183,0,92.5,3.605551275463989,85.0,96.0,8.0,0.7161148740394329,0.0,0.01341833672170412,0.0042105495851096466,0.0,0.0
21,3863240,3907183,0,91.11904761904762,4.686365130950593,83.0,96.0,11.0,0.7156780854205468,0.0,0.01395457733274258,0.003901225094874464,0.0,0.0
21,3872183,3913183,0,89.69047619047619,4.657242671050345,83.0,96.0,10.0,0.6984302957695782,0.0,0.013640109082318093,0.004089832862119153,0.0,0.0
21,3875183,3919183,0,88.6,4.611097724210822,83.0,96.0,10.0,0.7071067811865476,0.0,0.013733184538951575,0.0040248533441021445,0.0,0.0
21,3881183,3925183,0,87.31111111111112,3.7760780489945875,83.0,95.0,9.0,0.6908492797077574,0.0,0.013394251185997212,0.00410459511304074,0.0,0.0
21,3887183,3931183,0,86.17777777777778,2.4430298937443222,83.0,93.0,6.0,0.7071067811865476,0.0,0.013911781261783909,0.004079938158587677,0.0,0.0
21,3893183,3937183,0,85.44444444444444,1.2028772091310542,83.0,88.0,2.0,0.6030226891555273,0.0,0.014028486843211948,0.003698397852562723,0.0,0.0
21,3899183,3939183,0,85.29268292682927,1.1096890893733977,83.0,87.0,1.0,0.6123724356957945,0.0,0.013728482825253392,0.003838697660752233,0.0,0.0
21,3905183,3939183,0,85.42857142857143,1.076653924652387,83.0,87.0,4.0,0.5940885257860046,0.0,0.013250472307756913,0.0038819066134394196,0.0,0.0
21,3911183,3939183,0,85.62068965517241,0.9252695079309474,84.0,87.0,1.0,0.5669467095138409,0.0,0.014049860795193136,0.003458260958899989,0.0,0.0
21,3917183,3939183,0,85.8695652173913,0.7969696860792764,84.0,87.0,3.0,0.5640760748177662,0.0,0.014220780373681833,0.0034888716223205746,0.0,0.0
21,3923183,3939183,0,86.17647058823529,0.5128116404165498,85.0,87.0,1.0,0.5590169943749475,0.0,0.014361731415022748,0.003250866600763294,0.0,0.0
21,3929183,3939183,0,86.36363636363636,0.48104569292083466,86.0,87.0,1.0,0.5477225575051661,0.0,0.014296132987935632,0.002891555519593734,0.0,0.0
21,3935183,3939183,0,86.4,0.4898979485566356,86.0,87.0,1.0,0.5,0.0,0.01309723998193888,0.003149099794641522,0.0,0.0
21,4500074,4507095,0,85.0,1.118033988749895,84.0,87.0,3.0,0.6546536707079771,0.0,0.010047094260575998,0.0049089522265692714,0.0,0.0
21,4500074,4513112,0,85.07142857142857,1.099628879881475,84.0,87.0,0.0,0.6793662204867574,0.0,0.007964054181626061,0.0051191920148177155,0.0,0.0
21,4500074,4519125,0,85.65,1.2757350822173072,84.0,87.0,0.0,0.5619514869490163,0.0,0.006517942010124897,0.00489421211032031,0.0,0.0
21,4500074,4524870,0,85.77272727272727,1.2767792641080127,84.0,87.0,0.0,0.5345224838248488,0.0,0.006119938996248137,0.004842106059173341,0.0,0.0
21,4500074,4530870,0,85.96428571428571,1.2095495872768642,84.0,87.0,1.0,0.5091750772173156,0.0,0.005607541689774556,0.004479253114734128,0.0,0.0
21,4500074,4536870,0,85.88235294117646,1.1314931800983143,84.0,87.0,2.0,0.49236596391733095,0.0,0.0050143157867133465,0.004298941270559447,0.0,0.0
21,4500074,4542870,0,85.525,1.3599172768959147,83.0,87.0,4.0,0.5547001962252291,0.0,0.0050022870997159016,0.004124087039727205,0.0,0.0
21,4505089,4548870,0,85.09756097560975,1.6499058073451476,82.0,87.0,1.0,0.5244044240850758,0.0,0.010427304071723098,0.018233404291481823,0.0,0.0
21,4511107,4554870,0,84.85365853658537,1.9071236880316695,81.0,87.0,2.0,0.6708203932499369,0.0,0.012571311363632607,0.018867713802646346,0.0,0.0
21,4517120,4560870,0,84.53658536585365,1.7682506302821324,81.0,87.0,3.0,0.689202437604511,0.0,0.01705810590301141,0.020456763756671093,0.0,0.0
21,4523870,4566870,0,84.22727272727273,1.6357322014042348,81.0,87.0,5.0,0.7313574508612273,0.0,0.021085824381340112,0.02079241436043895,0.0,0.0
21,4528870,4572870,0,83.6,1.4666666666666668,81.0,87.0,5.0,0.7537783614444091,0.0,0.025378145159853583,0.020177227613411213,0.0,0.0
21,4534870,4578870,0,83.28888888888889,1.0877545111573703,81.0,85.0,1.0,0.7537783614444091,0.0,0.028457340348424454,0.018720628083078398,0.0,0.0
21,4540870,4584870,0,83.24444444444444,1.0573668669662508,81.0,85.0,1.0,0.7537783614444091,0.0,0.03398934430444504,0.017285334065895948,0.0,0.0
21,4546870,4588870,0,83.6046511627907,1.4649316974905697,81.0,87.0,5.0,0.7715167498104596,0.0,0.03290604371302513,0.012662815968417042,0.0,0.0
21,4552870,4588870,0,83.83783783783784,1.4239934997102153,81.0,87.0,4.0,0.7071067811865476,0.0,0.03370642863142053,0.013028558377491048,0.0,0.0
21,4558870,4588870,0,83.80645161290323,1.5116612275948367,81.0,87.0,3.0,0.6582805886043833,0.0,0.03445589391030733,0.01299586137999722,0.0,0.0
21,4564870,4588870,0,83.72,1.6618062462272791,81.0,87.0,4.0,0.6454972243679028,0.0,0.0336767711674427,0.013682088158640929,0.0,0.0
21,4570870,4588870,0,84.21052631578948,1.5754346891679754,82.0,87.0,5.0,0.6236095644623235,0.0,0.032509233683764294,0.015244030630315337,0.0,0.0
21,4576870,4588870,0,84.84615384615384,1.4058205294228512,83.0,87.0,3.0,0.6454972243679028,0.0,0.03208023987028326,0.016522971929988986,0.0,0.0
21,4582870,4588870,0,85.85714285714286,1.124858267715973,84.0,87.0,3.0,0.7071067811865476,0.0,0.03528687896919285,0.02087397424632845,0.0,0.0
21,5734409,5737418,1,89.75,0.4330127018922193,89.0,90.0,0.0,0.816496580927726,0.0,0.016920740197345477,0.005991363070860358,0.0,0.0
21,5734409,5743435,1,89.5,0.5,89.0,90.0,1.0,0.5773502691896257,0.0,0.01744283786712379,0.006833189831938045,0.0,0.0
21,5734409,5748449,1,89.46666666666667,0.4988876515698588,89.0,90.0,1.0,0.5976143046671968,0.0,0.01833930194355271,0.008277176789415116,0.0,0.0
21,5734409,5755168,1,89.2,0.6782329983125268,88.0,90.0,1.0,0.6069769786668839,0.0,0.016198907222030635,0.008180195602921974,0.0,0.0
21,5734409,5761168,1,89.15384615384616,0.7174906963914474,88.0,90.0,0.0,0.6324555320336759,0.0,0.014527504785470019,0.007906174666597588,0.0,0.0
21,5734409,5767168,1,89.1875,0.8076779989575054,88.0,91.0,2.0,0.672021505032247,0.0,0.013393439589272705,0.007534321482855101,0.0,0.0
21,5734409,5773168,1,88.84210526315789,1.112756553256104,86.0,91.0,3.0,0.677834389404565,0.0,0.013112320808774608,0.007215150939546716,0.0,0.0
21,5735412,5779168,1,88.25581395348837,1.7533094720903035,84.0,91.0,6.0,0.6900655593423543,0.0,0.01231125587517694,0.007150298532086089,0.0,0.0
21,5741429,5785168,1,87.18604651162791,2.67856099820267,81.0,91.0,7.0,0.7071067811865476,0.0,0.011161654590009812,0.006941129620291968,0.0,0.0
21,5747446,5791168,1,86.16279069767442,3.03414853431495,81.0,91.0,7.0,0.6725927091345493,0.0,0.010559255725883223,0.00606458904264303,0.0,0.0
21,5753168,5797168,1,85.62222222222222,2.9910153526028873,81.0,91.0,3.0,0.6908492797077574,0.0,0.011736927821618861,0.013379243301265744,0.0,0.0
21,5759168,5803168,1,85.26666666666667,2.78408173570948,81.0,91.0,3.0,0.6908492797077574,0.0,0.012352370208170507,0.013644046495095112,0.0,0.0
21,5765168,5809168,1,84.62222222222222,2.0794111227181484,81.0,89.0,4.0,0.674199862463242,0.0,0.01205858126597716,0.013816966124750214,0.0,0.0
21,5771168,5815168,1,84.2,1.6546231527987811,81.0,87.0,1.0,0.6908492797077574,0.0,0.0126513308601711,0.01409422575895604,0.0,0.0
21,5777168,5821168,1,84.35555555555555,1.8874504326743178,81.0,89.0,5.0,0.6908492797077574,0.0,0.013034995381447416,0.014017797409494978,0.0,0.0
21,5783168,5823168,1,84.7560975609756,2.195121951219512,81.0,90.0,9.0,0.689202437604511,0.0,0.013659968341516494,0.014464516117172041,0.0,0.0
21,5789168,5823168,1,85.28571428571429,1.9208841501681841,82.0,90.0,8.0,0.7276068751089989,0.0,0.01432268573103165,0.015468029254808821,0.0,0.0
21,5795168,5823168,1,85.86206896551724,1.5475038394701293,84.0,90.0,6.0,0.7559289460184544,0.0,0.011202481658635766,0.007162363187716907,0.0,0.0
21,5801168,5823168,1,86.1304347826087,1.5963095435378973,84.0,90.0,3.0,0.7687061147858074,0.0,0.011005325980827207,0.006831774119385466,0.0,0.0
21,5807168,5823168,1,86.29411764705883,1.77448272105863,84.0,90.0,4.0,0.7905694150420949,0.0,0.010991280957936568,0.007119313829892181,0.0,0.0
21,5813168,5823168,1,87.0909090909091,1.6762808104168887,85.0,90.0,5.0,0.7071067811865476,0.0,0.010033286376700796,0.0061441745605489775,0.0,0.0
21,5819168,5823168,1,88.6,1.019803902718557,87.0,90.0,3.0,0.8660254037844386,0.0,0.01021753101034883,0.005041797883556485,0.0,0.0
21,6714977,6720977,1,91.0,0.7071067811865476,90.0,92.0,0.0,1.4142135623730951,0.0,0.08903248996530741,0.0972684318368475,0.0,0.0
21,6714977,6725977,1,90.88888888888889,0.7370277311900889,90.0,92.0,1.0,1.0606601717798212,0.0,0.12424862892077823,0.10140231356835704,0.0,0.0
21,6714977,6725977,1,90.88888888888889,0.7370277311900889,90.0,92.0,1.0,1.0606601717798212,0.0,0.12424862892077823,0.10140231356835704,0.0,0.0
21,6714977,6725977,1,90.88888888888889,0.7370277311900889,90.0,92.0,1.0,1.0606601717798212,0.0,0.12424862892077823,0.10140231356835704,0.0,0.0
21,6714977,6744977,1,91.92307692307692,1.6853001769389726,90.0,95.0,4.0,1.0801234497346435,0.0,0.10874547544465882,0.10264708600003866,0.0,0.0
21,6714977,6748977,1,92.3529411764706,1.7129670327718869,90.0,95.0,2.0,1.0,0.0,0.10641344710728223,0.10400877824957112,0.0,0.0
22,1013168,1057412,0,79.93181818181819,2.2197228253742862,76.0,86.0,0.0,1.2389042420341585,0.0,0.04304664694341229,0.06880236094147202,0.0,0.0
22,1020412,1063415,0,80.18181818181819,2.197857709770288,76.0,86.0,3.0,1.2667482633857043,0.0,0.05584325336974421,0.08156926700241944,0.0,0.0
22,1025412,1069760,0,80.76744186046511,2.3411109398459327,76.0,86.0,8.0,1.2724180205607036,0.0,0.06733289130351691,0.102424231451802,0.0,0.0
22,1031412,1075760,0,81.79069767441861,2.074856560297252,79.0,87.0,7.0,1.300183137283433,0.0,0.06656176437715017,0.1028470639086026,0.0,0.0
22,1037412,1081760,0,82.475,2.7293543192484186,79.0,89.0,8.0,1.3587324409735149,0.0,0.06427337342274791,0.1052105480735641,0.0,0.0
22,1043412,1087760,0,83.475,2.9494702914252247,79.0,89.0,5.0,1.3301243435223524,0.0,0.06291081248353711,0.10587015484448051,0.0,0.0
22,1049412,1093760,0,83.975,2.7339303209847903,79.0,89.0,0.0,1.3008872711759818,0.0,0.04988210168873648,0.09920297338421986,0.0,0.0
22,1055412,1099760,0,84.0,2.701851217221259,79.0,89.0,2.0,1.0127393670836666,0.0,0.04454027887454732,0.09889510724653755,0.0,0.0
22,1061412,1101760,0,84.66666666666667,2.1213203435596424,81.0,89.0,2.0,1.01418510567422,0.0,0.02858963591091735,0.0818061541012814,0.0,0.0
22,1069760,1101760,0,85.06666666666666,1.9988885800753267,82.0,89.0,1.0,1.0339078862458586,0.0,0.005401826784890917,0.004001413887824051,0.0,0.0
22,1073760,1101760,0,85.3076923076923,2.0337390871388132,82.0,89.0,1.0,1.0770329614269007,0.0,0.005211642455487405,0.004126440579563804,0.0,0.0
22,1080760,1101760,0,85.13636363636364,2.0067036413312835,82.0,89.0,6.0,0.9759000729485332,0.0,0.004715469320776978,0.004161120548377124,0.0,0.0
22,1085760,1101760,0,84.41176470588235,1.647058823529412,82.0,87.0,4.0,1.0606601717798212,0.0,0.003447970650221812,0.002487898551076628,0.0,0.0
22,1091760,1101760,0,83.54545454545455,1.1570838237598051,82.0,86.0,0.0,1.1832159566199232,0.0,0.0029519054532032994,0.001960968143940573,0.0,0.0
22,1097760,1101760,0,83.0,0.6324555320336759,82.0,84.0,1.0,0.8660254037844386,0.0,0.002327769937544336,0.0008746287748866943,0.0,0.0
22,1685823,1693844,0,80.66666666666667,0.816496580927726,80.0,82.0,2.0,0.5,0.0,0.02134034289268393,0.016168420120991785,0.0,0.0
22,1685823,1699858,0,81.06666666666666,1.2364824660660938,80.0,84.0,2.0,0.6546536707079771,0.0,0.013914459340908318,0.015527712538084272,0.0,0.0
22,1685823,1706049,0,81.42857142857143,1.2177820811947069,80.0,84.0,0.0,0.6324555320336759,0.0,0.012998172059906953,0.0140792972739807,0.0,0.0
22,1685823,1712049,0,81.29629629629629,1.1160384572829158,80.0,84.0,1.0,0.6504436355879909,0.0,0.010965597635502292,0.013026851812014526,0.0,0.0
22,1685823,1718049,0,81.60606060606061,1.253827931247103,80.0,84.0,1.0,0.7288689868556626,0.0,0.010295058192381587,0.01217430601868886,0.0,0.0
22,1685823,1724049,0,81.28205128205128,1.5350389279072578,77.0,84.0,5.0,0.7779866052154991,0.0,0.009179148195208032,0.01154245930654605,0.0,0.0
22,1685823,1730049,0,80.57777777777778,2.3044776596770506,75.0,84.0,5.0,0.7833494518006403,0.0,0.011117252881424738,0.019700548088501222,0.0,0.0
22,1691838,1736052,0,80.33333333333333,2.3851391759997758,75.0,84.0,2.0,0.8528028654224418,0.0,0.01656308473481875,0.034738421091881286,0.0,0.0
22,1697851,1741539,0,80.25,2.5327401618154055,75.0,84.0,6.0,0.9644856443408242,0.0,0.025909580006348718,0.052168945395201026,0.0,0.0
22,1703869,1747539,0,79.61363636363636,2.4046915233172945,75.0,84.0,4.0,1.0115610777177464,0.0,0.04325314206752297,0.07147084897009036,0.0,0.0
22,1710049,1753539,0,78.81818181818181,2.6394965710832685,74.0,84.0,2.0,1.1206310514564426,0.0,0.05317219152108235,0.08251491154042857,0.0,0.0
22,1716049,1759539,0,78.20454545454545,2.3796442195358214,74.0,84.0,6.0,1.0783277320343843,0.0,0.05305531967568917,0.0825557863427274,0.0,0.0
22,1722049,1765539,0,77.8409090909091,1.8701383251973371,74.0,82.0,2.0,1.0565410875907486,0.0,0.05412446251827452,0.0819618609908004,0.0,0.0
22,1728049,1771539,0,78.70454545454545,2.5635517394156797,74.0,86.0,10.0,1.0783277320343843,0.0,0.05431286643148093,0.0818414707693986,0.0,0.0
22,1734049,1774539,0,79.46341463414635,3.147570189268415,74.0,86.0,7.0,1.08397416943394,0.0,0.05449432442743016,0.08371260931912282,0.0,0.0
22,1740539,1774539,0,79.25714285714285,3.332462471273905,74.0,86.0,8.0,1.0289915108550531,0.0,0.050316507424478685,0.08712702055712795,0.0,0.0
22,1745539,1774539,0,79.6,3.4698703145794942,74.0,86.0,7.0,1.0,0.0,0.031425813772415774,0.07042699877478503,0.0,0.0
22,1751539,1774539,0,80.25,3.4308648083731503,75.0,86.0,11.0,0.8597269536210951,0.0,0.007693553921205638,0.004140667159912288,0.0,0.0
22,1757539,1774539,0,81.44444444444444,3.113094605804866,77.0,86.0,9.0,0.8043996665398437,0.0,0.007646721955393963,0.0043214916967270435,0.0,0.0
22,1763539,1774539,0,83.16666666666667,2.3033791601808753,80.0,86.0,6.0,0.8528028654224418,0.0,0.008465117514903699,0.004604751617726686,0.0,0.0
22,1769539,1774539,0,85.16666666666667,1.2133516482134197,83.0,86.0,3.0,1.0,0.0,0.007956521197097879,0.003454862806962586,0.0,0.0
22,3584012,3587012,0,93.0,0.7071067811865476,92.0,94.0,1.0,1.2909944487358056,0.0,0.1477679908820802,0.07400934636170914,0.0,0.0
22,3584012,3587012,0,93.0,0.7071067811865476,92.0,94.0,1.0,1.2909944487358056,0.0,0.1477679908820802,0.07400934636170914,0.0,0.0
22,3584012,3587012,0,93.0,0.7071067811865476,92.0,94.0,1.0,1.2909944487358056,0.0,0.1477679908820802,0.07400934636170914,0.0,0.0
22,3584012,3587012,0,93.0,0.7071067811865476,92.0,94.0,1.0,1.2909944487358056,0.0,0.1477679908820802,0.07400934636170914,0.0,0.0
22,3584012,3587012,0,93.0,0.7071067811865476,92.0,94.0,1.0,1.2909944487358056,0.0,0.1477679908820802,0.07400934636170914,0.0,0.0
22,3584012,3587012,0,93.0,0.7071067811865476,92.0,94.0,1.0,1.2909944487358056,0.0,0.1477679908820802,0.07400934636170914,0.0,0.0
22,3584012,3587012,0,93.0,0.7071067811865476,92.0,94.0,1.0,1.2909944487358056,0.0,0.1477679908820802,0.07400934636170914,0.0,0.0
22,4798179,4801179,0,89.5,1.118033988749895,88.0,91.0,3.0,1.0,0.0,0.04188056391583169,0.04834038540920126,0.0,0.0
22,4798179,4806179,0,88.77777777777777,1.547598697464902,86.0,91.0,1.0,1.2747548783981961,0.0,0.09623623616840898,0.13014116492867428,0.0,0.0
22,4798179,4813179,0,88.93333333333334,1.236482466066094,86.0,91.0,2.0,1.0690449676496976,0.0,0.1150654291329984,0.12514112760573068,0.0,0.0
22,4798179,4818179,0,89.27777777777777,1.4065543223524624,86.0,92.0,1.0,1.0571882797418488,0.0,0.10611087802825275,0.11810949206556942,0.0,0.0
22,4798179,4825179,0,89.0952380952381,1.3768411709334247,86.0,92.0,3.0,1.3228756555322954,0.0,0.09503039800363859,0.11277344126433947,0.0,0.0
22,4798179,4831179,0,88.96296296296296,1.290463065939581,86.0,92.0,1.0,1.192927878405448,0.0,0.07673312102763259,0.1052287614815861,0.0,0.0
22,4798179,4832179,0,89.03571428571429,1.3223934701124012,86.0,92.0,0.0,1.186342028003479,0.0,0.07414031011445109,0.10420718166467265,0.0,0.0
22,4799179,4832179,0,88.96296296296296,1.290463065939581,86.0,92.0,1.0,1.192927878405448,0.0,0.07684057887621941,0.10515306139256723,0.0,0.0
22,4805179,4832179,0,89.23809523809524,1.1507662831994832,88.0,92.0,1.0,1.118033988749895,0.0,0.06064164459792018,0.08404328197579729,0.0,0.0
22,4811179,4832179,0,89.125,1.2686114456365274,88.0,92.0,2.0,1.2110601416389966,0.0,0.06259505778099574,0.0923265911135409,0.0,0.0
22,4818179,4832179,0,88.9090909090909,1.3787046261911908,88.0,92.0,1.0,1.378404875209022,0.0,0.015428253315806405,0.01203436704042398,0.0,0.0
22,4823179,4832179,0,88.6,1.0198039027185568,88.0,91.0,3.0,0.5773502691896257,0.0,0.016593287869608155,0.01201574918358963,0.0,0.0
22,4829179,4832179,0,89.5,1.118033988749895,88.0,91.0,3.0,1.0,0.0,0.015183667675285834,0.006429927817750243,0.0,0.0
22,6871805,6877818,0,83.14285714285714,0.6388765649999399,82.0,84.0,1.0,0.7071067811865476,0.0,0.021762085733378872,0.018938530885647016,0.0,0.0
22,6871805,6883835,0,83.84615384615384,1.3499945211372495,82.0,87.0,3.0,0.7637626158259734,0.0,0.016913010133621655,0.01514382868826734,0.0,0.0
22,6871805,6889852,0,85.05263157894737,2.1392001508317446,82.0,89.0,5.0,0.7817359599705717,0.0,0.026404642003688833,0.03453093191934238,0.0,0.0
22,6871805,6895884,0,85.84,2.377898231632296,82.0,90.0,3.0,0.7905694150420949,0.0,0.04477060137337488,0.08626191214664095,0.0,0.0
22,6871805,6901892,0,86.09677419354838,2.2194861176476874,82.0,90.0,4.0,0.8563488385776752,0.0,0.04161772079340917,0.07857110232611954,0.0,0.0
22,6871805,6907902,0,86.20588235294117,2.1526920460164987,82.0,90.0,4.0,0.8528028654224418,0.0,0.0399219417652759,0.07534334219269344,0.0,0.0
22,6871805,6913941,0,86.8048780487805,2.431696308412589,82.0,92.0,8.0,0.8366600265340756,0.0,0.04435173537155617,0.07205950319641635,0.0,0.0
22,6875812,6914941,0,87.28947368421052,2.3831413891933537,82.0,92.0,10.0,0.8382736442849094,0.0,0.04949922726158778,0.07489426175952643,0.0,0.0
22,6881830,6926119,0,88.22857142857143,1.6050939320215016,85.0,92.0,5.0,0.985184366143778,0.0,0.05791651099684025,0.07846212886891943,0.0,0.0
22,6887847,6927119,0,88.6,1.518771433319269,86.0,92.0,3.0,1.0,0.0,0.0615996948321461,0.08076036226410434,0.0,0.0
22,6893884,6927119,0,88.625,1.6282019735483269,86.0,92.0,2.0,1.0215078369104984,0.0,0.06560156886982656,0.08635600759458052,0.0,0.0
23,1084786,1129291,0,79.04545454545455,2.392740397863974,75.0,84.0,2.0,1.2199885626608373,0.0,0.036630227682521006,0.04550605910398607,0.0,0.0
23,1090793,1135291,0,79.06818181818181,2.3393640090721557,75.0,84.0,3.0,1.1713637450663281,0.0,0.03503227032445392,0.04537771646035926,0.0,0.0
23,1096799,1141291,0,78.54545454545455,2.3105936412979697,75.0,84.0,3.0,1.151338957626657,0.0,0.03507250272023545,0.04534651690917903,0.0,0.0
23,1102809,1147291,0,78.55813953488372,2.2443969053850767,75.0,84.0,0.0,1.0690449676496976,0.0,0.03489462735794318,0.04575498471691639,0.0,0.0
23,1110291,1153291,0,78.52272727272727,2.2308644509129434,75.0,84.0,1.0,1.0454775252553032,0.0,0.024957846692552525,0.034729534138312715,0.0,0.0
23,1115291,1159291,0,78.62222222222222,2.213984732346122,75.0,84.0,1.0,0.9885710532241612,0.0,0.01936524444037119,0.006308213382591668,0.0,0.0
23,1121291,1165291,0,78.75555555555556,2.386588039259353,75.0,84.0,2.0,0.9534625892455924,0.0,0.020859829705868933,0.011781230979629414,0.0,0.0
23,1127291,1171291,0,78.37777777777778,1.9239876286145212,75.0,83.0,0.0,0.8528028654224418,0.0,0.02079772838647383,0.011761473699610715,0.0,0.0
23,1133291,1173291,0,78.46341463414635,1.9518291730480541,77.0,83.0,0.0,0.5916079783099616,0.0,0.020646685288855327,0.012280653991636834,0.0,0.0
23,1139291,1173291,0,78.71428571428571,2.0081466732349234,77.0,83.0,0.0,0.6416889479197478,0.0,0.0211091682479365,0.013147573285459372,0.0,0.0
23,1145291,1173291,0,79.06896551724138,2.0330210997218865,77.0,83.0,0.0,0.7071067811865476,0.0,0.021115730730322437,0.014372703474960807,0.0,0.0
23,1151291,1173291,0,79.6086956521739,1.9502314340874611,77.0,83.0,0.0,0.7977240352174656,0.0,0.02376145968960541,0.014696672599663748,0.0,0.0
23,1157291,1173291,0,80.17647058823529,1.9474053361466883,77.0,83.0,3.0,0.82915619758885,0.0,0.025192224765287527,0.01643819874796561,0.0,0.0
23,1163291,1173291,0,79.81818181818181,2.124240262826895,77.0,83.0,6.0,0.7745966692414834,0.0,0.0272458234526521,0.019604335879596303,0.0,0.0
23,1169291,1173291,0,77.8,0.7483314773547882,77.0,79.0,2.0,0.7071067811865476,0.0,0.01936706484912445,0.006220173013961196,0.0,0.0
23,4595797,4602810,1,74.5,0.5,74.0,75.0,1.0,0.3779644730092272,0.0,0.008561174465752386,0.010653380362479955,0.0,0.0
23,4595797,4608146,1,74.6923076923077,0.910166120476864,74.0,77.0,2.0,0.7071067811865476,0.0,0.010252427425538026,0.01116667519325766,0.0,0.0
23,4595797,4615146,1,75.52631578947368,1.4642555519203742,74.0,78.0,2.0,0.7453559924999299,0.0,0.014519449777936242,0.014105027424814542,0.0,0.0
23,4595797,4621146,1,75.72,1.3422369388450015,74.0,78.0,1.0,0.67700320038633,0.0,0.03697113553368307,0.053429115481662376,0.0,0.0
23,4595797,4627146,1,75.74193548387096,1.343268568623033,74.0,78.0,1.0,0.8366600265340756,0.0,0.048334503680893724,0.05941369879921517,0.0,0.0
23,4595797,4632146,1,75.69444444444444,1.350297178081848,73.0,78.0,0.0,0.9856107606091623,0.0,0.05774449001989837,0.06467336551548043,0.0,0.0
23,4595797,4632146,1,75.69444444444444,1.350297178081848,73.0,78.0,0.0,0.9856107606091623,0.0,0.05774449001989837,0.06467336551548043,0.0,0.0
23,4600800,4632146,1,75.83870967741936,1.393458778480979,73.0,78.0,1.0,1.0488088481701516,0.0,0.06545462178474805,0.06637132532268586,0.0,0.0
23,4607146,4650146,1,76.18518518518519,1.1874977438430665,73.0,78.0,1.0,1.0561177090573832,0.0,0.07489582599383951,0.06635154576111821,0.0,0.0
23,4613146,4653146,1,76.04347826086956,1.1970347737335831,73.0,78.0,0.0,1.1677484162422844,0.0,0.08415833702068075,0.06767321092474873,0.0,0.0
23,4619146,4663146,1,75.52380952380952,1.1388819755334665,73.0,78.0,2.0,1.2649110640673518,0.0,0.07652660362988979,0.06818613669004302,0.0,0.0
23,4625146,4669729,1,74.57142857142857,1.2936264483053452,72.0,77.0,2.0,1.140175425099138,0.0,0.06491320984671006,0.06484048810695456,0.0,0.0
23,4631146,4675729,1,73.57142857142857,1.7612611437054218,70.0,77.0,4.0,1.0488088481701516,0.0,0.03600121547589174,0.03347717634541818,0.0,0.0
23,4649146,4681729,1,73.08,1.7417232845661792,70.0,77.0,0.0,1.0801234497346435,0.0,0.030275699969919044,0.033051411563897494,0.0,0.0
23,4649146,4684729,1,73.17857142857143,1.6914400337449458,70.0,77.0,2.0,1.0540925533894598,0.0,0.028516167963945443,0.03177941115504884,0.0,0.0
23,4649146,4684729,1,73.17857142857143,1.6914400337449458,70.0,77.0,2.0,1.0540925533894598,0.0,0.028516167963945443,0.03177941115504884,0.0,0.0
23,4660146,4684729,1,72.88,1.5051910177781422,70.0,75.0,2.0,0.9574271077563381,0.0,0.02992704377262236,0.03268894957787228,0.0,0.0
23,4661146,4684729,1,72.79166666666667,1.4713702985841313,70.0,75.0,2.0,0.9780192938436515,0.0,0.030815141010105948,0.03306619345512455,0.0,0.0
23,4667147,4684729,1,72.33333333333333,1.3743685418725535,70.0,75.0,1.0,1.0571882797418488,0.0,0.026761275397325323,0.030995803109870625,0.0,0.0
23,4673729,4684729,1,72.66666666666667,1.3743685418725535,71.0,75.0,1.0,1.0,0.0,0.022914079365390683,0.025477392239412845,0.0,0.0
23,4679729,4684729,1,73.66666666666667,1.1055415967851334,72.0,75.0,1.0,1.1832159566199232,0.0,0.00970811234926966,0.008479846963759427,0.0,0.0
23,5011288,5023288,1,79.66666666666667,0.7453559924999299,79.0,81.0,2.0,0.8944271909999159,0.0,0.04659287673573107,0.040243439156355185,0.0,0.0
23,5011288,5029288,1,80.0,1.0540925533894598,79.0,82.0,3.0,1.4577379737113252,0.0,0.034624194986986406,0.03704111790796534,0.0,0.0
23,5011288,5035288,1,79.4,1.451436070471816,77.0,82.0,2.0,1.3093073414159542,0.0,0.02373445230809447,0.03179809340332352,0.0,0.0
23,5011288,5041288,1,78.52380952380952,1.892819706128742,75.0,82.0,2.0,1.224744871391589,0.0,0.020855487947861233,0.027406327649926454,0.0,0.0
23,5011288,5047288,1,77.88888888888889,2.114033065604494,74.0,82.0,2.0,1.270977818604485,0.0,0.01870444375854762,0.025523305188384953,0.0,0.0
23,5011288,5053288,1,77.40625,2.2480460265528373,74.0,82.0,5.0,1.2313119150962784,0.0,0.017445478206748417,0.023878631314778496,0.0,0.0
23,5017288,5058288,1,76.69444444444444,2.6751889283691974,72.0,82.0,7.0,1.2071217242444348,0.0,0.01885088881725603,0.023247431728276705,0.0,0.0
23,5023288,5065288,1,76.02702702702703,2.60442955819386,72.0,82.0,7.0,1.4043582955293932,0.0,0.018006333138263907,0.020579555125763954,0.0,0.0
23,5027288,5071288,1,75.7,2.238302928559939,72.0,82.0,4.0,1.3587324409735149,0.0,0.01830272197291161,0.020162845077913688,0.0,0.0
23,5033288,5077288,1,75.02439024390245,1.4731384263942926,72.0,78.0,2.0,1.2449899597988732,0.0,0.018859858040587187,0.019815583897417926,0.0,0.0
23,5039288,5083288,1,74.65853658536585,1.2612374120827214,72.0,77.0,1.0,1.2942179105544784,0.0,0.018345790768622444,0.02036111721091264,0.0,0.0
23,5045288,5084288,1,74.41666666666667,1.114924013354971,72.0,77.0,0.0,1.3309502512973848,0.0,0.01859066721034343,0.02098242054182974,0.0,0.0
23,5051288,5084288,1,74.29032258064517,1.0834100402417204,72.0,76.0,0.0,1.2649110640673518,0.0,0.01993751850479461,0.022023059873392783,0.0,0.0
23,5057288,5084288,1,74.44,1.0229369482035537,72.0,76.0,2.0,1.35400640077266,0.0,0.022373839310623554,0.02371377708253932,0.0,0.0
23,5063288,5084288,1,74.61904761904762,0.8984743935292003,72.0,76.0,3.0,1.2041594578792296,0.0,0.021292763509619044,0.024815003874898066,0.0,0.0
23,5069288,5084288,1,74.625,0.5994789404140899,74.0,76.0,0.0,0.9660917830792959,0.0,0.009894341828052707,0.009249163352985439,0.0,0.0
23,5075288,5084288,1,74.6,0.66332495807108,74.0,76.0,1.0,1.1055415967851334,0.0,0.009273648864489406,0.010676723132834633,0.0,0.0
23,5081288,5084288,1,74.5,0.5,74.0,75.0,1.0,1.0,0.0,0.012588300619551416,0.012962875089280176,0.0,0.0
23,5834131,5839138,1,70.66666666666667,1.4907119849998598,69.0,73.0,4.0,0.8944271909999159,0.0,0.017705322978110605,0.018868516528368802,0.0,0.0
23,5834131,5844988,1,72.9090909090909,2.778310325442932,69.0,77.0,7.0,0.9486832980505138,0.0,0.0590913296607995,0.07121740729830048,0.0,0.0
23,5834131,5850988,1,74.47058823529412,3.1081987796759782,69.0,78.0,8.0,0.8660254037844386,0.0,0.05763982545470979,0.059548527365664176,0.0,0.0
23,5834131,5856988,1,75.52173913043478,3.2285353418672993,69.0,80.0,9.0,0.9293203772845852,0.0,0.06592019628462899,0.06276899814629495,0.0,0.0
23,5834131,5862988,1,75.72413793103448,2.9348859077176845,69.0,80.0,6.0,1.0,0.0,0.05885609610831824,0.059009547506837325,0.0,0.0
23,5834131,5868988,1,75.6,2.696028825619531,69.0,80.0,5.0,0.954863710632231,0.0,0.06071595825779676,0.05616137549494652,0.0,0.0
23,5834131,5874988,1,75.21951219512195,2.673375459491662,69.0,80.0,3.0,0.9082951062292475,0.0,0.056019310782427195,0.05395064969469197,0.0,0.0
23,5837135,5880988,1,75.06818181818181,2.5619393158018475,70.0,80.0,0.0,0.914991421995628,0.0,0.061356453719551715,0.05367711483838224,0.0,0.0
23,5842988,5886988,1,75.35555555555555,2.450900565148842,70.0,80.0,1.0,0.9653072991634227,0.0,0.055325905919932694,0.04509921546302447,0.0,0.0
23,5848988,5892988,1,75.66666666666667,2.7648588471103626,70.0,81.0,1.0,1.0552897060221726,0.0,0.05311434453186064,0.04524540582639588,0.0,0.0
23,5854988,5898988,1,75.33333333333333,2.556038601690775,70.0,81.0,1.0,1.0552897060221726,0.0,0.046687919931612594,0.03874439620881246,0.0,0.0
23,5860988,5904988,1,75.42222222222222,2.6372451020705423,70.0,81.0,0.0,1.044465935734187,0.0,0.05230843549111042,0.045790679955093914,0.0,0.0
23,5866988,5910988,1,75.0,2.882899774725287,70.0,81.0,4.0,1.1078234188139946,0.0,0.05140616730068523,0.04744683980104537,0.0,0.0
23,5872988,5915988,1,74.61363636363636,3.2488872856781783,69.0,81.0,1.0,1.1713637450663281,0.0,0.04797634548607677,0.0468479964823381,0.0,0.0
23,5878988,5922988,1,75.31818181818181,3.19639518031803,69.0,81.0,4.0,1.5096588248481377,0.023255813953488372,0.055595574723349465,0.061714109362557945,0.0,0.0
23,5884988,5923988,1,75.76923076923077,3.075640758435662,69.0,81.0,2.0,1.504379571363837,0.02631578947368421,0.05259346395529919,0.061888617338071945,0.0,0.0
23,5890988,5923988,1,75.3030303030303,3.0499363975966376,69.0,80.0,5.0,1.571225636247067,0.03125,0.058282362100717716,0.06543709229063653,0.0,0.0
23,5896988,5923988,1,74.96296296296296,3.167911819310089,69.0,79.0,1.0,1.6052797503622467,0.038461538461538464,0.05786493733381275,0.07078822463764764,0.0,0.0
23,5902988,5923988,1,74.28571428571429,3.238795442501324,69.0,79.0,4.0,1.760681686165901,0.05,0.06549005628921428,0.07704557350735088,0.0,0.0
23,5908988,5923988,1,73.6,3.282275633357645,69.0,79.0,4.0,1.889822365046136,0.07142857142857142,0.05528112748380249,0.07588683632735112,0.0,0.0
23,5914988,5923988,1,75.77777777777777,2.3934065809486684,72.0,79.0,3.0,2.318404623873926,0.125,0.07198611469906148,0.0915760121527569,0.0,0.0
23,5920988,5923988,1,75.75,0.82915619758885,75.0,77.0,2.0,0.816496580927726,0.0,0.039971603349328796,0.02487036083021039,0.0,0.0
23,7075084,7081091,1,75.85714285714286,2.9485382057928993,71.0,80.0,9.0,1.5811388300841898,0.0,0.014215632702061182,0.0031450003261239905,0.0,0.0
23,7075084,7087100,1,73.46153846153847,3.455550376187108,69.0,80.0,9.0,1.3844373104863459,0.0,0.018186497542770325,0.009869458729805628,0.0,0.0
23,7075084,7093108,1,73.36842105263158,2.959561246212537,69.0,80.0,5.0,1.224744871391589,0.0,0.017762559830034913,0.0100311952571477,0.0,0.0
23,7075084,7099115,1,73.88,2.7758962516635957,69.0,80.0,6.0,1.1902380714238083,0.0,0.02676585424191735,0.03428848265326069,0.0,0.0
23,7075084,7105125,1,74.03225806451613,2.520674141365974,69.0,80.0,5.0,1.1105554165971787,0.0,0.028717191572279317,0.03441158604314168,0.0,0.0
23,7075084,7111131,1,74.35135135135135,2.451874255144157,69.0,80.0,2.0,1.1055415967851334,0.0,0.02834366472240251,0.032172784275832644,0.0,0.0
23,7075084,7117146,1,74.65116279069767,2.410092354982626,69.0,80.0,4.0,1.0465362369445672,0.0,0.02956614420921476,0.03036312892949379,0.0,0.0
23,7079089,7123585,1,74.47727272727273,2.168877342225658,69.0,78.0,2.0,1.034295625950562,0.0,0.044469449065671345,0.05936312424046411,0.0,0.0
23,7085097,7129585,1,75.13636363636364,2.0515061993448653,69.0,78.0,7.0,0.9764672918705589,0.0,0.04687365446842873,0.05883536875334894,0.0,0.0
23,7091106,7135585,1,75.70454545454545,1.1980959411906547,74.0,78.0,2.0,1.034295625950562,0.0,0.05841808718773243,0.0709042278876681,0.0,0.0
23,7097112,7141585,1,75.72727272727273,1.2497933713515927,73.0,78.0,2.0,1.1411948043149114,0.0,0.05711643388898595,0.06894424902221274,0.0,0.0
23,7103122,7147585,1,75.9090909090909,1.258032045736186,73.0,78.0,1.0,1.1910519095164538,0.0,0.06211745923035122,0.07562818324494484,0.0,0.0
23,7109129,7153585,1,76.11363636363636,1.1719430076685216,73.0,78.0,1.0,1.1713637450663281,0.0,0.0649549191660488,0.07642067791642285,0.0,0.0
23,7115144,7159585,1,76.06818181818181,1.1361363409045442,73.0,78.0,0.0,1.1613945106217463,0.0,0.06604733870370137,0.07670992599241407,0.0,0.0
24,4823753,4859753,0,96.5,1.2583057392117916,94.0,98.0,1.0,2.04939015319192,0.0,0.1657577394195238,0.12603068839243925,0.0,0.0
24,4823753,4859753,0,96.5,1.2583057392117916,94.0,98.0,1.0,2.04939015319192,0.0,0.1657577394195238,0.12603068839243925,0.0,0.0
24,4849753,4859753,0,96.6,1.3564659966250534,94.0,98.0,3.0,2.0615528128088303,0.0,0.18859919263504757,0.1262144579278649,0.0,0.0
24,4849753,4859753,0,96.6,1.3564659966250534,94.0,98.0,3.0,2.0615528128088303,0.0,0.18859919263504757,0.1262144579278649,0.0,0.0
24,4849753,4859753,0,96.6,1.3564659966250534,94.0,98.0,3.0,2.0615528128088303,0.0,0.18859919263504757,0.1262144579278649,0.0,0.0
24,4849753,4859753,0,96.6,1.3564659966250534,94.0,98.0,3.0,2.0615528128088303,0.0,0.18859919263504757,0.1262144579278649,0.0,0.0
24,4854753,4859753,0,97.25,0.4330127018922193,97.0,98.0,1.0,0.5773502691896257,0.0,0.15991226218791155,0.12568974439124647,0.0,0.0
24,6641824,6648847,0,102.85714285714286,1.124858267715973,102.0,105.0,3.0,0.7071067811865476,0.0,0.057702697113096627,0.0631076292339887,0.0,0.0
24,6641824,6654847,0,102.23076923076923,1.1200169060431568,101.0,105.0,3.0,0.6454972243679028,0.0,0.05426334795202223,0.058100009033216465,0.0,0.0
24,6641824,6660847,0,102.47368421052632,0.9930506454796425,101.0,105.0,2.0,0.5773502691896257,0.0,0.039993881501046505,0.05258393234602346,0.0,0.0
24,6641824,6666847,0,102.36,0.8890444308357148,101.0,105.0,3.0,0.5400617248673217,0.0,0.03458111649766915,0.04722033227586843,0.0,0.0
24,6641824,6672847,0,102.12903225806451,1.0077741517298908,100.0,105.0,5.0,0.5477225575051661,0.0,0.030333254419277075,0.04343583023090009,0.0,0.0
24,6641824,6678847,0,101.62162162162163,1.513030811057125,98.0,105.0,7.0,0.5527707983925667,0.0,0.029279896839400257,0.04109435938709346,0.0,0.0
24,6641824,6684847,0,101.11627906976744,1.9072603305872255,97.0,105.0,8.0,0.5773502691896257,0.0,0.029416273189232137,0.03932039275335126,0.0,0.0
24,6646847,6687847,0,100.14285714285714,3.1590491982137117,90.0,103.0,10.0,1.2493900951088486,0.024390243902439025,0.03243730246764346,0.04221154930770496,0.0,0.0
24,6652847,6687847,0,99.88888888888889,3.3398085255975865,90.0,103.0,9.0,1.3416407864998738,0.02857142857142857,0.023171635776757682,0.02859652204373423,0.0,0.0
24,6658847,6687847,0,99.4,3.440930106817051,90.0,103.0,11.0,1.450326954814696,0.034482758620689655,0.026007673097473687,0.030441376449513464,0.0,0.0
24,6664847,6707847,0,98.56,3.3714092009128764,90.0,102.0,5.0,1.8819316317727024,0.041666666666666664,0.029818101698564154,0.03214548587543567,0.0,0.0
24,6670847,6714847,0,97.29166666666667,2.8647159060231826,90.0,101.0,3.0,1.944892977943047,0.043478260869565216,0.037244809199380356,0.036649394214329105,0.0,0.0
24,6676847,6717847,0,96.71428571428571,2.6751565533691695,90.0,99.0,1.0,2.085665361461421,0.05,0.04874637594914696,0.04410757170946976,0.0,0.0
24,6682847,6726847,0,96.84210526315789,3.030774747134309,90.0,101.0,2.0,2.3333333333333335,0.05555555555555555,0.06030686684809623,0.04465480679286447,0.0,0.0
24,6707847,6730847,0,98.3125,1.4882351124738322,96.0,101.0,2.0,1.1547005383792515,0.0,0.06040505434695054,0.042422577685683936,0.0,0.0
24,6707847,6730847,0,98.3125,1.4882351124738322,96.0,101.0,2.0,1.1547005383792515,0.0,0.06040505434695054,0.042422577685683936,0.0,0.0
24,6707847,6730847,0,98.3125,1.4882351124738322,96.0,101.0,2.0,1.1547005383792515,0.0,0.06040505434695054,0.042422577685683936,0.0,0.0
24,6707847,6730847,0,98.3125,1.4882351124738322,96.0,101.0,2.0,1.1547005383792515,0.0,0.06040505434695054,0.042422577685683936,0.0,0.0
24,6712847,6730847,0,98.76923076923077,1.2498520622516862,96.0,101.0,3.0,1.2583057392117916,0.0,0.05682194800192128,0.04398380225075549,0.0,0.0
24,6721847,6730847,0,99.57142857142857,0.7284313590846836,99.0,101.0,2.0,1.0,0.0,0.06665065211864597,0.03352958308959203,0.0,0.0
24,6724847,6730847,0,99.33333333333333,0.4714045207910317,99.0,100.0,0.0,0.6324555320336759,0.0,0.07606071182440481,0.02630134090739875,0.0,0.0
24,7496275,7532293,1,89.0,2.5495097567963922,86.0,92.0,5.0,3.0,0.0,0.017485211476301925,0.01406742585065999,0.0,0.0
24,7521428,7548293,1,83.5,2.5,80.0,87.0,7.0,1.4832396974191326,0.0,0.03752607975720432,0.02210690000018177,0.0,0.0
24,7521428,7554293,1,81.33333333333333,2.8087165910587863,79.0,87.0,8.0,1.1281521496355325,0.0,0.052474992988497525,0.04366421812559488,0.0,0.0
24,7521428,7560293,1,81.5,2.386303510546059,79.0,87.0,5.0,1.0571882797418488,0.0,0.059420610441853414,0.05979719875158356,0.0,0.0
24,7532293,7566293,1,81.04545454545455,1.9418190330267115,78.0,86.0,8.0,1.0690449676496976,0.0,0.08808542144278689,0.11317218565710975,0.0,0.0
24,7532293,7567293,1,80.8695652173913,2.070587982572288,77.0,86.0,9.0,1.0660035817780522,0.0,0.08911400166226359,0.11078967457745793,0.0,0.0
24,7543293,7567293,1,80.63636363636364,1.7976109030259262,77.0,84.0,7.0,1.0,0.0,0.09312512325194972,0.1116343489531888,0.0,0.0
24,7543293,7584293,1,80.79166666666667,1.8022940628235142,77.0,84.0,2.0,1.5879984667608413,0.043478260869565216,0.0908155223304657,0.10728190749488149,0.0,0.0
24,7547293,7584293,1,80.54545454545455,1.6713433009863847,77.0,83.0,1.0,1.5886502207249789,0.047619047619047616,0.09533428727595403,0.1107711653598201,0.0,0.0
24,7552293,7584293,1,80.82352941176471,1.7568452380080093,77.0,83.0,3.0,1.7853571071357126,0.0625,0.10183303807925827,0.12216857737728755,0.0,0.0
24,7558293,7584293,1,81.18181818181819,1.9455395053666085,77.0,83.0,1.0,2.1213203435596424,0.1,0.12468039318506617,0.1423840372892713,0.0,0.0
24,7564293,7584293,1,80.0,2.280350850198276,77.0,83.0,2.0,3.24037034920393,0.25,0.05655833698045698,0.03627013218025681,0.0,0.0
24,8892632,8894638,0,93.75,0.82915619758885,93.0,95.0,2.0,0.816496580927726,0.0,0.15655849553710943,0.10631452911149418,0.0,0.0
24,8892632,8894638,0,93.75,0.82915619758885,93.0,95.0,2.0,0.816496580927726,0.0,0.15655849553710943,0.10631452911149418,0.0,0.0
24,8892632,8894638,0,93.75,0.82915619758885,93.0,95.0,2.0,0.816496580927726,0.0,0.15655849553710943,0.10631452911149418,0.0,0.0
24,8892632,8916756,0,89.83333333333333,5.580223014261069,82.0,95.0,11.0,5.848076606885378,0.2,0.11624569411564051,0.10408369350576212,0.0,0.0
24,8892632,8921756,0,88.0909090909091,4.58167387940151,82.0,95.0,6.0,4.266145801540309,0.1,0.0740092423237187,0.08990042470518884,0.0,0.0
24,8892632,8921756,0,88.0909090909091,4.58167387940151,82.0,95.0,6.0,4.266145801540309,0.1,0.0740092423237187,0.08990042470518884,0.0,0.0
24,8892632,8921756,0,88.0909090909091,4.58167387940151,82.0,95.0,6.0,4.266145801540309,0.1,0.0740092423237187,0.08990042470518884,0.0,0.0
24,8915756,8921756,0,84.85714285714286,1.9587584572574412,82.0,87.0,5.0,1.35400640077266,0.0,0.026838240487495415,0.011075022470965675,0.0,0.0
25,448063,486063,1,89.80952380952381,1.219642711891971,87.0,91.0,0.0,1.0,0.0,0.15074561462491784,0.14055375715676297,0.0,0.0
25,454063,486063,1,89.86666666666666,1.3597385369580761,87.0,91.0,2.0,1.1338934190276817,0.0,0.17494371432616823,0.15432169988675196,0.0,0.0
25,460063,486063,1,89.11111111111111,1.286204100310025,87.0,91.0,2.0,1.5,0.0,0.1583189150342121,0.08319448339427059,0.0,0.0
25,480063,516413,1,88.5,1.3228756555322954,87.0,91.0,4.0,0.7559289460184544,0.0,0.17667754958383114,0.08958470497712395,0.0,0.0
25,480063,521413,1,87.38461538461539,1.7775723089678988,85.0,91.0,6.0,0.7071067811865476,0.0,0.15064676297096422,0.13404635273831414,0.0,0.0
25,485063,521413,1,87.08333333333333,1.4976833963009524,85.0,90.0,5.0,0.674199862463242,0.0,0.15951679623429227,0.1358049558549999,0.0,0.0
25,512413,521413,1,86.6,1.1135528725660042,85.0,88.0,3.0,0.5773502691896257,0.0,0.1361783658264441,0.136647683575054,0.0,0.0
25,512413,521413,1,86.6,1.1135528725660042,85.0,88.0,3.0,0.5773502691896257,0.0,0.1361783658264441,0.136647683575054,0.0,0.0
25,512413,521413,1,86.6,1.1135528725660042,85.0,88.0,3.0,0.5773502691896257,0.0,0.1361783658264441,0.136647683575054,0.0,0.0
25,512413,521413,1,86.6,1.1135528725660042,85.0,88.0,3.0,0.5773502691896257,0.0,0.1361783658264441,0.136647683575054,0.0,0.0
25,514413,521413,1,86.25,0.9682458365518543,85.0,88.0,3.0,0.6546536707079771,0.0,0.1388543975977391,0.1521045515743974,0.0,0.0
25,1185496,1200496,1,87.5,4.330127018922194,85.0,95.0,10.0,5.773502691896258,0.3333333333333333,0.08969529133522344,0.03341404422643689,0.0,0.0
25,1185496,1202496,1,87.33333333333333,3.543381937578217,85.0,95.0,8.0,4.560701700396552,0.2,0.0969525321839828,0.03237725012076968,0.0,0.0
25,1185496,1202496,1,87.33333333333333,3.543381937578217,85.0,95.0,8.0,4.560701700396552,0.2,0.0969525321839828,0.03237725012076968,0.0,0.0
25,1185496,1202496,1,87.33333333333333,3.543381937578217,85.0,95.0,8.0,4.560701700396552,0.2,0.0969525321839828,0.03237725012076968,0.0,0.0
25,1185496,1202496,1,87.33333333333333,3.543381937578217,85.0,95.0,8.0,4.560701700396552,0.2,0.0969525321839828,0.03237725012076968,0.0,0.0
25,1198496,1229496,1,88.125,3.0998991919093113,85.0,92.0,7.0,2.0354009783964297,0.0,0.09004884261804547,0.03247356034764411,0.0,0.0
25,1198496,1229496,1,88.125,3.0998991919093113,85.0,92.0,7.0,2.0354009783964297,0.0,0.09004884261804547,0.03247356034764411,0.0,0.0
25,1198496,1229496,1,88.125,3.0998991919093113,85.0,92.0,7.0,2.0354009783964297,0.0,0.09004884261804547,0.03247356034764411,0.0,0.0
25,6464206,6473197,0,105.75,0.82915619758885,105.0,107.0,1.0,1.2909944487358056,0.0,0.044389036157834454,0.05258088235835243,0.0,0.0
25,6464206,6479197,0,105.75,0.6614378277661477,105.0,107.0,1.0,1.0,0.0,0.02696401336256843,0.04115591648828711,0.0,0.0
25,6464206,6479197,0,105.75,0.6614378277661477,105.0,107.0,1.0,1.0,0.0,0.02696401336256843,0.04115591648828711,0.0,0.0
25,6464206,6479197,0,105.75,0.6614378277661477,105.0,107.0,1.0,1.0,0.0,0.02696401336256843,0.04115591648828711,0.0,0.0
25,6464206,6479197,0,105.75,0.6614378277661477,105.0,107.0,1.0,1.0,0.0,0.02696401336256843,0.04115591648828711,0.0,0.0
25,6464206,6479197,0,105.75,0.6614378277661477,105.0,107.0,1.0,1.0,0.0,0.02696401336256843,0.04115591648828711,0.0,0.0
25,6466212,6479197,0,105.83333333333333,0.6871842709362769,105.0,107.0,0.0,1.0954451150103321,0.0,0.03425818940635247,0.045179744198715115,0.0,0.0
25,6473197,6479197,0,106.0,0.6324555320336759,105.0,107.0,2.0,0.7071067811865476,0.0,0.01451925346562038,0.010568708085648292,0.0,0.0
25,6525197,6533197,0,92.4,1.624807680927192,90.0,94.0,3.0,2.179449471770337,0.0,0.023956451269520708,0.026120284201636562,0.0,0.0
25,6525197,6533197,0,92.4,1.624807680927192,90.0,94.0,3.0,2.179449471770337,0.0,0.023956451269520708,0.026120284201636562,0.0,0.0
25,6525197,6542197,0,91.33333333333333,2.808716591058786,86.0,94.0,5.0,4.0743097574926725,0.2,0.03600960583823328,0.035985419004530214,0.0,0.0
25,6525197,6542197,0,91.33333333333333,2.808716591058786,86.0,94.0,5.0,4.0743097574926725,0.2,0.03600960583823328,0.035985419004530214,0.0,0.0
25,6525197,6542197,0,91.33333333333333,2.808716591058786,86.0,94.0,5.0,4.0743097574926725,0.2,0.03600960583823328,0.035985419004530214,0.0,0.0
25,6525197,6542197,0,91.33333333333333,2.808716591058786,86.0,94.0,5.0,4.0743097574926725,0.2,0.03600960583823328,0.035985419004530214,0.0,0.0
25,6526197,6542197,0,91.4,3.0724582991474434,86.0,94.0,4.0,4.527692569068709,0.25,0.042772880763194125,0.03576994731411133,0.0,0.0
26,5976368,6021080,1,94.54285714285714,4.8067979073858496,85.0,100.0,13.0,1.0981267472114393,0.0,0.04069649469664916,0.06580237168865873,0.0,0.0
26,5983080,6027080,1,93.11111111111111,5.059522253345543,85.0,100.0,7.0,1.1084094137869043,0.0,0.03873933126130544,0.05371438187925302,0.0,0.0
26,5989080,6030080,1,92.02941176470588,4.6871871291203,85.0,100.0,11.0,1.087114613009218,0.0,0.05262592347401901,0.0630353862705284,0.0,0.0
26,5995080,6039080,1,90.87096774193549,3.696047893523226,85.0,97.0,2.0,1.3416407864998738,0.0,0.16013769352304663,0.3770117657799808,0.0,0.0
27,2507324,2551351,0,70.13636363636364,3.415146137502152,65.0,75.0,5.0,0.7924058156930615,0.0,0.0035341705540576944,0.002613098040076519,0.0,0.0
27,2513344,2557351,0,69.77272727272727,3.469763132887764,65.0,75.0,1.0,0.8490761052804039,0.0,0.0029487243917900186,0.0018247624592496732,0.0,0.0
27,2520351,2563351,0,69.29545454545455,3.2792706052534517,65.0,75.0,7.0,0.8212299340934686,0.0,0.0029214077165380147,0.0017662591976592135,0.0,0.0
27,2525351,2569351,0,68.11111111111111,2.8144249242644563,64.0,75.0,11.0,0.8660254037844386,0.0,0.003099426766447501,0.0017408156006675315,0.0,0.0
27,2531351,2575351,0,66.55555555555556,2.6124110239441056,61.0,71.0,10.0,0.8528028654224418,0.0,0.0029822645562816693,0.0017893451182934526,0.0,0.0
27,2537351,2581351,0,65.4888888888889,2.833311546757196,61.0,70.0,5.0,0.8118441408859887,0.0,0.0028341756377730657,0.0016720507153235428,0.0,0.0
27,2543351,2587351,0,64.71111111111111,3.023039105287718,61.0,70.0,5.0,0.6571287406727709,0.0,0.002783880593755161,0.0016372407356048326,0.0,0.0
27,2549351,2593351,0,64.35555555555555,3.0706897926148664,61.0,70.0,1.0,0.6571287406727709,0.0,0.0026406938520121127,0.0015916812286065033,0.0,0.0
27,2555351,2596351,0,64.07142857142857,3.04249942006378,61.0,70.0,4.0,0.6246950475544243,0.0,0.0025154846445907915,0.0014567887691958673,0.0,0.0
27,2561351,2596351,0,63.166666666666664,2.242270674512285,61.0,69.0,4.0,0.6324555320336759,0.0,0.002549271592303829,0.0015278982791883512,0.0,0.0
27,2567351,2596351,0,62.36666666666667,1.3535960336164639,61.0,65.0,0.0,0.5872202195147035,0.0,0.002352861610933526,0.001440588583321833,0.0,0.0
27,2573351,2596351,0,62.125,1.3010412496663328,61.0,65.0,3.0,0.5516772843673705,0.0,0.0022368272356292863,0.0014578879234506598,0.0,0.0
27,2579351,2596351,0,62.388888888888886,1.37997137204158,61.0,65.0,3.0,0.5423261445466404,0.0,0.0022200601742352077,0.0014282811066865725,0.0,0.0
27,2585351,2596351,0,63.0,1.2909944487358056,61.0,65.0,4.0,0.6030226891555273,0.0,0.0020178631457492867,0.0014420010090451033,0.0,0.0
27,2591351,2596351,0,64.16666666666667,0.6871842709362769,63.0,65.0,2.0,0.6324555320336759,0.0,0.0021972907927412543,0.0018820138087283379,0.0,0.0
27,3209855,3217884,0,67.77777777777777,0.6285393610547089,67.0,69.0,1.0,0.6123724356957945,0.0,0.01018227713211584,0.006833540964683586,0.0,0.0
27,3209855,3224265,0,69.53333333333333,2.3626726862225804,67.0,74.0,6.0,0.7559289460184544,0.0,0.007535070115417749,0.006407664885713804,0.0,0.0
27,3209855,3230265,0,71.0952380952381,3.1908315367144673,67.0,76.0,8.0,0.7071067811865476,0.0,0.007168229962689619,0.00586338760495613,0.0,0.0
27,3209855,3236265,0,71.88888888888889,3.201080064641763,67.0,76.0,8.0,0.7844645405527362,0.0,0.03376619830784294,0.09714778258257603,0.0,0.0
27,3209855,3242265,0,73.12121212121212,3.9753602905715453,67.0,80.0,12.0,0.9354143466934853,0.0,0.02838776730717452,0.0886160844990543,0.0,0.0
27,3209855,3248265,0,73.82051282051282,4.03110848706048,67.0,80.0,8.0,0.9176629354822471,0.0,0.024256744949009378,0.08208985749160834,0.0,0.0
27,3209855,3254265,0,73.86666666666666,3.7747700445045504,67.0,80.0,5.0,0.8918825850158447,0.0,0.021650235738710135,0.07671553090713952,0.0,0.0
27,3215880,3260265,0,74.11111111111111,3.4333153541420653,67.0,80.0,1.0,0.9653072991634227,0.0,0.0206696825901945,0.07686628414510029,0.0,0.0
27,3222265,3266265,0,73.77777777777777,3.898084366505562,67.0,80.0,5.0,0.917010954628728,0.0,0.02053072006822718,0.07687221486591517,0.0,0.0
27,3228265,3272265,0,73.0,4.3256341860022225,67.0,80.0,7.0,0.917010954628728,0.0,0.020495245468153536,0.07688047323796726,0.0,0.0
27,3234265,3278265,0,72.04444444444445,4.560485137719234,67.0,80.0,7.0,0.8918825850158447,0.0,0.005476865366276627,0.00817364665440317,0.0,0.0
27,3240265,3284265,0,70.84444444444445,4.491748264221383,67.0,80.0,13.0,0.6571287406727709,0.0,0.0036544285218574105,0.0028260948741712514,0.0,0.0
27,3246265,3290268,0,69.2,3.124099870362662,67.0,77.0,10.0,0.6030226891555273,0.0,0.004668704758418977,0.0057749681006577114,0.0,0.0
27,3252265,3296290,0,68.33333333333333,1.7511900715418265,67.0,74.0,4.0,0.6030226891555273,0.0,0.005624288475378305,0.006222662521439977,0.0,0.0
27,3258265,3298297,0,67.92682926829268,1.1346052048402933,67.0,71.0,2.0,0.5,0.0,0.006847817005958878,0.008033277543675063,0.0,0.0
27,3264265,3298297,0,68.0,1.1710800875382399,67.0,71.0,4.0,0.48507125007266594,0.0,0.007035282912827084,0.008535383085350966,0.0,0.0
27,3270265,3298297,0,68.06896551724138,1.2575574157800322,67.0,71.0,2.0,0.4629100498862757,0.0,0.007659527769749794,0.00917454043020986,0.0,0.0
27,3276265,3298297,0,68.04347826086956,1.3980813209403067,67.0,71.0,3.0,0.4767312946227962,0.0,0.008487142837520197,0.01004877780964144,0.0,0.0
27,3282265,3298297,0,68.29411764705883,1.524880164331261,67.0,71.0,4.0,0.5,0.0,0.010378024718357472,0.011032674115065031,0.0,0.0
27,3288265,3298297,0,69.0,1.4770978917519928,67.0,71.0,4.0,0.6324555320336759,0.0,0.014864901618120513,0.011307985448957702,0.0,0.0
27,3294284,3298297,0,70.4,0.4898979485566356,70.0,71.0,1.0,0.5,0.0,0.017088846443301175,0.010330071266047774,0.0,0.0
27,4764098,4772007,0,75.875,0.5994789404140899,75.0,77.0,0.0,0.7559289460184544,0.0,0.045574548602231375,0.04145178592633381,0.0,0.0
27,4764098,4778007,0,75.57142857142857,0.6226998490772391,75.0,77.0,1.0,0.6201736729460423,0.0,0.0648186430048947,0.13300231785735228,0.0,0.0
27,4764098,4784007,0,75.0,1.0954451150103321,73.0,77.0,3.0,0.6069769786668839,0.0,0.0711633942534397,0.11601955064251852,0.0,0.0
27,4764098,4790007,0,75.26923076923077,1.2575217480209089,73.0,78.0,2.0,0.6928203230275509,0.0,0.07295982064631316,0.11092503295087744,0.0,0.0
27,4764098,4796007,0,76.3125,2.4550649176752946,73.0,81.0,5.0,0.7405316311773545,0.0,0.06691265033373088,0.10147536352422497,0.0,0.0
27,4764098,4802007,0,76.42105263157895,2.289927359769167,73.0,81.0,2.0,0.9004503377814963,0.0,0.06133289487227482,0.09430287756645545,0.0,0.0
27,4764098,4808007,0,76.43181818181819,2.136242743194518,73.0,81.0,0.0,0.8626621856275073,0.0,0.05604984111098909,0.08886602455729324,0.0,0.0
27,4770007,4814007,0,76.31111111111112,2.1480970619723685,73.0,81.0,0.0,0.8257228238447705,0.0,0.0613430354744782,0.09775507487657936,0.0,0.0
27,4776007,4820007,0,76.22222222222223,2.199887763691481,73.0,81.0,0.0,0.8257228238447705,0.0,0.0756707054658529,0.1033023113147973,0.0,0.0
27,4782007,4826007,0,76.55555555555556,2.2760155785012204,73.0,81.0,6.0,0.9770084209183945,0.0,0.06386151531562456,0.07560256240038798,0.0,0.0
27,4788007,4832007,0,77.24444444444444,2.1721014459177606,74.0,81.0,1.0,1.0975178606954215,0.0,0.07311440582179693,0.08064582871097745,0.0,0.0
27,4794007,4838007,0,76.46666666666667,2.5086516962969037,70.0,81.0,11.0,1.1579762911688178,0.0,0.07131714586691891,0.07664565797108037,0.0,0.0
27,4800007,4844007,0,75.46666666666667,2.7129319932501073,69.0,81.0,4.0,1.1281521496355325,0.0,0.0774252542537805,0.07989118361874202,0.0,0.0
27,4806007,4850007,0,74.46666666666667,3.2971368050341967,68.0,81.0,6.0,1.1677484162422844,0.0,0.08735700740119524,0.08124208704676802,0.0,0.0
27,4812007,4853007,0,74.0,3.498298906339371,68.0,81.0,5.0,1.2783373347686495,0.0,0.09188301334636961,0.0821834628942248,0.0,0.0
27,4818007,4853007,0,73.83333333333333,3.7527767497325675,68.0,81.0,4.0,1.3732131246511903,0.0,0.08899367006797299,0.07392574842421373,0.0,0.0
27,4824007,4853007,0,73.66666666666667,4.077035960378841,68.0,81.0,9.0,1.3518824678560455,0.0,0.08335366819455088,0.06811864591017949,0.0,0.0
27,4830007,4853007,0,72.25,3.243583409338094,68.0,80.0,9.0,1.335143698502964,0.0,0.08530344982244815,0.07200793288579162,0.0,0.0
27,4836007,4853007,0,70.61111111111111,1.3391078659104387,68.0,73.0,2.0,1.2366938848016846,0.0,0.08260175740960934,0.0690100185102411,0.0,0.0
27,4842007,4853007,0,70.5,1.4433756729740645,68.0,73.0,2.0,1.2792042981336627,0.0,0.09200230426337198,0.06851354712869691,0.0,0.0
27,4848007,4853007,0,69.83333333333333,1.2133516482134197,68.0,72.0,1.0,1.61245154965971,0.0,0.06162083396560644,0.05314721825017368,0.0,0.0
27,6509377,6517959,0,80.66666666666667,1.4142135623730951,79.0,84.0,4.0,1.0,0.0,0.07998105194525054,0.08797000055149078,0.0,0.0
27,6509377,6523959,0,82.73333333333333,2.8394052585395806,79.0,87.0,7.0,0.8864052604279183,0.0,0.07949930400094811,0.08035322393410523,0.0,0.0
27,6509377,6529959,0,84.14285714285714,3.284678925901054,79.0,88.0,7.0,0.806225774829855,0.0,0.08464864629353316,0.07658594067001398,0.0,0.0
27,6509377,6535959,0,84.81481481481481,3.17440034625424,79.0,88.0,6.0,0.7844645405527362,0.0,0.08573949534738771,0.0755409769793709,0.0,0.0
27,6509377,6541959,0,84.93939393939394,2.8913601071215913,79.0,88.0,5.0,0.7288689868556626,0.0,0.09406397174553133,0.08792648716800652,0.0,0.0
27,6509377,6547959,0,84.7948717948718,2.7002325368001574,79.0,88.0,3.0,0.7071067811865476,0.0,0.11286500877505844,0.10065890105685989,0.0,0.0
27,6509377,6553959,0,84.73333333333333,2.5245461638348647,79.0,88.0,5.0,0.6908492797077574,0.0,0.10573000575611415,0.10069361736998794,0.0,0.0
27,6515959,6559959,0,85.28888888888889,1.707788982830298,81.0,88.0,3.0,0.6571287406727709,0.0,0.1099677229687257,0.09857896064853196,0.0,0.0
27,6521959,6565959,0,85.31111111111112,1.575115124148387,83.0,88.0,2.0,0.5640760748177662,0.0,0.11315515203246025,0.09493102760828213,0.0,0.0
27,6527959,6571959,0,84.97777777777777,1.3902659839659601,83.0,88.0,4.0,0.5640760748177662,0.0,0.11371453726444657,0.09486259704496429,0.0,0.0
27,6533959,6577959,0,84.5111111111111,0.9097550884648319,83.0,87.0,2.0,0.5222329678670935,0.0,0.11650716929088924,0.09850179162303696,0.0,0.0
27,6539959,6583959,0,84.35555555555555,0.6378977819736589,83.0,86.0,0.0,0.5222329678670935,0.0,0.12199800136486502,0.09773873338683783,0.0,0.0
27,6545959,6586959,0,84.47619047619048,0.957131011535323,83.0,88.0,4.0,0.6984302957695782,0.0,0.10511058626058956,0.0820485201647601,0.0,0.0
27,6551959,6586959,0,84.61111111111111,0.950957931590205,83.0,88.0,4.0,0.7171371656006361,0.0,0.10477680978430408,0.07524808786448609,0.0,0.0
27,6557959,6586959,0,84.66666666666667,1.0110500592068734,83.0,88.0,4.0,0.7427813527082074,0.0,0.10691550394876327,0.07344680163926987,0.0,0.0
27,6563959,6586959,0,84.83333333333333,1.0671873729054748,83.0,88.0,5.0,0.8075728530872482,0.0,0.10726297666109942,0.0723034736179293,0.0,0.0
27,6569959,6586959,0,85.0,1.1055415967851334,84.0,88.0,3.0,0.8744746321952062,0.0,0.11751489435288402,0.07915343821639047,0.0,0.0
27,6575959,6586959,0,85.41666666666667,1.114924013354971,84.0,88.0,4.0,1.044465935734187,0.0,0.11617587530638833,0.08202968526296167,0.0,0.0
27,6581959,6586959,0,86.16666666666667,1.0671873729054748,85.0,88.0,2.0,1.4142135623730951,0.0,0.08872079878781834,0.03238592044326108,0.0,0.0
27,7918610,7921617,0,74.75,0.4330127018922193,74.0,75.0,1.0,0.5773502691896257,0.0,0.06712072616039687,0.10887374175520459,0.0,0.0
27,7918610,7928108,0,75.2,0.6,74.0,76.0,2.0,0.6666666666666666,0.0,0.055287133571983525,0.0743509162034715,0.0,0.0
27,7918610,7934108,0,74.9375,0.6584783595532961,74.0,76.0,0.0,0.7302967433402214,0.0,0.06911325048170575,0.0766028353262608,0.0,0.0
27,7918610,7940108,0,74.95454545454545,0.7056443043754557,74.0,76.0,2.0,0.7559289460184544,0.0,0.06441835791628067,0.06698034347784712,0.0,0.0
27,7918610,7946108,0,75.5,1.349603116263656,74.0,79.0,4.0,0.816496580927726,0.0,0.05711978005244666,0.06150656850400264,0.0,0.0
27,7918610,7952108,0,75.41176470588235,1.3529411764705883,73.0,79.0,1.0,0.8348471099367218,0.0,0.050434469862818763,0.057853550770456445,0.0,0.0
27,7918610,7958108,0,75.0,1.61245154965971,72.0,79.0,0.0,0.816496580927726,0.0,0.05153384056140411,0.05890783916788713,0.0,0.0
27,7919612,7964108,0,75.11111111111111,1.608618761853676,72.0,79.0,3.0,0.8660254037844386,0.0,0.04941894153688777,0.055968949508502154,0.0,0.0
27,7926108,7970108,0,75.24444444444444,1.7657929355839053,72.0,79.0,1.0,0.9653072991634227,0.0,0.04554013386657954,0.046099590001451564,0.0,0.0
27,7932108,7976108,0,75.15555555555555,1.8006857404340353,72.0,79.0,0.0,0.9770084209183945,0.0,0.038993802735790936,0.03396967612666971,0.0,0.0
27,7938108,7982108,0,75.13333333333334,1.808621328833405,72.0,79.0,1.0,0.9653072991634227,0.0,0.03706651407133299,0.03479994299659027,0.0,0.0
27,7944108,7988108,0,74.86666666666666,1.8208667044996887,72.0,79.0,5.0,0.9653072991634227,0.0,0.04302165125906861,0.07086302030510862,0.0,0.0
27,7950108,7994108,0,74.64444444444445,1.5225060562631683,72.0,79.0,0.0,1.044465935734187,0.0,0.04213013332334104,0.07111361813480155,0.0,0.0
27,7956108,8000108,0,74.64444444444445,1.5370325747369409,71.0,79.0,2.0,1.1481209945740989,0.0,0.04458179627922198,0.07158429414181187,0.0,0.0
27,7962108,8006108,0,74.84444444444445,1.519584088647001,71.0,79.0,1.0,1.1381803659589922,0.0,0.041723939256870526,0.06799906989798155,0.0,0.0
28,1018974,1063777,1,85.67857142857143,4.27662727114797,77.0,91.0,7.0,1.6216132799251584,0.0,0.016872939890581466,0.028036645785491976,0.0,0.0
28,1030777,1069777,1,84.20689655172414,5.517241379310345,77.0,91.0,12.0,1.2535663410560174,0.0,0.02419552191331038,0.053334925905334264,0.0,0.0
28,1031777,1075777,1,82.97058823529412,5.538556268228407,77.0,91.0,13.0,1.1934162828797101,0.0,0.022567709423771072,0.049411054208532895,0.0,0.0
28,1037777,1081777,1,81.17647058823529,4.375537534946213,77.0,91.0,6.0,1.2552918289216957,0.0,0.02060005179648957,0.04747736305575703,0.0,0.0
28,1048777,1087777,1,80.58823529411765,3.3529411764705883,77.0,87.0,2.0,1.0150384378451045,0.0,0.016080721888631046,0.0450052676979553,0.0,0.0
28,1049777,1093777,1,81.33333333333333,3.681787005729087,77.0,87.0,3.0,0.9597148699373931,0.0,0.01652464705432739,0.04287082623003966,0.0,0.0
28,1056777,1099777,1,82.36363636363636,4.426628663250855,77.0,90.0,6.0,0.9400643223910575,0.0,0.015470091751526709,0.04048996712702542,0.0,0.0
28,1061777,1105777,1,83.42222222222222,4.9687417986577245,77.0,91.0,8.0,0.8528028654224418,0.0,0.015417518555722926,0.04002804780354396,0.0,0.0
28,1067777,1107777,1,84.46341463414635,4.716848684344809,77.0,91.0,11.0,0.8215838362577492,0.0,0.016924163852861725,0.04163907635160588,0.0,0.0
28,1073777,1107777,1,85.65714285714286,4.028064811103339,77.0,91.0,9.0,0.8574929257125442,0.0,0.010614875268897341,0.01487094994598605,0.0,0.0
28,1079777,1107777,1,87.13793103448276,2.569370484165125,80.0,91.0,8.0,0.8451542547285166,0.0,0.009155628219667485,0.012460594418374498,0.0,0.0
28,1085777,1107777,1,88.08695652173913,1.6658473096233055,86.0,91.0,2.0,0.674199862463242,0.0,0.00988656328374558,0.013793528853184654,0.0,0.0
28,1091777,1107777,1,88.70588235294117,1.485803640037069,86.0,91.0,2.0,0.7071067811865476,0.0,0.0063048786448117716,0.00400784171696384,0.0,0.0
28,1097777,1107777,1,89.36363636363636,1.149919149152138,88.0,91.0,2.0,0.6324555320336759,0.0,0.005589875839855606,0.0036424026580897714,0.0,0.0
28,1103777,1107777,1,88.2,0.4,88.0,89.0,1.0,0.5,0.0,0.003709995254274046,0.0025004383179739946,0.0,0.0
28,3702004,3721004,1,91.6,1.4966629547095764,89.0,93.0,4.0,1.224744871391589,0.0,0.03082660527009167,0.026531883594514905,0.0,0.0
28,3702004,3727004,1,91.875,1.2686114456365274,89.0,93.0,3.0,1.0,0.0,0.03624995719292566,0.03900904687272539,0.0,0.0
28,3702004,3728004,1,91.77777777777777,1.227262335243029,89.0,93.0,2.0,1.0,0.0,0.035160379711381785,0.0369069743449732,0.0,0.0
28,3702004,3728004,1,91.77777777777777,1.227262335243029,89.0,93.0,2.0,1.0,0.0,0.035160379711381785,0.0369069743449732,0.0,0.0
28,3702004,3728004,1,91.77777777777777,1.227262335243029,89.0,93.0,2.0,1.0,0.0,0.035160379711381785,0.0369069743449732,0.0,0.0
28,3718004,3746004,1,91.88888888888889,0.9938079899999066,90.0,93.0,1.0,0.7905694150420949,0.0,0.027240195556932464,0.035495012288262226,0.0,0.0
28,3718004,3746004,1,91.88888888888889,0.9938079899999066,90.0,93.0,1.0,0.7905694150420949,0.0,0.027240195556932464,0.035495012288262226,0.0,0.0
28,3719004,3746004,1,92.0,1.0,90.0,93.0,2.0,0.7559289460184544,0.0,0.03005757271437532,0.03668711433305085,0.0,0.0
28,3726004,3746004,1,91.25,0.82915619758885,90.0,92.0,2.0,0.816496580927726,0.0,0.03926309480077233,0.04716755195111854,0.0,0.0
28,7067171,7075171,1,88.55555555555556,1.3425606637327303,87.0,91.0,4.0,1.3228756555322954,0.0,0.053822918235244835,0.049912753532188485,0.0,0.0
29,1058775,1102775,1,80.81481481481481,3.10360646890913,77.0,87.0,4.0,1.3008872711759818,0.0,0.07461959916200042,0.12362498116412125,0.0,0.0
29,1077775,1107775,1,81.7,3.7340773068233784,77.0,87.0,9.0,0.8094272134003795,0.0,0.06950467111402073,0.11826123800823145,0.0,0.0
29,1077775,1114775,1,81.5,3.57483031271498,77.0,87.0,3.0,1.7837651700316894,0.030303030303030304,0.0737687170859965,0.12262639621624193,0.0,0.0
29,1077775,1119775,1,81.52777777777777,3.475997947121814,77.0,87.0,4.0,1.740279123753264,0.02857142857142857,0.07073564129023607,0.11982717230693109,0.0,0.0
29,1082775,1126775,1,81.94594594594595,3.0397896970816194,77.0,87.0,3.0,1.740051084818425,0.027777777777777776,0.06760075768978863,0.11831884388531427,0.0,0.0
29,1088775,1131775,1,82.30555555555556,2.7670626668850735,78.0,87.0,3.0,1.7484687178050562,0.02857142857142857,0.04400939702609907,0.09156182636547323,0.0,0.0
29,1094775,1131775,1,82.61290322580645,2.8133027239245347,78.0,87.0,0.0,1.8073922282301278,0.03333333333333333,0.03438848569237051,0.062325250746615386,0.0,0.0
29,1100775,1131775,1,82.56,3.0604574821421715,78.0,87.0,5.0,1.9685019685029528,0.041666666666666664,0.03401187601022412,0.06817807019306511,0.0,0.0
29,1106775,1131775,1,81.21052631578948,2.1662226976059658,78.0,87.0,6.0,2.260776661041756,0.05555555555555555,0.03927311713278921,0.07705830108251698,0.0,0.0
29,1113775,1131775,1,80.73333333333333,0.6798692684790381,80.0,82.0,0.0,0.6546536707079771,0.0,0.02042850210014431,0.015246627476467193,0.0,0.0
29,1118775,1131775,1,80.6923076923077,0.72160242458822,80.0,82.0,1.0,0.6454972243679028,0.0,0.021687115382509566,0.015947505721465225,0.0,0.0
29,1124775,1131775,1,80.375,0.4841229182759271,80.0,81.0,1.0,0.6546536707079771,0.0,0.022339742793031303,0.019431963119174663,0.0,0.0
29,1910440,1917498,1,80.75,0.82915619758885,80.0,82.0,1.0,1.2909944487358056,0.0,0.08219660729683038,0.12439250586572381,0.0,0.0
29,1910440,1917498,1,80.75,0.82915619758885,80.0,82.0,1.0,1.2909944487358056,0.0,0.08219660729683038,0.12439250586572381,0.0,0.0
29,1910440,1931498,1,81.14285714285714,0.832993127835043,80.0,82.0,1.0,1.0801234497346435,0.0,0.20368538326210486,0.1988508673476657,0.0,0.0
29,1910440,1932498,1,81.25,0.82915619758885,80.0,82.0,1.0,1.0,0.0,0.17901987055008012,0.19712349336325552,0.0,0.0
29,1910440,1943498,1,81.72727272727273,1.1354541815269814,80.0,84.0,1.0,1.140175425099138,0.0,0.13273989878301953,0.1843330756135701,0.0,0.0
29,1910440,1949498,1,81.14285714285714,1.8070158058105026,76.0,84.0,5.0,1.5442199922988256,0.0,0.10796627666006142,0.17017303432342992,0.0,0.0
29,1911441,1955498,1,79.10526315789474,3.4165962878142064,74.0,84.0,5.0,1.5456030825826172,0.0,0.08224516752110034,0.15235365486719551,0.0,0.0
29,1917498,1959498,1,79.16666666666667,3.562926387738658,74.0,84.0,0.0,2.275185835978084,0.058823529411764705,0.07011934993819137,0.14765522253885574,0.0,0.0
29,1927498,1965498,1,79.16666666666667,3.562926387738658,74.0,84.0,1.0,2.2622217085916954,0.058823529411764705,0.06980533598301567,0.14778337678593162,0.0,0.0
29,1931498,1973498,1,79.1,3.3301651610693423,74.0,84.0,3.0,2.2124052165246,0.05263157894736842,0.04485074274750951,0.1254759128368722,0.0,0.0
29,1940498,1979498,1,78.66666666666667,2.9249881291307074,74.0,84.0,6.0,2.0,0.043478260869565216,0.0140339059795831,0.01590352506814777,0.0,0.0
29,1941498,1985498,1,78.75862068965517,2.554983938323131,74.0,83.0,3.0,1.8419709940325182,0.03571428571428571,0.014529904188012316,0.01507329170065397,0.0,0.0
29,1949498,1991498,1,78.51612903225806,2.2414132601342214,74.0,82.0,3.0,1.622754859285078,0.03333333333333333,0.012762114527366693,0.015092372932405765,0.0,0.0
29,1953498,1997498,1,79.3030303030303,1.8171714364321148,74.0,82.0,7.0,1.4684175155588413,0.03125,0.011762947488884042,0.015183949448998986,0.0,0.0
29,1959498,1998498,1,79.7741935483871,1.0986700881242841,78.0,82.0,2.0,0.816496580927726,0.0,0.011750789028934096,0.015604056294446486,0.0,0.0
29,1965498,1998498,1,79.7,1.0376254944182253,78.0,82.0,2.0,0.8304547985373997,0.0,0.01201782755270411,0.015792156127851415,0.0,0.0
29,1971498,1998498,1,79.55555555555556,0.9558139185602917,78.0,81.0,0.0,0.7337993857053428,0.0,0.01103396945798976,0.015546063786025466,0.0,0.0
29,1977498,1998498,1,79.72727272727273,0.9136250564655354,78.0,81.0,2.0,0.7559289460184544,0.0,0.008030501337969618,0.00970320930431201,0.0,0.0
29,1983498,1998498,1,80.0,0.7905694150420949,79.0,81.0,1.0,0.6831300510639732,0.0,0.008533681151104793,0.010328809130402109,0.0,0.0
29,1989498,1998498,1,80.2,0.7483314773547882,79.0,81.0,0.0,0.6666666666666666,0.0,0.0060885865566769745,0.009860160112725978,0.0,0.0
29,1995498,1998498,1,80.75,0.4330127018922193,80.0,81.0,1.0,0.5773502691896257,0.0,0.011254151894307935,0.013949272091320476,0.0,0.0
29,3189058,3195073,0,84.5,0.7637626158259734,83.0,85.0,0.0,1.0954451150103321,0.0,0.12250793806692888,0.1676530160155312,0.0,0.0
29,3189058,3195073,0,84.5,0.7637626158259734,83.0,85.0,0.0,1.0954451150103321,0.0,0.12250793806692888,0.1676530160155312,0.0,0.0
29,3189058,3208885,0,84.75,0.82915619758885,83.0,86.0,1.0,1.0,0.0,0.09596143593655754,0.15240326072269855,0.0,0.0
3,482310,515310,0,102.81818181818181,0.7767276132106848,102.0,105.0,3.0,0.6546536707079771,0.0,0.08658093578925968,0.07664564138480592,0.0,0.0
3,495310,532310,0,102.5,1.1579762911688178,98.0,104.0,6.0,1.0690449676496976,0.0,0.07975659502129938,0.0744940491250358,0.0,0.0
3,495310,532310,0,102.5,1.1579762911688178,98.0,104.0,6.0,1.0690449676496976,0.0,0.07975659502129938,0.0744940491250358,0.0,0.0
3,500310,543310,0,102.21052631578948,1.2388002416778758,98.0,104.0,3.0,1.2692955176439846,0.0,0.0783821153236661,0.08056201030951088,0.0,0.0
3,506310,548310,0,102.06666666666666,1.2892719737209146,98.0,103.0,1.0,1.4880476182856899,0.0,0.058504552846940595,0.056754379302272666,0.0,0.0
3,512310,556310,0,102.23076923076923,1.4225570776082255,98.0,103.0,0.0,1.5811388300841898,0.0,0.05574510222552145,0.05877471260493151,0.0,0.0
3,532310,557310,0,102.1,1.5779733838059498,98.0,103.0,5.0,1.2018504251546631,0.0,0.026236100678626268,0.020544849359762918,0.0,0.0
3,532310,557310,0,102.1,1.5779733838059498,98.0,103.0,5.0,1.2018504251546631,0.0,0.026236100678626268,0.020544849359762918,0.0,0.0
3,532310,557310,0,102.1,1.5779733838059498,98.0,103.0,5.0,1.2018504251546631,0.0,0.026236100678626268,0.020544849359762918,0.0,0.0
3,542310,557310,0,102.55555555555556,0.8314794192830981,101.0,103.0,2.0,0.7071067811865476,0.0,0.025603796983563614,0.02156366706471899,0.0,0.0
3,542310,557310,0,102.55555555555556,0.8314794192830981,101.0,103.0,2.0,0.7071067811865476,0.0,0.025603796983563614,0.02156366706471899,0.0,0.0
3,548310,557310,0,103.0,0.0,103.0,103.0,0.0,0.0,0.0,0.02809311121711239,0.02372104216022986,0.0,0.0
3,554310,557310,0,103.0,0.0,103.0,103.0,0.0,0.0,0.0,0.0232141471403518,0.010817233306002502,0.0,0.0
3,7527661,7534858,0,93.0,1.5,92.0,96.0,4.0,0.9258200997725514,0.0,0.0888759392166479,0.09785128010352533,0.0,0.0
3,7527661,7540858,0,95.85714285714286,3.562846832382836,92.0,101.0,9.0,1.0,0.0,0.07610297846569704,0.08310691898438471,0.0,0.0
3,7527661,7546858,0,97.95,4.375785643744447,92.0,103.0,11.0,0.8885233166386386,0.0,0.06256038472288937,0.07359984553527019,0.0,0.0
3,7527661,7552858,0,99.34615384615384,4.607204289039801,92.0,104.0,12.0,0.8,0.0,0.06845068120295057,0.07399742715587929,0.0,0.0
3,7527661,7558858,0,100.25,4.562071897723665,92.0,105.0,13.0,0.7405316311773545,0.0,0.06958198049382293,0.07135836819983124,0.0,0.0
3,7527661,7564858,0,101.02631578947368,4.5565848366908765,92.0,106.0,14.0,0.6974858324629157,0.0,0.06538934400003243,0.06789151478797102,0.0,0.0
3,7527661,7570858,0,101.72727272727273,4.589333663079465,92.0,107.0,14.0,0.6819943394704735,0.0,0.05765214887950024,0.06604181770955249,0.0,0.0
3,7532666,7576858,0,103.37777777777778,3.128996210280641,93.0,107.0,13.0,0.6571287406727709,0.0,0.05856998461616115,0.06453258454484935,0.0,0.0
3,7538858,7582858,0,104.35555555555555,1.5225060562631683,100.0,107.0,3.0,0.5,0.0,0.045182575894209244,0.046766356140708606,0.0,0.0
30,487740,532088,0,84.75,3.4845437943216404,76.0,88.0,12.0,0.5705974021574557,0.0,0.2157076295560163,0.22034751658285615,0.0,0.0
30,494088,538088,0,85.84444444444445,2.6073021864291115,80.0,88.0,7.0,0.45226701686664544,0.0,0.18752951266239315,0.1323330481728025,0.0,0.0
30,500088,544088,0,86.82222222222222,1.677152201254507,82.0,88.0,6.0,0.4264014327112209,0.0,0.2129880946690098,0.14307447708998086,0.0,0.0
30,506088,549825,0,87.4047619047619,0.9773512262749425,84.0,88.0,4.0,0.38254602783800296,0.0,0.23445595858675658,0.1555451931662867,0.0,0.0
30,512088,555825,0,88.14285714285714,1.1458294681443775,87.0,92.0,5.0,0.4131969352706687,0.0,0.27084623369855426,0.17778735162106238,0.0,0.0
30,518088,561825,0,89.0952380952381,2.180099646144685,87.0,95.0,7.0,0.4685212856658182,0.0,0.2930107242875617,0.19272828026498323,0.0,0.0
30,524088,567825,0,90.57142857142857,3.861549510993008,87.0,100.0,12.0,0.5843487097907776,0.0,0.2671331605468197,0.19674544745484915,0.0,0.0
30,530088,570825,0,91.6923076923077,4.541285518631889,87.0,100.0,12.0,0.6069769786668839,0.0,0.2493145752940788,0.20996853967772885,0.0,0.0
30,536088,570825,0,92.36363636363636,4.63071551391347,87.0,100.0,13.0,0.6373774391990981,0.0,0.2711309736483687,0.21877381136486043,0.0,0.0
30,542088,570825,0,93.44444444444444,4.4416657980681515,88.0,100.0,12.0,0.6793662204867574,0.0,0.2686416068078679,0.2333705113464321,0.0,0.0
30,549825,570825,0,94.68181818181819,3.9930207707991023,88.0,100.0,12.0,0.7559289460184544,0.0,0.2606471336469486,0.24655114780739412,0.0,0.0
30,553825,570825,0,95.94444444444444,3.2569962682444116,91.0,100.0,9.0,0.7276068751089989,0.0,0.21546700388770376,0.2189575520852096,0.0,0.0
30,559825,570825,0,97.83333333333333,2.229848026709942,94.0,100.0,6.0,0.7385489458759964,0.0,0.11928454745459871,0.14564347955419119,0.0,0.0
30,565825,570825,0,99.83333333333333,0.3726779962499649,99.0,100.0,1.0,0.4472135954999579,0.0,0.006681049180671636,0.004465402800910494,0.0,0.0
30,1027823,1036091,1,86.375,0.6959705453537527,86.0,88.0,2.0,0.5345224838248488,0.0,0.035502703654545234,0.04311464827634473,0.0,0.0
30,1027823,1042091,1,87.92857142857143,2.016513459070443,86.0,91.0,2.0,0.9607689228305228,0.0,0.06661072819890398,0.1050611700233364,0.0,0.0
30,1027823,1048091,1,88.2,1.7776388834631176,86.0,91.0,2.0,0.9176629354822471,0.0,0.06012895113012986,0.08983208684086165,0.0,0.0
30,1027823,1054091,1,87.96153846153847,1.628608873826164,86.0,91.0,2.0,0.848528137423857,0.0,0.05257045671928884,0.08056133898563483,0.0,0.0
30,1027823,1060091,1,87.9375,1.4986973510352248,86.0,91.0,1.0,0.8230548917531015,0.0,0.04574112815240014,0.07403940344988709,0.0,0.0
30,1027823,1066091,1,87.05263157894737,2.543799152335699,81.0,91.0,4.0,0.9863939238321437,0.0,0.04087788405011792,0.068869946423174,0.0,0.0
30,1027823,1072091,1,86.63636363636364,2.5857204824232527,81.0,91.0,2.0,0.9644856443408242,0.0,0.03839036482018522,0.06465874325093464,0.0,0.0
30,1034091,1078091,1,86.73333333333333,2.7438820836342237,81.0,91.0,5.0,1.118033988749895,0.0,0.06341781389062529,0.17860132448047883,0.0,0.0
30,1040091,1084091,1,86.72093023255815,2.773005936770612,81.0,91.0,3.0,1.1019463300386794,0.0,0.0683720237237651,0.19980579646333252,0.0,0.0
30,1046091,1090091,1,86.51162790697674,2.6534058238795564,81.0,91.0,2.0,1.1338934190276817,0.0,0.10177097235847705,0.24606275877244266,0.0,0.0
30,1052091,1092091,1,86.57894736842105,3.1675291628065425,81.0,96.0,9.0,1.4425952589278397,0.0,0.11083387347996008,0.2603020080970714,0.0,0.0
30,1058091,1098091,1,86.76470588235294,3.694660881751107,81.0,96.0,5.0,1.5472360498448172,0.0,0.12016310765698375,0.27356432670880076,0.0,0.0
30,1064091,1108091,1,87.1875,3.617988909601576,81.0,96.0,7.0,1.6943930305379222,0.0,0.127118971593438,0.28054401004639534,0.0,0.0
30,1070091,1114091,1,87.6875,3.1168644099479206,83.0,96.0,1.0,1.6943930305379222,0.0,0.1306414730722814,0.27935202034781215,0.0,0.0
30,1076091,1116091,1,88.14285714285714,3.078894580321758,83.0,96.0,4.0,1.784708711578779,0.0,0.10144307696021285,0.22083906168530473,0.0,0.0
30,1082091,1116091,1,87.875,3.179524335494226,83.0,96.0,7.0,1.805787796286538,0.0,0.11528835444016594,0.23569917027964127,0.0,0.0
30,1088091,1116091,1,87.83333333333333,3.5939764421413036,83.0,96.0,4.0,2.0291986247835694,0.0,0.03195607244314462,0.033222081275188296,0.0,0.0
30,1097091,1116091,1,87.0,3.2071349029490928,83.0,94.0,11.0,1.593255013631383,0.0,0.024423509620958007,0.01616154124198026,0.0,0.0
30,1105091,1116091,1,85.91666666666667,1.9346977943739831,83.0,88.0,5.0,0.7977240352174656,0.0,0.02581621069273919,0.01705961478072866,0.0,0.0
30,1106091,1116091,1,85.72727272727273,1.9112541856026035,83.0,88.0,5.0,0.8366600265340756,0.0,0.026301893909483575,0.017738576956644225,0.0,0.0
30,1112091,1116091,1,83.8,0.7483314773547882,83.0,85.0,2.0,1.0,0.0,0.032507547302635935,0.023246331774320343,0.0,0.0
30,1840231,1854231,0,88.75,1.0897247358851685,87.0,90.0,0.0,2.160246899469287,0.0,0.1825952500766227,0.2373549767392981,0.0,0.0
30,1840231,1864231,0,86.0,2.6246692913372702,83.0,90.0,4.0,2.29128784747792,0.0,0.14739489063941852,0.1738683217235655,0.0,0.0
30,1840231,1870231,0,85.6,2.09125161884775,83.0,90.0,4.0,1.7320508075688772,0.0,0.1731835622634263,0.14758653302204786,0.0,0.0
30,1840231,1876231,0,85.28571428571429,1.8553104513122056,83.0,90.0,4.0,1.4832396974191326,0.0,0.13281112830884226,0.1413365430712919,0.0,0.0
30,1840231,1882231,0,85.03703703703704,1.7101327971281772,83.0,90.0,4.0,1.3301243435223524,0.0,0.10672742715877787,0.13422737905485205,0.0,0.0
30,1847231,1888231,0,84.70967741935483,1.141406839545428,83.0,89.0,3.0,1.1690451944500122,0.0,0.09549853187996545,0.12837869046994385,0.0,0.0
30,1854231,1891231,0,84.54545454545455,1.0756508696544755,83.0,89.0,6.0,1.0897247358851685,0.0,0.07490540405288547,0.09002349373577051,0.0,0.0
30,1860231,1900231,0,83.75,2.0733092174374548,76.0,86.0,8.0,0.8618916073713346,0.0,0.06922307459285522,0.08824522216090941,0.0,0.0
30,1862231,1906231,0,82.05,4.538446870901983,71.0,86.0,11.0,0.9740215340114143,0.0,0.06468971099931035,0.08500253283068095,0.0,0.0
30,1868231,1912231,0,79.975,5.918139488048587,68.0,86.0,17.0,1.0500305245868344,0.0,0.032984250182960334,0.05412357241667219,0.0,0.0
30,1874231,1917231,0,78.12820512820512,6.304981698175869,68.0,86.0,9.0,1.2460463791317595,0.0,0.01734889970765172,0.02051732732694332,0.0,0.0
30,1880231,1917231,0,77.0,6.2182527020592095,68.0,86.0,9.0,1.334634781503914,0.0,0.01825796074553543,0.021415771524017035,0.0,0.0
30,1886231,1917231,0,75.22222222222223,5.452375176171244,68.0,84.0,9.0,1.4005493427717788,0.0,0.01648264657294275,0.021050244768966237,0.0,0.0
30,1897231,1917231,0,72.76190476190476,3.3080675110396958,68.0,81.0,6.0,1.51657508881031,0.0,0.010773913039698959,0.0117919296786348,0.0,0.0
30,1898231,1917231,0,72.35,2.8155816450602176,68.0,79.0,4.0,1.4867838833500564,0.0,0.010618011110032577,0.012061992877547802,0.0,0.0
30,1904231,1917231,0,71.07142857142857,1.7914194577120646,68.0,75.0,3.0,1.4411533842457842,0.0,0.010709080139056512,0.013774585096052961,0.0,0.0
30,1910231,1917231,0,70.625,2.2325713874364688,68.0,75.0,4.0,1.7728105208558367,0.0,0.004215938889922336,0.00437923403306061,0.0,0.0
30,2234688,2240437,1,88.16666666666667,0.6871842709362768,87.0,89.0,0.0,0.8944271909999159,0.0,0.025338510977011803,0.023161949128500108,0.0,0.0
30,2234688,2248437,1,87.08333333333333,1.3202482931462383,85.0,89.0,4.0,0.9534625892455924,0.0,0.01502741303956581,0.019589944893223812,0.0,0.0
30,2234688,2254437,1,86.16666666666667,1.707825127659933,84.0,89.0,5.0,0.8744746321952062,0.0,0.033625400033654065,0.05080622562500999,0.0,0.0
30,2234688,2257437,1,85.9047619047619,1.743143354068869,83.0,89.0,4.0,0.9486832980505138,0.0,0.031985354450008406,0.04753972213806503,0.0,0.0
30,2234688,2266437,1,85.29629629629629,1.9779303589361021,82.0,89.0,7.0,0.8987170342729172,0.0,0.026142622062615053,0.043363866214082586,0.0,0.0
30,2234688,2272437,1,84.3030303030303,2.779632071628758,79.0,89.0,10.0,0.8660254037844386,0.0,0.0237763268276253,0.039680477863994826,0.0,0.0
30,2234688,2278437,1,83.38461538461539,3.3482899164934214,78.0,89.0,10.0,0.8583950752789521,0.0,0.021237400232759326,0.03702863743623022,0.0,0.0
30,2240437,2284437,1,82.525,2.889528508251822,78.0,89.0,5.0,0.8915558282417286,0.0,0.01967459461488311,0.0358427001968757,0.0,0.0
30,2246437,2289437,1,82.36585365853658,2.573373012509264,78.0,86.0,0.0,0.8366600265340756,0.0,0.021327057714753676,0.03751069488609087,0.0,0.0
30,2252437,2296437,1,82.45,2.738156314018614,78.0,87.0,0.0,0.8473185457363234,0.0,0.01972200695949041,0.03615737809832475,0.0,0.0
30,2261437,2302437,1,82.575,2.8274325809822596,78.0,87.0,1.0,0.7679476477883045,0.0,0.011038972100053814,0.016035564001623943,0.0,0.0
30,2264437,2308437,1,83.34883720930233,3.503378574835364,78.0,90.0,6.0,0.7867957924694432,0.0,0.010663020725506398,0.015598826337626538,0.0,0.0
30,2270437,2314437,1,84.4186046511628,3.8533136337415312,78.0,90.0,9.0,0.7400128699009549,0.0,0.010048328730883545,0.015353558485283041,0.0,0.0
30,2276437,2320437,1,85.79069767441861,3.331024980426768,78.0,90.0,10.0,0.6900655593423543,0.0,0.010542916455495153,0.016233074483889845,0.0,0.0
30,2282437,2324437,1,86.92682926829268,2.122932209462336,81.0,90.0,8.0,0.7071067811865476,0.0,0.009565161475304956,0.015852280799524814,0.0,0.0
30,2288437,2324437,1,87.48571428571428,1.6796501093370366,85.0,90.0,4.0,0.6416889479197478,0.0,0.006928115541395875,0.007593406224926999,0.0,0.0
30,2294437,2324437,1,87.6774193548387,1.6730712877277343,85.0,90.0,3.0,0.6055300708194983,0.0,0.006979414724027233,0.007911486496713332,0.0,0.0
30,2300437,2324437,1,88.24,1.335065541462291,85.0,90.0,4.0,0.6454972243679028,0.0,0.007295190854642198,0.008718340329987672,0.0,0.0
30,2306437,2324437,1,88.73684210526316,0.7841928645132284,87.0,90.0,1.0,0.5270462766947299,0.0,0.006930609283519646,0.009810282169430523,0.0,0.0
30,2312437,2324437,1,88.46153846153847,0.7457969011409736,87.0,89.0,0.0,0.5773502691896257,0.0,0.008412032492829681,0.011420623535778423,0.0,0.0
30,2318437,2324437,1,88.0,0.7559289460184544,87.0,89.0,0.0,0.816496580927726,0.0,0.004513495134999207,0.0058293232816220945,0.0,0.0
30,3136815,3159802,0,94.77777777777777,2.0427529234278037,91.0,97.0,2.0,2.23606797749979,0.125,0.02087033852454869,0.03454607081304001,0.0,0.0
30,3136815,3165802,0,93.33333333333333,2.3851391759997758,91.0,97.0,0.0,1.7320508075688772,0.07142857142857142,0.014713353162426055,0.02796083010904498,0.0,0.0
30,3136815,3171802,0,92.9047619047619,2.223355719986429,91.0,97.0,3.0,1.5329709716755893,0.05,0.011931246601239086,0.02409105094781203,0.0,0.0
30,3136815,3177802,0,93.48148148148148,2.2831162973959174,91.0,97.0,6.0,1.3867504905630728,0.038461538461538464,0.010933923269213065,0.021374474390179102,0.0,0.0
30,3152802,3183802,0,94.125,2.368411915187052,91.0,98.0,1.0,0.7405316311773545,0.0,0.016790386549767815,0.028455339014149827,0.0,0.0
30,3152802,3189802,0,94.63157894736842,2.485971721814641,91.0,98.0,1.0,0.7884298457197201,0.0,0.01966021986682494,0.028367490778935384,0.0,0.0
30,3152802,3193802,0,94.85714285714286,2.464717008496673,91.0,98.0,0.0,0.7650920556760059,0.0,0.020169401257200067,0.027322651914068477,0.0,0.0
30,3157802,3201802,0,95.1219512195122,2.8128201450416572,91.0,100.0,5.0,0.8803408430829505,0.0,0.020029309598234044,0.027654222446078652,0.0,0.0
30,3163802,3207802,0,95.73170731707317,2.56642857326164,91.0,100.0,5.0,0.8803408430829505,0.0,0.02085949458781567,0.027310063263378828,0.0,0.0
30,3169802,3213802,0,96.17073170731707,1.949389385628106,91.0,100.0,1.0,0.9354143466934853,0.0,0.02138530252382091,0.027069725965749674,0.0,0.0
30,3175802,3219802,0,95.78048780487805,2.532830241121399,90.0,100.0,5.0,0.8803408430829505,0.0,0.021232524940148302,0.02717025648883862,0.0,0.0
31,2601282,2646145,1,79.04651162790698,1.7111601989904328,76.0,83.0,1.0,1.0350983390135313,0.0,0.05565564104959131,0.06252171651676466,0.0,0.0
31,2607283,2652145,1,78.77272727272727,1.8073541229155492,76.0,83.0,1.0,1.0,0.0,0.050476764827333646,0.06342784192335571,0.0,0.0
31,2614145,2658145,1,78.53333333333333,1.7838784213679533,76.0,83.0,5.0,0.917010954628728,0.0,0.039840055530627236,0.05973480502300824,0.0,0.0
31,2620145,2664145,1,78.06666666666666,1.339983416149452,76.0,82.0,2.0,0.9534625892455924,0.0,0.03731610361269849,0.055929790719664585,0.0,0.0
31,2626145,2670145,1,77.57777777777778,1.639632599617486,73.0,82.0,5.0,1.07661084384791,0.0,0.0256949939512074,0.039390326250018516,0.0,0.0
31,2632145,2676145,1,77.42222222222222,1.3741888741102493,73.0,80.0,1.0,1.0975178606954215,0.0,0.02341676868657071,0.03467621816423943,0.0,0.0
31,2638145,2680145,1,77.83720930232558,1.81633713393178,73.0,82.0,5.0,1.164964745021435,0.0,0.025444922008946005,0.03692983556744666,0.0,0.0
31,2644145,2688145,1,78.33333333333333,2.504696443384762,73.0,86.0,8.0,1.3572417850765923,0.0,0.02322067881518192,0.03798024016936481,0.0,0.0
31,2650145,2689145,1,78.6470588235294,2.806320103970956,73.0,86.0,7.0,1.4459976109624424,0.0,0.024251615446220974,0.04033911624764902,0.0,0.0
31,2656145,2689145,1,78.89285714285714,3.0159017333636924,73.0,86.0,7.0,1.5275252316519468,0.0,0.028354906644085773,0.04329754366427281,0.0,0.0
31,2662145,2689145,1,79.27272727272727,3.277773886785445,73.0,86.0,6.0,1.5735915849388864,0.0,0.029212681128898008,0.04797704095628635,0.0,0.0
31,2668145,2689145,1,80.0,3.48209706929603,73.0,86.0,10.0,1.7126976771553504,0.0,0.019020539281566506,0.023297439148812337,0.0,0.0
31,2674145,2689145,1,81.9,2.3,79.0,86.0,4.0,1.699673171197595,0.0,0.024017872904232566,0.027972588139159475,0.0,0.0
31,2680145,2689145,1,84.25,1.479019945774904,82.0,86.0,2.0,2.449489742783178,0.0,0.011166579423576316,0.016585382407637468,0.0,0.0
31,3999076,4002076,1,88.0,0.0,88.0,88.0,0.0,0.0,0.0,0.02925270825832151,0.02509219978515428,0.0,0.0
31,3999076,4008076,1,87.5,0.806225774829855,86.0,88.0,0.0,0.816496580927726,0.0,0.020904632993265053,0.01759513012379319,0.0,0.0
31,3999076,4014076,1,87.9375,0.899218410621135,86.0,89.0,0.0,0.7302967433402214,0.0,0.017955722046273916,0.014760355026827649,0.0,0.0
31,3999076,4017076,1,87.94736842105263,0.8254940600714802,86.0,89.0,0.0,0.6666666666666666,0.0,0.0166413620724541,0.014104924347440173,0.0,0.0
31,3999076,4024076,1,87.8695652173913,0.7969696860792764,86.0,89.0,1.0,0.6396021490668313,0.0,0.01834455833602469,0.015735197469876203,0.0,0.0
31,3999076,4032076,1,88.0,1.0,86.0,91.0,3.0,1.0425720702853738,0.0,0.019920169285177192,0.017157463913937014,0.0,0.0
31,3999076,4034076,1,88.23076923076923,1.249852062251686,86.0,91.0,3.0,1.0,0.0,0.02926538556361176,0.0383918438631446,0.0,0.0
31,4000076,4044076,1,88.34482758620689,1.23946212107665,86.0,91.0,0.0,1.0,0.0,0.02893874148637405,0.03660735939918251,0.0,0.0
31,4006076,4048076,1,88.70370370370371,1.0475656017578483,87.0,91.0,1.0,0.9405399431259602,0.0,0.03160618867903559,0.03787741092745723,0.0,0.0
31,4012076,4048076,1,88.76190476190476,1.1507662831994832,87.0,91.0,0.0,1.0488088481701516,0.0,0.03753027658121847,0.04100673903896867,0.0,0.0
31,4021076,4048076,1,89.0,1.2649110640673518,87.0,91.0,1.0,1.224744871391589,0.0,0.04718551498168742,0.044859906178151214,0.0,0.0
31,4024076,4067076,1,88.92307692307692,1.8170787401565716,84.0,91.0,3.0,1.9364916731037085,0.0,0.055019035720697815,0.04499680248407643,0.0,0.0
31,4032076,4067076,1,89.08333333333333,1.8008485654145256,84.0,91.0,7.0,1.6236882817719773,0.0,0.05539960400585315,0.046814051677011574,0.0,0.0
31,4041076,4067076,1,88.44444444444444,1.640535895581489,84.0,90.0,6.0,1.8708286933869707,0.0,0.036202229460544466,0.021543446455315203,0.0,0.0
31,4042076,4067076,1,88.25,1.6393596310755,84.0,89.0,5.0,1.9639610121239315,0.0,0.036726986325959846,0.022795981398252126,0.0,0.0
31,5304759,5315759,1,89.33333333333333,0.6666666666666666,88.0,90.0,1.0,0.9354143466934853,0.0,0.17919548656399123,0.0631557918482546,0.0,0.0
31,5304759,5321759,1,89.0,0.8944271909999159,87.0,90.0,2.0,0.9258200997725514,0.0,0.13667358390402662,0.08028309102653898,0.0,0.0
31,5304759,5327759,1,89.3157894736842,1.1263649767911945,87.0,92.0,1.0,1.0274023338281628,0.0,0.12545251611123553,0.08507703328766225,0.0,0.0
31,5304759,5329759,1,89.23809523809524,1.1086139739831253,87.0,92.0,1.0,1.02469507659596,0.0,0.1239406709992881,0.08222701442589589,0.0,0.0
32,1035743,1080740,1,86.75555555555556,2.9974474737724246,82.0,95.0,6.0,0.9534625892455924,0.0,0.06533375271155019,0.10815183892389321,0.0,0.0
32,1041783,1086740,1,87.30232558139535,3.1588552807456103,82.0,95.0,3.0,1.0118347314702751,0.0,0.0656563568001992,0.11086776563470203,0.0,0.0
32,1048740,1092740,1,87.79069767441861,3.023613574538606,82.0,95.0,6.0,1.0,0.0,0.053537876480721384,0.10179907355033029,0.0,0.0
32,1054740,1098740,1,88.44186046511628,2.42374230710026,85.0,95.0,1.0,1.0118347314702751,0.0,0.04722610995616262,0.10014622118972266,0.0,0.0
32,1060740,1104740,1,88.81395348837209,2.38459995136904,85.0,95.0,3.0,1.0801234497346435,0.0,0.03730388676552818,0.08428266780916949,0.0,0.0
32,1066740,1110740,1,89.3953488372093,2.3932029222675224,85.0,95.0,5.0,1.0350983390135313,0.0,0.03655436325513315,0.07361144928963281,0.0,0.0
32,1072740,1116740,1,90.0,1.8552251790864307,87.0,95.0,1.0,1.0350983390135313,0.0,0.029725756533151005,0.05983082614958477,0.0,0.0
32,1078740,1122740,1,89.67441860465117,1.8642403557052165,87.0,95.0,5.0,1.0350983390135313,0.0,0.024848359946873635,0.04347657119138558,0.0,0.0
33,1743649,1786084,1,93.0,3.03315017762062,88.0,98.0,5.0,0.954863710632231,0.0,0.07324313990251785,0.08813024522404432,0.0,0.0
33,1750084,1786084,1,93.36666666666666,3.114303917232371,88.0,98.0,7.0,0.9649012813540153,0.0,0.0821828763149981,0.09211474795384836,0.0,0.0
33,1756084,1786084,1,94.41666666666667,2.548147475236776,89.0,98.0,6.0,1.0215078369104984,0.0,0.06720748066111089,0.05930838095958577,0.0,0.0
33,1762084,1806084,1,96.16666666666667,1.2133516482134197,94.0,98.0,3.0,1.0,0.0,0.05675064306833263,0.06268164149339937,0.0,0.0
33,1775084,1811084,1,96.14285714285714,1.0367400503370114,95.0,98.0,1.0,0.7416198487095663,0.0,0.05605515461246508,0.06748342687304913,0.0,0.0
33,1775084,1811084,1,96.14285714285714,1.0367400503370114,95.0,98.0,1.0,0.7416198487095663,0.0,0.05605515461246508,0.06748342687304913,0.0,0.0
33,1780084,1811084,1,96.4375,0.998044963916957,95.0,98.0,0.0,0.816496580927726,0.0,0.02652002649856937,0.03100481474747227,0.0,0.0
33,1786084,1811084,1,97.0,0.7745966692414834,96.0,98.0,0.0,0.9428090415820634,0.0,0.013666797029920621,0.01357823570151046,0.0,0.0
33,1801084,1831084,1,96.3,2.5317977802344322,89.0,98.0,9.0,2.4267032964268394,0.1111111111111111,0.011142004921644041,0.01159057024172417,0.0,0.0
33,1801084,1831084,1,96.3,2.5317977802344322,89.0,98.0,9.0,2.4267032964268394,0.1111111111111111,0.011142004921644041,0.01159057024172417,0.0,0.0
33,1804084,1831084,1,95.71428571428571,2.813959371941744,89.0,98.0,9.0,2.9154759474226504,0.16666666666666666,0.008558635338882488,0.0063347534313020195,0.0,0.0
33,2433763,2442609,1,95.14285714285714,0.6388765649999399,94.0,96.0,2.0,0.5773502691896257,0.0,0.06619839937134836,0.06318009787089937,0.0,0.0
33,2433763,2448609,1,95.0,0.5547001962252291,94.0,96.0,1.0,0.6454972243679028,0.0,0.07086962238521011,0.07384782955596543,0.0,0.0
33,2433763,2454609,1,95.57894736842105,0.9902572485382516,94.0,97.0,1.0,0.6236095644623235,0.0,0.0668067239687716,0.07627556569978201,0.0,0.0
33,2433763,2454609,1,95.57894736842105,0.9902572485382516,94.0,97.0,1.0,0.6236095644623235,0.0,0.0668067239687716,0.07627556569978201,0.0,0.0
33,2433763,2454609,1,95.57894736842105,0.9902572485382516,94.0,97.0,1.0,0.6236095644623235,0.0,0.0668067239687716,0.07627556569978201,0.0,0.0
33,2433763,2472609,1,95.73913043478261,0.9876362340522215,94.0,97.0,0.0,0.6030226891555273,0.0,0.05650623743058331,0.07290294713546686,0.0,0.0
33,2433763,2478609,1,95.75862068965517,0.8965517241379312,94.0,97.0,1.0,0.5669467095138409,0.0,0.04603948498277702,0.06811381528226615,0.0,0.0
33,2441609,2484609,1,95.7,0.9000000000000001,94.0,97.0,1.0,0.5570860145311556,0.0,0.11631520459578973,0.3417753359686174,0.0,0.0
33,2446609,2490609,1,96.35483870967742,1.258478013105236,94.0,99.0,3.0,0.6582805886043833,0.0,0.10484060792035026,0.33525322571618416,0.0,0.0
33,2452609,2493609,1,96.5,1.1801936887041646,95.0,99.0,1.0,0.6382847385042254,0.0,0.11881524894740263,0.3506569468280204,0.0,0.0
33,2469609,2502609,1,96.37037037037037,1.2216609261089364,95.0,99.0,2.0,0.6793662204867574,0.0,0.11274974603426993,0.3567845530248598,0.0,0.0
33,2469609,2508609,1,96.0,1.8754309849499513,89.0,99.0,8.0,1.0690449676496976,0.0,0.1077337434402565,0.3448913270695287,0.0,0.0
33,2470609,2514609,1,94.29411764705883,4.011229910878193,86.0,99.0,11.0,1.0298573010888745,0.0,0.09442950660670674,0.3203169693474711,0.0,0.0
33,2476609,2520609,1,92.6470588235294,4.758165445663328,86.0,99.0,9.0,1.0588730430094635,0.0,0.09613659569821792,0.3199089610414917,0.0,0.0
33,2482609,2522609,1,91.8,4.989321931218042,86.0,99.0,7.0,1.1295406451144276,0.0,0.045105552219113575,0.05802776251391183,0.0,0.0
33,2488609,2522609,1,90.5,4.681523968396046,86.0,98.0,10.0,1.1420804814403216,0.0,0.030324381872033665,0.03461188324899912,0.0,0.0
33,2501609,2522609,1,88.27777777777777,3.0332519321597107,86.0,96.0,8.0,1.2833778958394957,0.0,0.020737143451358936,0.024409671422335428,0.0,0.0
33,2501609,2522609,1,88.27777777777777,3.0332519321597107,86.0,96.0,8.0,1.2833778958394957,0.0,0.020737143451358936,0.024409671422335428,0.0,0.0
33,2508609,2522609,1,87.0,0.9660917830792959,86.0,89.0,1.0,0.7071067811865476,0.0,0.01686580166655839,0.022057549141231238,0.0,0.0
33,2512609,2522609,1,86.81818181818181,0.8331955809010617,86.0,88.0,2.0,0.6324555320336759,0.0,0.021722037409120834,0.02395792574507603,0.0,0.0
33,2518609,2522609,1,87.6,0.4898979485566356,87.0,88.0,1.0,0.8660254037844386,0.0,0.019706003508493376,0.02057899256759011,0.0,0.0
33,2951865,2957929,1,95.33333333333333,0.9428090415820634,94.0,97.0,2.0,0.8944271909999159,0.0,0.05587677237193354,0.0563780634008348,0.0,0.0
33,2951865,2963929,1,94.91666666666667,1.114924013354971,93.0,97.0,1.0,1.0,0.0,0.04650868370769689,0.04479832014396564,0.0,0.0
33,2951865,2969929,1,95.5,1.2583057392117916,93.0,97.0,0.0,0.9074852129730301,0.0,0.0751940679964383,0.07171351842245428,0.0,0.0
33,2951865,2975929,1,96.125,1.562916611125921,93.0,99.0,1.0,0.8597269536210951,0.0,0.0811927530463152,0.07730092371677647,0.0,0.0
33,2951865,2981929,1,96.5,1.5864005379054391,93.0,99.0,1.0,0.7656414934887764,0.0,0.0686066676018231,0.07405797776816866,0.0,0.0
33,2951865,2987929,1,96.91666666666667,1.7219981933143185,93.0,99.0,2.0,0.7171371656006361,0.0,0.06338004162997343,0.06896441487343047,0.0,0.0
33,2951865,2993929,1,97.21428571428571,1.7665639810999565,93.0,100.0,2.0,0.7325198740332296,0.0,0.06271393941171383,0.06543917877730808,0.0,0.0
33,2955879,2999929,1,97.47727272727273,1.6853464219511283,93.0,100.0,3.0,0.6988362419217079,0.0,0.06030334371780181,0.06487745749070511,0.0,0.0
33,2961929,3002929,1,97.80952380952381,1.219642711891971,94.0,100.0,2.0,0.6625891564490792,0.0,0.05591645504643213,0.06475696652233616,0.0,0.0
33,2967929,3011929,1,97.71428571428571,1.350233036072174,94.0,100.0,1.0,0.6048583789091339,0.0,0.042255637773610986,0.05460195578329374,0.0,0.0
33,2973929,3017929,1,97.16666666666667,2.0460957789184593,93.0,100.0,5.0,0.7156780854205468,0.0,0.02668650603728428,0.029370883853191823,0.0,0.0
33,2979929,3023929,1,96.42857142857143,2.4508779490395756,92.0,100.0,4.0,0.7325198740332296,0.0,0.020858306761666053,0.025825859054690457,0.0,0.0
33,2985929,3026929,1,96.05128205128206,2.385304559909279,92.0,100.0,3.0,0.7779866052154991,0.0,0.021926467088860768,0.027087880186407596,0.0,0.0
33,2991929,3026929,1,95.54545454545455,2.2440616462513474,92.0,100.0,3.0,0.8100925873009825,0.0,0.018865429737600383,0.02744891698366744,0.0,0.0
33,2997929,3026929,1,94.77777777777777,1.6850834320114554,92.0,98.0,2.0,0.8320502943378437,0.0,0.011715950739538163,0.01502629061189049,0.0,0.0
33,3006929,3026929,1,94.14285714285714,1.2830660557435694,92.0,96.0,0.0,0.8944271909999159,0.0,0.008192562131404138,0.011861826762315095,0.0,0.0
33,3009929,3026929,1,93.83333333333333,1.118033988749895,92.0,96.0,1.0,0.9393364366277243,0.0,0.009149256697498422,0.01254021302805276,0.0,0.0
33,3015929,3026929,1,93.75,1.2332207155790618,92.0,96.0,3.0,0.7977240352174656,0.0,0.010813697920049723,0.014885694103196881,0.0,0.0
33,3021929,3026929,1,94.33333333333333,1.4907119849998596,92.0,96.0,4.0,0.8944271909999159,0.0,0.016794317359410362,0.0189549775181396,0.0,0.0
33,3720424,3725974,1,99.6,1.019803902718557,98.0,101.0,3.0,0.8660254037844386,0.0,0.01792352310235774,0.007608359405575467,0.0,0.0
33,3720424,3728974,1,99.5,0.9574271077563381,98.0,101.0,1.0,1.1832159566199232,0.0,0.019823565604335236,0.008141872322564697,0.0,0.0
33,3720424,3737974,1,99.0,1.224744871391589,97.0,101.0,1.0,1.1338934190276817,0.0,0.021841021084174038,0.010731241325581129,0.0,0.0
33,3720424,3743974,1,97.42857142857143,2.0946968998021687,94.0,101.0,2.0,1.1094003924504583,0.0,0.019759235808593317,0.010078659522694239,0.0,0.0
33,3720424,3749974,1,97.5,1.857417562100671,94.0,101.0,1.0,1.0513149660756937,0.0,0.023298077317802163,0.023021313454952654,0.0,0.0
33,3720424,3749974,1,97.5,1.857417562100671,94.0,101.0,1.0,1.0513149660756937,0.0,0.023298077317802163,0.023021313454952654,0.0,0.0
33,3720424,3761974,1,97.5,1.6466749714313573,94.0,101.0,1.0,1.0392304845413265,0.0,0.02819937806262187,0.024598144050486655,0.0,0.0
33,3725974,3767974,1,97.1923076923077,1.4416665241531779,94.0,101.0,4.0,1.019803902718557,0.0,0.047923362868630144,0.06879401075012988,0.0,0.0
33,3736974,3773974,1,97.18518518518519,1.3887654266113092,94.0,100.0,2.0,1.0741723110591492,0.0,0.0525337727382102,0.07061833310639837,0.0,0.0
33,3736974,3779974,1,97.81818181818181,1.8497263590341642,94.0,101.0,2.0,1.0,0.0,0.045763947241999114,0.06570855275002052,0.0,0.0
33,3741974,3785974,1,98.3529411764706,1.730051902335617,94.0,101.0,5.0,0.9692233691951198,0.0,0.0567426708956381,0.0780715439770826,0.0,0.0
33,3747974,3790974,1,98.72727272727273,1.376705053527339,97.0,101.0,1.0,0.9519716382329886,0.0,0.0604359607540459,0.07837176622610882,0.0,0.0
33,3756974,3797974,1,98.29411764705883,1.8235294117647058,94.0,101.0,2.0,1.044465935734187,0.0,0.07950747773233281,0.1061104288276409,0.0,0.0
33,3759974,3803974,1,97.64864864864865,2.4297282265575726,93.0,101.0,5.0,1.0137937550497031,0.0,0.08247651477446236,0.10987030325156966,0.0,0.0
33,3766974,3808974,1,97.29729729729729,2.679903839187144,93.0,101.0,1.0,1.0671873729054748,0.0,0.07832846000506656,0.11146008712765625,0.0,0.0
33,3772974,3808974,1,97.29411764705883,2.7921045379543106,93.0,101.0,3.0,0.9692233691951198,0.0,0.06642849553452179,0.10428480444289852,0.0,0.0
33,3777974,3808974,1,96.72413793103448,2.624769963308285,93.0,101.0,4.0,1.0350983390135313,0.0,0.07309485959587592,0.11110658786273181,0.0,0.0
33,3783974,3808974,1,95.8695652173913,2.2516534567346174,93.0,100.0,3.0,1.1078234188139946,0.0,0.08732095164763497,0.1204730508966927,0.0,0.0
33,3789974,3808974,1,94.76470588235294,1.4360653665569063,93.0,97.0,0.0,1.118033988749895,0.0,0.08620573934146025,0.12626571261418723,0.0,0.0
33,3795974,3808974,1,94.5,1.2955969390869324,93.0,97.0,2.0,0.8770580193070292,0.0,0.07605878760562913,0.1160449013670395,0.0,0.0
33,3801974,3808974,1,94.125,1.5360257159305635,93.0,97.0,4.0,0.9258200997725514,0.0,0.018344866487436197,0.007289590579567436,0.0,0.0
33,6183219,6186233,1,93.0,0.7071067811865476,92.0,94.0,2.0,0.816496580927726,0.0,0.020523304312817375,0.006468710639595074,0.0,0.0
33,6183219,6191863,1,92.33333333333333,1.1055415967851334,91.0,94.0,3.0,0.7745966692414834,0.0,0.018450569187617307,0.008259336281107319,0.0,0.0
33,6183219,6197863,1,92.66666666666667,1.178511301977579,91.0,94.0,0.0,0.9534625892455924,0.0,0.019413504729033304,0.021799285795582733,0.0,0.0
33,6183219,6201863,1,92.6875,1.1021995055342748,91.0,94.0,0.0,1.0327955589886444,0.0,0.015832832249324077,0.02003955713676623,0.0,0.0
33,6183219,6201863,1,92.6875,1.1021995055342748,91.0,94.0,0.0,1.0327955589886444,0.0,0.015832832249324077,0.02003955713676623,0.0,0.0
33,6183219,6201863,1,92.6875,1.1021995055342748,91.0,94.0,0.0,1.0327955589886444,0.0,0.015832832249324077,0.02003955713676623,0.0,0.0
33,6183219,6221863,1,92.89473684210526,1.118962717129963,91.0,94.0,0.0,0.9428090415820634,0.0,0.014532183839849394,0.018684761689494064,0.0,0.0
33,6184222,6227863,1,93.25,1.2332207155790618,91.0,95.0,1.0,0.8597269536210951,0.0,0.014973443592285751,0.01775615627055816,0.0,0.0
33,6191863,6228863,1,93.57142857142857,1.2936264483053452,91.0,96.0,5.0,0.9746794344808963,0.0,0.014128296415013265,0.01851530829207959,0.0,0.0
33,6195863,6228863,1,93.94117647058823,0.9982683969692435,92.0,96.0,2.0,0.9354143466934853,0.0,0.010278458989595542,0.009217540241484927,0.0,0.0
33,6201863,6228863,1,94.45454545454545,0.6555547773570889,94.0,96.0,2.0,0.7745966692414834,0.0,0.01203148405810585,0.010620558075954464,0.0,0.0
33,6219863,6228863,1,94.5,0.6708203932499369,94.0,96.0,2.0,0.816496580927726,0.0,0.013001099165885077,0.010664623350105843,0.0,0.0
33,6219863,6228863,1,94.5,0.6708203932499369,94.0,96.0,2.0,0.816496580927726,0.0,0.013001099165885077,0.010664623350105843,0.0,0.0
33,6219863,6228863,1,94.5,0.6708203932499369,94.0,96.0,2.0,0.816496580927726,0.0,0.013001099165885077,0.010664623350105843,0.0,0.0
33,6225863,6269863,1,93.8,1.16619037896906,92.0,96.0,1.0,1.5986105077709065,0.0,0.012999687412294408,0.007759195319402765,0.0,0.0
33,6264863,6269863,1,93.0,0.5773502691896257,92.0,94.0,2.0,0.6324555320336759,0.0,0.014998081366719365,0.00770010581193859,0.0,0.0
33,6264863,6269863,1,93.0,0.5773502691896257,92.0,94.0,2.0,0.6324555320336759,0.0,0.014998081366719365,0.00770010581193859,0.0,0.0
33,6264863,6269863,1,93.0,0.5773502691896257,92.0,94.0,2.0,0.6324555320336759,0.0,0.014998081366719365,0.00770010581193859,0.0,0.0
33,6264863,6269863,1,93.0,0.5773502691896257,92.0,94.0,2.0,0.6324555320336759,0.0,0.014998081366719365,0.00770010581193859,0.0,0.0
33,6264863,6269863,1,93.0,0.5773502691896257,92.0,94.0,2.0,0.6324555320336759,0.0,0.014998081366719365,0.00770010581193859,0.0,0.0
33,6264863,6269863,1,93.0,0.5773502691896257,92.0,94.0,2.0,0.6324555320336759,0.0,0.014998081366719365,0.00770010581193859,0.0,0.0
33,7552387,7559844,1,88.0,0.5,87.0,89.0,1.0,0.6546536707079771,0.0,0.03752542127434616,0.028737717370670098,0.0,0.0
33,7552387,7565844,1,88.5,0.9063269671749657,87.0,90.0,2.0,0.6793662204867574,0.0,0.02971492005824212,0.025861971697534056,0.0,0.0
33,7552387,7566844,1,88.6,0.9521904571390466,87.0,90.0,2.0,0.6546536707079771,0.0,0.030035003410181,0.025013725998787553,0.0,0.0
33,7552387,7566844,1,88.6,0.9521904571390466,87.0,90.0,2.0,0.6546536707079771,0.0,0.030035003410181,0.025013725998787553,0.0,0.0
33,7552387,7566844,1,88.6,0.9521904571390466,87.0,90.0,2.0,0.6546536707079771,0.0,0.030035003410181,0.025013725998787553,0.0,0.0
33,7552387,7586844,1,89.0,1.8027756377319946,87.0,95.0,7.0,1.4375905768565218,0.0,0.029020404027162376,0.024536141942883886,0.0,0.0
33,7552387,7586844,1,89.0,1.8027756377319946,87.0,95.0,7.0,1.4375905768565218,0.0,0.029020404027162376,0.024536141942883886,0.0,0.0
33,7558844,7586844,1,89.5,2.1095023109728985,87.0,95.0,7.0,1.7950549357115013,0.0,0.030829960709862887,0.02474879270464625,0.0,0.0
33,7563844,7607844,1,90.625,1.7275343701356567,89.0,95.0,1.0,2.4784787961282104,0.0,0.023165469282925507,0.021231856861905308,0.0,0.0
33,7586844,7613844,1,90.8,2.227105745132009,89.0,95.0,6.0,2.1213203435596424,0.0,0.017882899260943177,0.024692362415207305,0.0,0.0
33,7586844,7613844,1,90.8,2.227105745132009,89.0,95.0,6.0,2.1213203435596424,0.0,0.017882899260943177,0.024692362415207305,0.0,0.0
33,7586844,7613844,1,90.8,2.227105745132009,89.0,95.0,6.0,2.1213203435596424,0.0,0.017882899260943177,0.024692362415207305,0.0,0.0
33,7602844,7613844,1,89.75,0.82915619758885,89.0,91.0,2.0,0.816496580927726,0.0,0.018903270755708235,0.027512454672716548,0.0,0.0
33,7602844,7613844,1,89.75,0.82915619758885,89.0,91.0,2.0,0.816496580927726,0.0,0.018903270755708235,0.027512454672716548,0.0,0.0
33,7602844,7613844,1,89.75,0.82915619758885,89.0,91.0,2.0,0.816496580927726,0.0,0.018903270755708235,0.027512454672716548,0.0,0.0
33,8102639,8105660,1,90.0,0.7071067811865476,89.0,91.0,2.0,0.816496580927726,0.0,0.022463369572947832,0.012200290100362143,0.0,0.0
33,8102639,8112021,1,91.25,1.5612494995995996,89.0,94.0,5.0,0.8451542547285166,0.0,0.013821146156428545,0.012584065971431095,0.0,0.0
33,8102639,8118021,1,93.42857142857143,2.8713930346059686,89.0,98.0,8.0,0.8770580193070292,0.0,0.012323830947027933,0.012738939329654343,0.0,0.0
33,8102639,8120021,1,93.875,2.9341736485763756,89.0,98.0,8.0,0.816496580927726,0.0,0.014757926287645488,0.014477273108821442,0.0,0.0
33,8102639,8130021,1,94.55,2.9576172842340513,89.0,98.0,8.0,0.7947194142390263,0.0,0.012144848374443813,0.01398212935928136,0.0,0.0
33,8102639,8134021,1,95.0,2.886751345948129,89.0,98.0,8.0,0.7801894976054939,0.0,0.012523520126274688,0.013561237683949925,0.0,0.0
33,8102639,8134021,1,95.0,2.886751345948129,89.0,98.0,8.0,0.7801894976054939,0.0,0.012523520126274688,0.013561237683949925,0.0,0.0
33,8103653,8134021,1,95.26086956521739,2.657514224336718,90.0,98.0,7.0,0.7687061147858074,0.0,0.01223300960336795,0.013779608796760422,0.0,0.0
33,8110021,8154021,1,96.1,1.7578395831246945,92.0,98.0,1.0,1.1920791213585393,0.0,0.01337910959513636,0.017215005405440326,0.0,0.0
33,8116021,8158021,1,95.72222222222223,2.4901038701127742,91.0,98.0,6.0,1.1881770515720091,0.0,0.03842021473490415,0.0686596213833095,0.0,0.0
33,8127021,8158021,1,95.15384615384616,2.713106475161292,91.0,98.0,7.0,1.3228756555322954,0.0,0.04428597780746073,0.07938258049021386,0.0,0.0
33,8128021,8172021,1,94.26666666666667,2.7438820836342233,91.0,98.0,6.0,1.2535663410560174,0.0,0.038732347848490785,0.075250239528424,0.0,0.0
33,8134021,8178021,1,91.26666666666667,2.20504472113883,87.0,97.0,10.0,1.4142135623730951,0.0,0.049116609756178854,0.07204700491040082,0.0,0.0
33,8154021,8181021,1,89.94117647058823,2.4845543625815147,85.0,93.0,8.0,0.9354143466934853,0.0,0.06249547339266986,0.08097850837476321,0.0,0.0
33,8154021,8190021,1,89.31818181818181,2.51154359700751,85.0,93.0,4.0,0.9759000729485332,0.0,0.09150841280347545,0.11038887967464636,0.0,0.0
33,8154021,8192021,1,89.29166666666667,2.4062274529968186,85.0,93.0,4.0,0.9325048082403138,0.0,0.09894600968746825,0.11832085249787172,0.0,0.0
33,8158021,8192021,1,88.75,2.2555487137279924,85.0,92.0,2.0,0.9733285267845752,0.0,0.09520357238991395,0.11942860434333318,0.0,0.0
33,8170021,8192021,1,88.63157894736842,2.252729953582389,85.0,92.0,3.0,0.97182531580755,0.0,0.09807495702265859,0.12185642712860834,0.0,0.0
33,8170021,8192021,1,88.63157894736842,2.252729953582389,85.0,92.0,3.0,0.97182531580755,0.0,0.09807495702265859,0.12185642712860834,0.0,0.0
33,8176021,8192021,1,87.3076923076923,1.3234346564680965,85.0,89.0,0.0,0.9128709291752769,0.0,0.1332661775693089,0.13259343402630933,0.0,0.0
33,8186021,8192021,1,87.71428571428571,1.1605769149479943,86.0,89.0,3.0,0.9128709291752769,0.0,0.1874687406891215,0.14495178256458605,0.0,0.0
33,8188021,8192021,1,88.2,0.9797958971132712,87.0,89.0,2.0,1.0,0.0,0.22726271579703025,0.1524770737872471,0.0,0.0
33,8784705,8789722,1,98.66666666666667,0.9428090415820634,97.0,100.0,2.0,0.8944271909999159,0.0,0.02988511699187274,0.013972223012285285,0.0,0.0
33,8784705,8795857,1,97.16666666666667,1.8181186857726188,94.0,100.0,5.0,0.7977240352174656,0.0,0.03145638905878737,0.023565016675543726,0.0,0.0
33,8784705,8801857,1,96.22222222222223,2.14878662286819,93.0,100.0,2.0,0.9074852129730301,0.0,0.07953399027044843,0.10331624069750867,0.0,0.0
33,8784705,8807857,1,96.25,1.920286436967152,93.0,100.0,1.0,0.9555330859059091,0.0,0.07773128493198143,0.09562585149534836,0.0,0.0
34,608549,652902,1,81.02272727272727,1.9008208318278565,78.0,86.0,3.0,0.7313574508612273,0.0,0.1150163985534586,0.12895724311879506,0.0,0.0
34,614566,658902,1,81.45454545454545,2.5267167472158722,78.0,87.0,3.0,0.7624928516630234,0.0,0.11968486483265234,0.1266933857417308,0.0,0.0
34,620580,664902,1,82.0,2.6285149626910838,78.0,87.0,6.0,0.7470873676376284,0.0,0.10484163330989461,0.10076429687855906,0.0,0.0
34,626601,670902,1,82.97727272727273,2.6413549928676963,78.0,88.0,7.0,0.7924058156930615,0.0,0.10027277123191908,0.09985695704598187,0.0,0.0
34,633902,676902,1,83.27272727272727,2.5968830649246724,78.0,88.0,1.0,0.9276125895432153,0.0,0.08978821165533689,0.08920399091419014,0.0,0.0
34,638902,682912,1,83.5111111111111,2.1870550693897055,80.0,88.0,3.0,0.8918825850158447,0.0,0.10879738571674721,0.12389368468579766,0.0,0.0
34,644902,689041,1,83.79545454545455,2.0734199400830224,80.0,88.0,4.0,0.914991421995628,0.0,0.08834661842447421,0.11850077084348751,0.0,0.0
34,650902,695041,1,84.3409090909091,2.1099674902512966,80.0,88.0,3.0,0.9764672918705589,0.0,0.08576312429649292,0.11364404137357907,0.0,0.0
34,656902,697041,1,84.4,2.416609194718914,80.0,90.0,4.0,1.0377490433255416,0.0,0.09486588166901304,0.1156048415896315,0.0,0.0
34,662902,697041,1,84.32352941176471,2.5863964055770734,80.0,90.0,5.0,1.087114613009218,0.0,0.0990315169730436,0.12357070035192999,0.0,0.0
34,668902,697041,1,84.25,2.8363079623240592,80.0,90.0,3.0,1.1055415967851334,0.0,0.10737509886042719,0.13396618557490778,0.0,0.0
34,674902,697041,1,83.77272727272727,2.906604050681485,80.0,90.0,8.0,1.023532631438318,0.0,0.12210710061786645,0.14653558798934113,0.0,0.0
34,680905,697041,1,84.9375,2.536452985962878,81.0,90.0,9.0,1.1254628677422756,0.0,0.09127435790513369,0.08719090667638839,0.0,0.0
34,687041,697041,1,86.18181818181819,2.0368505911280073,84.0,90.0,6.0,1.1832159566199232,0.0,0.08683767995961535,0.08769852019408389,0.0,0.0
34,693041,697041,1,88.2,1.16619037896906,87.0,90.0,3.0,1.3228756555322954,0.0,0.09360142435955512,0.10061994239504757,0.0,0.0
34,2392384,2399406,1,86.16666666666667,0.6871842709362769,85.0,87.0,1.0,0.7745966692414834,0.0,0.07324820975495681,0.07431631949645286,0.0,0.0
34,2392384,2405406,1,85.5,1.118033988749895,83.0,87.0,1.0,1.243163121016122,0.0,0.06236589051027755,0.0638233257157205,0.0,0.0
34,2392384,2411406,1,85.05555555555556,1.1772011166898384,83.0,87.0,2.0,1.0846522890932808,0.0,0.06745787596136031,0.060336236251687214,0.0,0.0
34,2392384,2417406,1,84.29166666666667,1.7672758383707081,81.0,87.0,4.0,1.0215078369104984,0.0,0.07933231344260204,0.06108571418392205,0.0,0.0
34,2392384,2423406,1,82.96666666666667,3.198784491368905,75.0,87.0,7.0,1.217685764345488,0.0,0.09975451195626524,0.07744252569007261,0.0,0.0
34,2392384,2429406,1,81.72222222222223,4.052510272185974,74.0,87.0,8.0,1.2421180068162376,0.0,0.10637856112384722,0.08137002908104503,0.0,0.0
34,2392384,2435406,1,81.33333333333333,3.8954593021366777,74.0,87.0,4.0,1.18938393563284,0.0,0.10323574390163447,0.08576865832177336,0.0,0.0
34,2399406,2441406,1,80.93023255813954,3.473456483953227,74.0,86.0,3.0,1.164964745021435,0.0,0.10921189155717421,0.0886875881084532,0.0,0.0
34,2403406,2447406,1,81.04444444444445,3.4186128151995967,74.0,86.0,0.0,1.1078234188139946,0.0,0.11086379240167812,0.08498497508893087,0.0,0.0
34,2409406,2453406,1,81.08888888888889,3.4948992814749786,74.0,87.0,3.0,1.1579762911688178,0.0,0.11506395296653633,0.08455061757285513,0.0,0.0
34,2415406,2459406,1,81.37777777777778,3.743372744754767,74.0,87.0,4.0,1.1481209945740989,0.0,0.1221972759908414,0.08527287809981424,0.0,0.0
34,2421406,2465406,1,82.06666666666666,3.8781438859330626,74.0,87.0,11.0,1.118033988749895,0.0,0.12106190050003678,0.08988058791123905,0.0,0.0
34,2427406,2471406,1,83.4186046511628,3.377301510801499,74.0,88.0,14.0,1.0910894511799618,0.0,0.11675667496679444,0.08731695662879767,0.0,0.0
34,2433406,2477406,1,84.73809523809524,2.1163707008250365,79.0,89.0,6.0,1.147638083514009,0.0,0.10186224826969328,0.07738219170922332,0.0,0.0
34,2439406,2481406,1,85.25,1.479019945774904,83.0,89.0,1.0,1.1435437497937313,0.0,0.11304497125466624,0.07715520992046342,0.0,0.0
34,2445406,2481406,1,85.55882352941177,1.3545386987846417,83.0,89.0,1.0,1.1677484162422844,0.0,0.10988876224330187,0.07224689272531658,0.0,0.0
34,2451406,2481406,1,85.78571428571429,1.3458174058154837,84.0,89.0,2.0,1.1221672153735642,0.0,0.11340123392473404,0.07629350163897777,0.0,0.0
34,2457406,2481406,1,85.72727272727273,1.482682402754554,84.0,89.0,1.0,1.2149857925879117,0.0,0.10085178070993846,0.07671968708518777,0.0,0.0
34,2463406,2481406,1,85.875,1.653594569415369,84.0,89.0,1.0,1.2382783747337807,0.0,0.08284985645841206,0.05498714882967883,0.0,0.0
34,2469406,2481406,1,85.91666666666667,1.70579079087156,84.0,89.0,3.0,1.087114613009218,0.0,0.08666135148539522,0.05622356392060268,0.0,0.0
34,2475406,2481406,1,84.57142857142857,0.4948716593053935,84.0,85.0,1.0,0.408248290463863,0.0,0.10662448778469287,0.061250572262272616,0.0,0.0
34,3705397,3713470,0,91.66666666666667,1.632993161855452,89.0,94.0,1.0,1.541103500742244,0.0,0.1389181915464375,0.1496368578284188,0.0,0.0
34,3705397,3719470,0,91.33333333333333,1.398411797560202,89.0,94.0,2.0,1.2535663410560174,0.0,0.38635307891291276,0.4768395242121437,0.0,0.0
34,3705397,3725478,0,92.52380952380952,2.402757297436736,89.0,97.0,3.0,1.3601470508735443,0.0,0.28624338970155555,0.4333816746605684,0.0,0.0
34,3705397,3731498,0,92.85185185185185,2.222839420462764,89.0,97.0,1.0,1.255755978254962,0.0,0.2233216237138922,0.3999247033919021,0.0,0.0
34,3705397,3736834,0,92.45161290322581,2.447364740437504,87.0,97.0,6.0,1.3662601021279464,0.0,0.2103262230008429,0.37580044623198944,0.0,0.0
34,3705397,3742834,0,91.32432432432432,3.425295836929915,84.0,97.0,9.0,1.3017082793177757,0.0,0.20510800734117166,0.3503731468087488,0.0,0.0
34,3705397,3748834,0,90.27906976744185,4.110822819211071,83.0,97.0,10.0,1.2344267996967353,0.0,0.2057196383218002,0.32690257917366955,0.0,0.0
34,3711406,3754834,0,89.23255813953489,4.6747078471196595,83.0,97.0,10.0,1.0910894511799618,0.0,0.23042702930224654,0.3242014423713945,0.0,0.0
34,3717470,3760834,0,88.37209302325581,4.615561422748118,83.0,97.0,3.0,1.123345344008138,0.0,0.19788489662035036,0.20825381821242178,0.0,0.0
34,3723477,3766834,0,87.74418604651163,4.210137396287591,83.0,97.0,7.0,1.0118347314702751,0.0,0.18259502399824132,0.19621689794796007,0.0,0.0
34,3729493,3772834,0,87.02325581395348,3.136346356741063,83.0,94.0,4.0,1.0,0.0,0.1996488432276774,0.19635633285301285,0.0,0.0
34,3735834,3778834,0,87.13636363636364,3.1808440067128916,83.0,95.0,6.0,0.9400643223910575,0.0,0.2228864277561887,0.1871536307271096,0.0,0.0
34,3740834,3784834,0,88.5111111111111,4.693362794520327,83.0,99.0,14.0,0.8790490729915326,0.0,0.23084133657015624,0.1865453219961226,0.0,0.0
36,471326,516045,1,85.9090909090909,1.427301678918871,84.0,88.0,3.0,0.34099716973523675,0.0,0.1158377201539636,0.13370252227560506,0.0,0.0
36,478045,522045,1,86.37777777777778,1.4187457510677657,84.0,88.0,4.0,0.30151134457776363,0.0,0.1295089730674974,0.14315496242521106,0.0,0.0
36,484045,528045,1,86.68888888888888,1.2965290796279845,85.0,88.0,2.0,0.30151134457776363,0.0,0.14955441229178248,0.1400121894219788,0.0,0.0
36,490045,534045,1,86.88888888888889,1.139633902662941,85.0,88.0,2.0,0.3692744729379982,0.0,0.16412017609896581,0.14508799882867468,0.0,0.0
36,496045,540045,1,87.22222222222223,0.8916623398995058,85.0,88.0,3.0,0.3988620176087328,0.0,0.16842922207208103,0.14324553366883835,0.0,0.0
36,502045,546045,1,87.62222222222222,0.7685162873684703,86.0,89.0,3.0,0.3988620176087328,0.0,0.1519086918348612,0.12326556921960717,0.0,0.0
36,508045,552045,1,88.13333333333334,1.4391355429948602,86.0,93.0,5.0,0.45226701686664544,0.0,0.22054704980213913,0.281004611212717,0.0,0.0
36,514045,558045,1,89.04444444444445,2.715842865324834,86.0,96.0,8.0,0.5222329678670935,0.0,0.2515064589779711,0.2897297771301248,0.0,0.0
36,520045,560045,1,89.58536585365853,3.2757468688953866,86.0,97.0,9.0,0.570087712549569,0.0,0.26063862405575766,0.30093775336558043,0.0,0.0
36,526045,560045,1,89.91428571428571,3.43404325267235,86.0,97.0,10.0,0.5940885257860046,0.0,0.2669488491099301,0.31691613856611395,0.0,0.0
36,532045,560045,1,90.55172413793103,3.43999004505929,86.0,97.0,11.0,0.6267831705280087,0.0,0.286115616385363,0.34058676081639133,0.0,0.0
36,538045,560045,1,91.56521739130434,3.1460960895870507,88.0,97.0,9.0,0.6396021490668313,0.0,0.31712782730142497,0.37242239516327685,0.0,0.0
36,544045,560045,1,92.76470588235294,2.797675753080968,89.0,97.0,8.0,0.7071067811865476,0.0,0.35753561932182404,0.42135688922397574,0.0,0.0
36,550045,560045,1,94.45454545454545,1.9241827716833388,91.0,97.0,6.0,0.7745966692414834,0.0,0.4464655369337892,0.4885138848964928,0.0,0.0
36,556045,560045,1,96.2,0.7483314773547882,95.0,97.0,2.0,0.7071067811865476,0.0,0.2058786407036184,0.15856339009721412,0.0,0.0
36,1040386,1055386,1,86.14285714285714,0.832993127835043,85.0,88.0,2.0,1.0,0.0,0.021070072172741205,0.01280104565081367,0.0,0.0
36,1040386,1055386,1,86.14285714285714,0.832993127835043,85.0,88.0,2.0,1.0,0.0,0.021070072172741205,0.01280104565081367,0.0,0.0
36,1040386,1055386,1,86.14285714285714,0.832993127835043,85.0,88.0,2.0,1.0,0.0,0.021070072172741205,0.01280104565081367,0.0,0.0
36,1040386,1055386,1,86.14285714285714,0.832993127835043,85.0,88.0,2.0,1.0,0.0,0.021070072172741205,0.01280104565081367,0.0,0.0
36,1040386,1055386,1,86.14285714285714,0.832993127835043,85.0,88.0,2.0,1.0,0.0,0.021070072172741205,0.01280104565081367,0.0,0.0
36,1050386,1055386,1,85.83333333333333,0.37267799624996495,85.0,86.0,0.0,0.6324555320336759,0.0,0.023373264528822647,0.012411487938309452,0.0,0.0
36,1050386,1055386,1,85.83333333333333,0.37267799624996495,85.0,86.0,0.0,0.6324555320336759,0.0,0.023373264528822647,0.012411487938309452,0.0,0.0
36,1108386,1115386,1,85.75,0.4330127018922193,85.0,86.0,0.0,0.816496580927726,0.0,0.07555512904008413,0.0626797131701873,0.0,0.0
36,1108386,1115386,1,85.75,0.4330127018922193,85.0,86.0,0.0,0.816496580927726,0.0,0.07555512904008413,0.0626797131701873,0.0,0.0
36,1108386,1115386,1,85.75,0.4330127018922193,85.0,86.0,0.0,0.816496580927726,0.0,0.07555512904008413,0.0626797131701873,0.0,0.0
36,1108386,1115386,1,85.75,0.4330127018922193,85.0,86.0,0.0,0.816496580927726,0.0,0.07555512904008413,0.0626797131701873,0.0,0.0
36,1108386,1115386,1,85.75,0.4330127018922193,85.0,86.0,0.0,0.816496580927726,0.0,0.07555512904008413,0.0626797131701873,0.0,0.0
36,1108386,1115386,1,85.75,0.4330127018922193,85.0,86.0,0.0,0.816496580927726,0.0,0.07555512904008413,0.0626797131701873,0.0,0.0
36,1108386,1115386,1,85.75,0.4330127018922193,85.0,86.0,0.0,0.816496580927726,0.0,0.07555512904008413,0.0626797131701873,0.0,0.0
36,3163245,3168245,1,76.5,2.8722813232690143,74.0,81.0,7.0,2.886751345948129,0.0,0.02498223626622552,0.014370506897494799,0.0,0.0
36,3163245,3174245,1,75.3,2.368543856465402,73.0,81.0,8.0,2.309401076758503,0.0,0.030008011035147147,0.01759150339499608,0.0,0.0
36,3163245,3180245,1,74.5,2.179449471770337,72.0,81.0,7.0,1.879716290649558,0.0,0.0348614572612722,0.021539715820680913,0.0,0.0
36,3163245,3186245,1,74.13636363636364,1.983922985708654,72.0,81.0,8.0,1.6618979396776332,0.0,0.03422045220818628,0.01948429330910941,0.0,0.0
36,3163245,3192245,1,74.03571428571429,1.8221287169748708,72.0,81.0,8.0,1.5634719199411433,0.0,0.031721727253043654,0.01927402176596506,0.0,0.0
36,3163245,3198245,1,73.79411764705883,1.7452357293113878,72.0,81.0,9.0,1.42488702369803,0.0,0.02948169311681148,0.018363317200132127,0.0,0.0
36,3163245,3199245,1,73.8,1.7204650534085253,72.0,81.0,7.0,1.4450727642986174,0.0,0.02913453310689152,0.018211932601935935,0.0,0.0
36,3166245,3199245,1,73.58823529411765,1.2155281364571664,72.0,77.0,3.0,1.2909944487358056,0.0,0.02914311479187799,0.018477744546984972,0.0,0.0
36,3172245,3199245,1,73.32142857142857,0.9278843611976128,72.0,76.0,2.0,1.0183501544346312,0.0,0.029656226774860243,0.018936275276695173,0.0,0.0
36,3178245,3199245,1,73.18181818181819,0.8331955809010619,72.0,75.0,2.0,0.9759000729485332,0.0,0.0247416821013518,0.012346234444439294,0.0,0.0
36,3184245,3199245,1,73.25,0.82915619758885,72.0,75.0,1.0,1.0,0.0,0.02219165688325785,0.0130806509502718,0.0,0.0
36,3190245,3199245,1,73.1,0.8306623862918076,72.0,75.0,1.0,1.0,0.0,0.022230636816672714,0.008343374130770114,0.0,0.0
36,3196245,3199245,1,72.75,0.82915619758885,72.0,74.0,1.0,1.2909944487358056,0.0,0.017941050299799963,0.004658289797512532,0.0,0.0
36,4502400,4505400,1,114.5,0.5,114.0,115.0,1.0,0.5773502691896257,0.0,0.004055767621294183,0.0021475920779100814,0.0,0.0
36,4502400,4510400,1,115.77777777777777,1.314684396244359,114.0,118.0,4.0,0.7071067811865476,0.0,0.031587297170039406,0.03868958379007544,0.0,0.0
36,4502400,4510400,1,115.77777777777777,1.314684396244359,114.0,118.0,4.0,0.7071067811865476,0.0,0.031587297170039406,0.03868958379007544,0.0,0.0
36,4502400,4510400,1,115.77777777777777,1.314684396244359,114.0,118.0,4.0,0.7071067811865476,0.0,0.031587297170039406,0.03868958379007544,0.0,0.0
36,4502400,4510400,1,115.77777777777777,1.314684396244359,114.0,118.0,4.0,0.7071067811865476,0.0,0.031587297170039406,0.03868958379007544,0.0,0.0
36,4502400,4510400,1,115.77777777777777,1.314684396244359,114.0,118.0,4.0,0.7071067811865476,0.0,0.031587297170039406,0.03868958379007544,0.0,0.0
36,4502400,4510400,1,115.77777777777777,1.314684396244359,114.0,118.0,4.0,0.7071067811865476,0.0,0.031587297170039406,0.03868958379007544,0.0,0.0
36,4503400,4510400,1,116.0,1.224744871391589,114.0,118.0,4.0,0.7559289460184544,0.0,0.035353231957288886,0.03945065268387945,0.0,0.0
37,424615,468952,1,82.51162790697674,3.8055778708777224,78.0,91.0,10.0,0.9511897312113419,0.0,0.172729266611642,0.14347523080028413,0.0,0.0
37,430952,474952,1,80.72093023255815,2.5088270343241597,76.0,88.0,11.0,1.0801234497346435,0.0,0.19757398267266085,0.15523153347430377,0.0,0.0
37,436952,480952,1,79.97777777777777,1.8195101769296638,76.0,85.0,3.0,1.0552897060221726,0.0,0.19234241828687604,0.15020543902072245,0.0,0.0
37,442952,486952,1,79.31111111111112,1.575115124148387,76.0,82.0,5.0,1.0112997936948631,0.0,0.1959682476177575,0.15358960378336076,0.0,0.0
37,448952,493188,1,78.77272727272727,1.4749982490534503,76.0,82.0,2.0,1.0565410875907486,0.0,0.19960933849336007,0.15625676458138713,0.0,0.0
37,454952,499188,1,78.56818181818181,1.4365002811873167,76.0,82.0,2.0,1.0996828295383152,0.0,0.21358450648788843,0.20287760430317064,0.0,0.0
37,460952,505188,1,78.61363636363636,1.4804162358623874,76.0,82.0,1.0,1.1102063499795358,0.0,0.21540276194949118,0.19920861603922527,0.0,0.0
37,466952,511188,1,78.67441860465117,1.5807112063224587,76.0,82.0,0.0,1.1338934190276817,0.0,0.21285444580216034,0.1951390762177257,0.0,0.0
37,472952,514188,1,78.65,1.509138827278657,76.0,81.0,2.0,1.0127393670836666,0.0,0.22493377287360627,0.20578865952196415,0.0,0.0
37,478952,514188,1,78.8529411764706,1.5172023972386979,76.0,81.0,2.0,1.0150384378451045,0.0,0.240858551697983,0.2159521325615023,0.0,0.0
37,484952,514188,1,78.78571428571429,1.5665508713900937,76.0,81.0,3.0,0.9229582069908973,0.0,0.26176506234820246,0.22705937876712795,0.0,0.0
37,492188,514188,1,79.36363636363636,1.226430687566549,77.0,81.0,3.0,0.9511897312113419,0.0,0.27828340179240924,0.24031194946697965,0.0,0.0
37,497188,514188,1,79.52941176470588,1.1939872429520257,77.0,81.0,2.0,0.7905694150420949,0.0,0.21978311305398776,0.18577477987735913,0.0,0.0
37,503188,514188,1,80.27272727272727,0.616575453011388,79.0,81.0,1.0,0.7071067811865476,0.0,0.27198715788909594,0.211400402695868,0.0,0.0
37,509188,514188,1,80.33333333333333,0.47140452079103173,80.0,81.0,1.0,0.4472135954999579,0.0,0.30487153065828215,0.24224299495252988,0.0,0.0
37,1172830,1176833,1,84.6,0.4898979485566356,84.0,85.0,1.0,0.8660254037844386,0.0,0.01341165885588012,0.005926719297811915,0.0,0.0
37,1172830,1182838,1,84.27272727272727,0.4453617714151233,84.0,85.0,1.0,0.5477225575051661,0.0,0.016030080739687737,0.006784014542044641,0.0,0.0
37,1172830,1188846,1,84.11764705882354,0.47058823529411764,83.0,85.0,2.0,0.5,0.0,0.026955750464169863,0.03395965197637609,0.0,0.0
37,1172830,1194985,1,84.04545454545455,0.8244707794189571,82.0,86.0,1.0,0.7237468644557459,0.0,0.028579171113154535,0.033361534492420526,0.0,0.0
37,1172830,1200985,1,84.5,1.349603116263656,82.0,88.0,3.0,0.8388704928078611,0.0,0.024581963343186446,0.030616792730428596,0.0,0.0
37,1172830,1206985,1,85.08823529411765,1.7717994684504748,82.0,88.0,3.0,0.7977240352174656,0.0,0.021018241818927558,0.02884972492013215,0.0,0.0
37,1172830,1212985,1,85.375,1.79843682124227,82.0,88.0,1.0,0.7679476477883045,0.0,0.0201193400535087,0.02685265707649183,0.0,0.0
37,1174831,1218985,1,85.38095238095238,1.7586843154875607,82.0,88.0,1.0,0.7489830503797116,0.0,0.019375294421299667,0.026432568724077767,0.0,0.0
37,1180837,1224985,1,85.38095238095238,1.8765771900226695,82.0,88.0,3.0,0.8695387058524823,0.0,0.02157453040233955,0.031773953365462404,0.0,0.0
37,1186844,1230985,1,85.5952380952381,1.826517944191492,82.0,88.0,0.0,0.9106416928094863,0.0,0.021331129104278188,0.031761072779528374,0.0,0.0
37,1192985,1231985,1,85.89473684210526,1.6668513286434858,82.0,88.0,2.0,0.9299811099505543,0.0,0.01594712149638641,0.024098178327581744,0.0,0.0
37,1198985,1242985,1,86.02702702702703,1.585176032282722,82.0,88.0,2.0,0.7817359599705717,0.0,0.014259694080555664,0.021240338239255797,0.0,0.0
37,1204985,1248985,1,85.3030303030303,2.066835503633931,79.0,88.0,8.0,1.1989578808281798,0.0,0.015290119760538652,0.022273226576602096,0.0,0.0
37,1210985,1254985,1,84.19354838709677,2.3475361804722903,79.0,87.0,6.0,1.2382783747337807,0.0,0.01608750605151128,0.02279971249720732,0.0,0.0
37,1218985,1260985,1,82.93548387096774,2.8276912259111127,78.0,87.0,5.0,1.3038404810405297,0.0,0.01682288557603712,0.023112765109463522,0.0,0.0
37,1222985,1261985,1,82.78571428571429,3.051429909041975,78.0,87.0,6.0,1.2765694770084508,0.0,0.017759062024463472,0.024075208419163333,0.0,0.0
37,1228985,1261985,1,81.86363636363636,2.784624253181201,78.0,86.0,6.0,1.3801311186847085,0.0,0.0116137822406503,0.009912992635252721,0.0,0.0
37,1238985,1261985,1,81.22222222222223,2.6782157318208775,78.0,86.0,7.0,1.475286612233465,0.0,0.012004150962028731,0.010638282257195408,0.0,0.0
37,1240985,1261985,1,80.625,2.2043990110685496,78.0,85.0,6.0,1.5491933384829668,0.0,0.012880334037375405,0.010860676083089648,0.0,0.0
37,1247985,1261985,1,79.61538461538461,0.737820234355803,78.0,81.0,1.0,0.9574271077563381,0.0,0.01156935465591058,0.010765298124326783,0.0,0.0
37,1253985,1261985,1,79.55555555555556,0.8314794192830981,78.0,81.0,1.0,1.0606601717798212,0.0,0.01130730825140966,0.010460121956750883,0.0,0.0
37,1258985,1261985,1,79.25,0.4330127018922193,79.0,80.0,0.0,0.816496580927726,0.0,0.010349227963887805,0.011781377246349353,0.0,0.0
37,2271615,2274618,0,83.5,0.5,83.0,84.0,0.0,0.816496580927726,0.0,0.04890492486414866,0.06810418504525291,0.0,0.0
37,2271615,2281250,0,82.45454545454545,0.9875254992000196,81.0,84.0,2.0,1.0,0.0,0.07923930264246407,0.09962942457309766,0.0,0.0
37,2271615,2287250,0,81.94117647058823,1.1098801331831298,80.0,84.0,2.0,1.0,0.0,0.08678328830877355,0.08962481568629722,0.0,0.0
37,2271615,2292250,0,81.95454545454545,1.106890514716902,80.0,84.0,1.0,1.1338934190276817,0.0,0.07825560555807737,0.0825111103162911,0.0,0.0
37,2271615,2299250,0,81.74074074074075,1.1735540383522118,80.0,84.0,3.0,1.0919284281983377,0.0,0.06616775021462427,0.07876244788245063,0.0,0.0
37,2271615,2305250,0,81.48484848484848,1.282072472806435,79.0,84.0,4.0,1.0606601717798212,0.0,0.05714294752027493,0.07389375970053488,0.0,0.0
37,2271615,2311250,0,81.07692307692308,1.5588394003662218,78.0,84.0,4.0,1.1002392084403616,0.0,0.053742790707163424,0.07079129117782923,0.0,0.0
37,2272616,2317250,0,80.75,1.6393596310755,78.0,84.0,3.0,1.1102063499795358,0.0,0.0578209741409371,0.0760897523992447,0.0,0.0
37,2278623,2322250,0,80.83720930232558,1.81633713393178,78.0,85.0,3.0,1.164964745021435,0.0,0.05422510490743825,0.06719129516196791,0.0,0.0
37,2285250,2329250,0,81.14634146341463,2.1133833192618994,78.0,85.0,2.0,1.118033988749895,0.0,0.05704508795862474,0.07249922906397153,0.0,0.0
37,2291250,2331250,0,81.16216216216216,2.2119272935794734,78.0,85.0,1.0,1.0408329997330663,0.0,0.055200934486158766,0.07568021984955,0.0,0.0
37,2297250,2331250,0,81.06060606060606,2.3216947041670246,78.0,85.0,3.0,1.0458250331675945,0.0,0.06000588338505194,0.07873544957394205,0.0,0.0
37,2303250,2331250,0,81.14814814814815,2.5342645028971855,78.0,85.0,3.0,1.0919284281983377,0.0,0.07165627969281257,0.08262606911162534,0.0,0.0
37,2309250,2353250,0,81.91304347826087,2.465642935436144,78.0,85.0,5.0,1.1078234188139946,0.0,0.08132607921666526,0.08605281395205103,0.0,0.0
37,2315250,2359250,0,82.65217391304348,1.7841986546681037,78.0,85.0,2.0,1.087114613009218,0.0,0.0750399946750154,0.08698502198187663,0.0,0.0
37,2321250,2361250,0,82.73684210526316,1.408325069501016,80.0,85.0,3.0,0.9128709291752769,0.0,0.06384375509616656,0.07839514100958467,0.0,0.0
37,2327250,2361250,0,82.46666666666667,1.4544949486180951,80.0,85.0,3.0,0.9636241116594315,0.0,0.04059542793923478,0.03494526082697938,0.0,0.0
37,2352250,2361250,0,81.8,1.2489995996796797,80.0,84.0,3.0,1.0,0.0,0.027001750181747514,0.021618413293789135,0.0,0.0
37,2352250,2361250,0,81.8,1.2489995996796797,80.0,84.0,3.0,1.0,0.0,0.027001750181747514,0.021618413293789135,0.0,0.0
37,2352250,2361250,0,81.8,1.2489995996796797,80.0,84.0,3.0,1.0,0.0,0.027001750181747514,0.021618413293789135,0.0,0.0
37,2352250,2361250,0,81.8,1.2489995996796797,80.0,84.0,3.0,1.0,0.0,0.027001750181747514,0.021618413293789135,0.0,0.0
37,2357250,2361250,0,81.0,0.8944271909999159,80.0,82.0,1.0,1.118033988749895,0.0,0.03231824839730067,0.023920568570466594,0.0,0.0
37,3484524,3487528,0,79.25,0.4330127018922193,79.0,80.0,1.0,0.5773502691896257,0.0,0.011192850483589409,0.005539057493532343,0.0,0.0
37,3484524,3493520,0,77.7,1.4177446878757822,76.0,80.0,4.0,0.6666666666666666,0.0,0.01904103326113843,0.02600026606045502,0.0,0.0
37,3484524,3499070,0,77.6,1.451436070471816,76.0,80.0,0.0,0.8451542547285166,0.0,0.09207930612115721,0.19641664764418543,0.0,0.0
37,3484524,3505070,0,78.71428571428571,2.185294077254051,76.0,82.0,0.0,0.8944271909999159,0.0,0.07155453024996092,0.16917581541542354,0.0,0.0
37,3484524,3511070,0,78.92592592592592,1.9800098377220237,76.0,82.0,0.0,0.8320502943378437,0.0,0.06096011122281288,0.1506650838930286,0.0,0.0
37,3484524,3517070,0,79.0,1.8090680674665818,76.0,82.0,0.0,0.7905694150420949,0.0,0.05224900694847705,0.13763085845136258,0.0,0.0
37,3484524,3523070,0,79.46153846153847,1.998026639874683,76.0,83.0,2.0,0.8583950752789521,0.0,0.0465599244389759,0.12734396416043292,0.0,0.0
37,3485525,3529070,0,79.56818181818181,1.9352909961216225,76.0,83.0,1.0,0.8490761052804039,0.0,0.0437959654876005,0.12011823698021515,0.0,0.0
37,3491532,3535070,0,79.95454545454545,1.870276419221908,76.0,83.0,5.0,0.8212299340934686,0.0,0.04421524050930558,0.12002603111609429,0.0,0.0
37,3497070,3541070,0,80.28888888888889,1.392395573139604,77.0,83.0,1.0,0.917010954628728,0.0,0.018114645514402446,0.00906027793803595,0.0,0.0
37,3503070,3547070,0,79.77777777777777,1.8121673811444545,75.0,83.0,6.0,0.9045340337332909,0.0,0.0184018492940105,0.009711202327938099,0.0,0.0
37,3509070,3553070,0,79.33333333333333,2.0330600909302543,75.0,83.0,3.0,0.917010954628728,0.0,0.027588613679909276,0.02827279729576435,0.0,0.0
37,3515070,3556070,0,79.5,2.362907813126304,75.0,86.0,7.0,1.259113121867347,0.0,0.027649567222210084,0.028721037950089685,0.0,0.0
37,3521070,3556070,0,79.33333333333333,2.4608038433722332,75.0,86.0,4.0,1.2873006086935783,0.0,0.03008076152434936,0.03017379773966587,0.0,0.0
37,3527070,3556070,0,78.86666666666666,2.404625172916191,75.0,86.0,7.0,1.3518824678560455,0.0,0.032826891453882345,0.032273043758417046,0.0,0.0
37,3533070,3556070,0,78.5,2.533114025595111,75.0,86.0,5.0,1.4890907643081486,0.0,0.036582652345545835,0.03500382562429349,0.0,0.0
37,3539070,3556070,0,77.77777777777777,2.506780927261884,75.0,86.0,7.0,1.6627404735414788,0.0,0.04313395138503195,0.038090096908352286,0.0,0.0
37,3545070,3556070,0,78.0,2.972092416687835,75.0,86.0,11.0,1.8829377433825436,0.0,0.0554670291650183,0.041346341532064214,0.0,0.0
37,3551070,3556070,0,79.83333333333333,3.2360813064912666,77.0,86.0,9.0,2.4899799195977463,0.0,0.05721668557261513,0.05080813062844452,0.0,0.0
37,4726544,4729548,1,87.5,0.5,87.0,88.0,1.0,0.5773502691896257,0.0,0.07221729124969234,0.03223283170160171,0.0,0.0
37,4726544,4735555,1,86.0,1.4142135623730951,84.0,88.0,1.0,1.0,0.0,0.05748776178265906,0.0338849778368063,0.0,0.0
37,4726544,4735555,1,86.0,1.4142135623730951,84.0,88.0,1.0,1.0,0.0,0.05748776178265906,0.0338849778368063,0.0,0.0
37,4726544,4735555,1,86.0,1.4142135623730951,84.0,88.0,1.0,1.0,0.0,0.05748776178265906,0.0338849778368063,0.0,0.0
37,4726544,4735555,1,86.0,1.4142135623730951,84.0,88.0,1.0,1.0,0.0,0.05748776178265906,0.0338849778368063,0.0,0.0
37,4726544,4735555,1,86.0,1.4142135623730951,84.0,88.0,1.0,1.0,0.0,0.05748776178265906,0.0338849778368063,0.0,0.0
37,4726544,4764719,1,86.08333333333333,1.3202482931462383,84.0,88.0,1.0,1.0,0.0,0.05353147954605258,0.034478605810116594,0.0,0.0
37,4727545,4770719,1,86.11764705882354,1.1823383083671637,84.0,88.0,2.0,0.9354143466934853,0.0,0.0608011287296179,0.06053265284743024,0.0,0.0
37,4733553,4776719,1,86.125,0.8569568250501305,84.0,87.0,3.0,0.7745966692414834,0.0,0.053956566376487804,0.06185922289729629,0.0,0.0
37,4760661,4782719,1,86.5,0.7319250547113999,85.0,88.0,1.0,0.7337993857053428,0.0,0.053279845273387604,0.06373201721830625,0.0,0.0
37,4760661,4787719,1,86.57894736842105,0.7480352843974681,85.0,88.0,0.0,0.8819171036881969,0.0,0.05400973927233679,0.05702265988908466,0.0,0.0
37,4760661,4787719,1,86.57894736842105,0.7480352843974681,85.0,88.0,0.0,0.8819171036881969,0.0,0.05400973927233679,0.05702265988908466,0.0,0.0
37,4760661,4787719,1,86.57894736842105,0.7480352843974681,85.0,88.0,0.0,0.8819171036881969,0.0,0.05400973927233679,0.05702265988908466,0.0,0.0
37,4764719,4787719,1,86.55555555555556,0.7617394000445605,85.0,88.0,1.0,0.8744746321952062,0.0,0.05344825101728384,0.058534068454469755,0.0,0.0
37,4768719,4787719,1,86.5,0.823754471047914,85.0,88.0,1.0,0.9198662110077999,0.0,0.06598200847397766,0.0605519122484608,0.0,0.0
37,4774719,4813719,1,87.11111111111111,0.7370277311900889,86.0,88.0,1.0,1.0606601717798212,0.0,0.048998263911943424,0.028282038790626997,0.0,0.0
37,4782719,4813719,1,87.14285714285714,0.832993127835043,86.0,88.0,0.0,1.1547005383792515,0.0,0.05394377329206928,0.02813701017972339,0.0,0.0
37,5640580,5643583,0,82.75,0.82915619758885,82.0,84.0,1.0,1.2909944487358056,0.0,0.07120474146076827,0.0828743180277169,0.0,0.0
37,5640580,5650091,0,82.5,0.9574271077563381,81.0,84.0,0.0,1.4142135623730951,0.0,0.12195887784439131,0.09911296585336081,0.0,0.0
37,5640580,5655091,0,82.71428571428571,1.0301575072754257,81.0,84.0,1.0,1.35400640077266,0.0,0.1127535640276975,0.09449056468768038,0.0,0.0
37,5640580,5665091,0,84.1,2.3,81.0,88.0,4.0,1.7638342073763937,0.0,0.09191865253992812,0.08637462708261259,0.0,0.0
37,5640580,5671091,0,85.0,2.4201534780139164,81.0,88.0,4.0,1.5191090506254998,0.0,0.11676687702667155,0.08914742856873818,0.0,0.0
37,5640580,5677091,0,85.55,2.246664193866097,81.0,88.0,5.0,1.3954814298487213,0.0,0.10655056230697486,0.09682847353584415,0.0,0.0
37,5640580,5681091,0,86.04166666666667,2.3359360484016296,81.0,89.0,6.0,1.285369173834303,0.0,0.09306714496959119,0.09358827601056086,0.0,0.0
37,5649091,5681091,0,86.7,1.9519221295943134,81.0,89.0,8.0,1.2977713690461004,0.0,0.09743962567135578,0.0949851380233721,0.0,0.0
37,5655091,5681091,0,87.22222222222223,1.1811273125260722,84.0,89.0,5.0,1.2602520756252087,0.0,0.08343656734465782,0.08962645688557928,0.0,0.0
37,5663091,5701091,0,87.0,1.4867838833500564,83.0,89.0,5.0,1.4337208778404378,0.0,0.07728857491447862,0.08986482982988969,0.0,0.0
37,5663091,5702091,0,86.8,1.6911534525287764,83.0,89.0,5.0,1.3954814298487213,0.0,0.0746667859709909,0.08833178944387447,0.0,0.0
37,5669091,5702091,0,86.6875,1.8614090764794289,83.0,89.0,4.0,1.5491933384829668,0.0,0.07252630323200411,0.09171218252519374,0.0,0.0
37,5675091,5717091,0,86.36363636363636,2.42234774444986,83.0,89.0,5.0,1.70293863659264,0.0,0.033421277005332,0.03963263127209125,0.0,0.0
37,5681091,5717091,0,84.4,2.33238075793812,83.0,89.0,6.0,2.5495097567963922,0.0,0.025824707917791408,0.023419630916086787,0.0,0.0
37,5697091,5729091,0,83.42857142857143,0.4948716593053935,83.0,84.0,1.0,0.7071067811865476,0.0,0.040253860514404514,0.03535187898200695,0.0,0.0
37,5697091,5729091,0,83.42857142857143,0.4948716593053935,83.0,84.0,1.0,0.7071067811865476,0.0,0.040253860514404514,0.03535187898200695,0.0,0.0
37,5701091,5729091,0,83.33333333333333,0.4714045207910317,83.0,84.0,0.0,0.6324555320336759,0.0,0.04578489968860147,0.035268982761902365,0.0,0.0
37,5717091,5729091,0,83.5,0.5,83.0,84.0,0.0,0.816496580927726,0.0,0.05819445881432993,0.037367175478278114,0.0,0.0
37,5717091,5729091,0,83.5,0.5,83.0,84.0,0.0,0.816496580927726,0.0,0.05819445881432993,0.037367175478278114,0.0,0.0
37,5717091,5729091,0,83.5,0.5,83.0,84.0,0.0,0.816496580927726,0.0,0.05819445881432993,0.037367175478278114,0.0,0.0
37,8153616,8160741,0,88.57142857142857,0.4948716593053935,88.0,89.0,1.0,0.408248290463863,0.0,0.18114521344598086,0.228903822911184,0.0,0.0
37,8153616,8166741,0,89.0,0.7844645405527362,88.0,91.0,2.0,0.816496580927726,0.0,0.16674710207507484,0.18190327658688155,0.0,0.0
37,8153616,8172741,0,89.0,0.7559289460184544,88.0,91.0,0.0,0.9607689228305228,0.0,0.15628527367400208,0.17929909165680627,0.0,0.0
37,8153616,8178741,0,88.75,0.7664854858377946,88.0,91.0,1.0,0.8271701918685112,0.0,0.12299385464208952,0.16003171221631246,0.0,0.0
37,8153616,8183741,0,88.5909090909091,0.8872373316337788,87.0,91.0,2.0,0.816496580927726,0.0,0.11852800303604318,0.15372258533218788,0.0,0.0
37,8153616,8190741,0,87.84,2.2032702966272657,82.0,91.0,7.0,1.136515141415488,0.0,0.10942845448204362,0.14679766588801824,0.0,0.0
37,8153616,8196741,0,86.64516129032258,3.1576674434878114,81.0,91.0,8.0,1.0645812948447542,0.0,0.09550113127406522,0.1356751125018375,0.0,0.0
37,8159741,8202741,0,84.75,4.286607049870562,78.0,91.0,10.0,1.1071614388213236,0.0,0.07343268070007407,0.08444928908530942,0.0,0.0
37,8164741,8208741,0,83.24242424242425,4.24285712077264,78.0,91.0,10.0,1.0897247358851685,0.0,0.03948282375881225,0.032482234586280724,0.0,0.0
37,8172741,8214741,0,82.05555555555556,3.71142713225313,78.0,89.0,11.0,1.0,0.0,0.03767795387847638,0.03408863721454353,0.0,0.0
37,8176741,8220741,0,80.28947368421052,3.641196266243757,73.0,88.0,15.0,1.0526671402243484,0.0,0.03599559691444491,0.033747466387568315,0.0,0.0
37,8183741,8226741,0,78.5,3.3391615714128,72.0,87.0,13.0,1.0500305245868344,0.0,0.031197105863312702,0.027928447940076408,0.0,0.0
37,8188741,8232741,0,77.77777777777777,3.1685179773577907,72.0,83.0,7.0,0.8660254037844386,0.0,0.035649395063400875,0.03407454766496201,0.0,0.0
37,8194741,8238741,0,77.31111111111112,2.7065535462586787,72.0,81.0,2.0,0.9293203772845852,0.0,0.03762044822710126,0.03939916482372775,0.0,0.0
37,8200741,8242741,0,77.23255813953489,2.7180465737092057,72.0,81.0,3.0,0.9128709291752769,0.0,0.0362539674278989,0.03999235430254448,0.0,0.0
37,8206741,8242741,0,77.0,2.847473987257497,72.0,81.0,1.0,0.9574271077563381,0.0,0.03837779771420287,0.04247946753668477,0.0,0.0
37,8212741,8242741,0,76.38709677419355,2.70814088539553,72.0,81.0,1.0,1.0165300454651272,0.0,0.04201279934904984,0.04542795972305998,0.0,0.0
37,8218741,8242741,0,76.16,2.8660774588276574,72.0,81.0,6.0,1.0,0.0,0.04181673158876145,0.04650235185034606,0.0,0.0
37,8224741,8242741,0,77.0,2.7338039817306425,73.0,81.0,7.0,0.97182531580755,0.0,0.05027912182150611,0.050294828790569804,0.0,0.0
37,8230741,8242741,0,78.38461538461539,2.1675388928623645,74.0,81.0,7.0,1.0408329997330663,0.0,0.054735591467913666,0.05810767430406679,0.0,0.0
37,8236741,8242741,0,79.85714285714286,0.832993127835043,79.0,81.0,2.0,0.816496580927726,0.0,0.02106081904685857,0.011384719333585923,0.0,0.0
37,8915806,8947083,1,85.8,1.9390719429665315,84.0,89.0,0.0,2.9154759474226504,0.0,0.09627974485265903,0.14722772196597733,0.0,0.0
37,8915806,8953083,1,83.9090909090909,2.5389527352307164,80.0,89.0,4.0,2.04939015319192,0.0,0.16143093794202742,0.15066561329678763,0.0,0.0
37,8915806,8959083,1,82.29411764705883,3.0051858292811295,79.0,89.0,5.0,1.6770509831248424,0.0,0.1258417731409504,0.13165712463911086,0.0,0.0
37,8942083,8965083,1,81.45,2.6358110706194404,79.0,89.0,5.0,1.504379571363837,0.0,0.14111849359081288,0.13175076913943992,0.0,0.0
37,8942083,8970083,1,82.4,3.0724582991474434,79.0,89.0,2.0,1.4142135623730951,0.0,0.14117113912541962,0.12553498140403122,0.0,0.0
38,5506062,5550062,0,81.45454545454545,5.297746285212169,75.0,90.0,12.0,1.118033988749895,0.0,0.01996037290729212,0.02091779033591767,0.0,0.0
38,5512062,5556062,0,80.1470588235294,4.47957687695387,75.0,90.0,9.0,1.1934162828797101,0.0,0.021258092018073365,0.021088686272026785,0.0,0.0
38,5525062,5561062,0,79.0,2.70801280154532,75.0,84.0,1.0,1.103970108290981,0.0,0.023503917260773118,0.021927833505263245,0.0,0.0
38,5525062,5568062,0,79.43243243243244,2.871486483306686,75.0,85.0,1.0,1.118033988749895,0.0,0.021598230123166515,0.02157198589981112,0.0,0.0
38,5531062,5568062,0,79.22857142857143,2.809023361401247,75.0,85.0,3.0,1.0981267472114393,0.0,0.021722544821983134,0.02207388661339243,0.0,0.0
38,5536062,5568062,0,79.1,2.981610303175114,75.0,85.0,6.0,1.0827805840074194,0.0,0.025074116445951495,0.022128310255433995,0.0,0.0
39,1043573,1088416,1,83.83720930232558,2.332083932413335,80.0,91.0,9.0,0.7071067811865476,0.0,0.017251541889991822,0.01808207461990907,0.0,0.0
39,1050666,1092416,1,84.9,3.246536616149585,80.0,92.0,8.0,0.7161148740394329,0.0,0.017351369865402328,0.0188604729072413,0.0,0.0
39,1055666,1092416,1,85.0,3.4558439118191004,80.0,92.0,8.0,0.7276068751089989,0.0,0.014885535464502537,0.017822420947601808,0.0,0.0
39,1061666,1092416,1,85.17241379310344,3.769834584473503,80.0,92.0,8.0,0.7559289460184544,0.0,0.015606522870855939,0.018995207788866018,0.0,0.0
39,1067666,1092416,1,85.47826086956522,4.179344292416666,80.0,92.0,9.0,0.8257228238447705,0.0,0.016824251667772315,0.02092785905874026,0.0,0.0
39,1075416,1118416,1,85.94736842105263,4.751439496123102,75.0,92.0,5.0,4.089281382128433,0.05555555555555555,0.021175537602096332,0.02531796946979729,0.0,0.0
39,1080416,1124416,1,83.42105263157895,7.955903398858407,71.0,92.0,13.0,4.102844541697057,0.05555555555555555,0.019999624409192646,0.025318506669020604,0.0,0.0
39,1086416,1130416,1,78.6842105263158,9.487124968408764,70.0,92.0,18.0,4.08248290463863,0.05555555555555555,0.01459758136092734,0.023985348301544102,0.0,0.0
39,1092416,1130416,1,73.07692307692308,5.608531118017903,70.0,92.0,21.0,4.9749371855331,0.08333333333333333,0.011935658032279778,0.018187590626059517,0.0,0.0
39,1118416,1130416,1,71.5,1.3228756555322954,70.0,75.0,4.0,0.8528028654224418,0.0,0.01290647326535139,0.018603813812270453,0.0,0.0
39,1118416,1130416,1,71.5,1.3228756555322954,70.0,75.0,4.0,0.8528028654224418,0.0,0.01290647326535139,0.018603813812270453,0.0,0.0
39,1118416,1130416,1,71.5,1.3228756555322954,70.0,75.0,4.0,0.8528028654224418,0.0,0.01290647326535139,0.018603813812270453,0.0,0.0
39,1118416,1130416,1,71.5,1.3228756555322954,70.0,75.0,4.0,0.8528028654224418,0.0,0.01290647326535139,0.018603813812270453,0.0,0.0
39,1122416,1130416,1,70.88888888888889,0.5665577237325317,70.0,72.0,1.0,0.6123724356957945,0.0,0.008383447539532952,0.007082037752019082,0.0,0.0
39,1699431,1705758,1,76.42857142857143,1.4982983545287878,75.0,79.0,2.0,1.632993161855452,0.0,0.04146117746651464,0.04361375969751366,0.0,0.0
39,1699431,1711758,1,77.0,1.4675987714106855,75.0,79.0,1.0,1.3844373104863459,0.0,0.03402836828081752,0.03670025548369081,0.0,0.0
39,1699431,1717758,1,76.88888888888889,1.286204100310025,75.0,79.0,1.0,1.2602520756252087,0.0,0.028000517393092204,0.032849609811353195,0.0,0.0
39,1699431,1718758,1,76.78947368421052,1.3210421471590665,75.0,79.0,0.0,1.247219128924647,0.0,0.027025798839834254,0.03223978389465336,0.0,0.0
39,1699431,1727758,1,76.65,1.4239030865898141,74.0,79.0,1.0,1.2354415362426845,0.0,0.0301892202687416,0.03431575366935406,0.0,0.0
39,1699431,1735758,1,76.52173913043478,1.3790218719264093,74.0,79.0,0.0,1.243163121016122,0.0,0.039507453505722295,0.056525522304464206,0.0,0.0
39,1699431,1741758,1,76.5925925925926,1.3125959367903224,74.0,79.0,1.0,1.255755978254962,0.0,0.04301859878180659,0.053216137374875204,0.0,0.0
39,1703758,1747758,1,76.58620689655173,1.326578211149748,74.0,79.0,4.0,1.1019463300386794,0.0,0.04394606994891732,0.050959968244066456,0.0,0.0
39,1709758,1753758,1,75.24137931034483,2.0620574327898002,70.0,78.0,7.0,0.9819805060619657,0.0,0.03814785508618922,0.048387203829500375,0.0,0.0
39,1715758,1759758,1,73.93103448275862,2.6900972227368394,69.0,78.0,7.0,1.118033988749895,0.0,0.05468567985901533,0.06259320247443168,0.0,0.0
39,1727758,1765758,1,73.65625,2.5691605511333853,69.0,78.0,2.0,1.1071614388213236,0.0,0.05750097718180755,0.05951614912432802,0.0,0.0
39,1727758,1771758,1,73.92105263157895,2.4428367779173676,69.0,78.0,1.0,1.0780362527123855,0.0,0.06125988285711648,0.06165159211533512,0.0,0.0
39,1735758,1777758,1,73.8048780487805,2.391239215370955,69.0,78.0,2.0,1.140175425099138,0.0,0.053518858694118494,0.05274753672608976,0.0,0.0
39,1739758,1779758,1,73.8780487804878,2.4712505173639685,69.0,78.0,0.0,1.0954451150103321,0.0,0.05522131951997226,0.0528676977168572,0.0,0.0
39,1745758,1788758,1,73.51351351351352,2.332167784303203,69.0,78.0,0.0,1.1547005383792515,0.0,0.05633842605851968,0.055235167554960024,0.0,0.0
39,1751758,1788758,1,73.45161290322581,2.499531693911034,69.0,78.0,4.0,1.2110601416389966,0.0,0.06271585677906229,0.05774315872804276,0.0,0.0
39,1757758,1788758,1,74.2,2.1725560982400434,70.0,78.0,5.0,1.2747548783981961,0.0,0.0669978658987723,0.061480789086434284,0.0,0.0
39,1763758,1788758,1,75.10526315789474,1.5524085477634344,72.0,78.0,1.0,1.224744871391589,0.0,0.05780717391530764,0.05159458601239907,0.0,0.0
39,1769758,1788758,1,75.07692307692308,1.8170787401565716,72.0,78.0,0.0,1.35400640077266,0.0,0.06394369620212445,0.055500430715655226,0.0,0.0
39,1775758,1788758,1,76.0,1.6035674514745464,73.0,78.0,2.0,1.5275252316519468,0.0,0.05089206785216115,0.04151449022727544,0.0,0.0
39,2917109,2924440,1,78.77777777777777,1.0304020550550783,77.0,80.0,2.0,1.3228756555322954,0.0,0.02831941452472069,0.02617868473635862,0.0,0.0
39,2917109,2925440,1,78.9,1.0440306508910548,77.0,80.0,0.0,1.4142135623730951,0.0,0.029002019968843985,0.024919565261139913,0.0,0.0
39,2917109,2925440,1,78.9,1.0440306508910548,77.0,80.0,0.0,1.4142135623730951,0.0,0.029002019968843985,0.024919565261139913,0.0,0.0
39,2917109,2925440,1,78.9,1.0440306508910548,77.0,80.0,0.0,1.4142135623730951,0.0,0.029002019968843985,0.024919565261139913,0.0,0.0
39,2917109,2925440,1,78.9,1.0440306508910548,77.0,80.0,0.0,1.4142135623730951,0.0,0.029002019968843985,0.024919565261139913,0.0,0.0
39,2917109,2925440,1,78.9,1.0440306508910548,77.0,80.0,0.0,1.4142135623730951,0.0,0.029002019968843985,0.024919565261139913,0.0,0.0
39,2917109,2925440,1,78.9,1.0440306508910548,77.0,80.0,0.0,1.4142135623730951,0.0,0.029002019968843985,0.024919565261139913,0.0,0.0
39,2922440,2925440,1,78.5,1.118033988749895,77.0,80.0,1.0,1.7320508075688772,0.0,0.015668601569130122,0.013074245506638655,0.0,0.0
39,2985467,2989467,1,89.4,1.019803902718557,88.0,91.0,3.0,0.8660254037844386,0.0,0.018791552791316647,0.012085171992754391,0.0,0.0
39,2985467,2989467,1,89.4,1.019803902718557,88.0,91.0,3.0,0.8660254037844386,0.0,0.018791552791316647,0.012085171992754391,0.0,0.0
39,2985467,2989467,1,89.4,1.019803902718557,88.0,91.0,3.0,0.8660254037844386,0.0,0.018791552791316647,0.012085171992754391,0.0,0.0
39,2985467,2989467,1,89.4,1.019803902718557,88.0,91.0,3.0,0.8660254037844386,0.0,0.018791552791316647,0.012085171992754391,0.0,0.0
39,2985467,2989467,1,89.4,1.019803902718557,88.0,91.0,3.0,0.8660254037844386,0.0,0.018791552791316647,0.012085171992754391,0.0,0.0
39,2985467,2989467,1,89.4,1.019803902718557,88.0,91.0,3.0,0.8660254037844386,0.0,0.018791552791316647,0.012085171992754391,0.0,0.0
39,2985467,2989467,1,89.4,1.019803902718557,88.0,91.0,3.0,0.8660254037844386,0.0,0.018791552791316647,0.012085171992754391,0.0,0.0
39,5511175,5516175,1,88.16666666666667,1.3437096247164249,86.0,90.0,2.0,1.2649110640673518,0.0,0.025351871991420843,0.022827812662944386,0.0,0.0
39,5511175,5522175,1,87.08333333333333,1.552328000849763,85.0,90.0,2.0,1.2060453783110545,0.0,0.035510762307433594,0.028551090054906955,0.0,0.0
39,5511175,5528178,1,87.0,1.4907119849998598,85.0,90.0,0.0,1.3284223283101428,0.0,0.044657830169422943,0.04064221529584386,0.0,0.0
39,5511175,5534195,1,87.5,1.6583123951777,85.0,90.0,1.0,1.335143698502964,0.0,0.04289423338128812,0.0364382739380464,0.0,0.0
4,1279364,1291364,1,93.0909090909091,0.51425947722658,92.0,94.0,1.0,0.5477225575051661,0.0,0.019735746497702995,0.022281969337089255,0.0,0.0
4,1285364,1291364,1,93.14285714285714,0.6388765649999399,92.0,94.0,2.0,0.5773502691896257,0.0,0.026955435882706713,0.02472089966036543,0.0,0.0
4,1686713,1689713,0,93.5,0.5,93.0,94.0,1.0,0.5773502691896257,0.0,0.05503913749968995,0.02892028066050722,0.0,0.0
4,1686713,1693713,0,93.75,0.4330127018922193,93.0,94.0,1.0,0.3779644730092272,0.0,0.03468576429871624,0.0294127413673615,0.0,0.0
4,1686713,1693713,0,93.75,0.4330127018922193,93.0,94.0,1.0,0.3779644730092272,0.0,0.03468576429871624,0.0294127413673615,0.0,0.0
4,1686713,1704713,0,94.0909090909091,0.668042657122685,93.0,95.0,2.0,0.4472135954999579,0.0,0.026720842727106665,0.028395017030276946,0.0,0.0
4,1686713,1704713,0,94.0909090909091,0.668042657122685,93.0,95.0,2.0,0.4472135954999579,0.0,0.026720842727106665,0.028395017030276946,0.0,0.0
4,1686713,1719713,0,93.3529411764706,1.1345471483521123,92.0,95.0,1.0,0.82915619758885,0.0,0.020355458161746776,0.024474853598688992,0.0,0.0
4,1686713,1723713,0,93.52380952380952,1.1388819755334665,92.0,95.0,2.0,0.8366600265340756,0.0,0.020052089365310118,0.022773441725587713,0.0,0.0
4,1687713,1723713,0,93.55,1.1608186766243898,92.0,95.0,2.0,0.8583950752789521,0.0,0.019621505956812675,0.02325226197437655,0.0,0.0
4,1693713,1723713,0,93.42857142857143,1.3477115902938004,92.0,95.0,1.0,1.0,0.0,0.010370737063275376,0.009584644419506166,0.0,0.0
4,1702713,1723713,0,93.38461538461539,1.3888823142513684,92.0,95.0,0.0,1.0,0.0,0.01104675094475251,0.009619462136372402,0.0,0.0
4,1714713,1723713,0,92.9,1.2206555615733703,92.0,95.0,3.0,0.5773502691896257,0.0,0.012716460667333923,0.009974298098641908,0.0,0.0
4,1714713,1750713,0,91.9090909090909,3.3426866019727703,82.0,95.0,10.0,4.147288270665544,0.1,0.01493072737720333,0.011809832969620408,0.0,0.0
4,1717713,1750713,0,91.875,3.9191038516477206,82.0,95.0,10.0,4.956957592256421,0.14285714285714285,0.017906437404299397,0.012560101575642645,0.0,0.0
4,5021498,5025500,0,98.8,0.4,98.0,99.0,1.0,0.5,0.0,0.01789967403931108,0.009730141454743638,0.0,0.0
4,5021498,5031846,0,99.0,0.4264014327112209,98.0,100.0,2.0,0.4472135954999579,0.0,0.03136582590135582,0.02549049243785231,0.0,0.0
4,5021498,5036846,0,99.6,1.083205120618128,98.0,102.0,4.0,0.5345224838248488,0.0,0.04342490967841095,0.046464172262139045,0.0,0.0
4,5021498,5036846,0,99.6,1.083205120618128,98.0,102.0,4.0,0.5345224838248488,0.0,0.04342490967841095,0.046464172262139045,0.0,0.0
4,5021498,5036846,0,99.6,1.083205120618128,98.0,102.0,4.0,0.5345224838248488,0.0,0.04342490967841095,0.046464172262139045,0.0,0.0
4,5021498,5036846,0,99.6,1.083205120618128,98.0,102.0,4.0,0.5345224838248488,0.0,0.04342490967841095,0.046464172262139045,0.0,0.0
4,5021498,5036846,0,99.6,1.083205120618128,98.0,102.0,4.0,0.5345224838248488,0.0,0.04342490967841095,0.046464172262139045,0.0,0.0
4,5023500,5036846,0,99.76923076923077,1.0490908997681427,99.0,102.0,3.0,0.5,0.0,0.04761551623015976,0.04855025669945883,0.0,0.0
4,5029846,5036846,0,100.42857142857143,1.049781318335648,99.0,102.0,3.0,0.7071067811865476,0.0,0.05961998943080411,0.057824775311294596,0.0,0.0
4,6368031,6376031,0,98.28571428571429,1.1605769149479943,97.0,100.0,2.0,1.0,0.0,0.03144263286908241,0.02786216602538785,0.0,0.0
4,6368031,6382031,0,98.15384615384616,0.8634593969478328,97.0,100.0,2.0,0.7071067811865476,0.0,0.029985610851782675,0.028205961324755505,0.0,0.0
4,6368031,6383031,0,98.14285714285714,0.832993127835043,97.0,100.0,2.0,0.6793662204867574,0.0,0.028970216175196677,0.027425402850092907,0.0,0.0
4,6368031,6394031,0,97.8,1.514375558880073,93.0,100.0,7.0,1.4880476182856899,0.0,0.027538899499563136,0.027031288365284123,0.0,0.0
4,6368031,6400031,0,96.28571428571429,2.7280353499814294,92.0,100.0,7.0,1.3228756555322954,0.0,0.028674742789559515,0.025324886127229964,0.0,0.0
4,6368031,6400031,0,96.28571428571429,2.7280353499814294,92.0,100.0,7.0,1.3228756555322954,0.0,0.028674742789559515,0.025324886127229964,0.0,0.0
4,6368031,6400031,0,96.28571428571429,2.7280353499814294,92.0,100.0,7.0,1.3228756555322954,0.0,0.028674742789559515,0.025324886127229964,0.0,0.0
4,6374031,6400031,0,95.70588235294117,2.6516300399022694,92.0,98.0,4.0,1.3693063937629153,0.0,0.032295529546367496,0.025769931397267645,0.0,0.0
4,6380031,6424031,0,93.82352941176471,2.4067379465269156,91.0,98.0,7.0,1.4361406616345072,0.0,0.03285962289357742,0.022295407475176936,0.0,0.0
4,6394031,6425031,0,92.5,0.7319250547113999,91.0,94.0,1.0,0.8320502943378437,0.0,0.02871352871109507,0.020095420947941593,0.0,0.0
4,6394031,6425031,0,92.5,0.7319250547113999,91.0,94.0,1.0,0.8320502943378437,0.0,0.02871352871109507,0.020095420947941593,0.0,0.0
4,6398031,6425031,0,92.5,0.806225774829855,91.0,94.0,0.0,0.816496580927726,0.0,0.03408914026496485,0.02019423665877211,0.0,0.0
4,6419031,6425031,0,92.42857142857143,0.9035079029052513,91.0,94.0,2.0,0.816496580927726,0.0,0.029343261403904964,0.019688536198995243,0.0,0.0
4,6419031,6425031,0,92.42857142857143,0.9035079029052513,91.0,94.0,2.0,0.816496580927726,0.0,0.029343261403904964,0.019688536198995243,0.0,0.0
4,6419031,6425031,0,92.42857142857143,0.9035079029052513,91.0,94.0,2.0,0.816496580927726,0.0,0.029343261403904964,0.019688536198995243,0.0,0.0
4,6422031,6425031,0,91.75,0.4330127018922193,91.0,92.0,0.0,0.816496580927726,0.0,0.024676672880327058,0.020133017747093668,0.0,0.0
4,7580142,7588142,0,96.0,1.4142135623730951,94.0,98.0,4.0,0.7071067811865476,0.0,0.021640118768006936,0.011085840077756927,0.0,0.0
4,7580142,7593620,0,95.91666666666667,1.2555432644432802,94.0,98.0,2.0,0.7385489458759964,0.0,0.028522324714453023,0.016531495521420934,0.0,0.0
4,7580142,7596620,0,96.26666666666667,1.3399834161494522,94.0,98.0,0.0,0.7559289460184544,0.0,0.02864565110269787,0.015363673310146785,0.0,0.0
4,7580142,7605620,0,96.61904761904762,1.3265131692556302,94.0,99.0,1.0,0.7416198487095663,0.0,0.03277623969538098,0.019584976895116797,0.0,0.0
4,7580142,7606620,0,96.68181818181819,1.3275528969554755,94.0,99.0,0.0,0.7559289460184544,0.0,0.032657292624552164,0.01914244959512494,0.0,0.0
4,7580142,7606620,0,96.68181818181819,1.3275528969554755,94.0,99.0,0.0,0.7559289460184544,0.0,0.032657292624552164,0.01914244959512494,0.0,0.0
4,7580142,7606620,0,96.68181818181819,1.3275528969554755,94.0,99.0,0.0,0.7559289460184544,0.0,0.032657292624552164,0.01914244959512494,0.0,0.0
40,4540521,4550322,1,91.3,0.6403124237432849,90.0,92.0,0.0,0.9428090415820634,0.0,0.01911032944721834,0.013987004402327027,0.0,0.0
40,4547322,4550322,1,91.25,0.82915619758885,90.0,92.0,0.0,1.4142135623730951,0.0,0.017336250705053943,0.0071645476748978905,0.0,0.0
40,4605322,4609322,1,91.0,0.0,91.0,91.0,0.0,0.0,0.0,0.0076543519913265705,0.004077488764316103,0.0,0.0
40,4605322,4615322,1,90.72727272727273,0.4453617714151233,90.0,91.0,1.0,0.5477225575051661,0.0,0.010461906546151721,0.007454675622448762,0.0,0.0
40,4605322,4621322,1,89.70588235294117,1.485803640037069,87.0,91.0,4.0,0.6123724356957945,0.0,0.008690884185563953,0.006845247191202759,0.0,0.0
40,4605322,4627322,1,88.6086956521739,2.3357175684457903,83.0,91.0,8.0,0.7977240352174656,0.0,0.009430674766486326,0.010159606896493844,0.0,0.0
40,4605322,4628322,1,88.375,2.54644359843292,83.0,91.0,8.0,0.7801894976054939,0.0,0.010362075333391446,0.010902730842065772,0.0,0.0
40,4605322,4628322,1,88.375,2.54644359843292,83.0,91.0,8.0,0.7801894976054939,0.0,0.010362075333391446,0.010902730842065772,0.0,0.0
40,4605322,4628322,1,88.375,2.54644359843292,83.0,91.0,8.0,0.7801894976054939,0.0,0.010362075333391446,0.010902730842065772,0.0,0.0
40,4607322,4628322,1,88.13636363636364,2.5279430111789694,83.0,91.0,8.0,0.816496580927726,0.0,0.010942775694204104,0.011208314738004828,0.0,0.0
40,4613322,4628322,1,87.125,2.2325713874364688,83.0,91.0,7.0,0.9309493362512627,0.0,0.00916747751709799,0.012123909025155309,0.0,0.0
40,4619322,4628322,1,85.8,1.5999999999999999,83.0,88.0,5.0,1.0,0.0,0.012233598634589055,0.014371109506014274,0.0,0.0
40,4625322,4628322,1,84.25,1.299038105676658,83.0,86.0,3.0,1.2909944487358056,0.0,0.021117052955323137,0.019133287509525258,0.0,0.0
40,4907414,4914884,1,81.625,1.1110243021644486,80.0,84.0,4.0,1.0690449676496976,0.0,0.01860470747227132,0.009190719058071855,0.0,0.0
40,4907414,4920884,1,83.07142857142857,1.9072899889740982,80.0,86.0,5.0,1.0,0.0,0.029037744914732346,0.029118269684535014,0.0,0.0
40,4907414,4926884,1,83.85,2.0316249653910043,80.0,87.0,5.0,1.0513149660756937,0.0,0.032801726245733555,0.03305551276738271,0.0,0.0
40,4907414,4927884,1,83.85714285714286,1.9829202679673343,80.0,87.0,4.0,1.0488088481701516,0.0,0.031329145814811624,0.032924231631498865,0.0,0.0
40,4907414,4927884,1,83.85714285714286,1.9829202679673343,80.0,87.0,4.0,1.0488088481701516,0.0,0.031329145814811624,0.032924231631498865,0.0,0.0
40,4907414,4944884,1,83.95652173913044,1.9219161830695952,80.0,87.0,5.0,1.02247471629109,0.0,0.031183583096346213,0.03172533818834783,0.0,0.0
40,4907414,4950884,1,83.81481481481481,1.8466593870100607,80.0,87.0,2.0,1.0377490433255416,0.0,0.034656793489307954,0.04018841737979356,0.0,0.0
40,4912884,4956884,1,83.03571428571429,2.969874250069267,77.0,87.0,4.0,1.1547005383792515,0.0,0.036932124447229174,0.043327676463947,0.0,0.0
40,4918884,4962884,1,81.78571428571429,3.447122432003901,77.0,87.0,6.0,1.0183501544346312,0.0,0.036325181557023835,0.04053698685972868,0.0,0.0
40,4924884,4968884,1,79.64285714285714,3.676316923559363,74.0,86.0,11.0,0.9622504486493763,0.0,0.02946160608179041,0.03662973699872438,0.0,0.0
40,4943884,4974884,1,78.33333333333333,3.3598941782277736,73.0,85.0,1.0,2.370799370501944,0.034482758620689655,0.03178349132092726,0.038572650112134496,0.0,0.0
40,4943884,4980884,1,77.88888888888889,3.247030932489435,73.0,85.0,10.0,2.7979584393931636,0.05714285714285714,0.03152608518191856,0.0377794925125507,0.0,0.0
40,4943884,4986884,1,77.45238095238095,3.201207963613713,73.0,85.0,10.0,2.603936981740927,0.04878048780487805,0.028438379734534676,0.035904666982280335,0.0,0.0
40,4948884,4992884,1,76.73333333333333,2.4531159323965466,73.0,84.0,8.0,2.522624895547565,0.045454545454545456,0.023654540675554357,0.027133149638695522,0.0,0.0
40,4954884,4993884,1,76.15,1.8377975949489107,73.0,84.0,0.0,2.621410855206576,0.05128205128205128,0.022251647382901567,0.024137400272264055,0.0,0.0
40,4960884,4993884,1,75.88235294117646,1.8592330152093066,73.0,84.0,1.0,2.8337789310923727,0.06060606060606061,0.021705539716171326,0.02463538564049726,0.0,0.0
40,4966884,4993884,1,75.64285714285714,1.8938676547946929,73.0,84.0,2.0,3.1150768375280413,0.07407407407407407,0.021271438178578173,0.025771134398791216,0.0,0.0
40,4972884,4993884,1,75.81818181818181,2.059045755073841,73.0,84.0,0.0,3.491486243775878,0.09523809523809523,0.01783995782959157,0.020477275549241506,0.0,0.0
40,4978884,4993884,1,75.4375,0.7880950133074057,74.0,77.0,1.0,0.7745966692414834,0.0,0.01328034719325815,0.00842713643624491,0.0,0.0
40,4984884,4993884,1,75.4,0.9165151389911681,74.0,77.0,3.0,0.7453559924999299,0.0,0.01688965566183557,0.008016772250348905,0.0,0.0
40,4990884,4993884,1,76.0,0.7071067811865476,75.0,77.0,2.0,0.816496580927726,0.0,0.01934000544210622,0.008403910947386633,0.0,0.0
40,7520327,7523310,0,86.5,0.5,86.0,87.0,0.0,0.816496580927726,0.0,0.07271669148541957,0.09184310212473956,0.0,0.0
40,7520327,7523310,0,86.5,0.5,86.0,87.0,0.0,0.816496580927726,0.0,0.07271669148541957,0.09184310212473956,0.0,0.0
40,7520327,7523310,0,86.5,0.5,86.0,87.0,0.0,0.816496580927726,0.0,0.07271669148541957,0.09184310212473956,0.0,0.0
40,7520327,7523310,0,86.5,0.5,86.0,87.0,0.0,0.816496580927726,0.0,0.07271669148541957,0.09184310212473956,0.0,0.0
40,7520327,7523310,0,86.5,0.5,86.0,87.0,0.0,0.816496580927726,0.0,0.07271669148541957,0.09184310212473956,0.0,0.0
40,7520327,7523310,0,86.5,0.5,86.0,87.0,0.0,0.816496580927726,0.0,0.07271669148541957,0.09184310212473956,0.0,0.0
40,7520327,7523310,0,86.5,0.5,86.0,87.0,0.0,0.816496580927726,0.0,0.07271669148541957,0.09184310212473956,0.0,0.0
40,7523310,7567213,0,82.2,1.9390719429665317,81.0,86.0,5.0,2.0615528128088303,0.0,0.09209869394950207,0.08875013463013959,0.0,0.0
40,7564213,7573213,0,82.1,0.8306623862918076,81.0,83.0,0.0,0.6666666666666666,0.0,0.030697959042077266,0.04662765171314114,0.0,0.0
40,7564213,7579213,0,81.375,1.2183492931011204,79.0,83.0,1.0,0.7745966692414834,0.0,0.03218120591726943,0.045149019074185615,0.0,0.0
40,7564213,7585213,0,81.18181818181819,1.192261549873091,79.0,83.0,3.0,0.7867957924694432,0.0,0.038341123933830164,0.04506987009075504,0.0,0.0
40,7564213,7591213,0,80.78571428571429,1.3978846993414948,78.0,83.0,4.0,0.90267093384844,0.0,0.03296360543539334,0.04171798638112893,0.0,0.0
40,7564213,7597213,0,79.94117647058823,2.2614567984401277,75.0,83.0,6.0,0.9211323729436766,0.0,0.030236315248680794,0.038956319320701156,0.0,0.0
40,7564213,7603213,0,79.475,2.397785436606036,75.0,83.0,4.0,0.9607689228305228,0.0,0.04620081301165764,0.11675432608284532,0.0,0.0
41,993249,1037744,1,76.83720930232558,3.5629242794801033,71.0,82.0,7.0,0.9880235200593537,0.0,0.04995777782770304,0.09050125294710415,0.0,0.0
41,1000744,1043744,1,75.95454545454545,3.4703585448411616,71.0,81.0,7.0,0.9523532664857335,0.0,0.03970044958135909,0.045811177586485265,0.0,0.0
41,1005744,1048744,1,75.0909090909091,3.2600765594620196,70.0,80.0,4.0,1.0996828295383152,0.0,0.04358776463552463,0.0491522318523752,0.0,0.0
41,1011744,1050744,1,74.43589743589743,2.8804813682017683,70.0,80.0,1.0,1.180989772227204,0.0,0.04801390645983672,0.050532472496340644,0.0,0.0
41,1017744,1061744,1,74.78947368421052,3.798600121213923,70.0,84.0,5.0,1.4425952589278397,0.0,0.06658235460011142,0.13954308900292375,0.0,0.0
41,1023744,1067744,1,75.83783783783784,4.9511861178614,70.0,85.0,13.0,1.3844373104863459,0.0,0.05954415527371954,0.14164975443420205,0.0,0.0
41,1029744,1068744,1,76.96875,5.1689238181172685,70.0,86.0,13.0,1.4701327567878504,0.0,0.06519658205573968,0.15148375425052446,0.0,0.0
41,1035744,1068744,1,77.65384615384616,5.504839183651946,70.0,86.0,13.0,1.5874507866387544,0.0,0.07600492461771093,0.16606322429116477,0.0,0.0
41,1041744,1068744,1,79.15,5.424711973920827,70.0,86.0,13.0,1.670171752907624,0.0,0.0824413950399545,0.18668900285969753,0.0,0.0
41,1047744,1068744,1,82.14285714285714,3.3986792152486625,74.0,86.0,12.0,1.7097008285302207,0.0,0.0770551422604019,0.21816284600898964,0.0,0.0
41,1057744,1068744,1,83.81818181818181,0.9359663764533637,83.0,86.0,3.0,0.7071067811865476,0.0,0.08931623790853777,0.24382092000995526,0.0,0.0
41,1059744,1068744,1,83.88888888888889,0.9938079899999066,83.0,86.0,3.0,0.6123724356957945,0.0,0.10342678552919998,0.26748479259916363,0.0,0.0
41,2200009,2203016,1,93.5,0.5,93.0,94.0,1.0,0.5773502691896257,0.0,0.3509514681321355,0.5290395336989585,0.0,0.0
41,2200009,2203016,1,93.5,0.5,93.0,94.0,1.0,0.5773502691896257,0.0,0.3509514681321355,0.5290395336989585,0.0,0.0
41,2200009,2203016,1,93.5,0.5,93.0,94.0,1.0,0.5773502691896257,0.0,0.3509514681321355,0.5290395336989585,0.0,0.0
41,2200009,2203016,1,93.5,0.5,93.0,94.0,1.0,0.5773502691896257,0.0,0.3509514681321355,0.5290395336989585,0.0,0.0
41,2200009,2203016,1,93.5,0.5,93.0,94.0,1.0,0.5773502691896257,0.0,0.3509514681321355,0.5290395336989585,0.0,0.0
41,2200009,2238242,1,91.6,1.6852299546352716,89.0,94.0,2.0,1.632993161855452,0.0,0.1731271698127844,0.3657817578369474,0.0,0.0
41,2200009,2243355,1,91.6,1.4047538337136984,89.0,94.0,2.0,1.4142135623730951,0.0,0.20362953761544927,0.3544770668119488,0.0,0.0
41,2233242,2249355,1,90.58823529411765,0.9112901991076275,89.0,92.0,0.0,0.9354143466934853,0.0,0.109406288589235,0.20329744928235233,0.0,0.0
41,2233242,2255355,1,90.8695652173913,1.034380630727854,89.0,93.0,3.0,0.8790490729915326,0.0,0.10873632553292939,0.18609551212720948,0.0,0.0
41,2233242,2258355,1,91.11538461538461,1.2192974987805658,89.0,94.0,2.0,0.938083151964686,0.0,0.10616424175190914,0.1761179248429064,0.0,0.0
41,2233242,2265436,1,91.23333333333333,1.2023125864580955,89.0,94.0,3.0,0.9284766908852593,0.0,0.12127218204186822,0.17806058709130118,0.0,0.0
41,2233242,2265436,1,91.23333333333333,1.2023125864580955,89.0,94.0,3.0,0.9284766908852593,0.0,0.12127218204186822,0.17806058709130118,0.0,0.0
41,2236242,2265436,1,91.37037037037037,1.1594426549998909,89.0,94.0,3.0,0.8548504142651103,0.0,0.13063224209524127,0.1852021439902266,0.0,0.0
41,2242245,2265436,1,91.42857142857143,1.256276757930754,89.0,94.0,1.0,0.8660254037844386,0.0,0.11728336192215834,0.13172473169550555,0.0,0.0
41,2247355,2265436,1,91.6875,1.2103072956898178,90.0,94.0,3.0,0.8563488385776752,0.0,0.11937877058698544,0.12926379968738486,0.0,0.0
41,2253355,2265436,1,92.4,0.8,91.0,94.0,1.0,1.0,0.0,0.1579165176029026,0.1495179167847653,0.0,0.0
41,2262355,2265436,1,92.0,0.7071067811865476,91.0,93.0,2.0,0.816496580927726,0.0,0.21947379392660227,0.15827416708968517,0.0,0.0
41,3053887,3060173,0,93.85714285714286,0.6388765649999399,93.0,95.0,1.0,0.7071067811865476,0.0,0.043407132204131615,0.06337638783048334,0.0,0.0
41,3053887,3063173,0,93.8,0.6,93.0,95.0,1.0,0.7453559924999299,0.0,0.06684574866239835,0.06908118267840758,0.0,0.0
41,3053887,3072173,0,94.28571428571429,1.0973065354098013,93.0,97.0,2.0,0.7844645405527362,0.0,0.05737489132248984,0.06473883112700571,0.0,0.0
41,3053887,3075173,0,94.6470588235294,1.280678885710426,93.0,97.0,2.0,0.7905694150420949,0.0,0.05186907521417354,0.06037725970456446,0.0,0.0
41,3053887,3075173,0,94.6470588235294,1.280678885710426,93.0,97.0,2.0,0.7905694150420949,0.0,0.05186907521417354,0.06037725970456446,0.0,0.0
41,3053887,3075173,0,94.6470588235294,1.280678885710426,93.0,97.0,2.0,0.7905694150420949,0.0,0.05186907521417354,0.06037725970456446,0.0,0.0
41,3053887,3075173,0,94.6470588235294,1.280678885710426,93.0,97.0,2.0,0.7905694150420949,0.0,0.05186907521417354,0.06037725970456446,0.0,0.0
41,3058173,3075173,0,94.76923076923077,1.4225570776082255,93.0,97.0,4.0,0.816496580927726,0.0,0.04903559353761217,0.05316450046899127,0.0,0.0
41,3069173,3075173,0,95.85714285714286,0.989743318610787,94.0,97.0,3.0,0.9128709291752769,0.0,0.030473827430995228,0.03546150316732455,0.0,0.0
41,3070173,3075173,0,96.16666666666667,0.6871842709362769,95.0,97.0,2.0,0.8944271909999159,0.0,0.03403000136782617,0.037129233269993074,0.0,0.0
41,4191969,4199986,0,79.77777777777777,1.1331154474650633,78.0,82.0,3.0,0.7905694150420949,0.0,0.04540386005911515,0.03643289487820856,0.0,0.0
41,4191969,4206014,0,81.53333333333333,2.472964932132188,78.0,86.0,4.0,1.0690449676496976,0.0,0.04851851186760196,0.04601387017410877,0.0,0.0
41,4191969,4212035,0,81.42857142857143,2.1285234893930483,78.0,86.0,3.0,1.02469507659596,0.0,0.04259261122234132,0.04295545454185031,0.0,0.0
41,4191969,4218226,0,82.29629629629629,2.5793311624415036,78.0,87.0,8.0,1.0,0.0,0.04862656993087628,0.06493337335755425,0.0,0.0
41,4191969,4224226,0,82.87878787878788,2.6714832533980837,78.0,87.0,5.0,0.9519716382329886,0.0,0.052178826666865054,0.0627577698406222,0.0,0.0
41,4191969,4230226,0,82.97435897435898,2.475388386901984,78.0,87.0,5.0,0.9318911162960933,0.0,0.05114509093191074,0.059326310873957455,0.0,0.0
41,4191969,4236226,0,83.26666666666667,2.4711670657134186,78.0,87.0,8.0,0.9293203772845852,0.0,0.06223329156627718,0.07117725866131377,0.0,0.0
41,4197986,4242226,0,84.55555555555556,2.5171019981589544,80.0,90.0,8.0,0.9534625892455924,0.0,0.07034274786951367,0.08154828074821334,0.0,0.0
41,4204014,4247253,0,85.04651162790698,2.381649695719462,80.0,90.0,1.0,0.9128709291752769,0.0,0.06936636572878639,0.08403153732069163,0.0,0.0
41,4210028,4253269,0,85.53488372093024,2.2344952836212677,80.0,90.0,5.0,0.9385906354489059,0.0,0.07039598441411443,0.08399077809748114,0.0,0.0
41,4216226,4259519,0,85.93023255813954,1.7835859989594427,83.0,90.0,0.0,0.8997354108424374,0.0,0.06360308898857849,0.07553177966129358,0.0,0.0
41,4222226,4265519,0,85.3953488372093,2.1473567839048937,81.0,90.0,4.0,0.9258200997725514,0.0,0.05870064102349441,0.07701182814042876,0.0,0.0
41,4228226,4271519,0,85.18604651162791,2.3452655321820854,81.0,90.0,2.0,0.9511897312113419,0.0,0.05159542035789042,0.07600501024505411,0.0,0.0
41,4234226,4277519,0,84.65116279069767,2.9639988774613615,79.0,90.0,6.0,0.9511897312113419,0.0,0.039741835809194395,0.06152919665631697,0.0,0.0
41,4240226,4281519,0,83.90243902439025,2.835359297133778,79.0,89.0,6.0,0.9219544457292888,0.0,0.027936791435428227,0.03741520126775092,0.0,0.0
41,4247253,4281519,0,83.28571428571429,2.5586986488272125,79.0,89.0,4.0,0.9393364366277243,0.0,0.020027790102565817,0.021831206517131878,0.0,0.0
41,4251258,4281519,0,82.70967741935483,2.0975184783237237,79.0,86.0,2.0,0.816496580927726,0.0,0.019996080878873442,0.022878675785785764,0.0,0.0
41,4257519,4281519,0,82.12,1.9041008376659048,79.0,86.0,2.0,0.8660254037844386,0.0,0.014819221946419823,0.012525763176773902,0.0,0.0
41,4263519,4281519,0,81.3157894736842,1.3397812696166165,79.0,84.0,1.0,0.8498365855987975,0.0,0.016688479160582616,0.013606311126241147,0.0,0.0
41,4269519,4281519,0,80.92307692307692,1.2686478848054341,79.0,83.0,0.0,0.816496580927726,0.0,0.018892533956032555,0.015529156189919409,0.0,0.0
41,4275519,4281519,0,80.57142857142857,1.3997084244475304,79.0,83.0,3.0,0.9128709291752769,0.0,0.016519864101404567,0.013256416130321006,0.0,0.0
41,5012203,5016215,0,89.6,1.3564659966250536,88.0,92.0,3.0,1.3228756555322954,0.0,0.13454368214859644,0.14132220759769692,0.0,0.0
41,5012203,5021593,0,89.8,1.0770329614269007,88.0,92.0,1.0,1.1055415967851334,0.0,0.1789552982584969,0.19869348949750387,0.0,0.0
41,5012203,5027593,0,90.6875,1.4456291882775472,88.0,93.0,0.0,0.9660917830792959,0.0,0.2907504420797182,0.45444843064435086,0.0,0.0
41,5012203,5033593,0,91.18181818181819,1.4965525121049386,88.0,93.0,1.0,0.9511897312113419,0.0,0.2512193212980574,0.39428282823572025,0.0,0.0
41,5012203,5039593,0,91.64285714285714,1.6083328927425287,88.0,94.0,1.0,0.8819171036881969,0.0,0.23517535998484734,0.35781532944759875,0.0,0.0
41,5012203,5045593,0,91.6969696969697,1.5072521352055621,88.0,94.0,0.0,0.9013878188659973,0.0,0.24179630321933018,0.35882070651216635,0.0,0.0
41,5012203,5045593,0,91.6969696969697,1.5072521352055621,88.0,94.0,0.0,0.9013878188659973,0.0,0.24179630321933018,0.35882070651216635,0.0,0.0
41,5014209,5057593,0,92.0,1.5245734893157248,88.0,94.0,4.0,0.816496580927726,0.0,0.22912001702145243,0.3421873199996252,0.0,0.0
41,5019593,5062593,0,92.48648648648648,0.9478744819864963,90.0,94.0,2.0,0.7453559924999299,0.0,0.21682251577357442,0.3400556157759704,0.0,0.0
41,5025593,5062593,0,92.74193548387096,0.7169713151900924,91.0,94.0,1.0,0.752772652709081,0.0,0.2421499204363111,0.3631002379164468,0.0,0.0
41,5031593,5062593,0,92.84,0.7310266752998826,91.0,94.0,1.0,0.7359800721939872,0.0,0.17944891205899807,0.2144024691526421,0.0,0.0
41,5037593,5062593,0,92.78947368421052,0.7663273567663704,91.0,94.0,2.0,0.7453559924999299,0.0,0.18964652522237005,0.22914110647054747,0.0,0.0
41,5043593,5087681,0,90.3157894736842,4.292620737706038,83.0,94.0,9.0,1.986062547968831,0.05555555555555555,0.18749765615803082,0.23316456810034117,0.0,0.0
41,5052593,5093459,0,88.75,4.7315430886762515,83.0,94.0,9.0,1.9056702094980709,0.05263157894736842,0.11343005809729842,0.14164808431805828,0.0,0.0
41,5055593,5095459,0,87.47368421052632,4.523254778919031,83.0,93.0,9.0,1.9293061504650375,0.05555555555555555,0.11729292424387919,0.14439238151488715,0.0,0.0
43,4389736,4396757,1,83.85714285714286,1.8070158058105026,80.0,86.0,1.0,2.1984843263788196,0.0,0.06267195741775211,0.04658451669398312,0.0,0.0
43,4455002,4471002,1,83.0,2.0,81.0,85.0,4.0,2.309401076758503,0.0,0.02664335898922532,0.030857044786407148,0.0,0.0
43,4455002,4471002,1,83.0,2.0,81.0,85.0,4.0,2.309401076758503,0.0,0.02664335898922532,0.030857044786407148,0.0,0.0
43,4455002,4471002,1,83.0,2.0,81.0,85.0,4.0,2.309401076758503,0.0,0.02664335898922532,0.030857044786407148,0.0,0.0
43,4455002,4471002,1,83.0,2.0,81.0,85.0,4.0,2.309401076758503,0.0,0.02664335898922532,0.030857044786407148,0.0,0.0
43,7641479,7644494,0,92.0,0.7071067811865476,91.0,93.0,1.0,1.0,0.0,0.024850319198873826,0.003155195732488532,0.0,0.0
43,7641479,7647501,0,91.14285714285714,1.124858267715973,90.0,93.0,2.0,0.816496580927726,0.0,0.025712323453929296,0.003514729780795148,0.0,0.0
43,7641479,7653089,0,90.875,1.2686114456365274,89.0,93.0,3.0,0.8451542547285166,0.0,0.027621464527547587,0.006026848034075697,0.0,0.0
43,7641479,7659089,0,90.88888888888889,1.1967032904743342,89.0,93.0,1.0,1.0606601717798212,0.0,0.04106048435950805,0.03843364479342178,0.0,0.0
43,7641479,7659089,0,90.88888888888889,1.1967032904743342,89.0,93.0,1.0,1.0606601717798212,0.0,0.04106048435950805,0.03843364479342178,0.0,0.0
43,7641479,7659089,0,90.88888888888889,1.1967032904743342,89.0,93.0,1.0,1.0606601717798212,0.0,0.04106048435950805,0.03843364479342178,0.0,0.0
43,7641479,7659089,0,90.88888888888889,1.1967032904743342,89.0,93.0,1.0,1.0606601717798212,0.0,0.04106048435950805,0.03843364479342178,0.0,0.0
43,7642482,7681089,0,90.88888888888889,1.1967032904743342,89.0,93.0,1.0,1.0606601717798212,0.0,0.03916277501341774,0.03946947739938135,0.0,0.0
44,486031,527031,1,86.53846153846153,1.4472990555559062,84.0,88.0,3.0,1.0408329997330663,0.0,0.07152794898538682,0.1554453787973244,0.0,0.0
44,492031,536031,1,83.6923076923077,2.8388680134224518,80.0,88.0,7.0,1.2583057392117916,0.0,0.06870487129854172,0.1556604826808858,0.0,0.0
44,525031,542031,1,81.8,1.2220201853215575,80.0,84.0,2.0,0.8451542547285166,0.0,0.04015691502793713,0.07313033229134898,0.0,0.0
44,525031,548031,1,82.23809523809524,1.3418097908195592,80.0,85.0,1.0,0.806225774829855,0.0,0.06023459968488608,0.07671856790558086,0.0,0.0
44,525031,548031,1,82.23809523809524,1.3418097908195592,80.0,85.0,1.0,0.806225774829855,0.0,0.06023459968488608,0.07671856790558086,0.0,0.0
44,525031,548031,1,82.23809523809524,1.3418097908195592,80.0,85.0,1.0,0.806225774829855,0.0,0.06023459968488608,0.07671856790558086,0.0,0.0
44,525031,548031,1,82.23809523809524,1.3418097908195592,80.0,85.0,1.0,0.806225774829855,0.0,0.06023459968488608,0.07671856790558086,0.0,0.0
44,531031,548031,1,81.94444444444444,1.2234841969747356,80.0,85.0,3.0,0.7276068751089989,0.0,0.06833340353664646,0.08002820593477733,0.0,0.0
44,534031,548031,1,82.13333333333334,1.203698005684519,81.0,85.0,4.0,0.6546536707079771,0.0,0.07664869771916134,0.08513669751398308,0.0,0.0
44,540031,548031,1,82.77777777777777,1.1331154474650633,81.0,85.0,4.0,0.7071067811865476,0.0,0.08270750679219817,0.06367214693882933,0.0,0.0
44,6265859,6272859,1,105.375,0.4841229182759271,105.0,106.0,0.0,0.5345224838248488,0.0,0.05949704526523846,0.04618669776225232,0.0,0.0
44,6265859,6278859,1,106.28571428571429,1.2777531299998797,105.0,109.0,3.0,0.6201736729460423,0.0,0.04198767794893338,0.04076834437209159,0.0,0.0
44,6265859,6284859,1,107.9,2.754995462791182,105.0,113.0,7.0,0.6882472016116853,0.0,0.033240241747543156,0.0370332899429391,0.0,0.0
6,2290054,2333054,0,88.13333333333334,3.263263533472111,83.0,95.0,4.0,1.4142135623730951,0.0,0.09035865739029086,0.12266905871900459,0.0,0.0
6,2297054,2333054,0,87.91666666666667,3.5697416651006493,83.0,95.0,6.0,1.5322617553657476,0.0,0.09918312096211117,0.1352076400370709,0.0,0.0
6,2308054,2333054,0,87.55,3.787809393303734,83.0,95.0,9.0,1.1920791213585393,0.0,0.10438100472407115,0.1466721472425019,0.0,0.0
7,3040140,3050140,0,99.11111111111111,1.0999438818457408,98.0,102.0,4.0,1.224744871391589,0.0,0.010085283828973854,0.011913416949890012,0.0,0.0
7,3040140,3056140,0,98.46666666666667,1.2036980056845192,97.0,102.0,4.0,1.0690449676496976,0.0,0.01327609051046108,0.011001991678323447,0.0,0.0
9,463781,493552,1,107.23809523809524,1.2688488185213551,106.0,111.0,4.0,1.0,0.0,0.06489572425637648,0.13165141787675416,0.0,0.0
9,470552,493552,1,107.3125,1.4456291882775472,106.0,111.0,4.0,1.1547005383792515,0.0,0.0757851734187446,0.14730137835944263,0.0,0.0
9,476552,493552,1,107.7,1.676305461424021,106.0,111.0,4.0,1.4142135623730951,0.0,0.10758147632443207,0.1783227029122073,0.0,0.0
9,483552,493552,1,109.0,2.0,107.0,111.0,4.0,2.309401076758503,0.0,0.08791185498897507,0.12966928872232814,0.0,0.0
9,1075135,1098359,1,104.0,0.0,104.0,104.0,0.0,0.0,0.0,0.07761851744247991,0.0732739234789904,0.0,0.0
9,1075135,1098359,1,104.0,0.0,104.0,104.0,0.0,0.0,0.0,0.07761851744247991,0.0732739234789904,0.0,0.0
9,1075135,1098359,1,104.0,0.0,104.0,104.0,0.0,0.0,0.0,0.07761851744247991,0.0732739234789904,0.0,0.0
9,1095359,1116359,1,103.6,0.8,102.0,104.0,2.0,1.0,0.0,0.0878169772307464,0.06595030533127995,0.0,0.0
9,1095359,1124360,1,103.0,1.0,102.0,104.0,2.0,0.7559289460184544,0.0,0.0718574785766539,0.05698130429438883,0.0,0.0
9,1095359,1124360,1,103.0,1.0,102.0,104.0,2.0,0.7559289460184544,0.0,0.0718574785766539,0.05698130429438883,0.0,0.0
9,1095359,1124360,1,103.0,1.0,102.0,104.0,2.0,0.7559289460184544,0.0,0.0718574785766539,0.05698130429438883,0.0,0.0
9,1116359,1142393,1,102.4,0.8,102.0,104.0,2.0,1.0,0.0,0.040480361391568624,0.0211850192902365,0.0,0.0
9,1116359,1142393,1,102.4,0.8,102.0,104.0,2.0,1.0,0.0,0.040480361391568624,0.0211850192902365,0.0,0.0
9,1116359,1142393,1,102.4,0.8,102.0,104.0,2.0,1.0,0.0,0.040480361391568624,0.0211850192902365,0.0,0.0
9,1122359,1142393,1,102.5,0.8660254037844386,102.0,104.0,2.0,1.1547005383792515,0.0,0.03604427014216964,0.021508411727615886,0.0,0.0
9,2343448,2350448,1,99.75,0.6614378277661477,99.0,101.0,1.0,0.6546536707079771,0.0,0.016615537675117066,0.018658888948236557,0.0,0.0
9,2343448,2356448,1,100.71428571428571,1.3324827218698305,99.0,103.0,1.0,0.7337993857053428,0.0,0.013606999809243694,0.014823784301709587,0.0,0.0
9,2343448,2362448,1,100.4,1.2806248474865698,99.0,103.0,1.0,0.6882472016116853,0.0,0.012717316733273972,0.012725245372606043,0.0,0.0
9,2343448,2368448,1,99.84615384615384,1.5112986695683461,98.0,103.0,2.0,0.6324555320336759,0.0,0.01654598345251618,0.01991869213297405,0.0,0.0
