subject,window_start_ms,window_end_ms,label,hr_mean,hr_std,hr_min,hr_max,hr_delta_abs,rmssd,pnn50,motion_mean,motion_std,temp_mean,temp_spread
1,492488,552325,0,97.94117647058823,1.8620225636875782,95.0,100.0,4.0,1.2747548783981961,0.0,0.04120455079952294,0.05797340758440171,0.0,0.0
1,504325,554325,0,96.0909090909091,1.928473039599675,93.0,100.0,3.0,1.449137674618944,0.0,0.05976654163790845,0.06114208129025492,0.0,0.0
1,521325,554325,0,95.85714285714286,2.2314999074019015,93.0,100.0,7.0,1.35400640077266,0.0,0.061124264515010907,0.07389345514956659,0.0,0.0
1,541325,577325,0,95.5,1.5,93.0,98.0,2.0,1.8516401995451028,0.0,0.04149488754221215,0.03751447394081385,0.0,0.0
1,541325,577325,0,95.5,1.5,93.0,98.0,2.0,1.8516401995451028,0.0,0.04149488754221215,0.03751447394081385,0.0,0.0
1,550325,577325,0,95.14285714285714,1.2453996981544782,93.0,97.0,0.0,1.8257418583505538,0.0,0.04310584101723584,0.03984497899703895,0.0,0.0
1,553325,577325,0,95.0,1.5811388300841898,93.0,97.0,2.0,2.449489742783178,0.0,0.07184524613233578,0.028943486444843205,0.0,0.0
1,3109754,3121745,0,96.25,1.2332207155790618,95.0,99.0,2.0,0.7385489458759964,0.0,0.04667102605805071,0.05639092607644979,0.0,0.0
1,3109754,3131745,0,97.05263157894737,1.468034282208563,95.0,99.0,1.0,0.7817359599705717,0.0,0.03601171142637254,0.047392358276222915,0.0,0.0
1,3109754,3141745,0,97.34482758620689,1.2669774531637128,95.0,99.0,1.0,0.6813851438692469,0.0,0.02656845424009182,0.040639622393108185,0.0,0.0
1,3109754,3151745,0,97.43589743589743,1.1276222270408216,95.0,99.0,0.0,0.6069769786668839,0.0,0.022884326771030902,0.035725458920976734,0.0,0.0
1,3109754,3161745,0,97.16326530612245,1.3753951384076937,93.0,99.0,4.0,0.67700320038633,0.0,0.024432082453793403,0.03329106222360944,0.0,0.0
1,3112757,3171745,0,96.46428571428571,2.0784977895644947,92.0,99.0,3.0,0.674199862463242,0.0,0.022888139938819135,0.031462097576116094,0.0,0.0
1,3122745,3181745,0,95.73684210526316,2.6058390290355025,91.0,99.0,7.0,0.6408699444616557,0.0,0.014130323722477542,0.01323292491094548,0.0,0.0
1,3132745,3191745,0,95.23333333333333,2.438350991050213,91.0,98.0,2.0,0.6638357975446149,0.0,0.012384702960546463,0.012620918746584104,0.0,0.0
1,3142745,3198745,0,94.71929824561404,2.1905249388082257,91.0,98.0,4.0,0.6813851438692469,0.0,0.013036972241568828,0.013075164567632531,0.0,0.0
1,3152745,3198745,0,94.08510638297872,1.8660435701515483,91.0,98.0,4.0,0.7223151185146152,0.0,0.013214975460891077,0.014135417085241277,0.0,0.0
1,3162745,3198745,0,93.54054054054055,1.4994520547762376,91.0,97.0,1.0,0.6871842709362768,0.0,0.008551906770167811,0.006445454462485075,0.0,0.0
1,3172745,3198745,0,93.74074074074075,1.6463785756216938,91.0,97.0,1.0,0.6504436355879909,0.0,0.007838567068016082,0.00665325427318972,0.0,0.0
1,3182745,3198745,0,94.70588235294117,1.2725475089872902,92.0,97.0,2.0,0.7071067811865476,0.0,0.008712460344368097,0.007066283344241216,0.0,0.0
1,3192745,3198745,0,94.85714285714286,0.6388765649999399,94.0,96.0,2.0,0.5773502691896257,0.0,0.012326842285459941,0.00971383178717872,0.0,0.0
1,3598207,3602220,0,92.4,0.4898979485566356,92.0,93.0,1.0,0.5,0.0,0.0049698715931493056,0.003285352455461457,0.0,0.0
1,3598207,3610232,0,92.6923076923077,0.46153846153846145,92.0,93.0,0.0,0.5773502691896257,0.0,0.012603900483781932,0.015613930000552514,0.0,0.0
1,3598207,3617243,0,92.72222222222223,0.7307192465536614,91.0,94.0,2.0,0.6859943405700354,0.0,0.014086481324226284,0.014486484256077202,0.0,0.0
1,3598207,3632020,0,92.14285714285714,1.0251928638862375,90.0,94.0,2.0,0.7200822998230956,0.0,0.016940658824761822,0.015813136972611396,0.0,0.0
1,3598207,3642020,0,91.21052631578948,1.8375884473785362,88.0,94.0,4.0,0.6974858324629157,0.0,0.017194983404670256,0.01778546901714433,0.0,0.0
1,3598207,3652020,0,91.16666666666667,1.7480147469502525,88.0,94.0,1.0,0.6995439243733446,0.0,0.01784981165332274,0.01967687324686855,0.0,0.0
1,3603221,3662020,0,90.9622641509434,1.6248339729517725,88.0,94.0,2.0,0.6793662204867574,0.0,0.025353724377345028,0.033067125117002986,0.0,0.0
1,3613236,3672020,0,91.05454545454545,1.7100577536039998,88.0,94.0,0.0,0.7453559924999299,0.0,0.03315369574191726,0.04937799866582273,0.0,0.0
1,3623020,3682020,0,91.3,1.8556220879622374,88.0,95.0,0.0,0.7364596943186587,0.0,0.036210559785066966,0.04726536118697535,0.0,0.0
10,501078,519078,0,81.36363636363636,0.9791208740244554,80.0,83.0,3.0,0.9486832980505138,0.0,0.012406485777643866,0.005032967244360472,0.0,0.0
10,512078,519078,0,81.125,0.9270248108869579,80.0,83.0,3.0,0.6546536707079771,0.0,0.011626582483811264,0.005696872859909324,0.0,0.0
10,1010618,1020650,0,76.9090909090909,2.0650575802910085,74.0,81.0,3.0,1.5811388300841898,0.0,0.01731281240576057,0.018418700175343104,0.0,0.0
10,1010618,1028684,0,77.5,2.7838821814150108,74.0,84.0,3.0,2.354878881270658,0.09090909090909091,0.01640955872014964,0.01788721179771606,0.0,0.0
10,1010618,1039064,0,78.4375,2.9148059540902547,74.0,84.0,1.0,2.1756225162774294,0.06666666666666667,0.014015713229051395,0.016292465774176933,0.0,0.0
10,1010618,1051064,0,78.2,2.6758176320519302,74.0,84.0,4.0,2.4279079146675357,0.10526315789473684,0.011865430105117113,0.01523232568293913,0.0,0.0
10,1010618,1061064,0,77.06666666666666,2.756003547812585,74.0,84.0,4.0,2.051072049374214,0.06896551724137931,0.013364260682563262,0.013682879715730236,0.0,0.0
10,1011623,1071064,0,77.1025641025641,2.3943830830623085,74.0,84.0,0.0,1.8637822325921867,0.05263157894736842,0.03839352991398294,0.08528714767971383,0.0,0.0
10,1028684,1075064,0,77.48484848484848,2.463321385806252,74.0,84.0,4.0,1.5612494995995996,0.03125,0.04900414368440924,0.09275314270847036,0.0,0.0
10,1036064,1091064,0,78.95238095238095,3.5720634356361334,74.0,85.0,4.0,1.5460413650478515,0.024390243902439025,0.04623610501306815,0.08278007168256205,0.0,0.0
10,1048064,1100064,0,79.82608695652173,4.135237482408576,74.0,86.0,10.0,1.2292725943057183,0.0,0.058040109294090626,0.1112469901248087,0.0,0.0
10,1052064,1100064,0,80.07142857142857,4.239232057268645,74.0,86.0,11.0,1.199593427059311,0.0,0.06325685326406306,0.11506965169832621,0.0,0.0
10,1062064,1100064,0,81.71875,3.4571879378332904,76.0,86.0,7.0,1.2572371141874243,0.0,0.07791151933487792,0.12825974941060828,0.0,0.0
10,1072064,1100064,0,83.5909090909091,2.4056579313453166,78.0,86.0,8.0,1.3451854182690985,0.0,0.06278760185139289,0.11745420874980882,0.0,0.0
10,1082064,1100064,0,84.66666666666667,0.7453559924999299,83.0,86.0,1.0,0.8043996665398437,0.0,0.06036215339689556,0.12820896677379992,0.0,0.0
10,1092064,1100064,0,85.125,0.5994789404140899,84.0,86.0,0.0,0.9258200997725514,0.0,0.09440816550029163,0.18563137311542716,0.0,0.0
10,3519081,3530637,1,82.0909090909091,0.7925270806437589,81.0,83.0,0.0,1.1832159566199232,0.0,0.0498491337654533,0.06362677256249186,0.0,0.0
10,3519081,3540637,1,81.95238095238095,0.9499970163457143,80.0,83.0,2.0,1.0488088481701516,0.0,0.06354517887845129,0.06934153457026324,0.0,0.0
10,3519081,3541637,1,82.04545454545455,1.0214638661020106,80.0,84.0,3.0,1.0465362369445672,0.0,0.06468293410046745,0.06794759669187357,0.0,0.0
10,3519081,3541637,1,82.04545454545455,1.0214638661020106,80.0,84.0,3.0,1.0465362369445672,0.0,0.06468293410046745,0.06794759669187357,0.0,0.0
10,3519081,3541637,1,82.04545454545455,1.0214638661020106,80.0,84.0,3.0,1.0465362369445672,0.0,0.06468293410046745,0.06794759669187357,0.0,0.0
10,3521090,3541637,1,82.05,1.023474474522936,80.0,84.0,1.0,1.0,0.0,0.06987269377740644,0.06914499765209851,0.0,0.0
10,3531637,3541637,1,82.0,1.2060453783110545,80.0,84.0,4.0,0.8944271909999159,0.0,0.07951673443548164,0.0688861549291715,0.0,0.0
10,4745461,4750483,0,74.0,0.5773502691896257,73.0,75.0,2.0,0.6324555320336759,0.0,0.011597295246080065,0.007302657513312495,0.0,0.0
10,4745461,4760540,0,75.25,2.0463381929681126,73.0,80.0,5.0,0.8563488385776752,0.0,0.011611760088015063,0.01369522305720443,0.0,0.0
10,4745461,4770555,0,76.6923076923077,2.4300875382971254,73.0,80.0,4.0,0.6928203230275509,0.0,0.00904019380712831,0.011331380806761817,0.0,0.0
10,4745461,4780555,0,76.88888888888889,2.1444732295131983,73.0,80.0,1.0,0.6546536707079771,0.0,0.008147381730685337,0.009858139321097055,0.0,0.0
10,4745461,4790555,0,76.78260869565217,1.9214243299116829,73.0,80.0,2.0,0.5962847939999439,0.0,0.008150904386719388,0.00887811097563803,0.0,0.0
10,4745461,4800555,0,76.98214285714286,1.81748522718079,73.0,80.0,2.0,0.6030226891555273,0.0,0.007670249260396951,0.008198690772821279,0.0,0.0
10,4751488,4810555,0,77.31666666666666,1.443279444721484,73.0,80.0,4.0,0.582222509739582,0.0,0.006944733797931298,0.007535976099459964,0.0,0.0
10,4761544,4820555,0,77.63333333333334,0.9826268648655784,76.0,79.0,0.0,0.4509876168016973,0.0,0.005803143495655857,0.0030639014253195395,0.0,0.0
10,4771555,4830555,0,77.63333333333334,0.9826268648655784,76.0,79.0,0.0,0.4509876168016973,0.0,0.005679453179708832,0.0030532491423881977,0.0,0.0
10,4781555,4834555,0,77.72222222222223,0.9702360664762768,76.0,79.0,2.0,0.4343722427630694,0.0,0.005718202657276953,0.0030625295697803896,0.0,0.0
10,4791555,4834555,0,78.02272727272727,0.7830196898614642,77.0,79.0,1.0,0.457495710997814,0.0,0.005162433727466724,0.002636753265300959,0.0,0.0
10,4801555,4834555,0,78.05882352941177,0.8022459821756386,77.0,79.0,1.0,0.3892494720807615,0.0,0.00507513903574701,0.0025770670847237837,0.0,0.0
10,4811555,4834555,0,78.41666666666667,0.6400954789890507,77.0,79.0,1.0,0.3611575592573076,0.0,0.0048258702685528895,0.002687192236447468,0.0,0.0
10,4821555,4834555,0,78.78571428571429,0.410325903324145,78.0,79.0,1.0,0.2773500981126146,0.0,0.004865136760716799,0.0024918055761466206,0.0,0.0
10,4831555,4834555,0,78.25,0.4330127018922193,78.0,79.0,1.0,0.5773502691896257,0.0,0.0065691140074404086,0.0027308868493920867,0.0,0.0
10,5446866,5450899,0,76.2,0.4,76.0,77.0,0.0,0.7071067811865476,0.0,0.00907469328519476,0.004498993044011433,0.0,0.0
10,5446866,5460935,0,76.4,0.6110100926607787,76.0,78.0,2.0,0.7559289460184544,0.0,0.00972893860911874,0.009301861034255385,0.0,0.0
10,5446866,5470881,0,76.95652173913044,0.9990543733109614,76.0,79.0,3.0,0.7071067811865476,0.0,0.008235707604258164,0.007996581386140733,0.0,0.0
10,5446866,5480881,0,77.93939393939394,1.7222148167736753,76.0,81.0,4.0,0.6614378277661477,0.0,0.008226904604719172,0.007675733621231291,0.0,0.0
10,5446866,5490881,0,78.97674418604652,2.4635800390849547,76.0,83.0,7.0,0.6362090102803518,0.0,0.007496392716833882,0.00695708826047393,0.0,0.0
10,5446866,5500881,0,79.60377358490567,2.579597911050959,76.0,83.0,7.0,0.6044705248269888,0.0,0.006826033328336561,0.006505935912045955,0.0,0.0
10,5451904,5510881,0,80.32758620689656,2.373618879979673,76.0,83.0,7.0,0.5773502691896257,0.0,0.0064271204863339945,0.006078299057856866,0.0,0.0
10,5461938,5520881,0,81.10344827586206,1.657684874720264,77.0,83.0,5.0,0.6622661785325219,0.0,0.005864912078961844,0.00415024867244973,0.0,0.0
10,5471881,5530881,0,81.63333333333334,1.1396880664852507,80.0,84.0,1.0,0.6509445549041193,0.0,0.006184565725212265,0.004283918679876659,0.0,0.0
10,5481881,5535881,0,81.81818181818181,1.0285189544531597,80.0,84.0,0.0,0.6666666666666666,0.0,0.005787243649349893,0.0032695825418787307,0.0,0.0
10,5491881,5535881,0,81.68888888888888,0.9848231024960149,80.0,84.0,3.0,0.6908492797077574,0.0,0.005943141463247112,0.003401567024541383,0.0,0.0
10,5501881,5535881,0,81.51428571428572,1.0245954901166348,80.0,84.0,2.0,0.7276068751089989,0.0,0.006514471036232546,0.0034208919526286003,0.0,0.0
10,5511881,5535881,0,81.28,1.1142710621747296,80.0,84.0,3.0,0.8416254115301732,0.0,0.006865591921465256,0.003887000053823923,0.0,0.0
10,5521881,5535881,0,81.46666666666667,1.0241527663824812,80.0,84.0,4.0,0.5345224838248488,0.0,0.006912484863560593,0.003457745267359669,0.0,0.0
10,5531881,5535881,0,80.8,0.4,80.0,81.0,1.0,0.5,0.0,0.005858206851860649,0.0013703669223659126,0.0,0.0
10,7207857,7210870,0,77.0,0.0,77.0,77.0,0.0,0.0,0.0,0.03066874364698508,0.04757145626840463,0.0,0.0
10,7207857,7220880,0,75.92857142857143,1.5336364681131347,74.0,79.0,2.0,1.0377490433255416,0.0,0.01630975258861217,0.028116228672641155,0.0,0.0
10,7207857,7230193,0,78.8695652173913,3.915458192145888,74.0,84.0,7.0,1.02247471629109,0.0,0.012292957822455802,0.022647499668119703,0.0,0.0
10,7207857,7240193,0,80.39393939393939,4.007110301205081,74.0,84.0,6.0,0.8660254037844386,0.0,0.01049562464380221,0.019214641016192247,0.0,0.0
10,7207857,7250193,0,81.0,3.6789786246905853,74.0,84.0,6.0,0.7559289460184544,0.0,0.009712267698945731,0.017022888248019175,0.0,0.0
10,7207857,7260193,0,81.26415094339623,3.3710809161534265,74.0,84.0,7.0,0.7205766921228921,0.0,0.012589917040965966,0.01787700095695806,0.0,0.0
10,7211874,7270193,0,82.28813559322033,3.3650791284807124,74.0,87.0,9.0,0.7542980294561158,0.0,0.012445315043570257,0.012897497156300612,0.0,0.0
10,7221873,7280193,0,83.38983050847457,1.7371020983483332,79.0,87.0,2.0,0.6695340634119862,0.0,0.013224449423897095,0.013379478495835302,0.0,0.0
11,404049,463494,0,62.79661016949152,1.1165877350508884,60.0,65.0,1.0,0.682288239221013,0.0,0.011309152704961075,0.011587461302668663,0.0,0.0
11,415040,473494,0,62.293103448275865,1.0172413793103448,60.0,65.0,4.0,0.6488856845230502,0.0,0.007965768622091146,0.0070263746076080925,0.0,0.0
11,424494,483494,0,61.916666666666664,0.7808471183414984,60.0,64.0,0.0,0.6106401198187058,0.0,0.007380703003735479,0.0053177746331014185,0.0,0.0
11,434494,492494,0,62.0,0.9388055880763545,60.0,65.0,3.0,0.6017216678143155,0.0,0.006044445581718172,0.003161527652821222,0.0,0.0
11,444494,492494,0,62.10204081632653,0.952866737137041,61.0,65.0,3.0,0.47871355387816905,0.0,0.006126601600564205,0.0031898051539042895,0.0,0.0
11,454494,492494,0,62.05128205128205,1.0364811759696275,61.0,65.0,2.0,0.512989176042577,0.0,0.0058936102753618415,0.0031986431771096687,0.0,0.0
11,464494,492494,0,62.03448275862069,1.188530202732006,61.0,65.0,3.0,0.5669467095138409,0.0,0.006253640387133352,0.0031602391671051904,0.0,0.0
11,474494,492494,0,62.421052631578945,1.2697197980857704,61.0,65.0,4.0,0.6666666666666666,0.0,0.00646831494024468,0.0028240726624841933,0.0,0.0
11,484494,492494,0,63.55555555555556,0.6849348892187752,63.0,65.0,2.0,0.8660254037844386,0.0,0.005183770996715187,0.0029228287770691015,0.0,0.0
11,990101,993098,0,69.0,0.7071067811865476,68.0,70.0,2.0,0.816496580927726,0.0,0.013534787681008848,0.003523622352079796,0.0,0.0
11,990101,1003098,0,68.07142857142857,0.883522634060927,67.0,70.0,2.0,0.6793662204867574,0.0,0.013215539058926213,0.00316986947233947,0.0,0.0
11,990101,1012089,0,68.0,0.7801894976054939,67.0,70.0,2.0,0.7385489458759964,0.0,0.011260566780944002,0.00394193646025042,0.0,0.0
11,990101,1023520,0,68.0,0.672021505032247,67.0,70.0,2.0,0.6324555320336759,0.0,0.010875946776287117,0.00401303572278207,0.0,0.0
11,990101,1033520,0,67.70731707317073,0.8623253429104238,65.0,70.0,5.0,0.6519202405202649,0.0,0.010478757923242803,0.0037202110596043854,0.0,0.0
11,990101,1043520,0,66.84313725490196,1.9339338048530124,63.0,70.0,7.0,0.6164414002968976,0.0,0.010466579141346462,0.003529614776585121,0.0,0.0
11,994097,1053520,0,66.21052631578948,2.006453116560814,63.0,69.0,3.0,0.5824823725107175,0.0,0.010354685341874108,0.0033156102013421718,0.0,0.0
11,1004098,1063520,0,66.08771929824562,1.9401636913612987,63.0,69.0,1.0,0.5824823725107175,0.0,0.009621087482574689,0.0028824960451453215,0.0,0.0
11,1016520,1073520,0,65.94827586206897,1.8139537099471843,63.0,68.0,2.0,0.5298129428260175,0.0,0.009722805993936236,0.002954381321685392,0.0,0.0
11,1024520,1079520,0,65.51785714285714,1.679615936420452,63.0,68.0,3.0,0.5559594491425693,0.0,0.0097609605570923,0.002861336548401281,0.0,0.0
11,1034520,1079520,0,65.23913043478261,1.6963487978173393,63.0,68.0,1.0,0.5374838498865699,0.0,0.009872588400198142,0.0029749915531980253,0.0,0.0
11,1044520,1079520,0,65.77777777777777,1.4927809825049334,63.0,68.0,1.0,0.560611910581388,0.0,0.00972146125148333,0.003052534578390479,0.0,0.0
11,1054520,1079520,0,66.42307692307692,1.1493502151910722,64.0,68.0,2.0,0.565685424949238,0.0,0.009208151001969613,0.0030062576039195012,0.0,0.0
11,1064520,1079520,0,66.0625,1.197327753791751,64.0,68.0,3.0,0.5773502691896257,0.0,0.009396787995646574,0.0036372603267896446,0.0,0.0
11,1074520,1079520,0,64.66666666666667,0.4714045207910317,64.0,65.0,1.0,0.4472135954999579,0.0,0.01014205960867594,0.0036502290808398223,0.0,0.0
11,2293868,2303277,0,63.285714285714285,0.45175395145262565,63.0,64.0,1.0,0.7071067811865476,0.0,0.007999426832713883,0.003435050657080093,0.0,0.0
11,2293868,2313277,0,62.588235294117645,1.0878377652298195,61.0,64.0,2.0,0.6123724356957945,0.0,0.007446340331100813,0.003326499715780228,0.0,0.0
11,2293868,2323277,0,63.333333333333336,1.3608276348795434,61.0,65.0,2.0,0.6793662204867574,0.0,0.007462378711608719,0.003367907609600147,0.0,0.0
11,2293868,2333277,0,64.21621621621621,1.9331410532159639,61.0,68.0,4.0,0.6666666666666666,0.0,0.011959160786970355,0.022252112881691686,0.0,0.0
11,2293868,2343277,0,65.04255319148936,2.449120092174753,61.0,71.0,8.0,0.6915640748081247,0.0,0.012705519561112343,0.021183139479678835,0.0,0.0
11,2294867,2353277,0,66.98214285714286,4.7939361676592895,61.0,80.0,16.0,0.8944271909999159,0.0,0.011680745799688636,0.019583801718724952,0.0,0.0
11,2304277,2363277,0,69.36666666666666,6.2449090376793235,61.0,80.0,14.0,0.8635755391767456,0.0,0.01153870779941276,0.018937959508662307,0.0,0.0
11,2314277,2373277,0,70.95,5.484599651144405,63.0,80.0,4.0,0.9742446008949094,0.0,0.01109006784831962,0.019049202412944527,0.0,0.0
11,2324277,2382277,0,70.84745762711864,5.757275601349952,61.0,80.0,4.0,1.0170952554312156,0.0,0.010779129237405198,0.019299189490468716,0.0,0.0
11,2334277,2382277,0,71.71428571428571,5.938459911664722,61.0,80.0,5.0,1.070436048222094,0.0,0.008060487777600796,0.008856992753251346,0.0,0.0
11,2344277,2382277,0,72.64102564102564,6.2817896334836405,61.0,80.0,11.0,1.1355499479153377,0.0,0.006161370021745187,0.0035162927771156243,0.0,0.0
11,2354277,2382277,0,71.58620689655173,6.7696953600246035,61.0,80.0,18.0,1.0,0.0,0.005908056255381422,0.0035517140263940923,0.0,0.0
11,2364277,2382277,0,67.63157894736842,4.922670716248388,61.0,77.0,16.0,1.1547005383792515,0.0,0.004691283917188395,0.0031126784079732717,0.0,0.0
11,2374277,2382277,0,63.22222222222222,1.547598697464902,61.0,66.0,5.0,0.7905694150420949,0.0,0.005051221521383478,0.0037711166315512064,0.0,0.0
11,2931266,2944038,0,67.46153846153847,0.7457969011409736,66.0,68.0,0.0,0.5773502691896257,0.0,0.014014742737338772,0.0074416862470094705,0.0,0.0
11,2931266,2954038,0,67.6086956521739,0.8203461853962264,66.0,69.0,0.0,0.7977240352174656,0.0,0.011883165849136063,0.007346939508023226,0.0,0.0
11,2931266,2964038,0,67.06060606060606,1.2777677965035161,63.0,69.0,5.0,0.8100925873009825,0.0,0.009704174174057266,0.007223555969066922,0.0,0.0
11,2931266,2974038,0,65.46511627906976,3.2013720692874896,58.0,69.0,10.0,0.8997354108424374,0.0,0.008784789498067826,0.006787012434799673,0.0,0.0
11,2931266,2984038,0,63.660377358490564,4.742196753223111,55.0,69.0,11.0,0.8879535677396304,0.0,0.00800566647637643,0.006488210878339198,0.0,0.0
11,2934264,2994038,0,62.3,5.000999900019995,55.0,69.0,11.0,0.873333764609373,0.0,0.006948411222309803,0.006027695429370519,0.0,0.0
11,2945038,3004038,0,60.516666666666666,4.797539878822155,55.0,69.0,10.0,0.8635755391767456,0.0,0.0052307961455746515,0.004311251941855241,0.0,0.0
11,2955038,3014038,0,58.8,3.558089374931439,55.0,68.0,10.0,0.7811334658849433,0.0,0.004581516251102142,0.0033489293597335403,0.0,0.0
12,551716,611352,0,73.24561403508773,1.8569991048981391,70.0,77.0,1.0,0.7196229171289245,0.0,0.016087711578508666,0.012786657311210441,0.0,0.0
12,566352,621352,0,73.16071428571429,1.8686968885360968,70.0,77.0,1.0,0.7507571935295483,0.0,0.01544574844880381,0.01059621688389134,0.0,0.0
12,572352,631352,0,72.78333333333333,1.6440971855567286,70.0,76.0,3.0,0.7010887416930995,0.0,0.013639627048664735,0.00841535218755913,0.0,0.0
12,582352,640352,0,72.2542372881356,1.2431946319248983,70.0,76.0,4.0,0.7191949522280763,0.0,0.012759206768284834,0.007467232267532428,0.0,0.0
12,592352,640352,0,71.89795918367346,0.9090227531151056,70.0,74.0,1.0,0.6922186552431729,0.0,0.012425492209078647,0.007513428980380658,0.0,0.0
12,602352,640352,0,72.12820512820512,0.8221138226605846,71.0,74.0,0.0,0.6882472016116853,0.0,0.012590229878181114,0.008152083685305067,0.0,0.0
12,612352,640352,0,72.37931034482759,0.7617490356680869,71.0,74.0,0.0,0.6546536707079771,0.0,0.010038252723957598,0.0042562852634238585,0.0,0.0
12,622352,640352,0,72.10526315789474,0.5520046569316588,71.0,73.0,1.0,0.7071067811865476,0.0,0.009835370577938018,0.003569658005856051,0.0,0.0
12,632352,640352,0,72.0,0.6666666666666666,71.0,73.0,1.0,0.7905694150420949,0.0,0.010530316488429956,0.003843083733504677,0.0,0.0
12,1858332,1861332,0,73.25,0.4330127018922193,73.0,74.0,1.0,0.5773502691896257,0.0,0.0035169770871089725,0.0011836486327287759,0.0,0.0
12,1858332,1871328,0,74.71428571428571,1.4846149779161804,73.0,78.0,4.0,0.6793662204867574,0.0,0.0032549059447619156,0.0014785880996775471,0.0,0.0
12,1858332,1880749,0,75.6,1.8547236990991407,73.0,78.0,4.0,0.6488856845230502,0.0,0.0034051234512801525,0.0018089984283337199,0.0,0.0
12,1858332,1890749,0,75.9,1.8502252115170559,73.0,79.0,0.0,0.7427813527082074,0.0,0.004001311368483002,0.003215234539839284,0.0,0.0
12,1858332,1900749,0,75.425,1.8150413218436654,73.0,79.0,1.0,0.6979824404521128,0.0,0.0043235702414383655,0.003170919345735064,0.0,0.0
12,1858332,1910749,0,75.64,1.7408044117591157,73.0,79.0,2.0,0.7284313590846836,0.0,0.004606781184656536,0.0030200308489066172,0.0,0.0
12,1862332,1920749,0,75.44642857142857,1.7517301942563492,73.0,79.0,0.0,0.7385489458759964,0.0,0.0044846184968272045,0.0029860290179868076,0.0,0.0
12,1872328,1930749,0,75.41071428571429,1.677336171628413,73.0,79.0,2.0,0.7135060680126757,0.0,0.004700300307258689,0.003232458247442569,0.0,0.0
12,1881749,1940749,0,75.25,1.5234281516807195,73.0,79.0,4.0,0.7130740328122925,0.0,0.004899662406634669,0.003252546705887115,0.0,0.0
12,1891749,1946749,0,75.03571428571429,1.3088201572720495,73.0,78.0,1.0,0.674199862463242,0.0,0.00467356560278733,0.0028803960486125163,0.0,0.0
12,1901749,1946749,0,75.26086956521739,1.3259087549545137,73.0,78.0,1.0,0.6831300510639732,0.0,0.0045394827207183895,0.002875639351158078,0.0,0.0
12,1911749,1946749,0,74.91666666666667,1.1873172373979173,73.0,77.0,0.0,0.6324555320336759,0.0,0.004206109877159827,0.003000856665363104,0.0,0.0
12,1921749,1946749,0,75.42307692307692,0.9270746763995347,74.0,77.0,1.0,0.6,0.0,0.004482787332300818,0.0032527313895546173,0.0,0.0
12,1931749,1946749,0,75.625,1.0532687216470449,74.0,77.0,2.0,0.6324555320336759,0.0,0.004560844648589192,0.003001511259522697,0.0,0.0
12,1941749,1946749,0,75.33333333333333,0.74535599249993,74.0,76.0,1.0,0.7745966692414834,0.0,0.003279466897816227,0.0026205486591760006,0.0,0.0
12,2508761,2520771,0,73.23076923076923,0.696568087549032,72.0,75.0,3.0,0.5,0.0,0.0057512862219710244,0.004929805325356463,0.0,0.0
12,2508761,2530825,0,73.54545454545455,0.655554777357089,72.0,75.0,2.0,0.4364357804719847,0.0,0.00461307036529025,0.0046708916835375815,0.0,0.0
12,2508761,2540825,0,73.4375,0.6091746465505602,72.0,75.0,1.0,0.4016096644512494,0.0,0.00398388620433672,0.004184333541416779,0.0,0.0
12,2508761,2550825,0,73.19047619047619,0.7315376902732008,72.0,75.0,0.0,0.4417261042993862,0.0,0.005218370572253591,0.008011684006199365,0.0,0.0
12,2508761,2560825,0,73.38461538461539,0.8355984993230935,72.0,75.0,2.0,0.5239368319955838,0.0,0.005261728682716278,0.008021743896776193,0.0,0.0
12,2511762,2570825,0,73.38983050847457,0.8237357884896858,72.0,75.0,1.0,0.572351471472339,0.0,0.004776642769934995,0.007441325938847703,0.0,0.0
12,2521772,2580825,0,73.27118644067797,0.879724696431253,72.0,75.0,2.0,0.6158817620514397,0.0,0.004412687933111876,0.0073453627473394805,0.0,0.0
12,2531825,2590825,0,73.21666666666667,0.877338145883457,72.0,75.0,0.0,0.6377928041432807,0.0,0.004645220591829815,0.0071632050122556815,0.0,0.0
12,2541825,2597825,0,73.24561403508773,0.9038067980625445,72.0,75.0,0.0,0.6813851438692469,0.0,0.00492687819174389,0.007290109595190682,0.0,0.0
12,2551825,2597825,0,73.42553191489361,0.8689607598579636,72.0,75.0,0.0,0.6915640748081247,0.0,0.00402435854113885,0.004327859970990111,0.0,0.0
12,2561825,2597825,0,73.21621621621621,0.7758216267247203,72.0,74.0,0.0,0.6666666666666666,0.0,0.003640716863971091,0.002353175943876488,0.0,0.0
12,2571825,2597825,0,73.22222222222223,0.7856742013183863,72.0,74.0,1.0,0.6504436355879909,0.0,0.0036747693114577307,0.0023149696653421287,0.0,0.0
12,2581825,2597825,0,73.52941176470588,0.6056253024110001,72.0,74.0,1.0,0.5590169943749475,0.0,0.004305947442879576,0.0022726296793389505,0.0,0.0
12,2591825,2597825,0,73.42857142857143,0.4948716593053935,73.0,74.0,1.0,0.7071067811865476,0.0,0.004016518846000338,0.002581250384370329,0.0,0.0
12,3161193,3171200,0,77.63636363636364,1.4316377952748744,76.0,80.0,3.0,0.7071067811865476,0.0,0.004083960833977885,0.0026382450996186974,0.0,0.0
12,3161193,3179197,0,77.78947368421052,1.195559651747426,76.0,80.0,2.0,0.6666666666666666,0.0,0.003694167761353561,0.0023932740216048294,0.0,0.0
12,3161193,3191612,0,77.32142857142857,1.2263060509563855,76.0,80.0,4.0,0.6666666666666666,0.0,0.003917773284319041,0.002383011204586154,0.0,0.0
12,3161193,3201612,0,76.8157894736842,1.373724540646125,75.0,80.0,5.0,0.677834389404565,0.0,0.003890949610477686,0.0024133489532558285,0.0,0.0
12,3161193,3211612,0,76.54166666666667,1.3533651474093096,75.0,80.0,5.0,0.6358107573397419,0.0,0.0041415342061736785,0.002590606874429094,0.0,0.0
12,3162193,3221612,0,76.19298245614036,1.330329025272202,74.0,80.0,5.0,0.6408699444616557,0.0,0.0050553315503881905,0.005892699140647893,0.0,0.0
12,3172200,3231612,0,75.64912280701755,1.290875237834888,73.0,79.0,4.0,0.6267831705280087,0.0,0.005421469737683523,0.006075709376340077,0.0,0.0
12,3183612,3241612,0,74.71186440677967,1.4963327765656436,71.0,77.0,6.0,0.5872202195147035,0.0,0.005588315815806251,0.005970962310364586,0.0,0.0
12,3192612,3249612,0,73.93103448275862,1.8275862068965518,70.0,76.0,4.0,0.6212607441973955,0.0,0.0056977557135010175,0.006211690076466714,0.0,0.0
12,3202612,3249612,0,73.625,1.8554536731843598,70.0,76.0,3.0,0.6014167670256413,0.0,0.006089820794705002,0.00666599093652481,0.0,0.0
12,3212612,3249612,0,73.13157894736842,1.7647282872946306,70.0,76.0,3.0,0.6367145399670133,0.0,0.006351943195990937,0.007310777566463562,0.0,0.0
12,3222612,3249612,0,72.5,1.5923926292577109,70.0,75.0,3.0,0.6382847385042254,0.0,0.005426025615430358,0.004005776313589112,0.0,0.0
12,3232612,3249612,0,71.5,0.8975274678557507,70.0,73.0,1.0,0.6416889479197478,0.0,0.004790007729015258,0.003779676650598459,0.0,0.0
12,3242612,3249612,0,70.875,0.7806247497997998,70.0,72.0,2.0,0.7559289460184544,0.0,0.005033457843213211,0.004909496412681066,0.0,0.0
12,3812620,3821625,0,78.7,0.6403124237432849,78.0,80.0,2.0,0.4714045207910317,0.0,0.006747206506828059,0.009774325803113193,0.0,0.0
12,3812620,3830638,0,78.0,1.025978352085154,76.0,80.0,3.0,0.5270462766947299,0.0,0.004803685949245001,0.0076322962725158235,0.0,0.0
12,3812620,3841111,0,77.27586206896552,1.5734116615930804,74.0,80.0,6.0,0.5976143046671968,0.0,0.004008022425946841,0.006380599874848621,0.0,0.0
12,3812620,3851111,0,76.84615384615384,1.6257299983740878,74.0,80.0,3.0,0.5848976518656018,0.0,0.0042395691211940265,0.005705259802231956,0.0,0.0
12,3812620,3861111,0,76.6734693877551,1.5304761844287897,74.0,80.0,3.0,0.5951190357119042,0.0,0.004308720219483384,0.005486522313155159,0.0,0.0
12,3812620,3871111,0,76.76271186440678,1.476814977002845,74.0,80.0,1.0,0.6017216678143155,0.0,0.004201998942653876,0.005045662543883018,0.0,0.0
12,3822635,3881111,0,76.57627118644068,1.3302655505321073,74.0,79.0,2.0,0.6158817620514397,0.0,0.003372432155157434,0.0029393861223129627,0.0,0.0
12,3832111,3891111,0,76.16666666666667,1.4510532573119277,74.0,79.0,1.0,0.6243640832675886,0.0,0.003665707321910537,0.0029665911487863905,0.0,0.0
12,3842111,3901111,0,76.31666666666666,1.3843369853070058,74.0,79.0,5.0,0.5966005392134929,0.0,0.004388965743088279,0.005681610171698433,0.0,0.0
12,3852111,3901111,0,76.46,1.4029967925836466,74.0,79.0,3.0,0.5890150893739515,0.0,0.004284547984223761,0.006084134216317414,0.0,0.0
12,3862111,3901111,0,76.575,1.4981238266578634,74.0,79.0,3.0,0.5773502691896257,0.0,0.004211082604576732,0.006413119368502659,0.0,0.0
12,3872111,3901111,0,76.36666666666666,1.5595583420386114,74.0,79.0,0.0,0.5872202195147035,0.0,0.00438842191070588,0.007342963266454256,0.0,0.0
12,3882111,3901111,0,75.75,1.3738631664034087,74.0,79.0,4.0,0.5619514869490163,0.0,0.005656251635759295,0.008682929779535999,0.0,0.0
12,3892111,3901111,0,76.8,0.9797958971132712,76.0,79.0,3.0,0.5773502691896257,0.0,0.006835812258746786,0.011799780852494527,0.0,0.0
13,2252704,2311960,1,83.17543859649123,3.774907025775225,79.0,92.0,10.0,1.0350983390135313,0.0,0.05696730133280352,0.06503621484032353,0.0,0.0
13,2262960,2321960,1,81.84745762711864,2.2685286751327287,79.0,88.0,5.0,1.0586263057247414,0.0,0.06488346669887922,0.09429294187885826,0.0,0.0
13,2272960,2331960,1,80.83050847457628,1.776995582655072,78.0,86.0,4.0,1.0827805840074194,0.0,0.0748322634682845,0.12289950463811732,0.0,0.0
14,1709849,1740996,1,103.28571428571429,1.5319721849662298,101.0,106.0,0.0,0.769800358919501,0.0,0.04961289077094622,0.10511964839763324,0.0,0.0
14,1719875,1740996,1,103.78947368421052,1.398455816377518,101.0,106.0,4.0,0.6666666666666666,0.0,0.06390088795303737,0.12342747509016078,0.0,0.0
14,1729996,1740996,1,104.75,0.5951190357119042,104.0,106.0,1.0,0.674199862463242,0.0,0.05313816127604259,0.06361311607559472,0.0,0.0
14,5474602,5479602,1,105.66666666666667,0.4714045207910317,105.0,106.0,1.0,0.7745966692414834,0.0,0.06115332946030965,0.08677291439557067,0.0,0.0
14,5474602,5489602,1,103.4375,2.3443749166888814,99.0,106.0,7.0,0.7745966692414834,0.0,0.033332570435307164,0.059625371604496935,0.0,0.0
14,5474602,5493602,1,102.8,2.4819347291981715,99.0,106.0,7.0,0.8885233166386386,0.0,0.06907980111537429,0.11385401573811725,0.0,0.0
14,5474602,5509602,1,102.04545454545455,3.3639434749233432,94.0,106.0,12.0,1.2344267996967353,0.0,0.06315312227112607,0.11016570382163551,0.0,0.0
14,5474602,5519602,1,99.53125,4.6635848268794255,93.0,106.0,12.0,1.0776318121606494,0.0,0.04518411990401402,0.09516939237914228,0.0,0.0
14,5474602,5529602,1,98.47619047619048,4.515782351866961,93.0,106.0,10.0,0.9877295966495896,0.0,0.036260383851315636,0.08465125904179385,0.0,0.0
14,5480602,5539602,1,97.1086956521739,3.298407131180833,93.0,105.0,9.0,0.9309493362512627,0.0,0.029062845440754107,0.07454593928908243,0.0,0.0
14,5490602,5549602,1,95.65217391304348,1.7841986546681035,93.0,101.0,5.0,0.8819171036881969,0.0,0.03952192063313129,0.07666700375106313,0.0,0.0
14,5508602,5555602,1,95.41666666666667,1.1873172373979173,93.0,98.0,2.0,0.618852747755276,0.0,0.02660307026456334,0.033048044846677796,0.0,0.0
14,5510602,5555602,1,95.45652173913044,1.1924859262523893,93.0,98.0,2.0,0.5962847939999439,0.0,0.02759075445742941,0.03340368536522248,0.0,0.0
14,5520602,5555602,1,95.86111111111111,1.00423486014029,94.0,98.0,3.0,0.609449400220044,0.0,0.03368476550216883,0.03538678999680034,0.0,0.0
14,5530602,5555602,1,96.15384615384616,0.8177035240565115,95.0,98.0,1.0,0.6,0.0,0.04367720281735653,0.03684826414348655,0.0,0.0
14,5540602,5555602,1,95.9375,0.899218410621135,95.0,98.0,2.0,0.6324555320336759,0.0,0.05967078299812371,0.037101708139191836,0.0,0.0
14,5550602,5555602,1,96.83333333333333,0.6871842709362769,96.0,98.0,1.0,0.7745966692414834,0.0,0.05120231981959541,0.03756955454329868,0.0,0.0
14,6065182,6069742,1,105.75,0.82915619758885,105.0,107.0,2.0,0.816496580927726,0.0,0.061755412640794316,0.06425151391671213,0.0,0.0
14,6065182,6079742,1,103.5,2.3769728648009427,99.0,107.0,8.0,1.247219128924647,0.0,0.04055595406180397,0.04698859150473298,0.0,0.0
14,6065182,6089742,1,100.7,3.3331666624997918,96.0,107.0,11.0,1.0513149660756937,0.0,0.048140423827202475,0.06512734425266564,0.0,0.0
14,6065182,6099742,1,99.43333333333334,3.28312182059833,96.0,107.0,10.0,0.909717652294684,0.0,0.051305813384176606,0.059588420804137426,0.0,0.0
14,6065182,6109742,1,99.15,2.903015673398957,96.0,107.0,9.0,0.8623164985025763,0.0,0.0528409535807093,0.0680797342197171,0.0,0.0
14,6065182,6119742,1,98.98,2.7017771928861936,96.0,107.0,9.0,0.9147320339189784,0.0,0.04881200486798107,0.06231464726536693,0.0,0.0
14,6070742,6129742,1,98.73584905660377,1.982479326273766,96.0,104.0,4.0,0.9405399431259602,0.0,0.049234126143248784,0.06362740328484096,0.0,0.0
14,6080742,6139742,1,98.19298245614036,1.8106759084127253,94.0,102.0,4.0,0.8864052604279183,0.0,0.04518962642256673,0.062459107425239024,0.0,0.0
14,6090742,6149742,1,97.6140350877193,2.2536861498280425,94.0,102.0,1.0,0.8556534679079242,0.0,0.03768949754771475,0.0545982307629246,0.0,0.0
15,4212773,4272664,1,82.38636363636364,4.222321146924828,74.0,87.0,12.0,1.0115610777177464,0.0,0.07688245126533277,0.08669067178578167,0.0,0.0
15,4222799,4281664,1,83.77777777777777,2.288996761212105,77.0,87.0,6.0,1.087114613009218,0.0,0.07589208802032012,0.08627650107559136,0.0,0.0
15,4233664,4292664,1,84.74418604651163,1.6718326284289704,81.0,87.0,1.0,1.123345344008138,0.0,0.09181306416292519,0.10249554764677672,0.0,0.0
15,4243664,4301664,1,85.26315789473684,2.098673898671251,81.0,90.0,1.0,1.1740436015661335,0.0,0.10451665672142928,0.10707412643440002,0.0,0.0
15,4253664,4301664,1,84.89285714285714,2.3043326538483626,81.0,90.0,2.0,1.2765694770084508,0.0,0.09584299558990236,0.10750455762021012,0.0,0.0
15,4269664,4301664,1,84.96,2.4079867109267856,81.0,90.0,4.0,1.2909944487358056,0.0,0.10084880711905711,0.11148570666043575,0.0,0.0
15,4273664,4301664,1,85.14285714285714,2.531435020952764,81.0,90.0,3.0,1.2449899597988732,0.0,0.11583434875672564,0.11523077077577523,0.0,0.0
15,4286664,4301664,1,87.08333333333333,1.2555432644432802,86.0,90.0,1.0,1.1677484162422844,0.0,0.16967970997793222,0.12402952165091899,0.0,0.0
15,4293664,4301664,1,88.2,1.16619037896906,87.0,90.0,0.0,1.7320508075688772,0.0,0.1652487681060038,0.10013040780434856,0.0,0.0
15,6089200,6092213,0,71.25,0.4330127018922193,71.0,72.0,1.0,0.5773502691896257,0.0,0.006491282050994851,0.004370124999084658,0.0,0.0
15,6089200,6102291,0,71.85714285714286,1.6842608746502281,70.0,75.0,3.0,0.9198662110077999,0.0,0.0075008321445698455,0.008069443100599288,0.0,0.0
15,6089200,6111309,0,72.78260869565217,1.768234731101109,70.0,75.0,3.0,0.8257228238447705,0.0,0.008067918875618507,0.009873545977870941,0.0,0.0
15,6089200,6122072,0,73.0,1.6393596310755,70.0,75.0,0.0,0.762000762001143,0.0,0.00684371036993628,0.008754168197408985,0.0,0.0
15,6089200,6132072,0,72.71428571428571,1.6225452416572212,70.0,75.0,1.0,1.0706733691535595,0.0,0.006564205469964651,0.007821716647916034,0.0,0.0
15,6089200,6142072,0,72.25,1.752745099726536,70.0,75.0,2.0,0.9701425001453319,0.0,0.006614173231895873,0.0071361432328605505,0.0,0.0
15,6093218,6152072,0,71.86206896551724,1.9515535443904857,69.0,75.0,0.0,0.936585811581694,0.0,0.006056752220145718,0.006827656574414549,0.0,0.0
15,6103291,6162072,0,71.32758620689656,2.079356092594472,68.0,75.0,5.0,0.8685539504902852,0.0,0.00561763926289857,0.005749283823045854,0.0,0.0
15,6114072,6172072,0,70.47457627118644,1.7978888957526944,68.0,75.0,7.0,0.8407714027749386,0.0,0.004744005195393148,0.003076010379221293,0.0,0.0
16,1071052,1130333,1,48.78947368421053,2.2535495752044086,45.0,54.0,3.0,0.7440238091428449,0.0,0.009796407494461777,0.007864717178323925,0.0,0.0
16,1081084,1140333,1,47.78947368421053,2.1335814721801194,45.0,53.0,7.0,0.6943650748294136,0.0,0.0079185394289824,0.00808401973559944,0.0,0.0
16,1091120,1150333,1,47.12280701754386,1.8455273143524402,45.0,52.0,1.0,0.7196229171289245,0.0,0.00565207646228256,0.006588748390412606,0.0,0.0
16,1101165,1159333,1,46.910714285714285,1.5385148882037147,45.0,50.0,1.0,0.674199862463242,0.0,0.004712169998271946,0.00626671595762426,0.0,0.0
16,1111333,1159333,1,46.673469387755105,1.489935693750529,45.0,50.0,1.0,0.6922186552431729,0.0,0.004977764773444357,0.006623517205328159,0.0,0.0
16,1121333,1159333,1,46.69230769230769,1.6037431560114759,45.0,50.0,3.0,0.6688560540599386,0.0,0.005284745570975137,0.007332841786870904,0.0,0.0
16,1131333,1159333,1,46.96551724137931,1.7710849708132768,45.0,50.0,3.0,0.7319250547113999,0.0,0.0055351338595695,0.008366425612656598,0.0,0.0
16,1141333,1159333,1,47.73684210526316,1.7119427333990096,45.0,50.0,3.0,0.8498365855987975,0.0,0.004451780774919215,0.006446173377173916,0.0,0.0
16,1151333,1159333,1,49.333333333333336,0.4714045207910317,49.0,50.0,1.0,0.7905694150420949,0.0,0.0018532804158577078,0.0009881341263717788,0.0,0.0
16,2389504,2400532,0,60.666666666666664,0.4714045207910316,60.0,61.0,1.0,0.674199862463242,0.0,0.009800184397488726,0.0041716560859166455,0.0,0.0
16,2389504,2410811,0,61.31818181818182,0.8194434716963611,60.0,63.0,2.0,0.6172133998483676,0.0,0.007082928052074844,0.004574348407159594,0.0,0.0
16,2389504,2420811,0,61.34375,0.7335434121440939,60.0,63.0,2.0,0.5679618342470648,0.0,0.006699246043471417,0.00424322686382505,0.0,0.0
16,2389504,2430811,0,61.5,0.6986381310057719,60.0,63.0,2.0,0.4938647983247948,0.0,0.0064171853898251875,0.003969724028083298,0.0,0.0
16,2389504,2440811,0,60.5,2.7210009470498453,51.0,63.0,9.0,0.7276068751089989,0.0,0.006403226591151875,0.003780590911716297,0.0,0.0
16,2391510,2450811,0,58.583333333333336,5.03418866904644,48.0,63.0,13.0,0.7478783550139053,0.0,0.006298157895773379,0.0037621916155684246,0.0,0.0
16,2401535,2460811,0,56.56666666666667,6.064560073813176,48.0,63.0,12.0,0.7364596943186587,0.0,0.005387660265194907,0.0031621561284630923,0.0,0.0
16,2411811,2470811,0,54.4,6.022734705541439,48.0,62.0,13.0,0.7478783550139053,0.0,0.005741382379823619,0.0032799641631052357,0.0,0.0
16,2421811,2477811,0,52.35087719298246,5.558275726796384,47.0,62.0,15.0,0.7676494735787385,0.0,0.005818696665193092,0.0031924349769454612,0.0,0.0
16,2431811,2477811,0,50.297872340425535,3.666495187836258,47.0,62.0,15.0,0.8469895538599198,0.0,0.005883399934775184,0.0032772198955031717,0.0,0.0
16,2441811,2477811,0,48.67567567567568,0.8715954322484919,47.0,51.0,4.0,0.6666666666666666,0.0,0.00575875136668092,0.0033722447432004313,0.0,0.0
16,2451811,2477811,0,48.592592592592595,0.7821745215534399,47.0,50.0,1.0,0.5883484054145521,0.0,0.005409419781002667,0.0028383950941223237,0.0,0.0
16,2461811,2477811,0,48.529411764705884,0.8483650059915269,47.0,50.0,2.0,0.5,0.0,0.006187044389737206,0.003156943535172079,0.0,0.0
16,2471811,2477811,0,47.714285714285715,0.6998542122237651,47.0,49.0,2.0,0.5773502691896257,0.0,0.006533460481718266,0.0022979784844669024,0.0,0.0
16,3603655,3610686,0,51.875,0.5994789404140899,51.0,53.0,1.0,0.8451542547285166,0.0,0.004102387540665671,0.0024728851772102167,0.0,0.0
16,3603655,3620716,0,51.666666666666664,0.5773502691896257,51.0,53.0,1.0,0.7276068751089989,0.0,0.015075022430603637,0.036881678280928594,0.0,0.0
16,3603655,3630767,0,54.392857142857146,5.136280517166134,50.0,67.0,16.0,1.4907119849998598,0.0,0.03980201333205941,0.07519604927518331,0.0,0.0
16,3603655,3640847,0,57.89473684210526,7.401242689697492,50.0,71.0,20.0,1.506741607001768,0.0,0.03276636583971291,0.06606398598885282,0.0,0.0
16,3603655,3650854,0,61.25,9.32626220233308,50.0,77.0,23.0,1.5367830450846256,0.0,0.041587176940206576,0.07306733257305996,0.0,0.0
16,3603655,3660920,0,63.51724137931034,9.842275772910039,50.0,77.0,24.0,1.5559732104309982,0.0,0.043698232190219226,0.06795468824953182,0.0,0.0
16,3611689,3670991,0,66.47457627118644,8.978988528222175,50.0,77.0,22.0,1.5646967316604727,0.0,0.056395205435461254,0.07853750619742868,0.0,0.0
16,3621720,3681024,0,69.61016949152543,5.968893799659329,50.0,77.0,17.0,1.6452648880116958,0.0,0.09235731471803184,0.13853164591636905,0.0,0.0
16,3631771,3690113,0,70.77966101694915,3.6409525509557015,63.0,77.0,6.0,1.4739110533215525,0.0,0.11293442450072,0.15435589873032782,0.0,0.0
17,2409572,2469398,1,88.91071428571429,2.8111816638095046,83.0,94.0,6.0,0.6875516509523286,0.0,0.020356994202114054,0.054624733694451484,0.0,0.0
17,2419583,2479398,1,87.75,3.516542538996426,82.0,94.0,5.0,0.7261354744623948,0.0,0.017120338448037543,0.054640949658648935,0.0,0.0
17,2429598,2489398,1,86.91071428571429,3.0135218226371294,82.0,93.0,5.0,0.674199862463242,0.0,0.011409110111735279,0.033276240165996986,0.0,0.0
17,2440398,2498398,1,86.69491525423729,2.5127082916486447,82.0,90.0,1.0,0.6017216678143155,0.0,0.004649140585973626,0.0033478095937223783,0.0,0.0
17,2450398,2498398,1,86.24489795918367,2.5033089305622207,82.0,90.0,0.0,0.6123724356957945,0.0,0.004747780108501843,0.003508649930871107,0.0,0.0
17,2460398,2498398,1,85.6923076923077,2.4925925763107157,82.0,90.0,4.0,0.6069769786668839,0.0,0.004558503140314533,0.0037038120187048757,0.0,0.0
17,2470398,2498398,1,86.27586206896552,2.5850572157229394,82.0,90.0,7.0,0.5669467095138409,0.0,0.004961069128680103,0.0037338296537794487,0.0,0.0
17,2480398,2498398,1,87.89473684210526,1.4830529266953023,85.0,90.0,5.0,0.5270462766947299,0.0,0.004546324338342962,0.003357331493728522,0.0,0.0
17,2490398,2498398,1,89.11111111111111,0.5665577237325317,88.0,90.0,2.0,0.5,0.0,0.0033391028989925623,0.002588088961975519,0.0,0.0
17,4149517,4158741,1,86.9,0.8306623862918076,86.0,88.0,2.0,0.4714045207910317,0.0,0.026064600141461825,0.023555145843197227,0.0,0.0
17,4149517,4168741,1,88.15,1.49248115565993,86.0,90.0,4.0,0.6488856845230502,0.0,0.015860631369981296,0.01972595178297933,0.0,0.0
17,4149517,4178741,1,88.06666666666666,1.3148721948877347,86.0,90.0,3.0,0.6695340634119862,0.0,0.0172830409113003,0.02008072433175799,0.0,0.0
19,1969726,2029478,1,79.53333333333333,2.5460208605237744,74.0,84.0,6.0,1.089238577156585,0.0,0.06527680502776761,0.09812346146017815,0.0,0.0
19,1980478,2039478,1,80.10169491525424,2.4404425498517037,74.0,84.0,2.0,0.9649012813540153,0.0,0.06301444456010284,0.09861427218574322,0.0,0.0
19,1990478,2049478,1,80.20338983050847,2.5296858585499162,74.0,84.0,2.0,1.0339078862458586,0.0,0.07913135087336678,0.11441884286252652,0.0,0.0
19,2000478,2057478,1,80.66666666666667,2.7359422722270774,74.0,85.0,8.0,1.0522085616183026,0.0,0.07966348983407479,0.11585179795095787,0.0,0.0
19,2010478,2057478,1,81.68085106382979,1.7023935962465973,78.0,85.0,7.0,0.966841563388569,0.0,0.07187352587828293,0.11501244368843157,0.0,0.0
19,2020478,2057478,1,82.02631578947368,1.5974789695553886,79.0,85.0,3.0,0.8853156407653622,0.0,0.053539352885533256,0.08293928815926728,0.0,0.0
19,2030478,2057478,1,81.71428571428571,1.729102633844315,79.0,85.0,2.0,0.9813067629253163,0.0,0.06210675855274382,0.09475041027925117,0.0,0.0
19,2040478,2057478,1,82.33333333333333,1.4142135623730951,79.0,85.0,6.0,1.0846522890932808,0.0,0.08290998772723182,0.11286995876641703,0.0,0.0
19,2050478,2057478,1,83.25,0.82915619758885,82.0,85.0,2.0,1.0690449676496976,0.0,0.03259162007725232,0.017447459726181825,0.0,0.0
19,3935670,3939685,1,74.6,0.8,73.0,75.0,2.0,1.0,0.0,0.017084696954948436,0.0040786092091842936,0.0,0.0
19,3935670,3949707,1,75.0,0.7302967433402214,73.0,76.0,3.0,0.8017837257372732,0.0,0.030884198439210676,0.04371718043908031,0.0,0.0
19,3935670,3959658,1,76.16,1.8260339536821326,73.0,80.0,7.0,1.0206207261596576,0.0,0.032508668324154735,0.04568101937227076,0.0,0.0
21,406738,414790,1,99.5,1.118033988749895,98.0,101.0,1.0,0.8451542547285166,0.0,0.1355913828156073,0.20414847425796456,0.0,0.0
21,3851207,3866250,0,94.9,1.3,93.0,97.0,1.0,1.2909944487358056,0.0,0.00988911674687767,0.004001886446939567,0.0,0.0
21,3851207,3876183,0,95.0,1.0289915108550531,93.0,97.0,2.0,1.0,0.0,0.011571208042232342,0.004146413468658529,0.0,0.0
21,3851207,3886183,0,95.03703703703704,0.9222147850362024,93.0,97.0,3.0,0.8548504142651103,0.0,0.01228214713639985,0.004247758515686269,0.0,0.0
21,3851207,3896183,0,93.64864864864865,2.6733541662439433,87.0,97.0,10.0,0.8819171036881969,0.0,0.012825910290522137,0.00441201127443732,0.0,0.0
21,3851207,3906183,0,91.70212765957447,4.466970479004622,83.0,97.0,14.0,0.8340576562282991,0.0,0.013090093734102191,0.004400512209969475,0.0,0.0
21,3859235,3916183,0,90.2909090909091,4.769877937347044,83.0,96.0,9.0,0.7071067811865476,0.0,0.013153394607772734,0.004201105915842952,0.0,0.0
21,3867260,3926183,0,88.84210526315789,4.636958598214054,83.0,96.0,10.0,0.6546536707079771,0.0,0.013645800741820301,0.004071626696567481,0.0,0.0
21,3877183,3936183,0,87.65,3.957377077476107,83.0,96.0,10.0,0.6638357975446149,0.0,0.013817964598588299,0.003957078493740164,0.0,0.0
21,3887183,3939183,0,86.18867924528301,2.2575375111163805,83.0,93.0,6.0,0.6793662204867574,0.0,0.013856965754439407,0.003921657060985911,0.0,0.0
21,3897183,3939183,0,85.32558139534883,1.0937652108190556,83.0,87.0,1.0,0.5976143046671968,0.0,0.013755313416715478,0.0037640534395327863,0.0,0.0
21,3907183,3939183,0,85.57575757575758,0.9221287305880569,84.0,87.0,3.0,0.5863019699779287,0.0,0.013660689459553987,0.0036105864047026445,0.0,0.0
21,3917183,3939183,0,85.8695652173913,0.7969696860792764,84.0,87.0,3.0,0.5640760748177662,0.0,0.014220780373681833,0.0034888716223205746,0.0,0.0
21,3927183,3939183,0,86.23076923076923,0.5756395979652217,85.0,87.0,2.0,0.5773502691896257,0.0,0.014564257531965441,0.002740775693512893,0.0,0.0
21,4500074,4506092,0,85.14285714285714,1.124858267715973,84.0,87.0,3.0,0.7071067811865476,0.0,0.009672137659238638,0.005139612524865403,0.0,0.0
21,4500074,4516117,0,85.41176470588235,1.2394886768062046,84.0,87.0,0.0,0.6123724356957945,0.0,0.007136257490919837,0.004989849336957141,0.0,0.0
21,4500074,4525870,0,85.82608695652173,1.273549436163201,84.0,87.0,0.0,0.5222329678670935,0.0,0.005854839267349356,0.004896193749145337,0.0,0.0
21,4500074,4535870,0,85.9090909090909,1.1378777791223387,84.0,87.0,2.0,0.5,0.0,0.005066461006281513,0.004352984377099331,0.0,0.0
21,4500074,4545870,0,85.32558139534883,1.5053537053657915,82.0,87.0,5.0,0.5563486402641868,0.0,0.0086932368409865,0.016730518603892762,0.0,0.0
21,4500074,4555870,0,84.83018867924528,1.7454614901099212,81.0,87.0,3.0,0.6650621717611762,0.0,0.012384489048787575,0.01725394160658114,0.0,0.0
21,4507095,4565870,0,84.66071428571429,1.6932300674227614,81.0,87.0,1.0,0.674199862463242,0.0,0.01692495095437178,0.01946388415766872,0.0,0.0
21,4517120,4575870,0,84.08928571428571,1.775596335583844,81.0,87.0,3.0,0.7006490497453707,0.0,0.022328742288628224,0.020091021541511423,0.0,0.0
21,4526870,4585870,0,83.81666666666666,1.4661931053658048,81.0,87.0,1.0,0.7248611789946813,0.0,0.02655306737948319,0.01982820594769747,0.0,0.0
21,4536870,4588870,0,83.56603773584905,1.3668505868886667,81.0,87.0,2.0,0.7595545253127499,0.0,0.03059577076632472,0.018251730772059414,0.0,0.0
21,4546870,4588870,0,83.6046511627907,1.4649316974905697,81.0,87.0,5.0,0.7715167498104596,0.0,0.03290604371302513,0.012662815968417042,0.0,0.0
21,4556870,4588870,0,83.87878787878788,1.4925588310333031,81.0,87.0,2.0,0.6614378277661477,0.0,0.034314883158689656,0.013457684336697579,0.0,0.0
21,4566870,4588870,0,83.78260869565217,1.7183541604669132,81.0,87.0,5.0,0.6396021490668313,0.0,0.03362029768534826,0.014215057308175839,0.0,0.0
21,4576870,4588870,0,84.84615384615384,1.4058205294228512,83.0,87.0,3.0,0.6454972243679028,0.0,0.03208023987028326,0.016522971929988986,0.0,0.0
21,5734409,5746444,1,89.53846153846153,0.4985185152621431,89.0,90.0,0.0,0.5773502691896257,0.0,0.017759043373878926,0.008642560051456324,0.0,0.0
21,5734409,5756168,1,89.14285714285714,0.7095078297976829,88.0,90.0,2.0,0.6324555320336759,0.0,0.015776930708782066,0.008203074210868454,0.0,0.0
21,5734409,5766168,1,89.2258064516129,0.7914738158958255,88.0,91.0,2.0,0.6831300510639732,0.0,0.01361880769026508,0.007547970357240094,0.0,0.0
21,5734409,5776168,1,88.60975609756098,1.3593048578627098,85.0,91.0,5.0,0.689202437604511,0.0,0.012528279037681436,0.007314726775448027,0.0,0.0
21,5734409,5786168,1,87.43137254901961,2.7242908914444555,81.0,91.0,8.0,0.6928203230275509,0.0,0.011791771370626924,0.007043747021481658,0.0,0.0
21,5737418,5796168,1,86.5,3.0639730799213556,81.0,91.0,6.0,0.6488856845230502,0.0,0.013033530507890585,0.01272018980366195,0.0,0.0
21,5747446,5806168,1,85.8103448275862,2.7509051585684965,81.0,91.0,4.0,0.6753816335059705,0.0,0.01211838263182243,0.012343608807300262,0.0,0.0
21,5757168,5816168,1,85.31666666666666,2.4999444438271468,81.0,91.0,2.0,0.7130740328122925,0.0,0.011767227673291102,0.012380571377915206,0.0,0.0
21,5767168,5823168,1,84.94736842105263,2.12273452101813,81.0,90.0,2.0,0.7071067811865476,0.0,0.01225267534022511,0.012751389846046684,0.0,0.0
21,5777168,5823168,1,84.57446808510639,2.1212669924450243,81.0,90.0,6.0,0.6915640748081247,0.0,0.012913321111619358,0.013741321650051897,0.0,0.0
21,5787168,5823168,1,85.10810810810811,2.0105637744213287,82.0,90.0,8.0,0.7071067811865476,0.0,0.014032572780785825,0.015097594066758478,0.0,0.0
21,5797168,5823168,1,86.0,1.5153535218873173,84.0,90.0,5.0,0.7595545253127499,0.0,0.011258188683546564,0.007308324184264374,0.0,0.0
21,5807168,5823168,1,86.29411764705883,1.77448272105863,84.0,90.0,4.0,0.7905694150420949,0.0,0.010991280957936568,0.007119313829892181,0.0,0.0
21,5817168,5823168,1,88.14285714285714,1.124858267715973,87.0,90.0,3.0,0.7071067811865476,0.0,0.011890903929879902,0.0054296898545092296,0.0,0.0
21,6714977,6725977,1,90.88888888888889,0.7370277311900889,90.0,92.0,1.0,1.0606601717798212,0.0,0.12424862892077823,0.10140231356835704,0.0,0.0
21,6714977,6725977,1,90.88888888888889,0.7370277311900889,90.0,92.0,1.0,1.0606601717798212,0.0,0.12424862892077823,0.10140231356835704,0.0,0.0
21,6714977,6745977,1,92.14285714285714,1.8070158058105024,90.0,95.0,4.0,1.0377490433255416,0.0,0.10377117323077759,0.10052606827997604,0.0,0.0
22,1013168,1072760,0,80.45614035087719,2.347601803099424,76.0,86.0,5.0,1.1726039399558574,0.0,0.056450164177762455,0.09251158264044897,0.0,0.0
22,1023412,1082760,0,81.58181818181818,3.1199703325565546,76.0,89.0,9.0,1.239772978023411,0.0,0.055180084471618526,0.09356870224922574,0.0,0.0
22,1033412,1092760,0,82.98181818181818,2.8379948689229617,79.0,89.0,0.0,1.2171612389003692,0.0,0.0528869392861942,0.09452805254943866,0.0,0.0
22,1043412,1101760,0,83.57407407407408,2.62185862722987,79.0,89.0,1.0,1.2812140468954687,0.0,0.047482355176363844,0.09478637552022495,0.0,0.0
22,1053412,1101760,0,83.88636363636364,2.604331262016038,79.0,89.0,0.0,1.034295625950562,0.0,0.041510319280636955,0.09481865504330445,0.0,0.0
22,1063415,1101760,0,84.88235294117646,1.9817506503438842,82.0,89.0,1.0,1.0298573010888745,0.0,0.029315096825245687,0.0841065584707724,0.0,0.0
22,1073760,1101760,0,85.3076923076923,2.0337390871388132,82.0,89.0,1.0,1.0770329614269007,0.0,0.005211642455487405,0.004126440579563804,0.0,0.0
22,1083760,1101760,0,84.6842105263158,1.748762918509068,82.0,87.0,4.0,1.0,0.0,0.004152501571863641,0.0034746332335341607,0.0,0.0
22,1093760,1101760,0,83.77777777777777,1.1331154474650633,82.0,86.0,1.0,1.0606601717798212,0.0,0.002818611814003589,0.0014572845888393613,0.0,0.0
22,1685823,1692841,0,80.75,0.82915619758885,80.0,82.0,2.0,0.5345224838248488,0.0,0.02243238320253714,0.016833361726491382,0.0,0.0
22,1685823,1702866,0,81.33333333333333,1.2909944487358056,80.0,84.0,0.0,0.6859943405700354,0.0,0.013713666795555192,0.014967319662084049,0.0,0.0
22,1685823,1713049,0,81.32142857142857,1.103681224311603,80.0,84.0,0.0,0.6666666666666666,0.0,0.011329885848680162,0.012931405709796253,0.0,0.0
22,1685823,1723049,0,81.39473684210526,1.3867696975005683,78.0,84.0,4.0,0.7710996009560598,0.0,0.009202842811922489,0.011692411237099612,0.0,0.0
22,1685823,1733049,0,80.41666666666667,2.3169064624096403,75.0,84.0,4.0,0.7718449849879597,0.0,0.011522027040628468,0.019332872410484193,0.0,0.0
22,1685823,1742539,0,80.26315789473684,2.298178651763202,75.0,84.0,5.0,0.8964214570007952,0.0,0.02546061188759372,0.04816432580152361,0.0,0.0
22,1693844,1752539,0,79.61016949152543,2.674531158993135,74.0,84.0,4.0,1.0,0.0,0.04140817642894579,0.0741393285766925,0.0,0.0
22,1703869,1762539,0,78.91525423728814,2.4994110193879635,74.0,84.0,3.0,1.0085838484282528,0.0,0.04133724045721975,0.07410921703918938,0.0,0.0
22,1714049,1772539,0,79.13559322033899,2.866862852351211,74.0,86.0,4.0,1.0504514628777804,0.0,0.04151802299140059,0.07401297466761537,0.0,0.0
22,1724049,1774539,0,78.92156862745098,3.0604570801447157,74.0,86.0,9.0,1.0295630140987,0.0,0.04779640338474016,0.07777101358491635,0.0,0.0
22,1734049,1774539,0,79.46341463414635,3.147570189268415,74.0,86.0,7.0,1.08397416943394,0.0,0.05449432442743016,0.08371260931912282,0.0,0.0
22,1743539,1774539,0,79.46875,3.400224027545832,74.0,86.0,9.0,1.0,0.0,0.04175217880881128,0.08070493255655672,0.0,0.0
22,1753539,1774539,0,80.68181818181819,3.2527801205117903,77.0,86.0,8.0,0.7559289460184544,0.0,0.0074901420248502,0.004239187027507519,0.0,0.0
22,1763539,1774539,0,83.16666666666667,2.3033791601808753,80.0,86.0,6.0,0.8528028654224418,0.0,0.008465117514903699,0.004604751617726686,0.0,0.0
22,3584012,3587012,0,93.0,0.7071067811865476,92.0,94.0,1.0,1.2909944487358056,0.0,0.1477679908820802,0.07400934636170914,0.0,0.0
22,3584012,3587012,0,93.0,0.7071067811865476,92.0,94.0,1.0,1.2909944487358056,0.0,0.1477679908820802,0.07400934636170914,0.0,0.0
22,3584012,3587012,0,93.0,0.7071067811865476,92.0,94.0,1.0,1.2909944487358056,0.0,0.1477679908820802,0.07400934636170914,0.0,0.0
22,3584012,3587012,0,93.0,0.7071067811865476,92.0,94.0,1.0,1.2909944487358056,0.0,0.1477679908820802,0.07400934636170914,0.0,0.0
22,3584012,3587012,0,93.0,0.7071067811865476,92.0,94.0,1.0,1.2909944487358056,0.0,0.1477679908820802,0.07400934636170914,0.0,0.0
22,3584012,3587012,0,93.0,0.7071067811865476,92.0,94.0,1.0,1.2909944487358056,0.0,0.1477679908820802,0.07400934636170914,0.0,0.0
22,4798179,4802179,0,89.0,1.4142135623730951,87.0,91.0,4.0,1.0,0.0,0.122380359085867,0.16670423623555178,0.0,0.0
22,4798179,4812179,0,88.92857142857143,1.2797480619406367,86.0,91.0,2.0,1.1094003924504583,0.0,0.11821171829237187,0.12895893832282,0.0,0.0
22,4798179,4818179,0,89.27777777777777,1.4065543223524624,86.0,92.0,1.0,1.0571882797418488,0.0,0.10611087802825275,0.11810949206556942,0.0,0.0
22,4798179,4832179,0,89.03571428571429,1.3223934701124012,86.0,92.0,0.0,1.186342028003479,0.0,0.07414031011445109,0.10420718166467265,0.0,0.0
22,4798179,4832179,0,89.03571428571429,1.3223934701124012,86.0,92.0,0.0,1.186342028003479,0.0,0.07414031011445109,0.10420718166467265,0.0,0.0
22,4798179,4832179,0,89.03571428571429,1.3223934701124012,86.0,92.0,0.0,1.186342028003479,0.0,0.07414031011445109,0.10420718166467265,0.0,0.0
22,4803179,4832179,0,89.04347826086956,1.301446047573545,86.0,92.0,5.0,1.224744871391589,0.0,0.06365334294675201,0.08100975392881402,0.0,0.0
22,4813179,4832179,0,89.14285714285714,1.355261854357877,88.0,92.0,2.0,1.3008872711759818,0.0,0.030068901936530338,0.03468843625863644,0.0,0.0
22,4823179,4832179,0,88.6,1.0198039027185568,88.0,91.0,3.0,0.5773502691896257,0.0,0.016593287869608155,0.01201574918358963,0.0,0.0
22,6871805,6882832,0,83.58333333333333,1.0374916331657278,82.0,86.0,2.0,0.7385489458759964,0.0,0.01799406072914519,0.015272659489432676,0.0,0.0
22,6871805,6892884,0,85.5909090909091,2.4244791551081066,82.0,90.0,4.0,0.816496580927726,0.0,0.030851008079671772,0.04117103876841006,0.0,0.0
22,6871805,6901892,0,86.09677419354838,2.2194861176476874,82.0,90.0,4.0,0.8563488385776752,0.0,0.04161772079340917,0.07857110232611954,0.0,0.0
22,6871805,6912941,0,86.675,2.3171911876234987,82.0,91.0,7.0,0.8320502943378437,0.0,0.043601223771717476,0.07279623841117071,0.0,0.0
22,6871805,6914941,0,86.92857142857143,2.5297549019510917,82.0,92.0,8.0,0.8263938705413374,0.0,0.0460763878190395,0.07204783690628694,0.0,0.0
22,6873810,6927119,0,87.31818181818181,2.5115435970075097,82.0,92.0,7.0,0.9276125895432153,0.0,0.05086430701134614,0.07175137273670773,0.0,0.0
23,1084786,1144291,0,78.55932203389831,2.2343329224085147,75.0,84.0,1.0,1.0586263057247414,0.0,0.03239021744014105,0.04001281114108383,0.0,0.0
23,1094797,1154291,0,78.33898305084746,2.136131220906868,75.0,84.0,3.0,1.0085838484282528,0.0,0.029985768417244093,0.04022170954536895,0.0,0.0
23,1104811,1164291,0,78.86206896551724,2.2701076676734884,75.0,84.0,6.0,0.9911892555667041,0.0,0.02830004720874991,0.03582065542410904,0.0,0.0
23,1115291,1173291,0,79.01694915254237,2.3032145952973653,75.0,84.0,4.0,0.9468641529479986,0.0,0.020793856603352173,0.010681046713495287,0.0,0.0
23,1125291,1173291,0,78.36734693877551,1.8810969178453734,75.0,83.0,3.0,0.8539125638299665,0.0,0.02091668281651093,0.011418082905696405,0.0,0.0
23,1135291,1173291,0,78.53846153846153,1.9721932844132732,77.0,83.0,0.0,0.6069769786668839,0.0,0.020951347549409232,0.012489171508049438,0.0,0.0
23,1145291,1173291,0,79.06896551724138,2.0330210997218865,77.0,83.0,0.0,0.7071067811865476,0.0,0.021115730730322437,0.014372703474960807,0.0,0.0
23,1155291,1173291,0,80.0,1.9194297398747862,77.0,83.0,1.0,0.8498365855987975,0.0,0.025316532836928397,0.01564997659740618,0.0,0.0
23,1165291,1173291,0,79.11111111111111,1.6629588385661962,77.0,82.0,5.0,0.7905694150420949,0.0,0.028268290972314966,0.021526899429449565,0.0,0.0
23,4595797,4604146,1,74.44444444444444,0.4969039949999533,74.0,75.0,1.0,0.3535533905932738,0.0,0.008914828990605536,0.010093789371213063,0.0,0.0
23,4595797,4614146,1,75.44444444444444,1.4614384931073228,74.0,78.0,3.0,0.7276068751089989,0.0,0.012621600057810108,0.0118983124313635,0.0,0.0
23,4595797,4624146,1,75.85714285714286,1.3552618543578767,74.0,78.0,2.0,0.769800358919501,0.0,0.04169963071243831,0.05350251394328541,0.0,0.0
23,4595797,4632146,1,75.69444444444444,1.350297178081848,73.0,78.0,0.0,0.9856107606091623,0.0,0.05774449001989837,0.06467336551548043,0.0,0.0
23,4595797,4632146,1,75.69444444444444,1.350297178081848,73.0,78.0,0.0,0.9856107606091623,0.0,0.05774449001989837,0.06467336551548043,0.0,0.0
23,4595797,4653146,1,75.6923076923077,1.3234346564680968,73.0,78.0,2.0,1.0,0.0,0.05459174998439114,0.06331168703030786,0.0,0.0
23,4605146,4664146,1,75.85714285714286,1.2904674046441387,73.0,78.0,0.0,1.1114378604524227,0.0,0.06363184810014398,0.06368157273581228,0.0,0.0
23,4615146,4674729,1,74.69444444444444,1.9410684979104282,70.0,78.0,4.0,1.121223821162776,0.0,0.06733212880118788,0.06239366339097325,0.0,0.0
23,4625146,4684729,1,73.61111111111111,1.7838438175558136,70.0,77.0,2.0,1.121223821162776,0.0,0.04749068565995948,0.055685045124907497,0.0,0.0
23,4649146,4684729,1,73.17857142857143,1.6914400337449458,70.0,77.0,2.0,1.0540925533894598,0.0,0.028516167963945443,0.03177941115504884,0.0,0.0
23,4649146,4684729,1,73.17857142857143,1.6914400337449458,70.0,77.0,2.0,1.0540925533894598,0.0,0.028516167963945443,0.03177941115504884,0.0,0.0
23,4660146,4684729,1,72.88,1.5051910177781422,70.0,75.0,2.0,0.9574271077563381,0.0,0.02992704377262236,0.03268894957787228,0.0,0.0
23,4665146,4684729,1,72.45,1.3592277219068185,70.0,75.0,1.0,1.0513149660756937,0.0,0.028495309964316234,0.03173098651281786,0.0,0.0
23,4675729,4684729,1,72.7,1.4866068747318506,71.0,75.0,1.0,1.0,0.0,0.022610890582346783,0.027885643036872965,0.0,0.0
23,5011288,5024288,1,79.85714285714286,0.832993127835043,79.0,81.0,2.0,0.816496580927726,0.0,0.04217729015941361,0.0387963499257555,0.0,0.0
23,5011288,5034288,1,79.57142857142857,1.3477115902938004,77.0,82.0,2.0,1.3587324409735149,0.0,0.024412018451866326,0.032809374778155216,0.0,0.0
23,5011288,5044288,1,78.20833333333333,1.9786183450972943,75.0,82.0,4.0,1.179535649239177,0.0,0.02041066821972802,0.026568759615004763,0.0,0.0
23,5011288,5054288,1,77.27272727272727,2.339032787321565,73.0,82.0,6.0,1.224744871391589,0.0,0.017223604605499317,0.02354752366057438,0.0,0.0
23,5011288,5064288,1,76.48780487804878,2.688021769833376,72.0,82.0,4.0,1.3601470508735443,0.0,0.021437670614271702,0.026095661316263154,0.0,0.0
23,5017288,5074288,1,76.14285714285714,2.5233602475222416,72.0,82.0,5.0,1.3149778198382918,0.0,0.021640570879876236,0.02484567976493233,0.0,0.0
23,5027288,5084288,1,75.41509433962264,2.032137663069624,72.0,82.0,4.0,1.286019499792345,0.0,0.016299604259055488,0.01851155179559224,0.0,0.0
23,5035288,5084288,1,74.82608695652173,1.307243163336775,72.0,77.0,2.0,1.247219128924647,0.0,0.017768517359124075,0.019389938406273927,0.0,0.0
23,5045288,5084288,1,74.41666666666667,1.114924013354971,72.0,77.0,0.0,1.3309502512973848,0.0,0.01859066721034343,0.02098242054182974,0.0,0.0
23,5055288,5084288,1,74.29629629629629,1.1160384572829158,72.0,76.0,3.0,1.3155870289605438,0.0,0.021879300180161418,0.02294824319504839,0.0,0.0
23,5065288,5084288,1,74.73684210526316,0.713929471907923,74.0,76.0,1.0,1.0274023338281628,0.0,0.01474608219266822,0.015108416689774879,0.0,0.0
23,5075288,5084288,1,74.6,0.66332495807108,74.0,76.0,1.0,1.1055415967851334,0.0,0.009273648864489406,0.010676723132834633,0.0,0.0
23,5834131,5843988,1,72.6,2.727636339397171,69.0,77.0,8.0,0.9428090415820634,0.0,0.06256171464694485,0.07380129891166232,0.0,0.0
23,5834131,5853988,1,75.15,3.305676935213119,69.0,80.0,10.0,0.9733285267845752,0.0,0.06693599084766817,0.06471897985799438,0.0,0.0
23,5834131,5863988,1,75.7,2.8884828774519913,69.0,80.0,6.0,0.982607368881035,0.0,0.058069102440678096,0.058172306289309465,0.0,0.0
23,5834131,5873988,1,75.3,2.6570660511172846,69.0,80.0,3.0,0.9198662110077999,0.0,0.0572859768083253,0.054015342837693874,0.0,0.0
23,5834131,5883988,1,74.66,2.775680096841133,69.0,80.0,6.0,0.9476070829586857,0.0,0.057596938837683805,0.05259406426146935,0.0,0.0
23,5835133,5893988,1,75.32203389830508,2.8190675100056666,69.0,81.0,6.0,1.0504514628777804,0.0,0.056096184312472895,0.049989350271541486,0.0,0.0
23,5844988,5903988,1,75.98333333333333,2.539630331804655,70.0,81.0,2.0,1.0415112878465909,0.0,0.05277620277262502,0.047057100020512256,0.0,0.0
23,5854988,5913988,1,75.05,2.9064583258667245,69.0,81.0,8.0,1.0735652625161434,0.0,0.049073286448265696,0.04499029513005449,0.0,0.0
23,5864988,5923988,1,74.86440677966101,2.9599451845511022,69.0,81.0,0.0,1.3518824678560455,0.017241379310344827,0.05404947394780535,0.056206532295833604,0.0,0.0
23,5874988,5923988,1,75.0204081632653,3.1847198698989647,69.0,81.0,3.0,1.4505745987941008,0.020833333333333332,0.0538684278328132,0.059121049541422714,0.0,0.0
23,5884988,5923988,1,75.76923076923077,3.075640758435662,69.0,81.0,2.0,1.504379571363837,0.02631578947368421,0.05259346395529919,0.061888617338071945,0.0,0.0
23,5894988,5923988,1,75.0,3.0625659739551057,69.0,79.0,1.0,1.5698043554168508,0.03571428571428571,0.05590612038028792,0.06890652578968239,0.0,0.0
23,5904988,5923988,1,73.84210526315789,3.082431676704489,69.0,79.0,2.0,1.8257418583505538,0.05555555555555555,0.05993698543757416,0.07239784653718769,0.0,0.0
23,5914988,5923988,1,75.77777777777777,2.3934065809486684,72.0,79.0,3.0,2.318404623873926,0.125,0.07198611469906148,0.0915760121527569,0.0,0.0
23,7075084,7084095,1,74.5,3.263433774416144,70.0,80.0,10.0,1.4907119849998598,0.0,0.0168469822185163,0.005255241589849792,0.0,0.0
23,7075084,7094109,1,73.55,2.991237202229205,69.0,80.0,3.0,1.2773327473170102,0.0,0.025780753749950445,0.03629229774184475,0.0,0.0
23,7075084,7104123,1,74.0,2.556038601690775,69.0,80.0,6.0,1.1141720290623112,0.0,0.029519771987120837,0.034693817424441185,0.0,0.0
23,7075084,7114143,1,74.55,2.4693116449731494,69.0,80.0,4.0,1.086041978694737,0.0,0.028938372025483206,0.031115328218722274,0.0,0.0
23,7075084,7124585,1,74.79591836734694,2.320974389299695,69.0,80.0,4.0,1.0606601717798212,0.0,0.04207033345174185,0.05684329842897439,0.0,0.0
23,7075084,7134585,1,75.01694915254237,2.2511129106283376,69.0,80.0,5.0,1.106407669457548,0.0,0.04810306324095747,0.06392172090112203,0.0,0.0
23,7085097,7144585,1,75.2542372881356,1.9097716638648508,69.0,78.0,6.0,1.1295406451144276,0.0,0.050862426698409104,0.06427980190676989,0.0,0.0
23,7095110,7154585,1,75.86440677966101,1.1710870962796405,73.0,78.0,1.0,1.0747894741730137,0.0,0.056628758289884916,0.06897726695630114,0.0,0.0
24,4823753,4859753,0,96.5,1.2583057392117916,94.0,98.0,1.0,2.04939015319192,0.0,0.1657577394195238,0.12603068839243925,0.0,0.0
24,4823753,4859753,0,96.5,1.2583057392117916,94.0,98.0,1.0,2.04939015319192,0.0,0.1657577394195238,0.12603068839243925,0.0,0.0
24,4849753,4859753,0,96.6,1.3564659966250534,94.0,98.0,3.0,2.0615528128088303,0.0,0.18859919263504757,0.1262144579278649,0.0,0.0
24,4849753,4859753,0,96.6,1.3564659966250534,94.0,98.0,3.0,2.0615528128088303,0.0,0.18859919263504757,0.1262144579278649,0.0,0.0
24,4849753,4859753,0,96.6,1.3564659966250534,94.0,98.0,3.0,2.0615528128088303,0.0,0.18859919263504757,0.1262144579278649,0.0,0.0
24,6641824,6644834,0,103.5,1.118033988749895,102.0,105.0,3.0,1.0,0.0,0.036172046270341256,0.03920859321585139,0.0,0.0
24,6641824,6655847,0,102.28571428571429,1.097306535409801,101.0,105.0,2.0,0.6793662204867574,0.0,0.050878079189303475,0.05730162785148467,0.0,0.0
24,6641824,6665847,0,102.375,0.9042722672587794,101.0,105.0,3.0,0.5516772843673705,0.0,0.03545519996759045,0.04799547780722495,0.0,0.0
24,6641824,6675847,0,101.91176470588235,1.197243084532213,99.0,105.0,6.0,0.5504818825631803,0.0,0.02892080289738211,0.04180716202230156,0.0,0.0
24,6641824,6685847,0,100.86363636363636,2.509897762232459,90.0,105.0,15.0,1.2104198771788934,0.023255813953488372,0.02902497392116936,0.0389555997584144,0.0,0.0
24,6641824,6687847,0,100.43478260869566,3.1804578144133213,90.0,105.0,13.0,1.2202003478482084,0.022222222222222223,0.03276206279831284,0.041972149765883364,0.0,0.0
24,6646847,6687847,0,100.14285714285714,3.1590491982137117,90.0,103.0,10.0,1.2493900951088486,0.024390243902439025,0.03243730246764346,0.04221154930770496,0.0,0.0
24,6656847,6715847,0,99.15384615384616,3.3091827292106006,90.0,103.0,4.0,1.538967528127731,0.02631578947368421,0.0318771214028432,0.03733520815532459,0.0,0.0
24,6666847,6725847,0,98.20588235294117,2.908197458348969,90.0,102.0,2.0,1.775250729197189,0.030303030303030304,0.04040291603449547,0.04175816444227323,0.0,0.0
24,6676847,6730847,0,97.42857142857143,2.6515301704672267,90.0,101.0,0.0,1.9436506316151,0.037037037037037035,0.05322244499152171,0.04242961500339466,0.0,0.0
24,6686847,6730847,0,97.5,2.7131367660166177,90.0,101.0,9.0,1.697749375254331,0.0,0.06646871698567487,0.043602171333417365,0.0,0.0
24,6707847,6730847,0,98.3125,1.4882351124738322,96.0,101.0,2.0,1.1547005383792515,0.0,0.06040505434695054,0.042422577685683936,0.0,0.0
24,6707847,6730847,0,98.3125,1.4882351124738322,96.0,101.0,2.0,1.1547005383792515,0.0,0.06040505434695054,0.042422577685683936,0.0,0.0
24,6716847,6730847,0,99.33333333333333,0.816496580927726,98.0,101.0,0.0,1.4142135623730951,0.0,0.057559434990274,0.03584926698773848,0.0,0.0
24,6726847,6730847,0,99.25,0.4330127018922193,99.0,100.0,1.0,0.5773502691896257,0.0,0.06222795346964556,0.021520106344573464,0.0,0.0
24,7496275,7532293,1,89.0,2.5495097567963922,86.0,92.0,5.0,3.0,0.0,0.017485211476301925,0.01406742585065999,0.0,0.0
24,7496275,7544293,1,87.16666666666667,3.337497399083464,83.0,92.0,8.0,2.5298221281347035,0.0,0.025359843627566044,0.020105015756597875,0.0,0.0
24,7496275,7555293,1,82.6,4.317406628984581,79.0,92.0,11.0,1.7113069358158484,0.0,0.04539827292205763,0.04159016339725546,0.0,0.0
24,7521428,7564293,1,81.45454545454545,2.18938083250769,79.0,87.0,7.0,1.0,0.0,0.08867780559499817,0.11287971678867667,0.0,0.0
24,7521428,7567293,1,81.125,2.368411915187052,77.0,87.0,10.0,1.06321906614239,0.0,0.08702988682909145,0.10891658256027291,0.0,0.0
24,7532293,7584293,1,81.0,2.039607805437114,77.0,86.0,4.0,1.6072751268321592,0.041666666666666664,0.08721767450481382,0.10658189144572282,0.0,0.0
24,7543293,7584293,1,80.79166666666667,1.8022940628235142,77.0,84.0,2.0,1.5879984667608413,0.043478260869565216,0.0908155223304657,0.10728190749488149,0.0,0.0
24,7547293,7584293,1,80.54545454545455,1.6713433009863847,77.0,83.0,1.0,1.5886502207249789,0.047619047619047616,0.09533428727595403,0.1107711653598201,0.0,0.0
24,7556293,7584293,1,81.23076923076923,1.8040060614705498,77.0,83.0,1.0,1.9790570145063195,0.08333333333333333,0.12065686830811694,0.13303067646295955,0.0,0.0
24,7566293,7584293,1,80.0,2.5495097567963922,77.0,83.0,4.0,3.559026084010437,0.3333333333333333,0.06715634629912959,0.03290614080795968,0.0,0.0
24,8892632,8894638,0,93.75,0.82915619758885,93.0,95.0,2.0,0.816496580927726,0.0,0.15655849553710943,0.10631452911149418,0.0,0.0
24,8892632,8894638,0,93.75,0.82915619758885,93.0,95.0,2.0,0.816496580927726,0.0,0.15655849553710943,0.10631452911149418,0.0,0.0
24,8892632,8915756,0,91.4,4.758150901348127,82.0,95.0,11.0,6.5383484153110105,0.25,0.13477044640868976,0.10459971137363959,0.0,0.0
24,8892632,8921756,0,88.0909090909091,4.58167387940151,82.0,95.0,6.0,4.266145801540309,0.1,0.0740092423237187,0.08990042470518884,0.0,0.0
24,8892632,8921756,0,88.0909090909091,4.58167387940151,82.0,95.0,6.0,4.266145801540309,0.1,0.0740092423237187,0.08990042470518884,0.0,0.0
25,448063,486063,1,89.80952380952381,1.219642711891971,87.0,91.0,0.0,1.0,0.0,0.15074561462491784,0.14055375715676297,0.0,0.0
25,458063,517413,1,88.70588235294117,1.5629800300689909,86.0,91.0,5.0,1.14564392373896,0.0,0.15657776035208718,0.0771625327153632,0.0,0.0
25,480063,521413,1,87.38461538461539,1.7775723089678988,85.0,91.0,6.0,0.7071067811865476,0.0,0.15064676297096422,0.13404635273831414,0.0,0.0
25,480063,521413,1,87.38461538461539,1.7775723089678988,85.0,91.0,6.0,0.7071067811865476,0.0,0.15064676297096422,0.13404635273831414,0.0,0.0
25,512413,521413,1,86.6,1.1135528725660042,85.0,88.0,3.0,0.5773502691896257,0.0,0.1361783658264441,0.136647683575054,0.0,0.0
25,512413,521413,1,86.6,1.1135528725660042,85.0,88.0,3.0,0.5773502691896257,0.0,0.1361783658264441,0.136647683575054,0.0,0.0
25,512413,521413,1,86.6,1.1135528725660042,85.0,88.0,3.0,0.5773502691896257,0.0,0.1361783658264441,0.136647683575054,0.0,0.0
25,518413,521413,1,85.5,0.5,85.0,86.0,1.0,0.5773502691896257,0.0,0.12393729248420934,0.19418296917099867,0.0,0.0
25,1185496,1202496,1,87.33333333333333,3.543381937578217,85.0,95.0,8.0,4.560701700396552,0.2,0.0969525321839828,0.03237725012076968,0.0,0.0
25,1185496,1202496,1,87.33333333333333,3.543381937578217,85.0,95.0,8.0,4.560701700396552,0.2,0.0969525321839828,0.03237725012076968,0.0,0.0
25,1185496,1227496,1,88.0,3.6645015252516173,85.0,95.0,3.0,4.636809247747852,0.16666666666666666,0.09325225993647754,0.03131586218318783,0.0,0.0
25,1185496,1229496,1,88.88888888888889,3.6345393852880283,85.0,95.0,3.0,4.0155946010522525,0.125,0.08497055529459725,0.03381824807746435,0.0,0.0
25,1198496,1229496,1,88.125,3.0998991919093113,85.0,92.0,7.0,2.0354009783964297,0.0,0.09004884261804547,0.03247356034764411,0.0,0.0
25,1198496,1229496,1,88.125,3.0998991919093113,85.0,92.0,7.0,2.0354009783964297,0.0,0.09004884261804547,0.03247356034764411,0.0,0.0
25,6464206,6477197,0,105.83333333333333,0.6871842709362768,105.0,107.0,0.0,1.0954451150103321,0.0,0.03221977458801914,0.046254781547849774,0.0,0.0
25,6464206,6479197,0,105.75,0.6614378277661477,105.0,107.0,1.0,1.0,0.0,0.02696401336256843,0.04115591648828711,0.0,0.0
25,6464206,6479197,0,105.75,0.6614378277661477,105.0,107.0,1.0,1.0,0.0,0.02696401336256843,0.04115591648828711,0.0,0.0
25,6464206,6479197,0,105.75,0.6614378277661477,105.0,107.0,1.0,1.0,0.0,0.02696401336256843,0.04115591648828711,0.0,0.0
25,6464206,6479197,0,105.75,0.6614378277661477,105.0,107.0,1.0,1.0,0.0,0.02696401336256843,0.04115591648828711,0.0,0.0
25,6473197,6526197,0,101.57142857142857,7.027642214999339,90.0,107.0,17.0,5.759050847723665,0.16666666666666666,0.011836673817167827,0.010011949302937261,0.0,0.0
25,6478197,6533197,0,96.14285714285714,6.0810847582265035,90.0,106.0,12.0,6.0,0.16666666666666666,0.020310816531433733,0.022973359818368615,0.0,0.0
25,6525197,6542197,0,91.33333333333333,2.808716591058786,86.0,94.0,5.0,4.0743097574926725,0.2,0.03600960583823328,0.035985419004530214,0.0,0.0
25,6525197,6542197,0,91.33333333333333,2.808716591058786,86.0,94.0,5.0,4.0743097574926725,0.2,0.03600960583823328,0.035985419004530214,0.0,0.0
25,6525197,6542197,0,91.33333333333333,2.808716591058786,86.0,94.0,5.0,4.0743097574926725,0.2,0.03600960583823328,0.035985419004530214,0.0,0.0
25,6525197,6542197,0,91.33333333333333,2.808716591058786,86.0,94.0,5.0,4.0743097574926725,0.2,0.03600960583823328,0.035985419004530214,0.0,0.0
25,6531197,6542197,0,91.75,3.344772040064913,86.0,94.0,8.0,4.69041575982343,0.3333333333333333,0.0514492964093317,0.034970851737485195,0.0,0.0
26,5976368,6035080,1,93.37777777777778,4.822580631841969,85.0,100.0,6.0,1.243163121016122,0.0,0.0534392775656268,0.06899566682847331,0.0,0.0
27,2507324,2566351,0,69.62711864406779,3.1617325495267847,65.0,75.0,6.0,0.7878385971583354,0.0,0.0034331672126286005,0.0023790712668117276,0.0,0.0
27,2517364,2576351,0,68.13559322033899,4.018843864100947,61.0,75.0,13.0,0.7987058497862393,0.0,0.002897311833558637,0.0017072089454270324,0.0,0.0
27,2527351,2586351,0,66.01666666666667,3.5753399216795536,61.0,74.0,12.0,0.8025383458814721,0.0,0.0028715017923861114,0.0016893409120318109,0.0,0.0
27,2537351,2596351,0,64.76666666666667,2.842338630228441,61.0,70.0,1.0,0.7478783550139053,0.0,0.002668116049974004,0.0016331377241187287,0.0,0.0
27,2547351,2596351,0,64.4,2.9189039038652846,61.0,70.0,0.0,0.6388765649999399,0.0,0.0026677044392480905,0.0016012639479724305,0.0,0.0
27,2557351,2596351,0,63.825,2.9059206802664113,61.0,70.0,5.0,0.6201736729460423,0.0,0.0025184702469946627,0.0014584892083668402,0.0,0.0
27,2567351,2596351,0,62.36666666666667,1.3535960336164639,61.0,65.0,0.0,0.5872202195147035,0.0,0.002352861610933526,0.001440588583321833,0.0,0.0
27,2577351,2596351,0,62.3,1.345362404707371,61.0,65.0,4.0,0.5619514869490163,0.0,0.0022308836063559957,0.0014085862512047283,0.0,0.0
27,2587351,2596351,0,63.3,1.1874342087037917,62.0,65.0,3.0,0.5773502691896257,0.0,0.002083711799674285,0.001515111314720794,0.0,0.0
27,3209855,3216881,0,67.625,0.4841229182759271,67.0,68.0,0.0,0.5345224838248488,0.0,0.011057992520510516,0.006755186556067022,0.0,0.0
27,3209855,3227265,0,70.38888888888889,2.8894230275435207,67.0,75.0,7.0,0.7276068751089989,0.0,0.006926750979500965,0.00606010207226688,0.0,0.0
27,3209855,3237265,0,72.0,3.1959796173138706,67.0,76.0,7.0,0.7934920476158722,0.0,0.03283068791373252,0.09552099819458378,0.0,0.0
27,3209855,3247265,0,73.76315789473684,4.068066982618312,67.0,80.0,9.0,0.9153348228041135,0.0,0.02487313187883454,0.08307383889570957,0.0,0.0
27,3209855,3257265,0,73.66666666666667,3.7379435820009674,67.0,80.0,2.0,0.9225312080288851,0.0,0.020412031382693718,0.07443424283184942,0.0,0.0
27,3209855,3267265,0,72.60344827586206,4.131208619897779,67.0,80.0,0.0,0.8785953702139588,0.0,0.017853021342887642,0.06795999170827316,0.0,0.0
27,3217884,3277265,0,72.51666666666667,4.068134980826254,67.0,80.0,1.0,0.8537057803025782,0.0,0.016396420206024866,0.06696956099693921,0.0,0.0
27,3228265,3287265,0,71.58333333333333,4.484386493403776,67.0,80.0,8.0,0.8025383458814721,0.0,0.016205709469721157,0.0670062501102413,0.0,0.0
27,3238265,3297293,0,70.56666666666666,4.333461536565069,67.0,80.0,7.0,0.6509445549041193,0.0,0.005085381392479161,0.0057612158972822,0.0,0.0
27,3248265,3298297,0,68.98039215686275,2.524314669785712,67.0,76.0,5.0,0.6164414002968976,0.0,0.006183509651331375,0.007412314825301251,0.0,0.0
27,3258265,3298297,0,67.92682926829268,1.1346052048402933,67.0,71.0,2.0,0.5,0.0,0.006847817005958878,0.008033277543675063,0.0,0.0
27,3268265,3298297,0,68.06451612903226,1.2164327506428905,67.0,71.0,3.0,0.48304589153964794,0.0,0.007260089216971919,0.00900320509097052,0.0,0.0
27,3278265,3298297,0,68.04761904761905,1.4630753805464016,67.0,71.0,4.0,0.4472135954999579,0.0,0.008966135766096965,0.01035612167117618,0.0,0.0
27,3288265,3298297,0,69.0,1.4770978917519928,67.0,71.0,4.0,0.6324555320336759,0.0,0.014864901618120513,0.011307985448957702,0.0,0.0
27,4764098,4767119,0,76.25,0.4330127018922193,76.0,77.0,0.0,0.816496580927726,0.0,0.030665209433624028,0.04913783223395349,0.0,0.0
27,4764098,4777007,0,75.61538461538461,0.6249260311258431,75.0,77.0,1.0,0.6454972243679028,0.0,0.029391106713398896,0.038455320865487044,0.0,0.0
27,4764098,4787007,0,75.0,1.06321906614239,73.0,77.0,0.0,0.674199862463242,0.0,0.06482621752670105,0.10949288285729018,0.0,0.0
27,4764098,4797007,0,76.36363636363636,2.434825385042505,73.0,81.0,2.0,0.9013878188659973,0.0,0.06688302852528852,0.0999261708470046,0.0,0.0
27,4764098,4807007,0,76.44186046511628,2.1599130643723363,73.0,81.0,0.0,0.8728715609439694,0.0,0.05730120032267449,0.08950936179964228,0.0,0.0
27,4764098,4817007,0,76.22641509433963,2.0060428467927567,73.0,81.0,1.0,0.7966275068156915,0.0,0.061362251233436874,0.09204404160866125,0.0,0.0
27,4768121,4827007,0,76.2542372881356,2.112057558433249,73.0,81.0,2.0,0.909717652294684,0.0,0.06903549586859713,0.0927698929393091,0.0,0.0
27,4778007,4837007,0,76.45,2.445574233862741,71.0,81.0,4.0,1.089238577156585,0.0,0.07730405348410968,0.09438802348278749,0.0,0.0
27,4788007,4847007,0,75.9,3.1764760348537187,69.0,81.0,8.0,1.1349606130700478,0.0,0.07658739051519031,0.07814257046558006,0.0,0.0
27,4798007,4853007,0,74.60714285714286,3.227551988231126,68.0,81.0,7.0,1.152073229995701,0.0,0.07587199100865465,0.07687414077601963,0.0,0.0
27,4808007,4853007,0,74.15217391304348,3.381325899602029,68.0,81.0,6.0,1.2292725943057183,0.0,0.0867830396509604,0.08052815901238433,0.0,0.0
27,4818007,4853007,0,73.83333333333333,3.7527767497325675,68.0,81.0,4.0,1.3732131246511903,0.0,0.08899367006797299,0.07392574842421373,0.0,0.0
27,4828007,4853007,0,72.84615384615384,3.748767055695755,68.0,81.0,9.0,1.4,0.0,0.08693139783990213,0.07113897282636146,0.0,0.0
27,4838007,4853007,0,70.5,1.3693063937629153,68.0,73.0,0.0,1.2649110640673518,0.0,0.089727740093651,0.0698513783882985,0.0,0.0
27,4848007,4853007,0,69.83333333333333,1.2133516482134197,68.0,72.0,1.0,1.61245154965971,0.0,0.06162083396560644,0.05314721825017368,0.0,0.0
27,6509377,6516959,0,80.25,0.82915619758885,79.0,82.0,2.0,0.7559289460184544,0.0,0.08966761303416851,0.08866564120387271,0.0,0.0
27,6509377,6526959,0,83.55555555555556,3.1836775070876446,79.0,88.0,8.0,0.8401680504168059,0.0,0.08778637645045446,0.08025557291886548,0.0,0.0
27,6509377,6536959,0,84.85714285714286,3.1249489791753366,79.0,88.0,6.0,0.769800358919501,0.0,0.08273716166709244,0.07580248021102169,0.0,0.0
27,6509377,6546959,0,84.84210526315789,2.7195811963713292,79.0,88.0,3.0,0.7165985720844785,0.0,0.10783005317309345,0.09700603714919033,0.0,0.0
27,6509377,6556959,0,84.6875,2.450818315719602,79.0,88.0,4.0,0.6841674549282352,0.0,0.10489823828418905,0.09796405967675033,0.0,0.0
27,6509377,6566959,0,84.56896551724138,2.252294377813029,79.0,88.0,5.0,0.6622661785325219,0.0,0.10287581907260292,0.09335487507211546,0.0,0.0
27,6517959,6576959,0,85.1,1.445683229480096,83.0,88.0,0.0,0.552344770738994,0.0,0.10758299714578237,0.09330184409796197,0.0,0.0
27,6527959,6586959,0,85.01666666666667,1.3353110332636198,83.0,88.0,0.0,0.6638357975446149,0.0,0.11104042966659655,0.09120832336807871,0.0,0.0
27,6537959,6586959,0,84.58,0.94,83.0,88.0,2.0,0.6700593942604899,0.0,0.11851880058850767,0.09366892648870309,0.0,0.0
27,6547959,6586959,0,84.525,0.9483538369195328,83.0,88.0,5.0,0.6979824404521128,0.0,0.10362596338816055,0.08133743162666472,0.0,0.0
27,6557959,6586959,0,84.66666666666667,1.0110500592068734,83.0,88.0,4.0,0.7427813527082074,0.0,0.10691550394876327,0.07344680163926987,0.0,0.0
27,6567959,6586959,0,85.0,1.0488088481701516,84.0,88.0,3.0,0.8271701918685112,0.0,0.11378915249465027,0.07593191104251429,0.0,0.0
27,6577959,6586959,0,85.7,1.004987562112089,85.0,88.0,3.0,1.1055415967851334,0.0,0.10702598230836827,0.059218795926750036,0.0,0.0
27,7918610,7927108,0,75.11111111111111,0.5665577237325317,74.0,76.0,2.0,0.7071067811865476,0.0,0.05706533904488758,0.0781707575898988,0.0,0.0
27,7918610,7937108,0,74.84210526315789,0.6698906348083081,74.0,76.0,0.0,0.7453559924999299,0.0,0.06467652845343,0.07180591335847848,0.0,0.0
27,7918610,7947108,0,75.55172413793103,1.3540795804187489,74.0,79.0,3.0,0.823754471047914,0.0,0.056604897390873196,0.06049818683799553,0.0,0.0
27,7918610,7957108,0,75.02564102564102,1.6249209761799854,72.0,79.0,1.0,0.8111071056538127,0.0,0.05245597010608487,0.05937253895522446,0.0,0.0
27,7918610,7967108,0,75.24489795918367,1.6846317619174647,72.0,79.0,3.0,0.9013878188659973,0.0,0.04991396861662932,0.054534423178770886,0.0,0.0
27,7918610,7977108,0,75.10169491525424,1.6123981008847839,72.0,79.0,0.0,0.9284766908852593,0.0,0.04838834287514034,0.051279146051006703,0.0,0.0
27,7928108,7987108,0,74.95,1.647472812117598,72.0,79.0,2.0,0.9566892062149209,0.0,0.04191463918661374,0.04283241766819445,0.0,0.0
27,7938108,7997108,0,75.0,1.6931233465600393,72.0,79.0,2.0,1.0251085101720299,0.0,0.0400583470281582,0.06255366543980569,0.0,0.0
27,7948108,8007108,0,74.63333333333334,1.5488346873985255,71.0,79.0,1.0,1.0656421633639424,0.0,0.04111098765185663,0.06343131154717035,0.0,0.0
28,1018974,1078777,1,82.93023255813954,5.132637695508867,77.0,91.0,4.0,1.3627702877384937,0.0,0.021006539332579417,0.044956363214693054,0.0,0.0
28,1030777,1088777,1,83.20833333333333,5.01231123224495,77.0,91.0,3.0,1.1577674774819398,0.0,0.02088920859918515,0.04327219688300262,0.0,0.0
28,1039777,1098777,1,82.87755102040816,4.533920468956804,77.0,91.0,1.0,1.1086778913041726,0.0,0.01687999979872833,0.040470861612131995,0.0,0.0
28,1049777,1107777,1,83.41509433962264,4.728213042578106,77.0,91.0,4.0,0.8987170342729172,0.0,0.013651801402841347,0.037132919097721914,0.0,0.0
28,1059777,1107777,1,83.48979591836735,4.886977484902353,77.0,91.0,8.0,0.8416254115301732,0.0,0.014545251984831056,0.03847720312461933,0.0,0.0
28,1069777,1107777,1,84.84615384615384,4.515150913447207,77.0,91.0,11.0,0.8429272304235246,0.0,0.01740018138472056,0.04263490561654935,0.0,0.0
28,1079777,1107777,1,87.13793103448276,2.569370484165125,80.0,91.0,8.0,0.8451542547285166,0.0,0.009155628219667485,0.012460594418374498,0.0,0.0
28,1089777,1107777,1,88.42105263157895,1.6324276230811394,86.0,91.0,2.0,0.6666666666666666,0.0,0.0059109668719322175,0.004008402426144591,0.0,0.0
28,1099777,1107777,1,89.22222222222223,1.227262335243029,88.0,91.0,2.0,0.7071067811865476,0.0,0.00500513375233848,0.003251963283228672,0.0,0.0
28,3702004,3728004,1,91.77777777777777,1.227262335243029,89.0,93.0,2.0,1.0,0.0,0.035160379711381785,0.0369069743449732,0.0,0.0
28,3702004,3728004,1,91.77777777777777,1.227262335243029,89.0,93.0,2.0,1.0,0.0,0.035160379711381785,0.0369069743449732,0.0,0.0
28,3702004,3746004,1,91.6,1.2806248474865698,89.0,93.0,1.0,1.0,0.0,0.03184565683241746,0.036397785230003005,0.0,0.0
28,3702004,3746004,1,91.6,1.2806248474865698,89.0,93.0,1.0,1.0,0.0,0.03184565683241746,0.036397785230003005,0.0,0.0
28,3718004,3746004,1,91.88888888888889,0.9938079899999066,90.0,93.0,1.0,0.7905694150420949,0.0,0.027240195556932464,0.035495012288262226,0.0,0.0
28,3719004,3746004,1,92.0,1.0,90.0,93.0,2.0,0.7559289460184544,0.0,0.03005757271437532,0.03668711433305085,0.0,0.0
28,7067171,7078171,1,88.16666666666667,1.3437096247164249,87.0,91.0,4.0,1.1281521496355325,0.0,0.0749279753835585,0.061488223030651365,0.0,0.0
29,1058775,1114775,1,81.58333333333333,3.491060010942235,77.0,87.0,2.0,1.927248223318863,0.02857142857142857,0.06994662922177448,0.12020974081952412,0.0,0.0
29,1077775,1127775,1,81.34883720930233,3.2125026173565128,77.0,87.0,2.0,1.618347187425374,0.023809523809523808,0.06392955273289452,0.11096962643868585,0.0,0.0
29,1078775,1131775,1,81.34782608695652,3.0802130876623504,77.0,87.0,4.0,1.5634719199411433,0.022222222222222223,0.05845931572105378,0.10817807967850958,0.0,0.0
29,1088775,1131775,1,82.30555555555556,2.7670626668850735,78.0,87.0,3.0,1.7484687178050562,0.02857142857142857,0.04400939702609907,0.09156182636547323,0.0,0.0
29,1098775,1131775,1,82.70370370370371,2.991528963897581,78.0,87.0,3.0,1.9115036368906426,0.038461538461538464,0.0332097925569662,0.06570094504250776,0.0,0.0
29,1109775,1131775,1,80.52941176470588,0.9150793638884732,78.0,82.0,3.0,0.82915619758885,0.0,0.041466396910346134,0.08116032815644736,0.0,0.0
29,1118775,1131775,1,80.6923076923077,0.72160242458822,80.0,82.0,1.0,0.6454972243679028,0.0,0.021687115382509566,0.015947505721465225,0.0,0.0
29,1128775,1131775,1,80.5,0.5,80.0,81.0,1.0,0.5773502691896257,0.0,0.010274528345510358,0.002854759011817112,0.0,0.0
29,1910440,1917498,1,80.75,0.82915619758885,80.0,82.0,1.0,1.2909944487358056,0.0,0.08219660729683038,0.12439250586572381,0.0,0.0
29,1910440,1928498,1,81.0,0.816496580927726,80.0,82.0,1.0,1.1832159566199232,0.0,0.13979715546076268,0.1325141720391902,0.0,0.0
29,1910440,1932498,1,81.25,0.82915619758885,80.0,82.0,1.0,1.0,0.0,0.17901987055008012,0.19712349336325552,0.0,0.0
29,1910440,1945498,1,81.53846153846153,1.1512791959304436,80.0,84.0,1.0,1.118033988749895,0.0,0.11448527799605532,0.17490426825059824,0.0,0.0
29,1910440,1955498,1,79.2,3.3555923471125033,74.0,84.0,6.0,1.5217718205053643,0.0,0.07873466479985539,0.14928229399893478,0.0,0.0
29,1910440,1968498,1,79.47826086956522,3.2285353418672993,74.0,84.0,1.0,2.0997835386274724,0.045454545454545456,0.06952273626263224,0.1412318886357942,0.0,0.0
29,1927498,1978498,1,79.14814814814815,2.965276874258977,74.0,84.0,2.0,1.9215378456610457,0.038461538461538464,0.05326292562406469,0.12360666424908352,0.0,0.0
29,1931498,1988498,1,79.11428571428571,2.5831478976675903,74.0,84.0,3.0,1.7235394498804248,0.029411764705882353,0.0296942559303634,0.09661291875631695,0.0,0.0
29,1940498,1998498,1,79.23255813953489,2.331156109049613,74.0,84.0,4.0,1.558387444947959,0.023809523809523808,0.011786250964963342,0.013889890779056537,0.0,0.0
29,1949498,1998498,1,78.86842105263158,2.178496012240155,74.0,82.0,4.0,1.4886961463697743,0.02702702702702703,0.011859451103824881,0.014592784617285285,0.0,0.0
29,1959498,1998498,1,79.7741935483871,1.0986700881242841,78.0,82.0,2.0,0.816496580927726,0.0,0.011750789028934096,0.015604056294446486,0.0,0.0
29,1970498,1998498,1,79.60714285714286,0.9761178834797464,78.0,81.0,1.0,0.7453559924999299,0.0,0.012140886494768686,0.016313516816857627,0.0,0.0
29,1979498,1998498,1,79.85,0.8529361054615989,78.0,81.0,2.0,0.7254762501100116,0.0,0.008604116742849844,0.00999030196798781,0.0,0.0
29,1989498,1998498,1,80.2,0.7483314773547882,79.0,81.0,0.0,0.6666666666666666,0.0,0.0060885865566769745,0.009860160112725978,0.0,0.0
29,3189058,3195073,0,84.5,0.7637626158259734,83.0,85.0,0.0,1.0954451150103321,0.0,0.12250793806692888,0.1676530160155312,0.0,0.0
29,3189058,3207885,0,84.57142857142857,0.7284313590846836,83.0,85.0,0.0,1.0,0.0,0.10572344605000371,0.16056925871491678,0.0,0.0
3,482310,532310,0,102.6086956521739,1.2419875527900608,98.0,105.0,7.0,1.0660035817780522,0.0,0.08420467049121318,0.07578499156116433,0.0,0.0
3,495310,548310,0,102.42307692307692,1.1493502151910717,98.0,104.0,1.0,1.2165525060596438,0.0,0.06992926785384343,0.07255342551938868,0.0,0.0
3,502310,557310,0,102.33333333333333,1.1055415967851332,98.0,103.0,0.0,1.179535649239177,0.0,0.05884806788344767,0.06861184790297113,0.0,0.0
3,512310,557310,0,102.28571428571429,1.3850513878332367,98.0,103.0,0.0,1.5191090506254998,0.0,0.05286307652349907,0.05758209919886763,0.0,0.0
3,532310,557310,0,102.1,1.5779733838059498,98.0,103.0,5.0,1.2018504251546631,0.0,0.026236100678626268,0.020544849359762918,0.0,0.0
3,532310,557310,0,102.1,1.5779733838059498,98.0,103.0,5.0,1.2018504251546631,0.0,0.026236100678626268,0.020544849359762918,0.0,0.0
3,542310,557310,0,102.55555555555556,0.8314794192830981,101.0,103.0,2.0,0.7071067811865476,0.0,0.025603796983563614,0.02156366706471899,0.0,0.0
3,553310,557310,0,103.0,0.0,103.0,103.0,0.0,0.0,0.0,0.03338365982414583,0.022523010056841472,0.0,0.0
3,7527661,7531660,0,92.0,0.0,92.0,92.0,0.0,0.0,0.0,0.021328669003639857,0.02443355752109394,0.0,0.0
3,7527661,7541858,0,96.26666666666667,3.767698973585278,92.0,102.0,10.0,1.0,0.0,0.07244206003102192,0.0814490138094589,0.0,0.0
3,7527661,7551858,0,99.16,4.601564951187801,92.0,104.0,12.0,0.816496580927726,0.0,0.06558906123329349,0.0740387290855131,0.0,0.0
3,7527661,7561858,0,100.65714285714286,4.5603437034808625,92.0,105.0,13.0,0.7071067811865476,0.0,0.0696608819478682,0.0690872345573703,0.0,0.0
3,7527661,7571858,0,101.82222222222222,4.581551842329257,92.0,107.0,14.0,0.674199862463242,0.0,0.05682707374489617,0.06553283098768575,0.0,0.0
3,7527661,7581858,0,102.41818181818182,4.355522759944746,92.0,107.0,11.0,0.6526300069150406,0.0,0.05452142515086252,0.06048992678386015,0.0,0.0
30,487740,546088,0,85.48275862068965,3.3074700160777377,76.0,88.0,12.0,0.5298129428260175,0.0,0.22341742076384224,0.2075878977711754,0.0,0.0
30,498088,556825,0,87.17543859649123,2.2874394404219824,81.0,92.0,11.0,0.48181205582971576,0.0,0.24203485924310486,0.17529730485044956,0.0,0.0
30,508088,566825,0,89.42105263157895,3.4333113698210065,85.0,100.0,15.0,0.5509731650193397,0.0,0.25957246147595525,0.18909276518140777,0.0,0.0
30,518088,570825,0,90.82352941176471,4.268929619034753,87.0,100.0,12.0,0.5291502622129182,0.0,0.25804913877961577,0.19984026107286393,0.0,0.0
30,528088,570825,0,91.51219512195122,4.4999834754141705,87.0,100.0,12.0,0.5916079783099616,0.0,0.25556082743830216,0.20907106226634206,0.0,0.0
30,538088,570825,0,92.70967741935483,4.5663110570936,87.0,100.0,13.0,0.6582805886043833,0.0,0.2748172173787603,0.22400301869846906,0.0,0.0
30,549825,570825,0,94.68181818181819,3.9930207707991023,88.0,100.0,12.0,0.7559289460184544,0.0,0.2606471336469486,0.24655114780739412,0.0,0.0
30,557825,570825,0,97.14285714285714,2.6687916703242003,93.0,100.0,7.0,0.7337993857053428,0.0,0.16896384235506803,0.2103602317310868,0.0,0.0
30,567825,570825,0,100.0,0.0,100.0,100.0,0.0,0.0,0.0,0.005064503236767952,0.004113792487061156,0.0,0.0
30,1027823,1037091,1,86.66666666666667,1.0540925533894598,86.0,89.0,3.0,0.6123724356957945,0.0,0.07729847438440471,0.12500969190558245,0.0,0.0
30,1027823,1047091,1,88.21052631578948,1.8232113763882918,86.0,91.0,2.0,0.9428090415820634,0.0,0.06183886183255779,0.09184799644600933,0.0,0.0
30,1027823,1057091,1,88.0,1.5536386656646635,86.0,91.0,3.0,0.823754471047914,0.0,0.0485445555438544,0.07722275500478931,0.0,0.0
30,1027823,1067091,1,86.97435897435898,2.5569129973985456,81.0,91.0,2.0,1.025978352085154,0.0,0.040157699014709655,0.06812607195179739,0.0,0.0
30,1027823,1077091,1,86.57142857142857,2.5634797778466227,81.0,91.0,4.0,1.0606601717798212,0.0,0.061354041923267044,0.17208106437892207,0.0,0.0
30,1027823,1087091,1,86.87719298245614,2.57566326282368,81.0,91.0,0.0,1.0350983390135313,0.0,0.09171794728851741,0.22046324143796892,0.0,0.0
30,1038091,1097091,1,87.33962264150944,3.107771125265587,81.0,96.0,3.0,1.3228756555322954,0.0,0.09020254553877942,0.22363800907106907,0.0,0.0
30,1048091,1107091,1,87.02127659574468,3.1856684505275004,81.0,96.0,0.0,1.5322617553657476,0.0,0.09291819920567418,0.23695501126005392,0.0,0.0
30,1058091,1116091,1,86.54347826086956,3.347331979347461,81.0,96.0,5.0,1.570562531918633,0.0,0.09555087366631124,0.2389704521959635,0.0,0.0
30,1068091,1116091,1,87.25,3.191786333700926,83.0,96.0,1.0,1.61245154965971,0.0,0.11769394549578939,0.26591599623462797,0.0,0.0
30,1078091,1116091,1,88.11538461538461,3.1662514001566713,83.0,96.0,8.0,1.7435595774162693,0.0,0.10756862481469269,0.2280259988878244,0.0,0.0
30,1088091,1116091,1,87.83333333333333,3.5939764421413036,83.0,96.0,4.0,2.0291986247835694,0.0,0.03195607244314462,0.033222081275188296,0.0,0.0
30,1098091,1116091,1,86.46153846153847,2.6491039011880866,83.0,93.0,10.0,1.632993161855452,0.0,0.02513162433901108,0.016561020499523172,0.0,0.0
30,1108091,1116091,1,85.22222222222223,1.7497795275581802,83.0,88.0,5.0,0.9354143466934853,0.0,0.029004284659645836,0.018045227724121086,0.0,0.0
30,1840231,1854231,0,88.75,1.0897247358851685,87.0,90.0,0.0,2.160246899469287,0.0,0.1825952500766227,0.2373549767392981,0.0,0.0
30,1840231,1867231,0,85.75,2.3139072294858036,83.0,90.0,4.0,1.954016841836789,0.0,0.17286295787596795,0.15731262939172333,0.0,0.0
30,1840231,1877231,0,85.22727272727273,1.8323313064314886,83.0,90.0,5.0,1.4638501094227998,0.0,0.1276921672124311,0.14006532971254423,0.0,0.0
30,1840231,1887231,0,85.03125,1.6102091284985314,83.0,90.0,5.0,1.282638409811035,0.0,0.0940407829380689,0.1269191844556611,0.0,0.0
30,1840231,1897231,0,84.78378378378379,1.6787243408940038,81.0,90.0,8.0,1.247219128924647,0.0,0.08653262057511628,0.12016233522368636,0.0,0.0
30,1854231,1907231,0,82.04545454545455,4.714361739575173,71.0,89.0,17.0,1.2104198771788934,0.0,0.06027001065573012,0.08225182012425278,0.0,0.0
30,1860231,1917231,0,79.79245283018868,6.091622736884625,68.0,86.0,9.0,1.1006990785580142,0.0,0.05063558836176347,0.07792783453544168,0.0,0.0
30,1868231,1917231,0,79.0,6.2787118282512555,68.0,86.0,10.0,1.1677484162422844,0.0,0.02977137086596308,0.05186046272783273,0.0,0.0
30,1878231,1917231,0,77.4,6.252770814378444,68.0,86.0,9.0,1.2947859237091257,0.0,0.017281128708756293,0.02117146152870708,0.0,0.0
30,1888231,1917231,0,74.52,5.044759657307769,68.0,84.0,9.0,1.4577379737113252,0.0,0.016190485178469983,0.02138900957291889,0.0,0.0
30,1898231,1917231,0,72.35,2.8155816450602176,68.0,79.0,4.0,1.4867838833500564,0.0,0.010618011110032577,0.012061992877547802,0.0,0.0
30,1908231,1917231,0,70.8,2.0396078054371136,68.0,75.0,4.0,1.632993161855452,0.0,0.004625003872677367,0.004853703713572256,0.0,0.0
30,2234688,2237689,1,88.0,0.7071067811865476,87.0,89.0,2.0,0.816496580927726,0.0,0.014446429172851553,0.004448458317220034,0.0,0.0
30,2234688,2247437,1,87.27272727272727,1.212878551284212,85.0,89.0,4.0,1.0,0.0,0.016374927617086008,0.019921450933374815,0.0,0.0
30,2234688,2257437,1,85.9047619047619,1.743143354068869,83.0,89.0,4.0,0.9486832980505138,0.0,0.031985354450008406,0.04753972213806503,0.0,0.0
30,2234688,2267437,1,85.14285714285714,2.0995626366712954,81.0,89.0,8.0,0.90267093384844,0.0,0.026067908576658323,0.04258424095805143,0.0,0.0
30,2234688,2277437,1,83.5,3.3146405695434247,78.0,89.0,11.0,0.8542421961772491,0.0,0.02164332671029949,0.03742693975590754,0.0,0.0
30,2234688,2287437,1,83.22916666666667,3.1506585510898444,78.0,89.0,4.0,0.8751899489873673,0.0,0.021584273361994536,0.03569939730229101,0.0,0.0
30,2239437,2297437,1,83.25,2.9014253791488813,78.0,89.0,3.0,0.851757122704842,0.0,0.019812010205500438,0.034705065067954045,0.0,0.0
30,2248437,2307437,1,83.47272727272727,3.0561684000159737,78.0,90.0,5.0,0.8050764858994133,0.0,0.017651850735952077,0.033044229614559224,0.0,0.0
30,2261437,2317437,1,84.30909090909091,3.7361756201312066,78.0,90.0,4.0,0.7200822998230956,0.0,0.010458950107807683,0.014704383017526333,0.0,0.0
30,2268437,2324437,1,84.96363636363637,3.8563460631377064,78.0,90.0,9.0,0.7071067811865476,0.0,0.009975049548693824,0.014745416382658678,0.0,0.0
30,2278437,2324437,1,86.31111111111112,2.8348797522781353,79.0,90.0,10.0,0.7071067811865476,0.0,0.010135172229626952,0.016042548873487612,0.0,0.0
30,2288437,2324437,1,87.48571428571428,1.6796501093370366,85.0,90.0,4.0,0.6416889479197478,0.0,0.006928115541395875,0.007593406224926999,0.0,0.0
30,2298437,2324437,1,88.0,1.539600717839002,85.0,90.0,4.0,0.6201736729460423,0.0,0.007056256220265344,0.00846278326899835,0.0,0.0
30,2308437,2324437,1,88.58823529411765,0.6910200073218077,87.0,89.0,0.0,0.5,0.0,0.007503127709369594,0.010200114979062912,0.0,0.0
30,2318437,2324437,1,88.0,0.7559289460184544,87.0,89.0,0.0,0.816496580927726,0.0,0.004513495134999207,0.0058293232816220945,0.0,0.0
30,3136815,3156802,0,95.5,2.140872096444188,91.0,97.0,4.0,2.756809750418044,0.2,0.029597065849914908,0.03951362357372582,0.0,0.0
30,3136815,3166802,0,93.1875,2.3774658252012792,91.0,97.0,0.0,1.6733200530681511,0.06666666666666667,0.014025075442746768,0.02720387678996875,0.0,0.0
30,3136815,3176802,0,93.34615384615384,2.217800498975153,91.0,97.0,5.0,1.4,0.04,0.011083336408438893,0.0217678031014313,0.0,0.0
30,3136815,3186802,0,94.30555555555556,2.4700364869599762,91.0,98.0,6.0,1.2421180068162376,0.02857142857142857,0.01939690341814114,0.03171312596870484,0.0,0.0
30,3152802,3193802,0,94.85714285714286,2.464717008496673,91.0,98.0,0.0,0.7650920556760059,0.0,0.020169401257200067,0.027322651914068477,0.0,0.0
30,3152802,3206802,0,95.3921568627451,2.605261880423954,91.0,100.0,1.0,0.8602325267042626,0.0,0.01820454609763452,0.02525060489952256,0.0,0.0
30,3157802,3216802,0,94.94642857142857,2.668731927721632,91.0,100.0,3.0,0.8420753583206845,0.0,0.016915475701486448,0.024384396717335628,0.0,0.0
31,2601282,2661145,1,78.63793103448276,1.668142430267137,76.0,83.0,2.0,1.0429378208913578,0.0,0.044887961691834344,0.05732448159867285,0.0,0.0
31,2612145,2671145,1,78.21666666666667,1.9501424449397424,73.0,83.0,3.0,1.1123345430189697,0.0,0.04270929673511246,0.0608912755311356,0.0,0.0
31,2622145,2680145,1,78.10169491525424,1.8290954998581304,73.0,82.0,4.0,1.0985884360051028,0.0,0.030994524640615945,0.046524320026868606,0.0,0.0
31,2632145,2689145,1,78.17307692307692,2.391661426435235,73.0,86.0,6.0,1.2366938848016846,0.0,0.023285947896786112,0.03432066209729936,0.0,0.0
31,2642145,2689145,1,78.38095238095238,2.599930227565466,73.0,86.0,8.0,1.3251783128981585,0.0,0.025237604270433957,0.037518176165630204,0.0,0.0
31,2652145,2689145,1,78.75,2.8613807855648994,73.0,86.0,7.0,1.4919136877222163,0.0,0.02561290287183924,0.04119708803494795,0.0,0.0
31,2662145,2689145,1,79.27272727272727,3.277773886785445,73.0,86.0,6.0,1.5735915849388864,0.0,0.029212681128898008,0.04797704095628635,0.0,0.0
31,2672145,2689145,1,81.58333333333333,2.2157893000513886,79.0,86.0,4.0,1.5374122295716148,0.0,0.022491631126089217,0.025768770864190056,0.0,0.0
31,3999076,4011076,1,87.84615384615384,0.9483713850721502,86.0,89.0,1.0,0.7637626158259734,0.0,0.01814098429971934,0.016303027635160554,0.0,0.0
31,3999076,4021076,1,87.95,0.804673846971554,86.0,89.0,0.0,0.6488856845230502,0.0,0.01599858317025869,0.01403038046275664,0.0,0.0
31,3999076,4024076,1,87.8695652173913,0.7969696860792764,86.0,89.0,1.0,0.6396021490668313,0.0,0.01834455833602469,0.015735197469876203,0.0,0.0
31,3999076,4041076,1,88.29629629629629,1.2711853556837418,86.0,91.0,2.0,1.0,0.0,0.029366822192263966,0.03767772635422085,0.0,0.0
31,3999076,4048076,1,88.41176470588235,1.166131035388177,86.0,91.0,1.0,0.937436866561092,0.0,0.030116723650057034,0.03505729480474778,0.0,0.0
31,4002076,4048076,1,88.45161290322581,1.2138637240146313,86.0,91.0,1.0,0.983192080250175,0.0,0.02952340012132244,0.03580028967033335,0.0,0.0
31,4012076,4067076,1,88.54545454545455,1.4993111365882401,84.0,91.0,5.0,1.4960264830861913,0.0,0.0386766951773843,0.040406908109268384,0.0,0.0
31,4022076,4067076,1,88.73333333333333,1.7688665548562132,84.0,91.0,4.0,1.8126539343499315,0.0,0.05111656175957547,0.04344585411800112,0.0,0.0
31,4032076,4067076,1,89.08333333333333,1.8008485654145256,84.0,91.0,7.0,1.6236882817719773,0.0,0.05539960400585315,0.046814051677011574,0.0,0.0
31,4042076,4067076,1,88.25,1.6393596310755,84.0,89.0,5.0,1.9639610121239315,0.0,0.036726986325959846,0.022795981398252126,0.0,0.0
31,5304759,5310759,1,89.25,0.82915619758885,88.0,90.0,2.0,1.4142135623730951,0.0,0.18522519467441378,0.08644361881589203,0.0,0.0
31,5304759,5320759,1,88.92857142857143,0.8835226340609272,87.0,90.0,1.0,0.9198662110077999,0.0,0.13522243407239143,0.08291062100088076,0.0,0.0
31,5304759,5329759,1,89.23809523809524,1.1086139739831253,87.0,92.0,1.0,1.02469507659596,0.0,0.1239406709992881,0.08222701442589589,0.0,0.0
32,1035743,1095740,1,87.24137931034483,2.860614503718088,82.0,95.0,1.0,0.964274111134126,0.0,0.05173426234316682,0.09857578639596762,0.0,0.0
32,1045786,1105740,1,87.93103448275862,2.8397551434363155,82.0,95.0,8.0,1.025978352085154,0.0,0.043706333065558135,0.08942693507205261,0.0,0.0
32,1056740,1115740,1,89.06896551724138,2.303386329953757,85.0,95.0,4.0,0.9911892555667041,0.0,0.042245084177789174,0.07874628110926749,0.0,0.0
33,1743649,1803084,1,93.36842105263158,3.1740813228030738,88.0,98.0,6.0,0.9863939238321437,0.0,0.06881630259032599,0.08605959467749069,0.0,0.0
33,1754084,1811084,1,94.85714285714286,2.716540416915363,89.0,98.0,6.0,0.9701425001453319,0.0,0.051469093842678795,0.055676318364195045,0.0,0.0
33,1764084,1811084,1,96.32,1.085172797300043,95.0,98.0,0.0,0.9574271077563381,0.0,0.051576313489886914,0.06310982859003086,0.0,0.0
33,1775084,1831084,1,95.81818181818181,1.79990817029303,89.0,98.0,6.0,1.6903085094570331,0.047619047619047616,0.05394753966090638,0.06663553986061968,0.0,0.0
33,1784084,1831084,1,96.07692307692308,2.268904800577327,89.0,98.0,6.0,2.1984843263788196,0.08333333333333333,0.019579116959918392,0.027811772869730075,0.0,0.0
33,1801084,1831084,1,96.3,2.5317977802344322,89.0,98.0,9.0,2.4267032964268394,0.1111111111111111,0.011142004921644041,0.01159057024172417,0.0,0.0
33,1804084,1831084,1,95.71428571428571,2.813959371941744,89.0,98.0,9.0,2.9154759474226504,0.16666666666666666,0.008558635338882488,0.0063347534313020195,0.0,0.0
33,2433763,2443609,1,95.125,0.5994789404140899,94.0,96.0,1.0,0.6546536707079771,0.0,0.06283869946752187,0.059764305862368826,0.0,0.0
33,2433763,2453609,1,95.5,0.9574271077563381,94.0,97.0,1.0,0.6416889479197478,0.0,0.05827308592268041,0.06897496242777512,0.0,0.0
33,2433763,2454609,1,95.57894736842105,0.9902572485382516,94.0,97.0,1.0,0.6236095644623235,0.0,0.0668067239687716,0.07627556569978201,0.0,0.0
33,2433763,2473609,1,95.75,0.9682458365518543,94.0,97.0,0.0,0.5897678246195885,0.0,0.05419792645587221,0.07222145759131537,0.0,0.0
33,2433763,2483609,1,95.6470588235294,0.8705087404087496,94.0,97.0,1.0,0.5222329678670935,0.0,0.10531280329942823,0.3224594865404506,0.0,0.0
33,2433763,2493609,1,96.06818181818181,1.2135171885647722,94.0,99.0,0.0,0.6469966392206306,0.0,0.09705115437124907,0.2844507893708824,0.0,0.0
33,2444609,2503609,1,96.15384615384616,1.2917581249035894,93.0,99.0,2.0,0.7254762501100116,0.0,0.09968776291591973,0.3010128342953125,0.0,0.0
33,2454609,2513609,1,94.68571428571428,3.7322641812132415,86.0,99.0,11.0,1.0145993123917847,0.0,0.0984188059781031,0.3162957703837774,0.0,0.0
33,2469609,2522609,1,93.02325581395348,4.5774389716532955,86.0,99.0,9.0,0.9636241116594315,0.0,0.07846957253611068,0.2866374851649249,0.0,0.0
33,2474609,2522609,1,92.57894736842105,4.688348261198453,86.0,99.0,8.0,1.0134234194190634,0.0,0.08796760893469706,0.30363159077439544,0.0,0.0
33,2484609,2522609,1,91.57142857142857,5.0880010910023215,86.0,99.0,8.0,1.1547005383792515,0.0,0.037960145081387876,0.037928159593296665,0.0,0.0
33,2501609,2522609,1,88.27777777777777,3.0332519321597107,86.0,96.0,8.0,1.2833778958394957,0.0,0.020737143451358936,0.024409671422335428,0.0,0.0
33,2508609,2522609,1,87.0,0.9660917830792959,86.0,89.0,1.0,0.7071067811865476,0.0,0.01686580166655839,0.022057549141231238,0.0,0.0
33,2514609,2522609,1,87.0,0.816496580927726,86.0,88.0,2.0,0.7071067811865476,0.0,0.016660624290840486,0.01901793684531159,0.0,0.0
33,2951865,2962929,1,94.81818181818181,1.1134044285378082,93.0,97.0,1.0,1.0488088481701516,0.0,0.04943668620012593,0.04567773640907503,0.0,0.0
33,2951865,2972929,1,95.80952380952381,1.401327520910682,93.0,98.0,1.0,0.8660254037844386,0.0,0.08306819158972512,0.08174960689101367,0.0,0.0
33,2951865,2982929,1,96.58064516129032,1.621910334190521,93.0,99.0,2.0,0.7745966692414834,0.0,0.06776373759303765,0.07299984886485643,0.0,0.0
33,2951865,2992929,1,97.17073170731707,1.7655571776442789,93.0,100.0,3.0,0.724568837309472,0.0,0.0628241099644603,0.0662285613978065,0.0,0.0
33,2951865,3002929,1,97.27450980392157,1.6695476829339608,93.0,100.0,1.0,0.7071067811865476,0.0,0.055148862636993944,0.06198314048543309,0.0,0.0
33,2953873,3012929,1,97.01785714285714,1.797727448639486,93.0,100.0,2.0,0.7385489458759964,0.0,0.050332771917824766,0.06109022676962002,0.0,0.0
33,2963929,3022929,1,96.73684210526316,2.1645170101780105,92.0,100.0,3.0,0.6943650748294136,0.0,0.04140808755845115,0.05985363639359562,0.0,0.0
33,2973929,3026929,1,96.58823529411765,2.3108989048762485,92.0,100.0,2.0,0.7211102550927979,0.0,0.024317721095332374,0.02800706487929831,0.0,0.0
33,2983929,3026929,1,96.1951219512195,2.4115526037674684,92.0,100.0,3.0,0.758287544405155,0.0,0.021559998386878332,0.02650667050872324,0.0,0.0
33,2993929,3026929,1,95.29032258064517,2.0665312745867057,92.0,99.0,3.0,0.7958224257542215,0.0,0.013188622280751796,0.016425802410456047,0.0,0.0
33,3006929,3026929,1,94.14285714285714,1.2830660557435694,92.0,96.0,0.0,0.8944271909999159,0.0,0.008192562131404138,0.011861826762315095,0.0,0.0
33,3013929,3026929,1,93.71428571428571,1.1605769149479943,92.0,96.0,2.0,0.7844645405527362,0.0,0.010362648112374856,0.0138850316593027,0.0,0.0
33,3023929,3026929,1,95.25,0.82915619758885,94.0,96.0,2.0,0.816496580927726,0.0,0.020142815053269366,0.022478372328037146,0.0,0.0
33,3720424,3723440,1,99.25,0.82915619758885,98.0,100.0,2.0,0.816496580927726,0.0,0.014420924342681763,0.003319326091105299,0.0,0.0
33,3720424,3728974,1,99.5,0.9574271077563381,98.0,101.0,1.0,1.1832159566199232,0.0,0.019823565604335236,0.008141872322564697,0.0,0.0
33,3720424,3742974,1,97.53846153846153,2.134528757771016,94.0,101.0,2.0,1.1547005383792515,0.0,0.020502866668027694,0.010082229916704434,0.0,0.0
33,3720424,3749974,1,97.5,1.857417562100671,94.0,101.0,1.0,1.0513149660756937,0.0,0.023298077317802163,0.023021313454952654,0.0,0.0
33,3720424,3761974,1,97.5,1.6466749714313573,94.0,101.0,1.0,1.0392304845413265,0.0,0.02819937806262187,0.024598144050486655,0.0,0.0
33,3720424,3772974,1,97.53125,1.560936717967772,94.0,101.0,2.0,1.1071614388213236,0.0,0.04770021379956048,0.06590428074021126,0.0,0.0
33,3725974,3782974,1,98.07894736842105,1.8691621954820803,94.0,101.0,2.0,1.0134234194190634,0.0,0.04338262653228345,0.06178401222806291,0.0,0.0
33,3736974,3790974,1,98.06818181818181,1.7372617857987593,94.0,101.0,1.0,0.9764672918705589,0.0,0.0494255818552432,0.07072037110298557,0.0,0.0
33,3743974,3802974,1,97.69565217391305,2.1251042451912934,93.0,101.0,3.0,1.021980647783726,0.0,0.0727237259877515,0.1015560908389461,0.0,0.0
33,3756974,3808974,1,97.31111111111112,2.4387813188122576,93.0,101.0,0.0,1.0,0.0,0.07219208549193465,0.10226959521143757,0.0,0.0
33,3763974,3808974,1,97.28205128205128,2.611107613969429,93.0,101.0,0.0,1.0513149660756937,0.0,0.07644670676576755,0.10887692188622879,0.0,0.0
33,3773974,3808974,1,97.21212121212122,2.793472648846427,93.0,101.0,3.0,0.9842509842514764,0.0,0.06630904702748992,0.10585079353653373,0.0,0.0
33,3783974,3808974,1,95.8695652173913,2.2516534567346174,93.0,100.0,3.0,1.1078234188139946,0.0,0.08732095164763497,0.1204730508966927,0.0,0.0
33,3794974,3808974,1,94.46666666666667,1.2578641509408806,93.0,97.0,3.0,0.8864052604279183,0.0,0.09472922654909265,0.1320941025273873,0.0,0.0
33,3803974,3808974,1,94.5,1.6072751268321592,93.0,97.0,4.0,1.0954451150103321,0.0,0.01712945522869562,0.007999205640323186,0.0,0.0
33,6183219,6192863,1,92.14285714285714,1.124858267715973,91.0,94.0,3.0,0.7071067811865476,0.0,0.028177713194988473,0.02502349666531221,0.0,0.0
33,6183219,6201863,1,92.6875,1.1021995055342748,91.0,94.0,0.0,1.0327955589886444,0.0,0.015832832249324077,0.02003955713676623,0.0,0.0
33,6183219,6201863,1,92.6875,1.1021995055342748,91.0,94.0,0.0,1.0327955589886444,0.0,0.015832832249324077,0.02003955713676623,0.0,0.0
33,6183219,6222863,1,92.95,1.116915395184434,91.0,94.0,0.0,0.9176629354822471,0.0,0.01446197901984556,0.01821422381112655,0.0,0.0
33,6183219,6228863,1,93.38461538461539,1.3031595650844165,91.0,96.0,2.0,0.938083151964686,0.0,0.014743704140309077,0.017110533684719726,0.0,0.0
33,6184222,6228863,1,93.36,1.3230268326832983,91.0,96.0,3.0,0.9354143466934853,0.0,0.014702147702532687,0.017448102393080697,0.0,0.0
33,6193863,6228863,1,93.84210526315789,1.0393904030595527,92.0,96.0,4.0,1.0,0.0,0.00979433238332193,0.008885423337677292,0.0,0.0
33,6219863,6228863,1,94.5,0.6708203932499369,94.0,96.0,2.0,0.816496580927726,0.0,0.013001099165885077,0.010664623350105843,0.0,0.0
33,6219863,6269863,1,93.9375,0.9662265521087692,92.0,96.0,0.0,1.2649110640673518,0.0,0.013749967491197935,0.009708393456987085,0.0,0.0
33,6223863,6269863,1,93.91666666666667,1.114924013354971,92.0,96.0,0.0,1.4770978917519928,0.0,0.015340434620953414,0.01051644764246221,0.0,0.0
33,6264863,6269863,1,93.0,0.5773502691896257,92.0,94.0,2.0,0.6324555320336759,0.0,0.014998081366719365,0.00770010581193859,0.0,0.0
33,6264863,6269863,1,93.0,0.5773502691896257,92.0,94.0,2.0,0.6324555320336759,0.0,0.014998081366719365,0.00770010581193859,0.0,0.0
33,6264863,6269863,1,93.0,0.5773502691896257,92.0,94.0,2.0,0.6324555320336759,0.0,0.014998081366719365,0.00770010581193859,0.0,0.0
33,6264863,6269863,1,93.0,0.5773502691896257,92.0,94.0,2.0,0.6324555320336759,0.0,0.014998081366719365,0.00770010581193859,0.0,0.0
33,7552387,7562844,1,88.0909090909091,0.51425947722658,87.0,89.0,1.0,0.7071067811865476,0.0,0.032132197945740806,0.027479444157822278,0.0,0.0
33,7552387,7566844,1,88.6,0.9521904571390466,87.0,90.0,2.0,0.6546536707079771,0.0,0.030035003410181,0.025013725998787553,0.0,0.0
33,7552387,7566844,1,88.6,0.9521904571390466,87.0,90.0,2.0,0.6546536707079771,0.0,0.030035003410181,0.025013725998787553,0.0,0.0
33,7552387,7586844,1,89.0,1.8027756377319946,87.0,95.0,7.0,1.4375905768565218,0.0,0.029020404027162376,0.024536141942883886,0.0,0.0
33,7552387,7602844,1,89.11764705882354,1.8111534492165475,87.0,95.0,3.0,1.713913650100261,0.0,0.027537447710044145,0.024531525396000304,0.0,0.0
33,7554392,7607844,1,89.29411764705883,1.7744827210586303,87.0,95.0,1.0,1.75,0.0,0.029911170848330882,0.02640722894438487,0.0,0.0
33,7563844,7613844,1,90.44444444444444,1.7069212773041351,89.0,95.0,1.0,2.318404623873926,0.0,0.020720596672698002,0.021178361378782647,0.0,0.0
33,7586844,7613844,1,90.8,2.227105745132009,89.0,95.0,6.0,2.1213203435596424,0.0,0.017882899260943177,0.024692362415207305,0.0,0.0
33,7586844,7613844,1,90.8,2.227105745132009,89.0,95.0,6.0,2.1213203435596424,0.0,0.017882899260943177,0.024692362415207305,0.0,0.0
33,7602844,7613844,1,89.75,0.82915619758885,89.0,91.0,2.0,0.816496580927726,0.0,0.018903270755708235,0.027512454672716548,0.0,0.0
33,8102639,8113021,1,91.66666666666667,1.8856180831641267,89.0,95.0,6.0,0.8660254037844386,0.0,0.01251715464857009,0.01242442973594747,0.0,0.0
33,8102639,8120021,1,93.875,2.9341736485763756,89.0,98.0,8.0,0.816496580927726,0.0,0.014757926287645488,0.014477273108821442,0.0,0.0
33,8102639,8133021,1,94.91304347826087,2.9179063887934813,89.0,98.0,8.0,0.7977240352174656,0.0,0.01162368197960548,0.013132788080259295,0.0,0.0
33,8102639,8134021,1,95.0,2.886751345948129,89.0,98.0,8.0,0.7801894976054939,0.0,0.012523520126274688,0.013561237683949925,0.0,0.0
33,8102639,8134021,1,95.0,2.886751345948129,89.0,98.0,8.0,0.7801894976054939,0.0,0.012523520126274688,0.013561237683949925,0.0,0.0
33,8103653,8158021,1,94.64285714285714,2.767338661115788,90.0,98.0,1.0,1.0715167512214394,0.0,0.028308545355220986,0.057148879280699436,0.0,0.0
33,8114021,8173021,1,95.04166666666667,2.621691036123229,91.0,98.0,3.0,1.122884484360431,0.0,0.031985229972056835,0.06137255629838667,0.0,0.0
33,8127021,8181021,1,92.28,3.985172518223019,85.0,98.0,13.0,1.1726039399558574,0.0,0.04507442840414609,0.07167190272297184,0.0,0.0
33,8134021,8192021,1,89.6,2.8,85.0,97.0,8.0,1.224744871391589,0.0,0.09631696119995618,0.11664354535585217,0.0,0.0
33,8154021,8192021,1,89.29166666666667,2.4062274529968186,85.0,93.0,4.0,0.9325048082403138,0.0,0.09894600968746825,0.11832085249787172,0.0,0.0
33,8154021,8192021,1,89.29166666666667,2.4062274529968186,85.0,93.0,4.0,0.9325048082403138,0.0,0.09894600968746825,0.11832085249787172,0.0,0.0
33,8170021,8192021,1,88.63157894736842,2.252729953582389,85.0,92.0,3.0,0.97182531580755,0.0,0.09807495702265859,0.12185642712860834,0.0,0.0
33,8174021,8192021,1,87.8,1.7587874611030556,85.0,91.0,2.0,1.0,0.0,0.11966458695755569,0.12821754405349725,0.0,0.0
33,8186021,8192021,1,87.71428571428571,1.1605769149479943,86.0,89.0,3.0,0.9128709291752769,0.0,0.1874687406891215,0.14495178256458605,0.0,0.0
33,8784705,8792857,1,98.0,1.247219128924647,96.0,100.0,3.0,0.7905694150420949,0.0,0.030441955072585885,0.02274481272711837,0.0,0.0
33,8784705,8802857,1,96.21052631578948,2.092063885721241,93.0,100.0,3.0,0.9128709291752769,0.0,0.07856710703921646,0.10064427817608289,0.0,0.0
34,608549,667902,1,82.05084745762711,2.452419965787922,78.0,87.0,2.0,0.7191949522280763,0.0,0.09947471289766739,0.1163988362127366,0.0,0.0
34,618575,677902,1,82.35593220338983,2.7847204884500436,78.0,88.0,1.0,0.8610338613230188,0.0,0.0960749354860896,0.092626581931519,0.0,0.0
34,628614,688041,1,82.86206896551724,2.4736422668222007,78.0,88.0,3.0,0.8885233166386386,0.0,0.10522589194817465,0.12034409445075255,0.0,0.0
34,638902,697041,1,83.98275862068965,2.381620567584796,80.0,90.0,10.0,0.9551338658818386,0.0,0.10158004951725463,0.11700652139818914,0.0,0.0
34,648902,697041,1,84.47916666666667,2.3093071050762295,80.0,90.0,8.0,1.0105823052798226,0.0,0.08467271613565582,0.10935835941928138,0.0,0.0
34,658902,697041,1,84.3157894736842,2.4506203635416455,80.0,90.0,5.0,1.0526671402243484,0.0,0.09425038694683498,0.11856501128530483,0.0,0.0
34,668902,697041,1,84.25,2.8363079623240592,80.0,90.0,3.0,1.1055415967851334,0.0,0.10737509886042719,0.13396618557490778,0.0,0.0
34,678902,697041,1,84.44444444444444,2.7733297720774854,80.0,90.0,10.0,1.0846522890932808,0.0,0.13813716191959038,0.15631179915302224,0.0,0.0
34,689041,697041,1,86.66666666666667,1.9436506316151,84.0,90.0,5.0,1.2747548783981961,0.0,0.09705710128753188,0.09328676811597054,0.0,0.0
34,2392384,2396404,1,86.2,0.7483314773547882,85.0,87.0,1.0,0.8660254037844386,0.0,0.05160819730303891,0.06178800513597813,0.0,0.0
34,2392384,2408406,1,85.33333333333333,1.0749676997731399,83.0,87.0,1.0,1.164964745021435,0.0,0.07092579498202613,0.06429841674548148,0.0,0.0
34,2392384,2418406,1,84.12,1.9249935064825543,80.0,87.0,5.0,1.0206207261596576,0.0,0.07785783837210242,0.06028585024589119,0.0,0.0
34,2392384,2428406,1,81.85714285714286,4.029483179500511,74.0,87.0,10.0,1.212678125181665,0.0,0.10128899940092022,0.07666631859199682,0.0,0.0
34,2392384,2438406,1,81.37777777777778,3.767043573407483,74.0,87.0,3.0,1.1579762911688178,0.0,0.09949474341912903,0.08404881023580957,0.0,0.0
34,2392384,2448406,1,81.87272727272727,3.5881347165068447,74.0,87.0,0.0,1.1055415967851334,0.0,0.10245164615210996,0.08433279651382639,0.0,0.0
34,2399406,2458406,1,82.1,3.524674925909244,74.0,87.0,0.0,1.1497973292302799,0.0,0.11266210415781679,0.0817901507245766,0.0,0.0
34,2409406,2468406,1,82.08620689655173,3.6259813547204054,74.0,88.0,4.0,1.1697953037312037,0.0,0.11888343381883314,0.08584072969909488,0.0,0.0
34,2419406,2478406,1,82.75438596491227,4.009990601355683,74.0,89.0,5.0,1.2320134507614529,0.0,0.12011992908628279,0.08693573992407881,0.0,0.0
34,2429406,2481406,1,84.14,2.713005713226568,77.0,89.0,7.0,1.07854777646725,0.0,0.10907894650030502,0.0840148364533108,0.0,0.0
34,2439406,2481406,1,85.25,1.479019945774904,83.0,89.0,1.0,1.1435437497937313,0.0,0.11304497125466624,0.07715520992046342,0.0,0.0
34,2449406,2481406,1,85.63333333333334,1.4255603186895398,83.0,89.0,0.0,1.2317635241028795,0.0,0.11214072552271365,0.0745901868195751,0.0,0.0
34,2459406,2481406,1,85.75,1.5451537140362444,84.0,89.0,1.0,1.2354415362426845,0.0,0.09906475340316284,0.07778558202021502,0.0,0.0
34,2469406,2481406,1,85.91666666666667,1.70579079087156,84.0,89.0,3.0,1.087114613009218,0.0,0.08666135148539522,0.05622356392060268,0.0,0.0
34,3705397,3708395,0,90.5,1.5,89.0,93.0,3.0,1.9148542155126762,0.0,0.02371619906903931,0.011369468058631689,0.0,0.0
34,3705397,3718470,0,91.35714285714286,1.4445534582969062,89.0,94.0,3.0,1.270977818604485,0.0,0.3708464737936144,0.48990840756749954,0.0,0.0
34,3705397,3728489,0,92.75,2.331844763272204,89.0,97.0,1.0,1.3021720984236467,0.0,0.250844281390298,0.41606987281613017,0.0,0.0
34,3705397,3737834,0,92.25,2.6575364531836625,86.0,97.0,7.0,1.3559902939989485,0.0,0.20524059189666294,0.3709641985594354,0.0,0.0
34,3705397,3747834,0,90.45238095238095,4.0012044671834275,83.0,97.0,10.0,1.2493900951088486,0.0,0.20526108856247965,0.33075771580938645,0.0,0.0
34,3705397,3757834,0,89.23076923076923,4.409846432941874,83.0,97.0,7.0,1.1631599960755994,0.0,0.23453289137539235,0.31992045353066384,0.0,0.0
34,3709398,3767834,0,88.87931034482759,4.218504336221615,83.0,97.0,1.0,1.0841764600337107,0.0,0.23765623835993563,0.30740443827202557,0.0,0.0
34,3719470,3777834,0,88.79310344827586,4.15956985794103,83.0,97.0,2.0,1.059625885652035,0.0,0.1791731614127564,0.1913009261209768,0.0,0.0
34,3729493,3787837,0,88.91071428571429,4.579756644011486,83.0,99.0,3.0,1.0357254813546264,0.0,0.22692434016388477,0.26694799934334257,0.0,0.0
36,471326,531045,1,86.28813559322033,1.4267522376769461,84.0,88.0,1.0,0.3474041668898256,0.0,0.13253054964688776,0.1396839448470556,0.0,0.0
36,482045,541045,1,86.71666666666667,1.225991662106866,85.0,88.0,3.0,0.34444748191358604,0.0,0.15208471420671257,0.13591057010932528,0.0,0.0
36,492045,551045,1,87.51666666666667,1.4775166853729793,85.0,92.0,7.0,0.4317877695883728,0.0,0.17604528747187095,0.14178273258425686,0.0,0.0
36,502045,560045,1,89.03389830508475,2.8698674255974965,86.0,97.0,11.0,0.5085476277156078,0.0,0.21599064050207903,0.2651943633007532,0.0,0.0
36,512045,560045,1,89.3265306122449,3.053186726657641,86.0,97.0,9.0,0.5204164998665332,0.0,0.23504374319982246,0.28329239313598714,0.0,0.0
36,522045,560045,1,89.66666666666667,3.338457599745599,86.0,97.0,9.0,0.5848976518656018,0.0,0.26214652499864105,0.30708241102648365,0.0,0.0
36,532045,560045,1,90.55172413793103,3.43999004505929,86.0,97.0,11.0,0.6267831705280087,0.0,0.286115616385363,0.34058676081639133,0.0,0.0
36,542045,560045,1,92.3157894736842,2.9567519800396083,88.0,97.0,9.0,0.7071067811865476,0.0,0.33679582097892063,0.40598937499041915,0.0,0.0
36,552045,560045,1,95.11111111111111,1.4487116456005886,93.0,97.0,4.0,0.7071067811865476,0.0,0.47869867926689896,0.5347558467297029,0.0,0.0
36,1040386,1055386,1,86.14285714285714,0.832993127835043,85.0,88.0,2.0,1.0,0.0,0.021070072172741205,0.01280104565081367,0.0,0.0
36,1040386,1055386,1,86.14285714285714,0.832993127835043,85.0,88.0,2.0,1.0,0.0,0.021070072172741205,0.01280104565081367,0.0,0.0
36,1040386,1055386,1,86.14285714285714,0.832993127835043,85.0,88.0,2.0,1.0,0.0,0.021070072172741205,0.01280104565081367,0.0,0.0
36,1040386,1055386,1,86.14285714285714,0.832993127835043,85.0,88.0,2.0,1.0,0.0,0.021070072172741205,0.01280104565081367,0.0,0.0
36,1050386,1055386,1,85.83333333333333,0.37267799624996495,85.0,86.0,0.0,0.6324555320336759,0.0,0.023373264528822647,0.012411487938309452,0.0,0.0
36,1051386,1108386,1,85.83333333333333,0.3726779962499649,85.0,86.0,0.0,0.6324555320336759,0.0,0.04666152623630037,0.058041150659504104,0.0,0.0
36,1108386,1115386,1,85.75,0.4330127018922193,85.0,86.0,0.0,0.816496580927726,0.0,0.07555512904008413,0.0626797131701873,0.0,0.0
36,1108386,1115386,1,85.75,0.4330127018922193,85.0,86.0,0.0,0.816496580927726,0.0,0.07555512904008413,0.0626797131701873,0.0,0.0
36,1108386,1115386,1,85.75,0.4330127018922193,85.0,86.0,0.0,0.816496580927726,0.0,0.07555512904008413,0.0626797131701873,0.0,0.0
36,1108386,1115386,1,85.75,0.4330127018922193,85.0,86.0,0.0,0.816496580927726,0.0,0.07555512904008413,0.0626797131701873,0.0,0.0
36,1108386,1115386,1,85.75,0.4330127018922193,85.0,86.0,0.0,0.816496580927726,0.0,0.07555512904008413,0.0626797131701873,0.0,0.0
36,3163245,3171245,1,75.71428571428571,2.602981022612657,73.0,81.0,4.0,2.6457513110645907,0.0,0.027047758435016642,0.014785096361005041,0.0,0.0
36,3163245,3181245,1,74.47058823529412,2.1176470588235294,72.0,81.0,7.0,1.8200274723201295,0.0,0.03512006922731187,0.02092218232163193,0.0,0.0
36,3163245,3191245,1,74.07407407407408,1.8444295700724047,72.0,81.0,8.0,1.593255013631383,0.0,0.03212660672522084,0.01951042695245598,0.0,0.0
36,3163245,3199245,1,73.8,1.7204650534085253,72.0,81.0,7.0,1.4450727642986174,0.0,0.02913453310689152,0.018211932601935935,0.0,0.0
36,3163245,3199245,1,73.8,1.7204650534085253,72.0,81.0,7.0,1.4450727642986174,0.0,0.02913453310689152,0.018211932601935935,0.0,0.0
36,3163245,3199245,1,73.8,1.7204650534085253,72.0,81.0,7.0,1.4450727642986174,0.0,0.02913453310689152,0.018211932601935935,0.0,0.0
36,3172245,3199245,1,73.32142857142857,0.9278843611976128,72.0,76.0,2.0,1.0183501544346312,0.0,0.029656226774860243,0.018936275276695173,0.0,0.0
36,3182245,3199245,1,73.16666666666667,0.8333333333333334,72.0,75.0,1.0,1.0,0.0,0.02348152677093897,0.012872875054999578,0.0,0.0
36,3192245,3199245,1,72.875,0.5994789404140899,72.0,74.0,1.0,0.8451542547285166,0.0,0.01903628464503009,0.005845511135759214,0.0,0.0
36,4502400,4510400,1,115.77777777777777,1.314684396244359,114.0,118.0,4.0,0.7071067811865476,0.0,0.031587297170039406,0.03868958379007544,0.0,0.0
36,4502400,4510400,1,115.77777777777777,1.314684396244359,114.0,118.0,4.0,0.7071067811865476,0.0,0.031587297170039406,0.03868958379007544,0.0,0.0
36,4502400,4510400,1,115.77777777777777,1.314684396244359,114.0,118.0,4.0,0.7071067811865476,0.0,0.031587297170039406,0.03868958379007544,0.0,0.0
36,4502400,4510400,1,115.77777777777777,1.314684396244359,114.0,118.0,4.0,0.7071067811865476,0.0,0.031587297170039406,0.03868958379007544,0.0,0.0
36,4502400,4510400,1,115.77777777777777,1.314684396244359,114.0,118.0,4.0,0.7071067811865476,0.0,0.031587297170039406,0.03868958379007544,0.0,0.0
36,4502400,4510400,1,115.77777777777777,1.314684396244359,114.0,118.0,4.0,0.7071067811865476,0.0,0.031587297170039406,0.03868958379007544,0.0,0.0
37,424615,483952,1,81.41379310344827,3.8193449644139004,76.0,91.0,13.0,1.0513149660756937,0.0,0.17154654547557535,0.14983151469419606,0.0,0.0
37,434952,494188,1,79.69491525423729,2.21898004732924,76.0,86.0,6.0,1.0667385033281394,0.0,0.20708652201861816,0.1841105705702671,0.0,0.0
37,444952,504188,1,78.94915254237289,1.511803601422221,76.0,82.0,1.0,1.025536024687107,0.0,0.20853008746704735,0.18353445141546876,0.0,0.0
37,454952,514188,1,78.89655172413794,1.446632894027795,76.0,82.0,0.0,1.025978352085154,0.0,0.22171173261842023,0.20123069861026174,0.0,0.0
37,464952,514188,1,78.8125,1.5499495959546556,76.0,82.0,0.0,1.0718844015157447,0.0,0.2176450776647413,0.20466079569382042,0.0,0.0
37,474952,514188,1,78.73684210526316,1.4811839241547673,76.0,81.0,3.0,0.9725975251592747,0.0,0.22998528694342585,0.20873233899526383,0.0,0.0
37,484952,514188,1,78.78571428571429,1.5665508713900937,76.0,81.0,3.0,0.9229582069908973,0.0,0.26176506234820246,0.22705937876712795,0.0,0.0
37,495188,514188,1,79.47368421052632,1.1862555441668048,77.0,81.0,0.0,0.8819171036881969,0.0,0.22771893300432336,0.1840316966564613,0.0,0.0
37,505188,514188,1,80.44444444444444,0.4969039949999533,80.0,81.0,1.0,0.6123724356957945,0.0,0.2724179984829129,0.21740318846554735,0.0,0.0
37,1172830,1183839,1,84.25,0.4330127018922193,84.0,85.0,1.0,0.5222329678670935,0.0,0.01682238552920969,0.0070066276628354355,0.0,0.0
37,1172830,1193985,1,83.95238095238095,0.7221786137191952,82.0,85.0,0.0,0.7071067811865476,0.0,0.029653961835028324,0.033772440685441975,0.0,0.0
37,1172830,1203985,1,84.83870967741936,1.648005132186426,82.0,88.0,3.0,0.7958224257542215,0.0,0.022561842285272773,0.029745898510028748,0.0,0.0
37,1172830,1213985,1,85.39024390243902,1.7789836613473629,82.0,88.0,1.0,0.758287544405155,0.0,0.019784624759309512,0.026607510392564187,0.0,0.0
37,1172830,1223985,1,85.18367346938776,1.769047586348517,82.0,88.0,1.0,0.82915619758885,0.0,0.02068242327677856,0.029581129512558264,0.0,0.0
37,1174831,1231985,1,85.27272727272727,1.7104443383842527,82.0,88.0,0.0,0.816496580927726,0.0,0.020129325297497908,0.028065070065180272,0.0,0.0
37,1184842,1242985,1,85.5,1.711724276862369,82.0,88.0,1.0,0.8689660757568884,0.0,0.019842828808404423,0.029512485581908027,0.0,0.0
37,1194985,1253985,1,85.26086956521739,2.4086328668633987,79.0,88.0,6.0,1.1155467020454342,0.0,0.013598972999650398,0.01947058614280741,0.0,0.0
37,1204985,1261985,1,83.88636363636364,3.0616091215606116,78.0,88.0,8.0,1.1411948043149114,0.0,0.014658967419411799,0.020115255453605874,0.0,0.0
37,1214985,1261985,1,82.94117647058823,2.8278153745228036,78.0,87.0,6.0,1.2552918289216957,0.0,0.015683590063702502,0.022380216744002993,0.0,0.0
37,1224985,1261985,1,82.57692307692308,3.0656041809214116,78.0,87.0,8.0,1.296148139681572,0.0,0.012729728335977908,0.009642089791381559,0.0,0.0
37,1238985,1261985,1,81.22222222222223,2.6782157318208775,78.0,86.0,7.0,1.475286612233465,0.0,0.012004150962028731,0.010638282257195408,0.0,0.0
37,1247985,1261985,1,79.61538461538461,0.737820234355803,78.0,81.0,1.0,0.9574271077563381,0.0,0.01156935465591058,0.010765298124326783,0.0,0.0
37,1254985,1261985,1,79.5,0.8660254037844386,78.0,81.0,2.0,1.0690449676496976,0.0,0.01201571509725773,0.01088918536602555,0.0,0.0
37,2271615,2284250,0,82.07142857142857,1.1627728997214075,80.0,84.0,3.0,0.9198662110077999,0.0,0.09507400770043513,0.09586692625218232,0.0,0.0
37,2271615,2292250,0,81.95454545454545,1.106890514716902,80.0,84.0,1.0,1.1338934190276817,0.0,0.07825560555807737,0.0825111103162911,0.0,0.0
37,2271615,2304250,0,81.5625,1.2231491119238078,79.0,84.0,4.0,1.0776318121606494,0.0,0.05805094227459127,0.07485796361361013,0.0,0.0
37,2271615,2314250,0,80.9047619047619,1.63021359701178,78.0,84.0,4.0,1.0820035616009187,0.0,0.053043995971417554,0.06839779585785537,0.0,0.0
37,2271615,2322250,0,81.12,1.850837648201484,78.0,85.0,1.0,1.1157499537009508,0.0,0.06147202995997998,0.07786777029636241,0.0,0.0
37,2274618,2331250,0,81.31481481481481,1.9228073040919649,78.0,85.0,0.0,1.0988845115895123,0.0,0.06879582948352118,0.08084084874064407,0.0,0.0
37,2285250,2331250,0,81.23255813953489,2.100245935790816,78.0,85.0,1.0,1.1019463300386794,0.0,0.05611571486675907,0.07123956517888495,0.0,0.0
37,2295250,2354250,0,81.28947368421052,2.258409952259637,78.0,85.0,1.0,1.0526671402243484,0.0,0.054844342630920584,0.07473336455862174,0.0,0.0
37,2305250,2361250,0,81.42857142857143,2.296403576846871,78.0,85.0,2.0,1.0846522890932808,0.0,0.061611405603065335,0.07574341274298123,0.0,0.0
37,2315250,2361250,0,82.48,1.8137254478007416,78.0,85.0,3.0,1.0606601717798212,0.0,0.07144726072378678,0.08450645258742542,0.0,0.0
37,2325250,2361250,0,82.58823529411765,1.4166581857402702,80.0,85.0,3.0,0.9682458365518543,0.0,0.05531928534677694,0.06716016621601877,0.0,0.0
37,2352250,2361250,0,81.8,1.2489995996796797,80.0,84.0,3.0,1.0,0.0,0.027001750181747514,0.021618413293789135,0.0,0.0
37,2352250,2361250,0,81.8,1.2489995996796797,80.0,84.0,3.0,1.0,0.0,0.027001750181747514,0.021618413293789135,0.0,0.0
37,2355250,2361250,0,81.14285714285714,0.832993127835043,80.0,82.0,1.0,1.0801234497346435,0.0,0.029760143805931942,0.02259827080883725,0.0,0.0
37,3484524,3494521,0,77.54545454545455,1.4373989364401722,76.0,80.0,4.0,0.6324555320336759,0.0,0.08399366975235972,0.20688887815351614,0.0,0.0
37,3484524,3504070,0,78.65,2.2197972880423116,76.0,82.0,1.0,0.8885233166386386,0.0,0.0739384651113893,0.17300905552500115,0.0,0.0
37,3484524,3514070,0,78.96666666666667,1.8882678717691397,76.0,82.0,1.0,0.8094272134003795,0.0,0.056527658129298344,0.14364858214036072,0.0,0.0
37,3484524,3524070,0,79.525,2.0123058912600738,76.0,83.0,2.0,0.8473185457363234,0.0,0.04574582726762946,0.12584482703656383,0.0,0.0
37,3484524,3534070,0,79.72,1.865904606350496,76.0,83.0,1.0,0.8206518066482897,0.0,0.040325814199668804,0.11309584387459289,0.0,0.0
37,3485525,3544070,0,79.52542372881356,1.9165287494771732,76.0,83.0,3.0,0.8610338613230188,0.0,0.0371077182159225,0.10439360386249805,0.0,0.0
37,3495523,3554070,0,79.44067796610169,2.0022968712708287,75.0,83.0,3.0,0.9737945687202026,0.0,0.032409491820521996,0.053839985288493444,0.0,0.0
37,3505070,3556070,0,79.51923076923077,2.134788627758519,75.0,86.0,6.0,1.1547005383792515,0.0,0.02650658201892284,0.0267278501474546,0.0,0.0
37,3515070,3556070,0,79.5,2.362907813126304,75.0,86.0,7.0,1.259113121867347,0.0,0.027649567222210084,0.028721037950089685,0.0,0.0
37,3525070,3556070,0,78.96875,2.3649045303140674,75.0,86.0,5.0,1.3319885691653277,0.0,0.0321024523908311,0.03137534297528638,0.0,0.0
37,3535070,3556070,0,78.27272727272727,2.525898907172692,75.0,86.0,5.0,1.558387444947959,0.0,0.03821912987401516,0.03610961473637057,0.0,0.0
37,3545070,3556070,0,78.0,2.972092416687835,75.0,86.0,11.0,1.8829377433825436,0.0,0.0554670291650183,0.041346341532064214,0.0,0.0
37,4726544,4734554,1,86.0,1.4907119849998598,84.0,88.0,2.0,1.0,0.0,0.0585218146075447,0.03556790587967642,0.0,0.0
37,4726544,4735555,1,86.0,1.4142135623730951,84.0,88.0,1.0,1.0,0.0,0.05748776178265906,0.0338849778368063,0.0,0.0
37,4726544,4735555,1,86.0,1.4142135623730951,84.0,88.0,1.0,1.0,0.0,0.05748776178265906,0.0338849778368063,0.0,0.0
37,4726544,4760661,1,86.0909090909091,1.378704626191191,84.0,88.0,0.0,1.0,0.0,0.058090376880898235,0.032364210276782,0.0,0.0
37,4726544,4773719,1,86.14285714285714,1.0816968277714807,84.0,88.0,1.0,0.8660254037844386,0.0,0.058368234817995024,0.055931401392873746,0.0,0.0
37,4726544,4783719,1,86.32,1.085172797300043,84.0,88.0,0.0,0.8660254037844386,0.0,0.05523490732276116,0.052335231297257936,0.0,0.0
37,4735555,4787719,1,86.55,0.7399324293474371,85.0,88.0,1.0,0.8885233166386386,0.0,0.05371831662665436,0.05559332846479718,0.0,0.0
37,4760661,4787719,1,86.57894736842105,0.7480352843974681,85.0,88.0,0.0,0.8819171036881969,0.0,0.05400973927233679,0.05702265988908466,0.0,0.0
37,4760661,4813719,1,86.65,0.7921489758877429,85.0,88.0,1.0,0.8885233166386386,0.0,0.05459198442793979,0.05563673006915623,0.0,0.0
37,4764719,4813719,1,86.63157894736842,0.8085416576703798,85.0,88.0,2.0,0.8819171036881969,0.0,0.05409069266818451,0.057038040470222304,0.0,0.0
37,4774719,4813719,1,87.11111111111111,0.7370277311900889,86.0,88.0,1.0,1.0606601717798212,0.0,0.048998263911943424,0.028282038790626997,0.0,0.0
37,4784719,4813719,1,87.0,0.8944271909999159,86.0,88.0,2.0,1.224744871391589,0.0,0.05716892466327148,0.03148567746171586,0.0,0.0
37,5640580,5643583,0,82.75,0.82915619758885,82.0,84.0,1.0,1.2909944487358056,0.0,0.07120474146076827,0.0828743180277169,0.0,0.0
37,5640580,5650091,0,82.5,0.9574271077563381,81.0,84.0,0.0,1.4142135623730951,0.0,0.12195887784439131,0.09911296585336081,0.0,0.0
37,5640580,5664091,0,83.77777777777777,2.1998877636914815,81.0,88.0,4.0,1.8708286933869707,0.0,0.09934571619138252,0.08796542713106474,0.0,0.0
37,5640580,5674091,0,85.17647058823529,2.2290935672348726,81.0,88.0,3.0,1.3919410907075054,0.0,0.11681902488227862,0.09777534929157433,0.0,0.0
37,5640580,5681091,0,86.04166666666667,2.3359360484016296,81.0,89.0,6.0,1.285369173834303,0.0,0.09306714496959119,0.09358827601056086,0.0,0.0
37,5640580,5681091,0,86.04166666666667,2.3359360484016296,81.0,89.0,6.0,1.285369173834303,0.0,0.09306714496959119,0.09358827601056086,0.0,0.0
37,5649091,5702091,0,86.26086956521739,2.1511855438005183,81.0,89.0,2.0,1.6236882817719773,0.0,0.08686050877263597,0.09272756622300134,0.0,0.0
37,5655091,5702091,0,86.66666666666667,1.7548119783512646,83.0,89.0,1.0,1.6278820596099706,0.0,0.07385035240701679,0.08628029000441927,0.0,0.0
37,5665091,5717091,0,86.52631578947368,1.9020327367992265,83.0,89.0,4.0,1.4142135623730951,0.0,0.07681294864920768,0.08988507784756601,0.0,0.0
37,5675091,5729091,0,85.78571428571429,2.4254181209070924,83.0,89.0,5.0,1.5442199922988256,0.0,0.0378189342765917,0.041091664887896145,0.0,0.0
37,5697091,5729091,0,83.42857142857143,0.4948716593053935,83.0,84.0,1.0,0.7071067811865476,0.0,0.040253860514404514,0.03535187898200695,0.0,0.0
37,5697091,5729091,0,83.42857142857143,0.4948716593053935,83.0,84.0,1.0,0.7071067811865476,0.0,0.040253860514404514,0.03535187898200695,0.0,0.0
37,5717091,5729091,0,83.5,0.5,83.0,84.0,0.0,0.816496580927726,0.0,0.05819445881432993,0.037367175478278114,0.0,0.0
37,5717091,5729091,0,83.5,0.5,83.0,84.0,0.0,0.816496580927726,0.0,0.05819445881432993,0.037367175478278114,0.0,0.0
37,8153616,8163741,0,88.7,0.45825756949558394,88.0,89.0,0.0,0.4714045207910317,0.0,0.19710208742893748,0.19731571432644923,0.0,0.0
37,8153616,8173741,0,89.0,0.7302967433402214,88.0,91.0,0.0,0.9258200997725514,0.0,0.14732978432857335,0.1764306219722566,0.0,0.0
37,8153616,8183741,0,88.5909090909091,0.8872373316337788,87.0,91.0,2.0,0.816496580927726,0.0,0.11852800303604318,0.15372258533218788,0.0,0.0
37,8153616,8193741,0,87.25,2.694239887506042,82.0,91.0,7.0,1.1055415967851334,0.0,0.10213119942671878,0.14096265339610756,0.0,0.0
37,8153616,8203741,0,85.13157894736842,4.286889760970613,78.0,91.0,10.0,1.0397504898200727,0.0,0.08295292792239539,0.1255463898850251,0.0,0.0
37,8154617,8213741,0,83.91489361702128,4.38483744929818,78.0,91.0,11.0,1.0108111250054497,0.0,0.07408302933842575,0.11533376819784845,0.0,0.0
37,8164741,8223741,0,81.10416666666667,5.005162265656884,72.0,91.0,17.0,1.0619131671036408,0.0,0.035312888267189355,0.03217547873535857,0.0,0.0
37,8174741,8233741,0,79.0754716981132,4.463051907010572,72.0,88.0,11.0,0.9903379376602871,0.0,0.03800191304655036,0.036209377877357944,0.0,0.0
37,8188741,8242741,0,78.07272727272728,2.977824376374289,72.0,83.0,2.0,0.90267093384844,0.0,0.036613213798729644,0.03832657886129664,0.0,0.0
37,8194741,8242741,0,77.55102040816327,2.7259989705314656,72.0,81.0,0.0,0.9128709291752769,0.0,0.035952433505611295,0.038252141650424606,0.0,0.0
37,8204741,8242741,0,77.12820512820512,2.830053792906229,72.0,81.0,2.0,0.9459053029269173,0.0,0.03767004011979626,0.04166102012768882,0.0,0.0
37,8214741,8242741,0,76.20689655172414,2.6958372807851125,72.0,81.0,3.0,0.9819805060619657,0.0,0.03912176294058327,0.04391305084716273,0.0,0.0
37,8224741,8242741,0,77.0,2.7338039817306425,73.0,81.0,7.0,0.97182531580755,0.0,0.05027912182150611,0.050294828790569804,0.0,0.0
37,8234741,8242741,0,79.66666666666667,0.9428090415820634,78.0,81.0,3.0,1.0606601717798212,0.0,0.04414385214747893,0.05517130091840083,0.0,0.0
37,8915806,8942083,1,86.25,1.920286436967152,84.0,89.0,5.0,1.7320508075688772,0.0,0.022970571287102445,0.014960882319883713,0.0,0.0
37,8915806,8954083,1,83.5,2.7838821814150108,79.0,89.0,5.0,1.9771421064483223,0.0,0.1541736916208771,0.14624566196442682,0.0,0.0
37,8915806,8964083,1,81.86363636363636,2.849169808039058,79.0,89.0,1.0,1.558387444947959,0.0,0.1273798068317384,0.13224155568138893,0.0,0.0
38,5506062,5565062,0,81.35555555555555,4.662643768676764,75.0,90.0,7.0,1.1381803659589922,0.0,0.020687978064980652,0.019923081716389606,0.0,0.0
38,5516062,5568062,0,79.82051282051282,3.2571168221949574,75.0,87.0,2.0,1.1920791213585393,0.0,0.020819781387954293,0.021323078274276534,0.0,0.0
39,1043573,1092416,1,84.51063829787235,3.1411634951422256,80.0,92.0,10.0,0.6915640748081247,0.0,0.016357807592373493,0.017631729161283336,0.0,0.0
39,1053666,1092416,1,84.97297297297297,3.3650548084889205,80.0,92.0,8.0,0.7453559924999299,0.0,0.015143987896060935,0.017421782338022943,0.0,0.0
39,1063666,1123416,1,83.28125,5.848260291531149,71.0,92.0,13.0,3.1673740013639264,0.03225806451612903,0.016745911155917163,0.020672969030177155,0.0,0.0
39,1075416,1130416,1,80.53333333333333,8.073550781547251,70.0,92.0,9.0,3.2642261584934804,0.034482758620689655,0.01621878985404529,0.02157778195523737,0.0,0.0
39,1084416,1130416,1,79.52380952380952,9.389046544316301,70.0,92.0,16.0,3.8858718455450894,0.05,0.016345676557695987,0.024565668762592165,0.0,0.0
39,1118416,1130416,1,71.5,1.3228756555322954,70.0,75.0,4.0,0.8528028654224418,0.0,0.01290647326535139,0.018603813812270453,0.0,0.0
39,1118416,1130416,1,71.5,1.3228756555322954,70.0,75.0,4.0,0.8528028654224418,0.0,0.01290647326535139,0.018603813812270453,0.0,0.0
39,1118416,1130416,1,71.5,1.3228756555322954,70.0,75.0,4.0,0.8528028654224418,0.0,0.01290647326535139,0.018603813812270453,0.0,0.0
39,1124416,1130416,1,70.71428571428571,0.4517539514526256,70.0,71.0,0.0,0.5773502691896257,0.0,0.008558986427983918,0.007812357307008731,0.0,0.0
39,1699431,1702435,1,75.25,0.4330127018922193,75.0,76.0,0.0,0.816496580927726,0.0,0.011800719706478,0.011334529549591434,0.0,0.0
39,1699431,1712758,1,77.0,1.4142135623730951,75.0,79.0,2.0,1.3587324409735149,0.0,0.033058873104371125,0.035537585120412725,0.0,0.0
39,1699431,1718758,1,76.78947368421052,1.3210421471590665,75.0,79.0,0.0,1.247219128924647,0.0,0.027025798839834254,0.03223978389465336,0.0,0.0
39,1699431,1731758,1,76.5909090909091,1.3704375846983035,74.0,79.0,1.0,1.2535663410560174,0.0,0.041248603282289575,0.05718952008403933,0.0,0.0
39,1699431,1742758,1,76.60714285714286,1.2911591058946583,74.0,79.0,2.0,1.247219128924647,0.0,0.042450179926071745,0.05234061181966174,0.0,0.0
39,1699431,1752758,1,75.86842105263158,1.9354185271786206,71.0,79.0,4.0,1.138989594902999,0.0,0.037286180029944826,0.04667022282884151,0.0,0.0
39,1703758,1762758,1,74.77272727272727,2.8513444704658535,69.0,79.0,5.0,1.1102063499795358,0.0,0.04970444304006143,0.05564926833234439,0.0,0.0
39,1713758,1772758,1,74.1590909090909,2.402112534436964,69.0,78.0,3.0,1.0890576254854043,0.0,0.05599138740062191,0.05973085308188947,0.0,0.0
39,1727758,1779758,1,74.06521739130434,2.4173482948942167,69.0,78.0,4.0,1.1352924243950935,0.0,0.05967650541230775,0.05878010163316342,0.0,0.0
39,1735758,1788758,1,74.06666666666666,2.4531159323965466,69.0,78.0,0.0,1.1481209945740989,0.0,0.05389034232820199,0.05164655634691133,0.0,0.0
39,1743758,1788758,1,73.66666666666667,2.3678761806390147,69.0,78.0,2.0,1.1470786693528088,0.0,0.054972554847421834,0.05432196494320828,0.0,0.0
39,1753758,1788758,1,73.62068965517241,2.4970851021009204,69.0,78.0,5.0,1.2392393980641052,0.0,0.06605723571867436,0.05812111145615036,0.0,0.0
39,1763758,1788758,1,75.10526315789474,1.5524085477634344,72.0,78.0,1.0,1.224744871391589,0.0,0.05780717391530764,0.05159458601239907,0.0,0.0
39,1773758,1788758,1,75.22222222222223,2.0427529234278037,72.0,78.0,3.0,1.3693063937629153,0.0,0.04512104532121118,0.03926675065176656,0.0,0.0
39,2917109,2923440,1,78.875,1.0532687216470449,77.0,80.0,3.0,1.3627702877384937,0.0,0.02935582343928429,0.02759205837551234,0.0,0.0
39,2917109,2925440,1,78.9,1.0440306508910548,77.0,80.0,0.0,1.4142135623730951,0.0,0.029002019968843985,0.024919565261139913,0.0,0.0
39,2917109,2925440,1,78.9,1.0440306508910548,77.0,80.0,0.0,1.4142135623730951,0.0,0.029002019968843985,0.024919565261139913,0.0,0.0
39,2917109,2925440,1,78.9,1.0440306508910548,77.0,80.0,0.0,1.4142135623730951,0.0,0.029002019968843985,0.024919565261139913,0.0,0.0
39,2917109,2925440,1,78.9,1.0440306508910548,77.0,80.0,0.0,1.4142135623730951,0.0,0.029002019968843985,0.024919565261139913,0.0,0.0
39,2917109,2925440,1,78.9,1.0440306508910548,77.0,80.0,0.0,1.4142135623730951,0.0,0.029002019968843985,0.024919565261139913,0.0,0.0
39,2985467,2989467,1,89.4,1.019803902718557,88.0,91.0,3.0,0.8660254037844386,0.0,0.018791552791316647,0.012085171992754391,0.0,0.0
39,2985467,2989467,1,89.4,1.019803902718557,88.0,91.0,3.0,0.8660254037844386,0.0,0.018791552791316647,0.012085171992754391,0.0,0.0
39,2985467,2989467,1,89.4,1.019803902718557,88.0,91.0,3.0,0.8660254037844386,0.0,0.018791552791316647,0.012085171992754391,0.0,0.0
39,2985467,2989467,1,89.4,1.019803902718557,88.0,91.0,3.0,0.8660254037844386,0.0,0.018791552791316647,0.012085171992754391,0.0,0.0
39,2985467,2989467,1,89.4,1.019803902718557,88.0,91.0,3.0,0.8660254037844386,0.0,0.018791552791316647,0.012085171992754391,0.0,0.0
39,2985467,2989467,1,89.4,1.019803902718557,88.0,91.0,3.0,0.8660254037844386,0.0,0.018791552791316647,0.012085171992754391,0.0,0.0
39,5511175,5523175,1,87.15384615384616,1.5112986695683461,85.0,90.0,1.0,1.1902380714238083,0.0,0.037424573779266064,0.028220769926853,0.0,0.0
39,5511175,5533194,1,87.3913043478261,1.6081080007745159,85.0,90.0,0.0,1.348399724926484,0.0,0.042491024133224434,0.037169531990406714,0.0,0.0
4,1279364,1291364,1,93.0909090909091,0.51425947722658,92.0,94.0,1.0,0.5477225575051661,0.0,0.019735746497702995,0.022281969337089255,0.0,0.0
4,1686713,1693713,0,93.75,0.4330127018922193,93.0,94.0,1.0,0.3779644730092272,0.0,0.03468576429871624,0.0294127413673615,0.0,0.0
4,1686713,1704713,0,94.0909090909091,0.668042657122685,93.0,95.0,2.0,0.4472135954999579,0.0,0.026720842727106665,0.028395017030276946,0.0,0.0
4,1686713,1718713,0,93.4375,1.1162856937182344,92.0,95.0,1.0,0.8563488385776752,0.0,0.02103885805610371,0.02507025150011998,0.0,0.0
4,1686713,1723713,0,93.52380952380952,1.1388819755334665,92.0,95.0,2.0,0.8366600265340756,0.0,0.020052089365310118,0.022773441725587713,0.0,0.0
4,1686713,1723713,0,93.52380952380952,1.1388819755334665,92.0,95.0,2.0,0.8366600265340756,0.0,0.020052089365310118,0.022773441725587713,0.0,0.0
4,1689713,1723713,0,93.55555555555556,1.2120791238484128,92.0,95.0,1.0,0.8744746321952062,0.0,0.012478924505556967,0.009516514457686696,0.0,0.0
4,1702713,1750713,0,92.57142857142857,3.2230040493367076,82.0,95.0,13.0,3.7313639494261244,0.07692307692307693,0.01290579691126286,0.011439106234221397,0.0,0.0
4,1714713,1750713,0,91.9090909090909,3.3426866019727703,82.0,95.0,10.0,4.147288270665544,0.1,0.01493072737720333,0.011809832969620408,0.0,0.0
4,1719713,1750713,0,91.83333333333333,4.524623986832743,82.0,95.0,10.0,5.865151319446072,0.2,0.02025759037495843,0.013594327791564768,0.0,0.0
4,5021498,5028846,0,98.875,0.33071891388307384,98.0,99.0,1.0,0.3779644730092272,0.0,0.029254214895066924,0.026304524560966377,0.0,0.0
4,5021498,5036846,0,99.6,1.083205120618128,98.0,102.0,4.0,0.5345224838248488,0.0,0.04342490967841095,0.046464172262139045,0.0,0.0
4,5021498,5036846,0,99.6,1.083205120618128,98.0,102.0,4.0,0.5345224838248488,0.0,0.04342490967841095,0.046464172262139045,0.0,0.0
4,5021498,5036846,0,99.6,1.083205120618128,98.0,102.0,4.0,0.5345224838248488,0.0,0.04342490967841095,0.046464172262139045,0.0,0.0
4,5021498,5036846,0,99.6,1.083205120618128,98.0,102.0,4.0,0.5345224838248488,0.0,0.04342490967841095,0.046464172262139045,0.0,0.0
4,5021498,5036846,0,99.6,1.083205120618128,98.0,102.0,4.0,0.5345224838248488,0.0,0.04342490967841095,0.046464172262139045,0.0,0.0
4,5029846,5036846,0,100.42857142857143,1.049781318335648,99.0,102.0,3.0,0.7071067811865476,0.0,0.05961998943080411,0.057824775311294596,0.0,0.0
4,6368031,6379031,0,98.2,0.9797958971132711,97.0,100.0,2.0,0.816496580927726,0.0,0.024259346555377908,0.025969417334147083,0.0,0.0
4,6368031,6383031,0,98.14285714285714,0.832993127835043,97.0,100.0,2.0,0.6793662204867574,0.0,0.028970216175196677,0.027425402850092907,0.0,0.0
4,6368031,6399031,0,96.45,2.692118125194361,92.0,100.0,7.0,1.3572417850765923,0.0,0.02735839747945475,0.02523943909323049,0.0,0.0
4,6368031,6400031,0,96.28571428571429,2.7280353499814294,92.0,100.0,7.0,1.3228756555322954,0.0,0.028674742789559515,0.025324886127229964,0.0,0.0
4,6368031,6419031,0,96.18181818181819,2.7075041112428058,92.0,100.0,6.0,1.3093073414159542,0.0,0.02844329539881707,0.02476534911730437,0.0,0.0
4,6372031,6425031,0,94.96153846153847,2.724260933379197,91.0,98.0,6.0,1.2,0.0,0.030781385649982514,0.023857912962584008,0.0,0.0
4,6380031,6425031,0,93.72222222222223,2.3759338644825663,91.0,98.0,6.0,1.4142135623730951,0.0,0.031387720158572524,0.022501106874741047,0.0,0.0
4,6394031,6425031,0,92.5,0.7319250547113999,91.0,94.0,1.0,0.8320502943378437,0.0,0.02871352871109507,0.020095420947941593,0.0,0.0
4,6400031,6425031,0,92.5,0.8660254037844386,91.0,94.0,1.0,0.8451542547285166,0.0,0.0325505598523737,0.020277844900644708,0.0,0.0
4,6419031,6425031,0,92.42857142857143,0.9035079029052513,91.0,94.0,2.0,0.816496580927726,0.0,0.029343261403904964,0.019688536198995243,0.0,0.0
4,6420031,6425031,0,92.16666666666667,0.6871842709362769,91.0,93.0,1.0,0.7745966692414834,0.0,0.030303321605684833,0.021113807286505963,0.0,0.0
4,7580142,7588142,0,96.0,1.4142135623730951,94.0,98.0,4.0,0.7071067811865476,0.0,0.021640118768006936,0.011085840077756927,0.0,0.0
4,7580142,7596620,0,96.26666666666667,1.3399834161494522,94.0,98.0,0.0,0.7559289460184544,0.0,0.02864565110269787,0.015363673310146785,0.0,0.0
4,7580142,7606620,0,96.68181818181819,1.3275528969554755,94.0,99.0,0.0,0.7559289460184544,0.0,0.032657292624552164,0.01914244959512494,0.0,0.0
4,7580142,7606620,0,96.68181818181819,1.3275528969554755,94.0,99.0,0.0,0.7559289460184544,0.0,0.032657292624552164,0.01914244959512494,0.0,0.0
40,4540521,4550322,1,91.3,0.6403124237432849,90.0,92.0,0.0,0.9428090415820634,0.0,0.01911032944721834,0.013987004402327027,0.0,0.0
40,4605322,4610322,1,91.0,0.0,91.0,91.0,0.0,0.0,0.0,0.009883248816484115,0.006220517192210817,0.0,0.0
40,4605322,4620322,1,89.875,1.3635890143294642,87.0,91.0,4.0,0.6324555320336759,0.0,0.008402988638280168,0.006955355619483591,0.0,0.0
40,4605322,4628322,1,88.375,2.54644359843292,83.0,91.0,8.0,0.7801894976054939,0.0,0.010362075333391446,0.010902730842065772,0.0,0.0
40,4605322,4628322,1,88.375,2.54644359843292,83.0,91.0,8.0,0.7801894976054939,0.0,0.010362075333391446,0.010902730842065772,0.0,0.0
40,4605322,4628322,1,88.375,2.54644359843292,83.0,91.0,8.0,0.7801894976054939,0.0,0.010362075333391446,0.010902730842065772,0.0,0.0
40,4605322,4628322,1,88.375,2.54644359843292,83.0,91.0,8.0,0.7801894976054939,0.0,0.010362075333391446,0.010902730842065772,0.0,0.0
40,4611322,4628322,1,87.5,2.362907813126304,83.0,91.0,8.0,0.9074852129730301,0.0,0.010521684172360558,0.012062028924712647,0.0,0.0
40,4621322,4628322,1,85.375,1.4947825928876748,83.0,87.0,4.0,1.0690449676496976,0.0,0.014280248723614001,0.015389169951068205,0.0,0.0
40,4907414,4919884,1,82.92307692307692,1.8998598515736105,80.0,86.0,5.0,1.0408329997330663,0.0,0.02991871568672557,0.030037129437129075,0.0,0.0
40,4907414,4927884,1,83.85714285714286,1.9829202679673343,80.0,87.0,4.0,1.0488088481701516,0.0,0.031329145814811624,0.032924231631498865,0.0,0.0
40,4907414,4927884,1,83.85714285714286,1.9829202679673343,80.0,87.0,4.0,1.0488088481701516,0.0,0.031329145814811624,0.032924231631498865,0.0,0.0
40,4907414,4949884,1,83.88461538461539,1.8465544437165853,80.0,87.0,2.0,1.0583005244258363,0.0,0.035273980669748795,0.04082822092399191,0.0,0.0
40,4907414,4959884,1,82.36111111111111,3.0106549469968393,77.0,87.0,2.0,1.0690449676496976,0.0,0.0344691519746586,0.038993436619389636,0.0,0.0
40,4910884,4969884,1,81.0,3.935526914280127,74.0,87.0,8.0,1.0,0.0,0.03206192966040682,0.036975426663461035,0.0,0.0
40,4920884,4979884,1,79.34883720930233,4.130902941613863,73.0,87.0,9.0,2.595784127791685,0.047619047619047616,0.03263254101294838,0.037782250535996924,0.0,0.0
40,4943884,4989884,1,77.33333333333333,3.126943839882286,73.0,85.0,10.0,2.522624895547565,0.045454545454545456,0.027635683056845908,0.03484588985988564,0.0,0.0
40,4943884,4993884,1,77.22448979591837,3.025505902189184,73.0,85.0,8.0,2.4238399287081647,0.041666666666666664,0.026958484884214092,0.03355650929282074,0.0,0.0
40,4950884,4993884,1,76.45454545454545,2.0610516452281153,73.0,84.0,5.0,2.5380820445990864,0.046511627906976744,0.02413078009145605,0.02732423151154042,0.0,0.0
40,4960884,4993884,1,75.88235294117646,1.8592330152093066,73.0,84.0,1.0,2.8337789310923727,0.06060606060606061,0.021705539716171326,0.02463538564049726,0.0,0.0
40,4970884,4993884,1,75.83333333333333,1.972026594366539,73.0,84.0,1.0,3.342740349395726,0.08695652173913043,0.022218046482211568,0.027203838603162774,0.0,0.0
40,4980884,4993884,1,75.35714285714286,0.8112726208286106,74.0,77.0,2.0,0.7844645405527362,0.0,0.013338232425237271,0.009001262310710205,0.0,0.0
40,4990884,4993884,1,76.0,0.7071067811865476,75.0,77.0,2.0,0.816496580927726,0.0,0.01934000544210622,0.008403910947386633,0.0,0.0
40,7520327,7523310,0,86.5,0.5,86.0,87.0,0.0,0.816496580927726,0.0,0.07271669148541957,0.09184310212473956,0.0,0.0
40,7520327,7523310,0,86.5,0.5,86.0,87.0,0.0,0.816496580927726,0.0,0.07271669148541957,0.09184310212473956,0.0,0.0
40,7520327,7523310,0,86.5,0.5,86.0,87.0,0.0,0.816496580927726,0.0,0.07271669148541957,0.09184310212473956,0.0,0.0
40,7520327,7523310,0,86.5,0.5,86.0,87.0,0.0,0.816496580927726,0.0,0.07271669148541957,0.09184310212473956,0.0,0.0
40,7520327,7570213,0,83.54545454545455,2.3496087242400154,81.0,87.0,3.0,1.449137674618944,0.0,0.04841793840101961,0.07216073429807987,0.0,0.0
40,7521329,7580213,0,82.15,2.1971572542719833,79.0,87.0,6.0,1.1697953037312037,0.0,0.042619834535481134,0.05981627830168457,0.0,0.0
40,7564213,7590213,0,80.88888888888889,1.3146843962443593,78.0,83.0,3.0,0.8987170342729172,0.0,0.03296204456899402,0.04248351707106594,0.0,0.0
40,7564213,7600213,0,79.62162162162163,2.431230934491786,75.0,83.0,7.0,0.927960727138337,0.0,0.029278980099485083,0.03777178678390361,0.0,0.0
41,993249,1050744,1,76.0909090909091,3.5740108728161792,70.0,82.0,1.0,1.130388330520878,0.0,0.051841246871456775,0.08566449875321104,0.0,0.0
41,1003744,1062744,1,76.24528301886792,3.999554977024311,70.0,84.0,2.0,1.3008872711759818,0.0,0.054541611009794065,0.1208519281639524,0.0,0.0
41,1013744,1068744,1,76.39583333333333,4.733478210810969,70.0,86.0,6.0,1.3208636761845751,0.0,0.059018590936596255,0.12612523981074855,0.0,0.0
41,1023744,1068744,1,76.10526315789474,5.149294656267371,70.0,86.0,14.0,1.3754606108107539,0.0,0.05822316474360488,0.14000429043480078,0.0,0.0
41,1033744,1068744,1,77.42857142857143,5.368084065158839,70.0,86.0,11.0,1.551582227085438,0.0,0.07116796746846911,0.16097046633108653,0.0,0.0
41,1043744,1068744,1,79.83333333333333,5.294126724756198,70.0,86.0,13.0,1.7656860023298393,0.0,0.07817681071281965,0.19427502804264743,0.0,0.0
41,1057744,1068744,1,83.81818181818181,0.9359663764533637,83.0,86.0,3.0,0.7071067811865476,0.0,0.08931623790853777,0.24382092000995526,0.0,0.0
41,1063744,1068744,1,84.6,0.8,84.0,86.0,2.0,0.7071067811865476,0.0,0.009366598842133927,0.0035345517595466807,0.0,0.0
41,2200009,2203016,1,93.5,0.5,93.0,94.0,1.0,0.5773502691896257,0.0,0.3509514681321355,0.5290395336989585,0.0,0.0
41,2200009,2203016,1,93.5,0.5,93.0,94.0,1.0,0.5773502691896257,0.0,0.3509514681321355,0.5290395336989585,0.0,0.0
41,2200009,2203016,1,93.5,0.5,93.0,94.0,1.0,0.5773502691896257,0.0,0.3509514681321355,0.5290395336989585,0.0,0.0
41,2200009,2233242,1,92.8,1.469693845669907,90.0,94.0,3.0,2.0615528128088303,0.0,0.2850258485209805,0.49121381480734844,0.0,0.0
41,2200009,2242245,1,91.64285714285714,1.4445534582969062,89.0,94.0,1.0,1.4411533842457842,0.0,0.21160015271720697,0.3656177175453467,0.0,0.0
41,2200009,2252355,1,91.125,1.3635890143294642,89.0,94.0,1.0,1.1978241142570356,0.0,0.1442835899064818,0.2909765200916,0.0,0.0
41,2233242,2262355,1,91.11111111111111,1.1967032904743342,89.0,94.0,1.0,0.9405399431259602,0.0,0.1068335043921122,0.17285939954379595,0.0,0.0
41,2233242,2265436,1,91.23333333333333,1.2023125864580955,89.0,94.0,3.0,0.9284766908852593,0.0,0.12127218204186822,0.17806058709130118,0.0,0.0
41,2233242,2265436,1,91.23333333333333,1.2023125864580955,89.0,94.0,3.0,0.9284766908852593,0.0,0.12127218204186822,0.17806058709130118,0.0,0.0
41,2234242,2265436,1,91.27586206896552,1.200475530036497,89.0,94.0,2.0,0.9258200997725514,0.0,0.12471869279929951,0.1801180590411723,0.0,0.0
41,2243355,2265436,1,91.4,1.2806248474865698,89.0,94.0,2.0,0.8583950752789521,0.0,0.10397845978718456,0.12042236648571457,0.0,0.0
41,2253355,2265436,1,92.4,0.8,91.0,94.0,1.0,1.0,0.0,0.1579165176029026,0.1495179167847653,0.0,0.0
41,3053887,3063173,0,93.8,0.6,93.0,95.0,1.0,0.7453559924999299,0.0,0.06684574866239835,0.06908118267840758,0.0,0.0
41,3053887,3073173,0,94.4,1.1430952132988164,93.0,97.0,1.0,0.8017837257372732,0.0,0.05468983367150151,0.063345418062867,0.0,0.0
41,3053887,3075173,0,94.6470588235294,1.280678885710426,93.0,97.0,2.0,0.7905694150420949,0.0,0.05186907521417354,0.06037725970456446,0.0,0.0
41,3053887,3075173,0,94.6470588235294,1.280678885710426,93.0,97.0,2.0,0.7905694150420949,0.0,0.05186907521417354,0.06037725970456446,0.0,0.0
41,3053887,3075173,0,94.6470588235294,1.280678885710426,93.0,97.0,2.0,0.7905694150420949,0.0,0.05186907521417354,0.06037725970456446,0.0,0.0
41,3053887,3075173,0,94.6470588235294,1.280678885710426,93.0,97.0,2.0,0.7905694150420949,0.0,0.05186907521417354,0.06037725970456446,0.0,0.0
41,3069173,3075173,0,95.85714285714286,0.989743318610787,94.0,97.0,3.0,0.9128709291752769,0.0,0.030473827430995228,0.03546150316732455,0.0,0.0
41,4191969,4203014,0,80.75,2.0463381929681126,78.0,85.0,6.0,0.9534625892455924,0.0,0.05414482328524306,0.048106115467579605,0.0,0.0
41,4191969,4213226,0,81.5,2.105188395801711,78.0,86.0,4.0,1.023532631438318,0.0,0.04089885186260155,0.042679560664848445,0.0,0.0
41,4191969,4223226,0,82.84375,2.705427126628991,78.0,87.0,6.0,0.9503819266229829,0.0,0.04877002412487488,0.060647828735285986,0.0,0.0
41,4191969,4233226,0,83.04761904761905,2.3999244130198387,78.0,87.0,5.0,0.8971499589146108,0.0,0.06049510296272766,0.07201688246431959,0.0,0.0
41,4191969,4243226,0,83.98076923076923,2.944946026770561,78.0,90.0,8.0,0.928840728025648,0.0,0.06775111351165311,0.07952155021046596,0.0,0.0
41,4193975,4252267,0,84.51724137931035,2.7992694817382624,78.0,90.0,7.0,0.9822994862575031,0.0,0.06535032283311294,0.07674310984728927,0.0,0.0
41,4204014,4262519,0,85.17241379310344,2.190401719056172,80.0,90.0,3.0,0.9459053029269173,0.0,0.057399807940844164,0.07655871700283966,0.0,0.0
41,4214226,4272519,0,85.10344827586206,2.1947402263406293,81.0,90.0,3.0,0.9080536347093006,0.0,0.05523771422120413,0.07686693090750082,0.0,0.0
41,4224226,4281519,0,84.26315789473684,2.7307624781205995,79.0,90.0,1.0,0.9161253813129043,0.0,0.04798889600082372,0.0698023721736987,0.0,0.0
41,4234226,4281519,0,84.38297872340425,2.9861609274541268,79.0,90.0,2.0,0.9555330859059091,0.0,0.0373449685023061,0.05938010581187328,0.0,0.0
41,4244226,4281519,0,83.43243243243244,2.5631541015197126,79.0,89.0,3.0,0.927960727138337,0.0,0.020890538957756395,0.022741998518634027,0.0,0.0
41,4253269,4281519,0,82.55172413793103,2.0775683215713197,79.0,86.0,2.0,0.8451542547285166,0.0,0.015962484153499372,0.013384045033931693,0.0,0.0
41,4263519,4281519,0,81.3157894736842,1.3397812696166165,79.0,84.0,1.0,0.8498365855987975,0.0,0.016688479160582616,0.013606311126241147,0.0,0.0
41,4273519,4281519,0,80.55555555555556,1.2570787221094177,79.0,83.0,2.0,0.8660254037844386,0.0,0.02138285313731943,0.01546628957974754,0.0,0.0
41,5012203,5022593,0,90.0,1.2060453783110545,88.0,92.0,0.0,1.0954451150103321,0.0,0.1631222541978685,0.19595138751318927,0.0,0.0
41,5012203,5032593,0,91.0952380952381,1.47695832564484,88.0,93.0,0.0,0.9486832980505138,0.0,0.26006261883908344,0.40142405218041854,0.0,0.0
41,5012203,5042593,0,91.63333333333334,1.5595583420386114,88.0,94.0,1.0,0.8905635565617213,0.0,0.22136348382280485,0.34953537500061294,0.0,0.0
41,5012203,5052593,0,91.73529411764706,1.5011529594323347,88.0,94.0,1.0,0.9045340337332909,0.0,0.23484538731936278,0.35575254002881007,0.0,0.0
41,5012203,5062593,0,92.02272727272727,1.4536573993588526,88.0,94.0,0.0,0.8352690695845568,0.0,0.22040848374132904,0.3229765331656247,0.0,0.0
41,5014209,5062593,0,92.07142857142857,1.4539413943592403,88.0,94.0,3.0,0.7808688094430303,0.0,0.22982170973486904,0.3276147091439586,0.0,0.0
41,5023593,5062593,0,92.6969696969697,0.7171005797696504,91.0,94.0,0.0,0.75,0.0,0.2395038935891492,0.3533094967623169,0.0,0.0
41,5033593,5092459,0,90.45161290322581,4.156911925141293,83.0,94.0,9.0,1.6020819787597222,0.03333333333333333,0.15415723055277317,0.20444963724994608,0.0,0.0
43,4389736,4396757,1,83.85714285714286,1.8070158058105026,80.0,86.0,1.0,2.1984843263788196,0.0,0.06267195741775211,0.04658451669398312,0.0,0.0
43,4455002,4471002,1,83.0,2.0,81.0,85.0,4.0,2.309401076758503,0.0,0.02664335898922532,0.030857044786407148,0.0,0.0
43,4455002,4471002,1,83.0,2.0,81.0,85.0,4.0,2.309401076758503,0.0,0.02664335898922532,0.030857044786407148,0.0,0.0
43,4455002,4471002,1,83.0,2.0,81.0,85.0,4.0,2.309401076758503,0.0,0.02664335898922532,0.030857044786407148,0.0,0.0
43,4455002,4471002,1,83.0,2.0,81.0,85.0,4.0,2.309401076758503,0.0,0.02664335898922532,0.030857044786407148,0.0,0.0
43,7641479,7647501,0,91.14285714285714,1.124858267715973,90.0,93.0,2.0,0.816496580927726,0.0,0.025712323453929296,0.003514729780795148,0.0,0.0
43,7641479,7659089,0,90.88888888888889,1.1967032904743342,89.0,93.0,1.0,1.0606601717798212,0.0,0.04106048435950805,0.03843364479342178,0.0,0.0
43,7641479,7659089,0,90.88888888888889,1.1967032904743342,89.0,93.0,1.0,1.0606601717798212,0.0,0.04106048435950805,0.03843364479342178,0.0,0.0
43,7641479,7659089,0,90.88888888888889,1.1967032904743342,89.0,93.0,1.0,1.0606601717798212,0.0,0.04106048435950805,0.03843364479342178,0.0,0.0
43,7641479,7681089,0,91.0,1.1832159566199232,89.0,93.0,0.0,1.0540925533894598,0.0,0.037985524489173146,0.03761022401865955,0.0,0.0
43,7641479,7681089,0,91.0,1.1832159566199232,89.0,93.0,0.0,1.0540925533894598,0.0,0.037985524489173146,0.03761022401865955,0.0,0.0
43,7681089,7729089,0,85.0,3.521363372331802,83.0,92.0,9.0,4.031128874149275,0.25,0.02305840542564066,0.010941737666303726,0.0,0.0
44,486031,545031,1,83.85714285714286,2.747912008810192,80.0,88.0,4.0,0.9428090415820634,0.0,0.0644763607218041,0.12035849378716879,0.0,0.0
44,525031,548031,1,82.23809523809524,1.3418097908195592,80.0,85.0,1.0,0.806225774829855,0.0,0.06023459968488608,0.07671856790558086,0.0,0.0
44,525031,548031,1,82.23809523809524,1.3418097908195592,80.0,85.0,1.0,0.806225774829855,0.0,0.06023459968488608,0.07671856790558086,0.0,0.0
44,525031,548031,1,82.23809523809524,1.3418097908195592,80.0,85.0,1.0,0.806225774829855,0.0,0.06023459968488608,0.07671856790558086,0.0,0.0
44,526031,548031,1,82.15,1.3143439428094914,80.0,85.0,1.0,0.8271701918685112,0.0,0.06251588365094195,0.07791492929694492,0.0,0.0
44,536031,548031,1,82.3076923076923,1.2015768732164085,81.0,85.0,4.0,0.7071067811865476,0.0,0.0854518544965866,0.08820196055070305,0.0,0.0
44,6265859,6275859,1,105.72727272727273,0.7496555682941201,105.0,107.0,1.0,0.5477225575051661,0.0,0.04818527545234474,0.04399167314523113,0.0,0.0
44,6265859,6285859,1,108.14285714285714,2.8996833043120627,105.0,113.0,7.0,0.6708203932499369,0.0,0.03227527932577466,0.036397524326874944,0.0,0.0
7,3040140,3045140,0,99.75,1.299038105676658,99.0,102.0,3.0,1.7320508075688772,0.0,0.013591427138983628,0.014967831038264896,0.0,0.0
7,3040140,3055140,0,98.5,1.2392393980641052,97.0,102.0,5.0,1.0741723110591492,0.0,0.013207563020166414,0.011385050190597686,0.0,0.0
9,463781,493552,1,107.23809523809524,1.2688488185213551,106.0,111.0,4.0,1.0,0.0,0.06489572425637648,0.13165141787675416,0.0,0.0
9,474552,493552,1,107.58333333333333,1.552328000849763,106.0,111.0,4.0,1.2792042981336627,0.0,0.09276850592780354,0.16627260583699835,0.0,0.0
9,1075135,1098359,1,104.0,0.0,104.0,104.0,0.0,0.0,0.0,0.07761851744247991,0.0732739234789904,0.0,0.0
9,1075135,1098359,1,104.0,0.0,104.0,104.0,0.0,0.0,0.0,0.07761851744247991,0.0732739234789904,0.0,0.0
9,1075135,1123359,1,103.25,0.9682458365518543,102.0,104.0,2.0,0.7559289460184544,0.0,0.0700128039323897,0.05877642388410716,0.0,0.0
9,1075135,1124360,1,103.11111111111111,0.9938079899999066,102.0,104.0,2.0,0.7071067811865476,0.0,0.06467691734011816,0.057433348238608954,0.0,0.0
9,1095359,1142393,1,103.11111111111111,0.9938079899999066,102.0,104.0,0.0,1.0,0.0,0.06480688519137895,0.057304386823349505,0.0,0.0
9,1095359,1142393,1,103.11111111111111,0.9938079899999066,102.0,104.0,0.0,1.0,0.0,0.06480688519137895,0.057304386823349505,0.0,0.0
9,1116359,1142393,1,102.4,0.8,102.0,104.0,2.0,1.0,0.0,0.040480361391568624,0.0211850192902365,0.0,0.0
9,1116359,1142393,1,102.4,0.8,102.0,104.0,2.0,1.0,0.0,0.040480361391568624,0.0211850192902365,0.0,0.0
9,2343448,2353448,1,100.36363636363636,1.2264306875665492,99.0,103.0,3.0,0.7071067811865476,0.0,0.015465795437756858,0.01610682603340192,0.0,0.0
9,2343448,2363448,1,100.28571428571429,1.350233036072174,98.0,103.0,2.0,0.7071067811865476,0.0,0.012598517932876812,0.012429927251349131,0.0,0.0
9,2343448,2373448,1,99.35483870967742,1.7879234142646476,96.0,103.0,3.0,0.6582805886043833,0.0,0.019099485161735895,0.022921875172387536,0.0,0.0
