subject,window_start_ms,window_end_ms,label,hr_mean,hr_std,hr_min,hr_max,hr_delta_abs,rmssd,pnn50,motion_mean,motion_std,temp_mean,temp_spread
1,492488,521325,0,98.53846153846153,1.598816130063579,95.0,100.0,1.0,1.1902380714238083,0.0,0.05045378829104122,0.06316668591435513,0.0,0.0
1,504325,521325,0,97.2,1.7204650534085253,95.0,100.0,4.0,1.5811388300841898,0.0,0.09017348625411345,0.06979850908444188,0.0,0.0
1,541325,554325,0,95.16666666666667,1.5723301886761003,93.0,98.0,5.0,1.1832159566199232,0.0,0.034427421124404285,0.037164943658056004,0.0,0.0
1,541325,554325,0,95.16666666666667,1.5723301886761003,93.0,98.0,5.0,1.1832159566199232,0.0,0.034427421124404285,0.037164943658056004,0.0,0.0
1,541325,554325,0,95.16666666666667,1.5723301886761003,93.0,98.0,5.0,1.1832159566199232,0.0,0.034427421124404285,0.037164943658056004,0.0,0.0
1,550325,577325,0,95.14285714285714,1.2453996981544782,93.0,97.0,0.0,1.8257418583505538,0.0,0.04310584101723584,0.03984497899703895,0.0,0.0
1,3109754,3113758,0,95.8,0.7483314773547882,95.0,97.0,2.0,0.7071067811865476,0.0,0.005287278501587987,0.0033398149440475207,0.0,0.0
1,3109754,3121745,0,96.25,1.2332207155790618,95.0,99.0,2.0,0.7385489458759964,0.0,0.04667102605805071,0.05639092607644979,0.0,0.0
1,3109754,3126745,0,96.88235294117646,1.4504503536397593,95.0,99.0,2.0,0.7905694150420949,0.0,0.03862167617719637,0.04944532104826716,0.0,0.0
1,3109754,3137745,0,97.24,1.335065541462291,95.0,99.0,1.0,0.7359800721939872,0.0,0.02945365637367822,0.04302248148497017,0.0,0.0
1,3116761,3145745,0,97.92307692307692,0.7297563831157798,96.0,99.0,2.0,0.6324555320336759,0.0,0.03045201971963872,0.041600670581956475,0.0,0.0
1,3124745,3153745,0,97.96296296296296,0.5078262666963738,97.0,99.0,1.0,0.5188745216627708,0.0,0.013341209752579264,0.0102897357290671,0.0,0.0
1,3132745,3161745,0,97.23333333333333,1.3085190950927015,93.0,98.0,5.0,0.6158817620514397,0.0,0.017098317437826617,0.015780344232819155,0.0,0.0
1,3140745,3169745,0,95.96666666666667,2.1522597943143906,92.0,98.0,6.0,0.6432675209026769,0.0,0.017465349317758744,0.01551658288155637,0.0,0.0
1,3148745,3177745,0,94.46666666666667,2.186829262247563,92.0,98.0,6.0,0.7427813527082074,0.0,0.0159644727868926,0.01615699615052362,0.0,0.0
1,3156745,3185745,0,93.13333333333334,1.4313940369055924,91.0,97.0,3.0,0.7656414934887764,0.0,0.01096209679883456,0.011465090493624442,0.0,0.0
1,3164745,3193745,0,93.36666666666666,1.5807874268505835,91.0,97.0,1.0,0.7191949522280763,0.0,0.007062654038230276,0.004832427486885224,0.0,0.0
1,3172745,3198745,0,93.74074074074075,1.6463785756216938,91.0,97.0,1.0,0.6504436355879909,0.0,0.007838567068016082,0.00665325427318972,0.0,0.0
1,3180745,3198745,0,94.36842105263158,1.5630781478860527,91.0,97.0,2.0,0.7453559924999299,0.0,0.008165487870630981,0.006899793452560981,0.0,0.0
1,3188745,3198745,0,95.36363636363636,0.8813963377120598,94.0,97.0,2.0,0.6324555320336759,0.0,0.01038159496134909,0.008282598753628684,0.0,0.0
1,3598207,3602220,0,92.4,0.4898979485566356,92.0,93.0,1.0,0.5,0.0,0.0049698715931493056,0.003285352455461457,0.0,0.0
1,3598207,3610232,0,92.6923076923077,0.46153846153846145,92.0,93.0,0.0,0.5773502691896257,0.0,0.012603900483781932,0.015613930000552514,0.0,0.0
1,3598207,3617243,0,92.72222222222223,0.7307192465536614,91.0,94.0,2.0,0.6859943405700354,0.0,0.014086481324226284,0.014486484256077202,0.0,0.0
1,3598207,3626020,0,92.45454545454545,0.9403709484353273,90.0,94.0,1.0,0.7867957924694432,0.0,0.014198810520682724,0.013325871218970359,0.0,0.0
1,3605224,3634020,0,91.8695652173913,1.22667269388399,90.0,94.0,3.0,0.7071067811865476,0.0,0.023154333984111607,0.01952672441285354,0.0,0.0
1,3613236,3642020,0,90.44,1.8128430709799457,88.0,94.0,5.0,0.7359800721939872,0.0,0.019582346523532176,0.018367836956710754,0.0,0.0
1,3623020,3650020,0,90.10714285714286,1.472104560394639,88.0,93.0,2.0,0.7200822998230956,0.0,0.020420076780685793,0.022479019349450586,0.0,0.0
1,3629020,3658020,0,90.1,1.4224392195567912,88.0,93.0,0.0,0.6432675209026769,0.0,0.019770898162771746,0.02121390647296463,0.0,0.0
1,3637020,3666020,0,90.5,1.5438048235879214,88.0,93.0,5.0,0.6158817620514397,0.0,0.04057445573064887,0.06309820282408583,0.0,0.0
1,3645020,3674020,0,91.93333333333334,1.4360439485692011,90.0,95.0,5.0,0.7656414934887764,0.0,0.04784486125390224,0.0615392571318881,0.0,0.0
1,3653020,3682020,0,92.36666666666666,1.5380362660079103,90.0,95.0,0.0,0.7427813527082074,0.0,0.052313309719353336,0.05890208625134621,0.0,0.0
10,501078,519078,0,81.36363636363636,0.9791208740244554,80.0,83.0,3.0,0.9486832980505138,0.0,0.012406485777643866,0.005032967244360472,0.0,0.0
10,512078,519078,0,81.125,0.9270248108869579,80.0,83.0,3.0,0.6546536707079771,0.0,0.011626582483811264,0.005696872859909324,0.0,0.0
10,1010618,1018642,0,76.55555555555556,2.1140330656044943,74.0,81.0,4.0,1.5811388300841898,0.0,0.015520361034266758,0.019805592352468315,0.0,0.0
10,1010618,1020650,0,76.9090909090909,2.0650575802910085,74.0,81.0,3.0,1.5811388300841898,0.0,0.01731281240576057,0.018418700175343104,0.0,0.0
10,1010618,1028684,0,77.5,2.7838821814150108,74.0,84.0,3.0,2.354878881270658,0.09090909090909091,0.01640955872014964,0.01788721179771606,0.0,0.0
10,1013633,1039064,0,78.3076923076923,3.1227358661822215,74.0,84.0,6.0,2.273030282830976,0.08333333333333333,0.014974837877001395,0.017831915420402814,0.0,0.0
10,1028684,1051064,0,79.77777777777777,2.4845199749997664,76.0,84.0,7.0,2.5248762345905194,0.125,0.005207518404330661,0.0045138974219045835,0.0,0.0
10,1036064,1059064,0,76.875,2.8256636388643286,74.0,82.0,7.0,1.7701224063135672,0.06666666666666667,0.009718164599201475,0.008715447439813362,0.0,0.0
10,1038064,1067064,0,76.54545454545455,2.147456692912312,74.0,82.0,4.0,1.7182493859684491,0.047619047619047616,0.041957612323067925,0.10610950854111534,0.0,0.0
10,1048064,1075064,0,76.71428571428571,1.7291026338443154,74.0,80.0,4.0,1.0886621079036347,0.0,0.05654736665657318,0.0987883593828389,0.0,0.0
10,1054064,1083064,0,77.41666666666667,2.767620317569269,74.0,85.0,9.0,1.4596008983995234,0.0,0.06665716273530804,0.10361905531885988,0.0,0.0
10,1062064,1091064,0,80.58333333333333,3.264923004026622,76.0,85.0,6.0,1.3513278493843524,0.0,0.07241263727974001,0.10162085439595778,0.0,0.0
10,1070064,1098064,0,83.04347826086956,2.6942492843182033,78.0,86.0,6.0,1.2792042981336627,0.0,0.045189626265138956,0.037535999868825505,0.0,0.0
10,1082064,1100064,0,84.66666666666667,0.7453559924999299,83.0,86.0,1.0,0.8043996665398437,0.0,0.06036215339689556,0.12820896677379992,0.0,0.0
10,1086064,1100064,0,84.85714285714286,0.6388765649999399,84.0,86.0,2.0,0.7844645405527362,0.0,0.06912474168561832,0.14391720343603215,0.0,0.0
10,1094064,1100064,0,85.0,0.5773502691896257,84.0,86.0,1.0,1.0,0.0,0.11577442227985947,0.21002189409773164,0.0,0.0
10,3519081,3522093,1,82.25,0.82915619758885,81.0,83.0,1.0,1.2909944487358056,0.0,0.008470935521511243,0.005622927563317101,0.0,0.0
10,3519081,3530637,1,82.0909090909091,0.7925270806437589,81.0,83.0,0.0,1.1832159566199232,0.0,0.0498491337654533,0.06362677256249186,0.0,0.0
10,3519081,3538637,1,81.84210526315789,0.9326339550878605,80.0,83.0,1.0,1.0801234497346435,0.0,0.06551390265149218,0.07230840250632482,0.0,0.0
10,3519081,3541637,1,82.04545454545455,1.0214638661020106,80.0,84.0,3.0,1.0465362369445672,0.0,0.06468293410046745,0.06794759669187357,0.0,0.0
10,3525107,3541637,1,82.0,1.0606601717798212,80.0,84.0,2.0,0.8944271909999159,0.0,0.08387449118870544,0.07044731527303637,0.0,0.0
10,3533637,3541637,1,82.44444444444444,0.8314794192830981,81.0,84.0,3.0,0.9354143466934853,0.0,0.08658652952495777,0.07284753457317644,0.0,0.0
10,4745461,4754511,0,74.0,0.6324555320336759,73.0,75.0,0.0,0.6666666666666666,0.0,0.014799602329507574,0.01633999403514439,0.0,0.0
10,4745461,4762548,0,75.66666666666667,2.260776661041756,73.0,80.0,4.0,0.8401680504168059,0.0,0.010895122937633422,0.013081187521233424,0.0,0.0
10,4745461,4770555,0,76.6923076923077,2.4300875382971254,73.0,80.0,4.0,0.6928203230275509,0.0,0.00904019380712831,0.011331380806761817,0.0,0.0
10,4749479,4778555,0,77.3,2.0840665376454117,73.0,80.0,3.0,0.6695340634119862,0.0,0.00812004249840987,0.01025064470471627,0.0,0.0
10,4757525,4786555,0,77.8,1.3012814197295421,76.0,80.0,1.0,0.4913036844405175,0.0,0.0059030217611068326,0.002883851711247577,0.0,0.0
10,4765555,4794555,0,77.4,1.1135528725660042,76.0,79.0,1.0,0.41522739926869984,0.0,0.006507709938258688,0.0033835400927629817,0.0,0.0
10,4773555,4802555,0,77.13333333333334,0.8844332774281066,76.0,79.0,1.0,0.4913036844405175,0.0,0.006449811123970516,0.0032946858578581924,0.0,0.0
10,4781555,4810555,0,77.16666666666667,0.8198915917499229,76.0,79.0,1.0,0.4913036844405175,0.0,0.0064320685682562025,0.003155779674418479,0.0,0.0
10,4789555,4818555,0,77.56666666666666,0.6155395104206461,77.0,79.0,1.0,0.4913036844405175,0.0,0.00564882346119116,0.003143212060509116,0.0,0.0
10,4797555,4826555,0,77.9,0.7895146188218006,77.0,79.0,0.0,0.454858826147342,0.0,0.005229917974183632,0.0023709306411415637,0.0,0.0
10,4805555,4834555,0,78.2,0.7483314773547884,77.0,79.0,1.0,0.41522739926869984,0.0,0.005078380010846228,0.002676726296985609,0.0,0.0
10,4813555,4834555,0,78.54545454545455,0.49792959773196926,78.0,79.0,0.0,0.3086066999241838,0.0,0.004727837536968356,0.002783094009261829,0.0,0.0
10,4821555,4834555,0,78.78571428571429,0.410325903324145,78.0,79.0,1.0,0.2773500981126146,0.0,0.004865136760716799,0.0024918055761466206,0.0,0.0
10,4829555,4834555,0,78.5,0.5,78.0,79.0,1.0,0.4472135954999579,0.0,0.005054430065307573,0.0032633841994645376,0.0,0.0
10,5446866,5450899,0,76.2,0.4,76.0,77.0,0.0,0.7071067811865476,0.0,0.00907469328519476,0.004498993044011433,0.0,0.0
10,5446866,5458938,0,76.23076923076923,0.4213250442347431,76.0,77.0,0.0,0.7071067811865476,0.0,0.010447034680935855,0.009705011982467692,0.0,0.0
10,5446866,5465957,0,76.7,0.7810249675906654,76.0,78.0,2.0,0.7254762501100116,0.0,0.008531683472113714,0.008475696937999103,0.0,0.0
10,5446866,5474881,0,77.44444444444444,1.4989708403591158,76.0,81.0,5.0,0.7071067811865476,0.0,0.0076589710033150024,0.00752960274025329,0.0,0.0
10,5453913,5482881,0,78.57142857142857,1.6567733578204575,76.0,81.0,4.0,0.6666666666666666,0.0,0.006682107868777176,0.005400785408252198,0.0,0.0
10,5461938,5490881,0,80.35714285714286,1.9126325484279834,77.0,83.0,5.0,0.5773502691896257,0.0,0.006300385988824138,0.004886428060053686,0.0,0.0
10,5469881,5498881,0,81.4,1.3564659966250536,79.0,83.0,3.0,0.4913036844405175,0.0,0.005952270783110652,0.00478583579565691,0.0,0.0
10,5477881,5506881,0,81.96666666666667,1.015983376941878,80.0,83.0,2.0,0.454858826147342,0.0,0.005427385023654242,0.003505811583097513,0.0,0.0
10,5485881,5514881,0,82.3,0.5859465277082315,81.0,83.0,2.0,0.454858826147342,0.0,0.0053063449839910485,0.002724364206703061,0.0,0.0
10,5493881,5522881,0,81.83333333333333,1.002773930432755,80.0,84.0,1.0,0.7656414934887764,0.0,0.0057738019872734915,0.0033162075666072145,0.0,0.0
10,5501881,5530881,0,81.63333333333334,1.0482790129010926,80.0,84.0,1.0,0.7656414934887764,0.0,0.006623848400294529,0.0036409051903955373,0.0,0.0
10,5509881,5535881,0,81.37037037037037,1.1270462262742917,80.0,84.0,2.0,0.8320502943378437,0.0,0.006699140293770996,0.003788307791371826,0.0,0.0
10,5517881,5535881,0,81.3157894736842,1.1263649767911947,80.0,84.0,0.0,0.8819171036881969,0.0,0.006371085692245647,0.0038586274215620673,0.0,0.0
10,5525881,5535881,0,80.9090909090909,0.28747978728803447,80.0,81.0,1.0,0.31622776601683794,0.0,0.007558559245176363,0.0031936647650569927,0.0,0.0
10,7207857,7210870,0,77.0,0.0,77.0,77.0,0.0,0.0,0.0,0.03066874364698508,0.04757145626840463,0.0,0.0
10,7207857,7218880,0,75.58333333333333,1.3202482931462383,74.0,77.0,2.0,0.7385489458759964,0.0,0.01771479869892556,0.03012783069780474,0.0,0.0
10,7207857,7225872,0,77.78947368421052,3.44244324753007,74.0,84.0,7.0,1.130388330520878,0.0,0.013619825294485017,0.024646518804284544,0.0,0.0
10,7207857,7234193,0,79.62962962962963,4.047387343369824,74.0,84.0,7.0,0.9405399431259602,0.0,0.011084655699667248,0.021164136809132206,0.0,0.0
10,7213874,7242193,0,81.3103448275862,3.904934528797811,74.0,84.0,9.0,0.823754471047914,0.0,0.006902109873720203,0.004703261344498314,0.0,0.0
10,7221873,7250193,0,83.44827586206897,0.7233164470138976,81.0,84.0,2.0,0.4629100498862757,0.0,0.006527274993589518,0.004108931670242212,0.0,0.0
10,7229193,7258193,0,83.13333333333334,0.7630348761506398,82.0,84.0,1.0,0.32163376045133846,0.0,0.011879101428418032,0.012984356111926157,0.0,0.0
10,7237193,7266193,0,83.26666666666667,1.0306416555826872,82.0,86.0,2.0,0.5252257314388902,0.0,0.015755577018407765,0.015837333902971748,0.0,0.0
10,7245193,7274193,0,83.9,1.6603212540549699,82.0,87.0,0.0,0.6948083337796512,0.0,0.01810371790647577,0.01511165306688693,0.0,0.0
10,7253193,7282193,0,83.1,2.612151093128675,78.0,87.0,3.0,0.8509629433967631,0.0,0.017316733963900398,0.013616479366710515,0.0,0.0
11,404049,433494,0,63.6551724137931,0.841831421774738,62.0,65.0,0.0,0.7071067811865476,0.0,0.01696459625855857,0.014142296278758838,0.0,0.0
11,413044,441494,0,62.857142857142854,1.2163847404233143,60.0,65.0,2.0,0.90267093384844,0.0,0.012885682901129309,0.01385835362682438,0.0,0.0
11,420494,449494,0,62.333333333333336,0.906764700582363,60.0,64.0,2.0,0.7878385971583354,0.0,0.009491019414335274,0.008690336616451393,0.0,0.0
11,428494,457494,0,62.166666666666664,0.7781745019952503,60.0,64.0,2.0,0.7427813527082074,0.0,0.007139854265319606,0.005503779798716092,0.0,0.0
11,436494,465494,0,61.96666666666667,0.6046119049072353,60.0,63.0,2.0,0.5252257314388902,0.0,0.006242414924610446,0.0034799687039260107,0.0,0.0
11,444494,473494,0,61.9,0.5972157622389638,61.0,63.0,1.0,0.32163376045133846,0.0,0.005910183152099906,0.003383351134344746,0.0,0.0
11,452494,481494,0,61.63333333333333,0.6574360974438672,61.0,63.0,1.0,0.32163376045133846,0.0,0.0060387825058023335,0.0032106152399277964,0.0,0.0
11,460494,489494,0,61.833333333333336,0.9339283817414601,61.0,64.0,2.0,0.454858826147342,0.0,0.006205679642283634,0.003267722871295159,0.0,0.0
11,468494,492494,0,62.08,1.26237870704476,61.0,65.0,4.0,0.5773502691896257,0.0,0.006035986208203107,0.002779135283503508,0.0,0.0
11,476494,492494,0,62.588235294117645,1.2394886768062046,61.0,65.0,4.0,0.7071067811865476,0.0,0.006268776237107174,0.002910222047236349,0.0,0.0
11,484494,492494,0,63.55555555555556,0.6849348892187752,63.0,65.0,2.0,0.8660254037844386,0.0,0.005183770996715187,0.0029228287770691015,0.0,0.0
11,990101,993098,0,69.0,0.7071067811865476,68.0,70.0,2.0,0.816496580927726,0.0,0.013534787681008848,0.003523622352079796,0.0,0.0
11,990101,1001098,0,68.0,0.9128709291752769,67.0,70.0,2.0,0.6030226891555273,0.0,0.014062661259327813,0.002372906050715145,0.0,0.0
11,990101,1009088,0,68.0,0.8366600265340756,67.0,70.0,2.0,0.7947194142390263,0.0,0.011579874160877583,0.003899793250556419,0.0,0.0
11,990101,1017520,0,68.0,0.7483314773547883,67.0,70.0,2.0,0.7071067811865476,0.0,0.011528885058347578,0.003891299559016881,0.0,0.0
11,996097,1025520,0,67.85185185185185,0.523782800878924,67.0,69.0,1.0,0.6504436355879909,0.0,0.009973444535360488,0.0040228064948404085,0.0,0.0
11,1004098,1033520,0,67.51851851851852,0.7874182083507147,65.0,69.0,3.0,0.6504436355879909,0.0,0.009059686223258812,0.003147806607536164,0.0,0.0
11,1012089,1041520,0,66.18518518518519,1.9820871348532818,63.0,68.0,5.0,0.5188745216627708,0.0,0.009759556946312167,0.0031135114040565445,0.0,0.0
11,1020520,1049520,0,65.13333333333334,2.012185103038209,63.0,68.0,4.0,0.5252257314388902,0.0,0.009633113690604272,0.0029805553728796085,0.0,0.0
11,1028520,1057520,0,64.6,1.4966629547095767,63.0,67.0,0.0,0.5252257314388902,0.0,0.010441562953963241,0.0024344279200316722,0.0,0.0
11,1036520,1065520,0,64.96666666666667,1.8345450541089354,63.0,68.0,4.0,0.454858826147342,0.0,0.010114232632791938,0.002612943364452562,0.0,0.0
11,1044520,1073520,0,66.0,1.5275252316519468,63.0,68.0,3.0,0.5570860145311556,0.0,0.009637341580044806,0.0029110598824936855,0.0,0.0
11,1052520,1079520,0,66.32142857142857,1.1666059265043625,64.0,68.0,1.0,0.5773502691896257,0.0,0.009333822840349407,0.002932203590665986,0.0,0.0
11,1060520,1079520,0,66.35,1.2359207094308275,64.0,68.0,4.0,0.5619514869490163,0.0,0.00919078889604635,0.0033174433488290665,0.0,0.0
11,1068520,1079520,0,65.66666666666667,1.1055415967851332,64.0,67.0,3.0,0.5222329678670935,0.0,0.009328977099213372,0.0040110111095366455,0.0,0.0
11,1076520,1079520,0,64.5,0.5,64.0,65.0,1.0,0.5773502691896257,0.0,0.009167425999707938,0.00392987459915585,0.0,0.0
11,2293868,2297865,0,63.2,0.4,63.0,64.0,1.0,0.5,0.0,0.009384461815436559,0.00310573550815603,0.0,0.0
11,2293868,2305277,0,63.44444444444444,0.4969039949999533,63.0,64.0,1.0,0.6123724356957945,0.0,0.00748581270888932,0.003189007520744302,0.0,0.0
11,2293868,2313277,0,62.588235294117645,1.0878377652298195,61.0,64.0,2.0,0.6123724356957945,0.0,0.007446340331100813,0.003326499715780228,0.0,0.0
11,2293868,2321277,0,63.2,1.3266499161421599,61.0,65.0,2.0,0.7071067811865476,0.0,0.007623922364732883,0.0033021793388803545,0.0,0.0
11,2303277,2329277,0,63.96296296296296,1.7739155577523031,61.0,67.0,3.0,0.6504436355879909,0.0,0.014011877139547775,0.02564109717248738,0.0,0.0
11,2308277,2337277,0,64.86666666666666,2.10923893594085,61.0,68.0,5.0,0.6695340634119862,0.0,0.012675403598991835,0.024635731014113763,0.0,0.0
11,2316277,2345277,0,67.0,2.1291625896895083,64.0,72.0,8.0,0.6432675209026769,0.0,0.015635023359738102,0.02593804898751147,0.0,0.0
11,2324277,2353277,0,70.13333333333334,4.455209185760966,65.0,80.0,14.0,1.0504514628777804,0.0,0.015487833120028183,0.025984603585971253,0.0,0.0
11,2332277,2361277,0,73.6,5.167849327008931,66.0,80.0,10.0,1.0504514628777804,0.0,0.00980418655221305,0.010629672169184772,0.0,0.0
11,2340277,2369277,0,75.63333333333334,3.7101961613310364,69.0,80.0,1.0,1.217685764345488,0.0,0.00976222284791475,0.010702336062583931,0.0,0.0
11,2348277,2377277,0,74.43333333333334,5.389392874485544,64.0,80.0,12.0,1.144702942944678,0.0,0.006485970610651929,0.0033822266569344954,0.0,0.0
11,2356277,2382277,0,71.0,6.649979114420001,61.0,80.0,19.0,1.0190493307301363,0.0,0.005839680873729501,0.0036469591328353243,0.0,0.0
11,2364277,2382277,0,67.63157894736842,4.922670716248388,61.0,77.0,16.0,1.1547005383792515,0.0,0.004691283917188395,0.0031126784079732717,0.0,0.0
11,2372277,2382277,0,64.0,2.174229226018436,61.0,68.0,7.0,0.8366600265340756,0.0,0.005214845508420686,0.0034336290333367263,0.0,0.0
11,2931266,2938038,0,67.42857142857143,0.7284313590846836,66.0,68.0,2.0,0.5773502691896257,0.0,0.013611590940624316,0.0028313920035744375,0.0,0.0
11,2931266,2946038,0,67.4,0.7118052168020874,66.0,68.0,1.0,0.5976143046671968,0.0,0.013095864849631302,0.007313760701281777,0.0,0.0
11,2931266,2954038,0,67.6086956521739,0.8203461853962264,66.0,69.0,0.0,0.7977240352174656,0.0,0.011883165849136063,0.007346939508023226,0.0,0.0
11,2932266,2962038,0,67.23333333333333,1.0225241100118647,65.0,69.0,3.0,0.7656414934887764,0.0,0.010109006784152578,0.007180429001755824,0.0,0.0
11,2941038,2970038,0,65.8,2.797618034447638,59.0,69.0,8.0,0.909717652294684,0.0,0.007059800315142183,0.005771576942093251,0.0,0.0
11,2949038,2978038,0,63.233333333333334,4.18476071265995,56.0,69.0,12.0,0.9468641529479986,0.0,0.005389299317981942,0.0041246700199166,0.0,0.0
11,2957038,2986038,0,59.86666666666667,3.9726845107838886,55.0,66.0,10.0,0.9468641529479986,0.0,0.004807331036196791,0.0035406106219078365,0.0,0.0
11,2965038,2994038,0,57.63333333333333,2.183015244004392,55.0,63.0,6.0,0.909717652294684,0.0,0.0048525352154534206,0.003390708667946116,0.0,0.0
11,2973038,3002038,0,56.56666666666667,1.0857664983268223,55.0,60.0,4.0,0.7878385971583354,0.0,0.004202659040763326,0.002924171219926873,0.0,0.0
11,2981038,3010038,0,56.63333333333333,0.7951240294584374,55.0,58.0,3.0,0.6695340634119862,0.0,0.0038141546168086204,0.0027494489445809302,0.0,0.0
11,2989038,3018038,0,57.233333333333334,0.6674994798166928,56.0,58.0,1.0,0.4913036844405175,0.0,0.00410595966294608,0.0030930737800893946,0.0,0.0
12,551716,581352,0,74.48148148148148,1.2872701627394643,72.0,77.0,4.0,0.6793662204867574,0.0,0.01686354406077626,0.016039699276844555,0.0,0.0
12,560711,589352,0,74.88461538461539,1.0124958908529371,73.0,77.0,1.0,0.7745966692414834,0.0,0.019085810263725876,0.01569898387872875,0.0,0.0
12,568352,597352,0,74.03333333333333,1.9405039437103848,70.0,77.0,4.0,0.7878385971583354,0.0,0.013862548801705305,0.007841588064070001,0.0,0.0
12,576352,605352,0,73.0,2.016597794967223,70.0,76.0,4.0,0.6948083337796512,0.0,0.016478454271614058,0.009147222814412215,0.0,0.0
12,584352,613352,0,71.9,1.2741009902410927,70.0,75.0,3.0,0.7656414934887764,0.0,0.015999473639516266,0.008527777970110572,0.0,0.0
12,592352,621352,0,71.76666666666667,1.054619467970425,70.0,74.0,2.0,0.6948083337796512,0.0,0.014065902575467712,0.008786027114114492,0.0,0.0
12,600352,629352,0,72.16666666666667,0.8595864638818418,71.0,74.0,0.0,0.6432675209026769,0.0,0.013329515409363828,0.008958280353939103,0.0,0.0
12,608352,637352,0,72.3,0.8225975119502045,71.0,74.0,0.0,0.6432675209026769,0.0,0.009635558028521294,0.004428834250940641,0.0,0.0
12,616352,640352,0,72.44,0.8039900496896714,71.0,74.0,1.0,0.67700320038633,0.0,0.009488432023216893,0.004107263576673971,0.0,0.0
12,624352,640352,0,72.05882352941177,0.5391265523477459,71.0,73.0,0.0,0.7071067811865476,0.0,0.010320018971291953,0.003296219224854967,0.0,0.0
12,632352,640352,0,72.0,0.6666666666666666,71.0,73.0,1.0,0.7905694150420949,0.0,0.010530316488429956,0.003843083733504677,0.0,0.0
12,1858332,1861332,0,73.25,0.4330127018922193,73.0,74.0,1.0,0.5773502691896257,0.0,0.0035169770871089725,0.0011836486327287759,0.0,0.0
12,1858332,1869329,0,74.25,1.0103629710818451,73.0,76.0,2.0,0.6030226891555273,0.0,0.0035248513510793985,0.0013663510793361245,0.0,0.0
12,1858332,1876329,0,75.47368421052632,1.81712384227706,73.0,78.0,3.0,0.6236095644623235,0.0,0.0033773293339825526,0.001851826287051207,0.0,0.0
12,1858332,1884749,0,76.04166666666667,1.9891197103800018,73.0,79.0,3.0,0.7518094115561123,0.0,0.0034348614121498277,0.0018273725258253868,0.0,0.0
12,1864332,1892749,0,76.3076923076923,1.6354070481130232,74.0,79.0,0.0,0.7483314773547883,0.0,0.004267846397789614,0.0036166380491725065,0.0,0.0
12,1872328,1900749,0,75.8076923076923,1.860918523600453,73.0,79.0,3.0,0.7211102550927979,0.0,0.004899004862725685,0.0036531556629088133,0.0,0.0
12,1880749,1908749,0,75.75862068965517,1.7351373276426376,73.0,79.0,3.0,0.7791937224739796,0.0,0.005373828880741121,0.0034363620175171324,0.0,0.0
12,1887749,1916749,0,74.9,1.3747727084867518,73.0,78.0,1.0,0.7191949522280763,0.0,0.005373180936708216,0.003393160495157716,0.0,0.0
12,1895749,1924749,0,74.8,1.4696938456699071,73.0,78.0,1.0,0.7656414934887764,0.0,0.00474290638786139,0.0024832611789074284,0.0,0.0
12,1903749,1932749,0,75.1,1.4456832294800959,73.0,78.0,0.0,0.6948083337796512,0.0,0.004506414339071597,0.00280446049270181,0.0,0.0
12,1911749,1940749,0,74.83333333333333,1.2405196043952265,73.0,77.0,1.0,0.6158817620514397,0.0,0.004391438473028547,0.003037537437722068,0.0,0.0
12,1919749,1946749,0,75.28571428571429,1.0301575072754257,73.0,77.0,2.0,0.6085806194501846,0.0,0.004406498001462619,0.0031738667939079043,0.0,0.0
12,1927749,1946749,0,75.6,0.9695359714832658,74.0,77.0,0.0,0.6488856845230502,0.0,0.004421820592306348,0.0030034061955313777,0.0,0.0
12,1935749,1946749,0,75.16666666666667,0.7993052538854533,74.0,76.0,1.0,0.674199862463242,0.0,0.0045497732441049194,0.003187454834926025,0.0,0.0
12,1943749,1946749,0,75.75,0.4330127018922193,75.0,76.0,1.0,0.5773502691896257,0.0,0.0031721322289710798,0.0031478146790617106,0.0,0.0
12,2508761,2516768,0,72.88888888888889,0.3142696805273545,72.0,73.0,1.0,0.3535533905932738,0.0,0.006129604907081445,0.005470439899964635,0.0,0.0
12,2508761,2524773,0,73.41176470588235,0.6910200073218077,72.0,75.0,2.0,0.5,0.0,0.004741865575209751,0.004693820353367371,0.0,0.0
12,2508761,2532825,0,73.58333333333333,0.6400954789890507,72.0,75.0,2.0,0.41702882811414954,0.0,0.0043028755725912655,0.004589399661529976,0.0,0.0
12,2511762,2540825,0,73.51724137931035,0.5645070877153413,73.0,75.0,0.0,0.3779644730092272,0.0,0.003455470272624886,0.003539396583351109,0.0,0.0
12,2519771,2548825,0,73.34482758620689,0.755479389662298,72.0,75.0,1.0,0.4225771273642583,0.0,0.005346457753052495,0.009042940872690773,0.0,0.0
12,2528825,2556825,0,73.24137931034483,0.8965517241379312,72.0,75.0,1.0,0.5,0.0,0.006114320006339268,0.009995166624688351,0.0,0.0
12,2535825,2564825,0,73.3,0.9363047936792094,72.0,75.0,1.0,0.6158817620514397,0.0,0.005924231357967426,0.009715551829784745,0.0,0.0
12,2543825,2572825,0,73.23333333333333,1.0225241100118647,72.0,75.0,0.0,0.6948083337796512,0.0,0.006171785858199278,0.009623878505997415,0.0,0.0
12,2551825,2580825,0,73.36666666666666,0.9826268648655785,72.0,75.0,1.0,0.7656414934887764,0.0,0.0038647914968191056,0.005132943554198097,0.0,0.0
12,2559825,2588825,0,73.13333333333334,0.8055363982396381,72.0,74.0,1.0,0.7191949522280763,0.0,0.0033743265644108813,0.0022578450211812547,0.0,0.0
12,2567825,2596825,0,73.13333333333334,0.8055363982396383,72.0,74.0,1.0,0.6158817620514397,0.0,0.003659288358767452,0.002397703821992408,0.0,0.0
12,2575825,2597825,0,73.30434782608695,0.7480282840906632,72.0,74.0,1.0,0.6396021490668313,0.0,0.0037866529193233455,0.0024607260207781664,0.0,0.0
12,2583825,2597825,0,73.66666666666667,0.47140452079103173,73.0,74.0,0.0,0.5345224838248488,0.0,0.004115977585617237,0.002292947198957106,0.0,0.0
12,2591825,2597825,0,73.42857142857143,0.4948716593053935,73.0,74.0,1.0,0.7071067811865476,0.0,0.004016518846000338,0.002581250384370329,0.0,0.0
12,3161193,3165194,0,79.0,0.8944271909999159,78.0,80.0,2.0,0.7071067811865476,0.0,0.0041113694762700635,0.0036703960082695272,0.0,0.0
12,3161193,3173194,0,77.53846153846153,1.336780553614059,76.0,80.0,3.0,0.6454972243679028,0.0,0.003921088224400275,0.0026986074496899784,0.0,0.0
12,3161193,3179197,0,77.78947368421052,1.195559651747426,76.0,80.0,2.0,0.6666666666666666,0.0,0.003694167761353561,0.0023932740216048294,0.0,0.0
12,3161193,3189612,0,77.42307692307692,1.214434877218996,76.0,80.0,4.0,0.6928203230275509,0.0,0.0038755319329188474,0.0024661841846591757,0.0,0.0
12,3168198,3197612,0,76.62962962962963,1.127046226274292,75.0,79.0,1.0,0.6504436355879909,0.0,0.0039026944089871163,0.0021675208363150845,0.0,0.0
12,3176195,3205612,0,76.07407407407408,1.1197197376171093,75.0,79.0,4.0,0.6201736729460423,0.0,0.003927499425998534,0.0024530154908848686,0.0,0.0
12,3184612,3213612,0,75.6,0.6633249580710798,74.0,77.0,3.0,0.6158817620514397,0.0,0.006126148626424131,0.007628443382782747,0.0,0.0
12,3192612,3221612,0,75.26666666666667,0.6289320754704402,74.0,76.0,1.0,0.6158817620514397,0.0,0.0059513704717003004,0.007712854085670245,0.0,0.0
12,3200612,3229612,0,75.06666666666666,0.679869268479038,74.0,76.0,2.0,0.5872202195147035,0.0,0.0064258070944337,0.007595664305068342,0.0,0.0
12,3208612,3237612,0,74.3,1.268857754044952,72.0,76.0,4.0,0.5872202195147035,0.0,0.006616077681512308,0.007783786286794193,0.0,0.0
12,3216612,3245612,0,73.23333333333333,1.782943882708844,70.0,76.0,4.0,0.5872202195147035,0.0,0.005298613698142138,0.0033059440394998495,0.0,0.0
12,3224612,3249612,0,72.3076923076923,1.4876215081395165,70.0,75.0,3.0,0.6633249580710799,0.0,0.005431359387398049,0.004119781568026505,0.0,0.0
12,3232612,3249612,0,71.5,0.8975274678557507,70.0,73.0,1.0,0.6416889479197478,0.0,0.004790007729015258,0.003779676650598459,0.0,0.0
12,3240612,3249612,0,70.9,0.7000000000000001,70.0,72.0,1.0,0.7453559924999299,0.0,0.004680293490103181,0.004647273365499817,0.0,0.0
12,3812620,3821625,0,78.7,0.6403124237432849,78.0,80.0,2.0,0.4714045207910317,0.0,0.006747206506828059,0.009774325803113193,0.0,0.0
12,3812620,3829638,0,78.05555555555556,1.0258991840344105,76.0,80.0,4.0,0.48507125007266594,0.0,0.004605905958671195,0.00779390428903722,0.0,0.0
12,3812620,3837111,0,77.76,1.0688311372709909,76.0,80.0,4.0,0.5773502691896257,0.0,0.004387047392951987,0.006794985370265874,0.0,0.0
12,3816623,3845111,0,76.62068965517241,1.6063192688071886,74.0,79.0,4.0,0.5976143046671968,0.0,0.00389556165773569,0.004673600710342445,0.0,0.0
12,3824636,3853111,0,76.06896551724138,1.2575574157800322,74.0,78.0,2.0,0.6546536707079771,0.0,0.0035850405680915376,0.0027676615362891327,0.0,0.0
12,3832111,3861111,0,75.83333333333333,1.1571036638473187,74.0,78.0,0.0,0.6432675209026769,0.0,0.003995241923967693,0.003467009068611779,0.0,0.0
12,3840111,3869111,0,75.93333333333334,1.0624918300339485,74.0,78.0,4.0,0.5872202195147035,0.0,0.004206906031190532,0.003318102602245225,0.0,0.0
12,3848111,3877111,0,76.93333333333334,1.2092238098144705,75.0,79.0,1.0,0.6158817620514397,0.0,0.0036493273938136566,0.0029326438559021803,0.0,0.0
12,3856111,3885111,0,76.8,1.4,74.0,79.0,1.0,0.6158817620514397,0.0,0.0036511216047305215,0.003108493841405066,0.0,0.0
12,3864111,3893111,0,76.5,1.6278820596099706,74.0,79.0,0.0,0.5872202195147035,0.0,0.0031628122285609554,0.002349856138210682,0.0,0.0
12,3872111,3901111,0,76.36666666666666,1.5595583420386114,74.0,79.0,0.0,0.5872202195147035,0.0,0.00438842191070588,0.007342963266454256,0.0,0.0
12,3880111,3901111,0,75.77272727272727,1.3118972445147101,74.0,79.0,3.0,0.5773502691896257,0.0,0.005310870707654074,0.008352749533739181,0.0,0.0
12,3888111,3901111,0,76.35714285714286,1.171515676204052,74.0,79.0,5.0,0.6201736729460423,0.0,0.005606160413347862,0.010211641619011448,0.0,0.0
12,3896111,3901111,0,77.33333333333333,0.9428090415820634,76.0,79.0,3.0,0.7745966692414834,0.0,0.009208069232647657,0.014655304700693157,0.0,0.0
13,2252704,2281960,1,86.0,3.3487737627802976,82.0,92.0,5.0,0.7453559924999299,0.0,0.07295906836706967,0.07119804444604262,0.0,0.0
13,2260960,2289960,1,83.65517241379311,2.915781814704787,79.0,90.0,11.0,1.1801936887041646,0.0,0.07766637782021445,0.06505659182920105,0.0,0.0
13,2268960,2297960,1,81.55172413793103,2.206357692833985,79.0,86.0,3.0,1.1801936887041646,0.0,0.07983617871843783,0.06689513124692409,0.0,0.0
13,2276960,2305960,1,81.0,2.067815772491717,79.0,86.0,1.0,1.267731382092775,0.0,0.05735106941891396,0.05607703493867763,0.0,0.0
13,2284960,2313960,1,80.26666666666667,0.9637888196533975,79.0,82.0,1.0,0.8509629433967631,0.0,0.041015787047681364,0.05327983159091958,0.0,0.0
13,2292960,2321960,1,80.76666666666667,1.054619467970425,79.0,83.0,3.0,0.9649012813540153,0.0,0.050802056675285694,0.11303148551344035,0.0,0.0
13,2300960,2329960,1,80.66666666666667,1.1925695879998877,78.0,83.0,1.0,1.0,0.0,0.08324990007711781,0.16157256495527111,0.0,0.0
13,2308960,2337960,1,80.46666666666667,1.499629583893599,78.0,83.0,1.0,0.9649012813540153,0.0,0.09563677959435027,0.16209998918635768,0.0,0.0
14,1709849,1738996,1,103.1923076923077,1.544698894463323,101.0,106.0,1.0,0.7745966692414834,0.0,0.05090942962763629,0.10871431953762849,0.0,0.0
14,1717868,1740996,1,103.52380952380952,1.5620209016054025,101.0,106.0,4.0,0.6324555320336759,0.0,0.05886465343824001,0.11846895071741066,0.0,0.0
14,1725890,1740996,1,104.33333333333333,1.0110500592068732,102.0,106.0,3.0,0.7071067811865476,0.0,0.07906865010728062,0.134914073491956,0.0,0.0
14,1733996,1740996,1,104.875,0.5994789404140899,104.0,106.0,0.0,0.7559289460184544,0.0,0.05082034433044265,0.07629367968246802,0.0,0.0
14,5474602,5483602,1,105.1,0.9433981132056604,103.0,106.0,3.0,0.7453559924999299,0.0,0.04140478620837681,0.07160772230125537,0.0,0.0
14,5474602,5491602,1,103.11111111111111,2.401131420552701,99.0,106.0,5.0,0.8043996665398437,0.0,0.04694497087006044,0.07316854046689115,0.0,0.0
14,5474602,5493602,1,102.8,2.4819347291981715,99.0,106.0,7.0,0.8885233166386386,0.0,0.06907980111537429,0.11385401573811725,0.0,0.0
14,5478602,5493602,1,102.0625,2.2211694554896075,99.0,106.0,7.0,0.9309493362512627,0.0,0.06584457612934277,0.11688505365084463,0.0,0.0
14,5486602,5515602,1,97.25,3.072051431861127,94.0,101.0,7.0,1.3416407864998738,0.0,0.06237838796013706,0.11836925461682965,0.0,0.0
14,5508602,5523602,1,94.0625,0.42847841252506524,93.0,95.0,1.0,0.5773502691896257,0.0,0.004668480509802008,0.0031039370941308817,0.0,0.0
14,5508602,5531602,1,94.66666666666667,0.9860132971832694,93.0,97.0,1.0,0.6255432421712243,0.0,0.007161152082111707,0.005734893961238795,0.0,0.0
14,5510602,5539602,1,95.2,1.2489995996796794,93.0,97.0,1.0,0.5570860145311556,0.0,0.010481405902392448,0.011625476516987601,0.0,0.0
14,5518602,5547602,1,95.6,1.0198039027185568,94.0,97.0,2.0,0.5252257314388902,0.0,0.02566183735394388,0.031380769647536166,0.0,0.0
14,5526602,5555602,1,96.16666666666667,0.7781745019952501,95.0,98.0,1.0,0.6158817620514397,0.0,0.03921403212693076,0.03623712253232792,0.0,0.0
14,5534602,5555602,1,96.0909090909091,0.8479435502808012,95.0,98.0,0.0,0.6172133998483676,0.0,0.049706552324595796,0.03689460311949491,0.0,0.0
14,5542602,5555602,1,96.07142857142857,0.8835226340609272,95.0,98.0,2.0,0.6793662204867574,0.0,0.054171771031858364,0.03639457176673059,0.0,0.0
14,5550602,5555602,1,96.83333333333333,0.6871842709362769,96.0,98.0,1.0,0.7745966692414834,0.0,0.05120231981959541,0.03756955454329868,0.0,0.0
14,6065182,6075742,1,104.5,1.4142135623730951,103.0,107.0,4.0,0.7559289460184544,0.0,0.03783244064975964,0.052102269377583894,0.0,0.0
14,6065182,6083742,1,101.85714285714286,3.291919606229403,97.0,107.0,9.0,1.1435437497937313,0.0,0.03618550571628655,0.04210333354588269,0.0,0.0
14,6065182,6091742,1,100.27272727272727,3.4533490751313782,96.0,107.0,11.0,1.0,0.0,0.04780522816438506,0.06215013594028872,0.0,0.0
14,6070742,6099742,1,98.46153846153847,2.2909650172054508,96.0,104.0,7.0,0.916515138991168,0.0,0.04969818272931233,0.058673279127427785,0.0,0.0
14,6078742,6107742,1,97.8,1.0770329614269007,96.0,100.0,3.0,0.7191949522280763,0.0,0.050094240065370416,0.058962213429738106,0.0,0.0
14,6086742,6115742,1,97.56666666666666,1.054619467970425,96.0,99.0,0.0,0.7878385971583354,0.0,0.05834779577447123,0.07252942003846341,0.0,0.0
14,6094742,6123742,1,98.25,1.242836617236094,96.0,101.0,4.0,0.9428090415820634,0.0,0.05139736860184258,0.06222509922853622,0.0,0.0
14,6102742,6131742,1,99.11111111111111,1.594744454934147,96.0,102.0,1.0,0.9405399431259602,0.0,0.04302958517506145,0.06513650703591504,0.0,0.0
14,6110742,6139742,1,98.74074074074075,2.302858008401454,94.0,102.0,3.0,1.0561177090573832,0.0,0.03213815198059151,0.04402189896351189,0.0,0.0
14,6118742,6147742,1,97.66666666666667,2.956474376811127,94.0,102.0,5.0,0.9805806756909202,0.0,0.02734532756558162,0.04469611453799193,0.0,0.0
15,4212773,4242664,1,80.48148148148148,4.297892423815899,74.0,86.0,10.0,0.9607689228305228,0.0,0.06828578607968774,0.08043767791612268,0.0,0.0
15,4220791,4250664,1,83.34482758620689,3.229987317888688,76.0,87.0,11.0,1.0522085616183026,0.0,0.09151531997936638,0.0980323891732113,0.0,0.0
15,4229664,4254664,1,85.07692307692308,1.327898192433236,82.0,87.0,3.0,1.0,0.0,0.08436597935567168,0.09568524731189275,0.0,0.0
15,4237664,4262664,1,85.47368421052632,1.1862555441668048,83.0,87.0,1.0,1.130388330520878,0.0,0.11276019552329176,0.09941528465601435,0.0,0.0
15,4245664,4274664,1,85.11764705882354,1.3669352986614414,83.0,87.0,3.0,1.0897247358851685,0.0,0.09766353740909162,0.09165525546768538,0.0,0.0
15,4253664,4281664,1,83.25,1.346291201783626,81.0,86.0,2.0,1.1547005383792515,0.0,0.04046545979887996,0.03914197103158524,0.0,0.0
15,4262664,4290664,1,83.84210526315789,1.7848236797698074,81.0,87.0,4.0,1.2018504251546631,0.0,0.08592335548185809,0.10961720718207402,0.0,0.0
15,4269664,4296664,1,84.54545454545455,2.2508033460254446,81.0,90.0,7.0,1.3273676061682242,0.0,0.09086040637355197,0.10760480038208385,0.0,0.0
15,4277664,4301664,1,85.52941176470588,2.659448130695839,81.0,90.0,5.0,1.346291201783626,0.0,0.13138539350220566,0.12140229423654844,0.0,0.0
15,4286664,4301664,1,87.08333333333333,1.2555432644432802,86.0,90.0,1.0,1.1677484162422844,0.0,0.16967970997793222,0.12402952165091899,0.0,0.0
15,4293664,4301664,1,88.2,1.16619037896906,87.0,90.0,0.0,1.7320508075688772,0.0,0.1652487681060038,0.10013040780434856,0.0,0.0
15,6089200,6098291,0,70.9,0.7000000000000001,70.0,72.0,1.0,0.7453559924999299,0.0,0.009336791374835124,0.008870640610635382,0.0,0.0
15,6089200,6106291,0,72.33333333333333,1.7320508075688772,70.0,75.0,2.0,0.8401680504168059,0.0,0.008593319869503433,0.011006295236500773,0.0,0.0
15,6089200,6114072,0,72.875,1.786815136865964,70.0,75.0,3.0,0.8075728530872482,0.0,0.00783719675804504,0.009728787570082003,0.0,0.0
15,6093218,6122072,0,73.25,1.5951936738662353,70.0,75.0,2.0,0.769800358919501,0.0,0.006894057272642198,0.009210581994379493,0.0,0.0
15,6101291,6130072,0,73.39285714285714,1.3974283961795606,71.0,75.0,4.0,1.1221672153735642,0.0,0.00608014635887265,0.007631668286866337,0.0,0.0
15,6109299,6138072,0,72.39285714285714,1.6762902432430478,70.0,75.0,5.0,1.1385500851066221,0.0,0.005230782363952558,0.0032466171320594908,0.0,0.0
15,6117072,6146072,0,71.33333333333333,1.3498971154211057,70.0,75.0,4.0,1.0827805840074194,0.0,0.005444755669503794,0.0032421417749729747,0.0,0.0
15,6125072,6154072,0,70.4,1.2,69.0,75.0,2.0,1.0827805840074194,0.0,0.00533093450488294,0.003047099690044151,0.0,0.0
15,6133072,6162072,0,69.63333333333334,0.7520342781785652,68.0,71.0,2.0,0.5252257314388902,0.0,0.005171269917785983,0.002973676295569245,0.0,0.0
15,6141072,6170072,0,69.26666666666667,0.573488351136175,68.0,71.0,1.0,0.4913036844405175,0.0,0.004284266021351433,0.002732295932873333,0.0,0.0
16,1071052,1100161,1,50.53333333333333,1.359738536958076,49.0,54.0,1.0,0.7656414934887764,0.0,0.015167752973620264,0.007233827656405568,0.0,0.0
16,1079077,1108333,1,50.18518518518518,1.4411167746921274,48.0,54.0,5.0,0.8086075400626399,0.0,0.011887131884727465,0.008437555975246265,0.0,0.0
16,1087106,1116333,1,49.0,1.3333333333333333,46.0,52.0,2.0,0.7844645405527362,0.0,0.007733909887120727,0.007959264264622274,0.0,0.0
16,1095137,1124333,1,47.888888888888886,1.8121673811444543,45.0,52.0,4.0,0.8320502943378437,0.0,0.004288950622621077,0.0030222761179468237,0.0,0.0
16,1106333,1132333,1,46.666666666666664,1.1547005383792515,45.0,49.0,3.0,0.5883484054145521,0.0,0.003796512200609572,0.0020779694569571278,0.0,0.0
16,1111333,1140333,1,46.0,0.7745966692414834,45.0,48.0,2.0,0.5872202195147035,0.0,0.005310887972510279,0.006712134531804907,0.0,0.0
16,1119333,1148333,1,45.733333333333334,0.4422166387140533,45.0,46.0,0.0,0.5252257314388902,0.0,0.006653798046903211,0.007920138158195002,0.0,0.0
16,1127333,1156333,1,46.6,1.6451950239004087,45.0,50.0,4.0,0.7427813527082074,0.0,0.0056315579669613675,0.008200187525044816,0.0,0.0
16,1135333,1159333,1,47.16,1.8260339536821324,45.0,50.0,4.0,0.7637626158259734,0.0,0.0059847493983391006,0.008925049178234334,0.0,0.0
16,1143333,1159333,1,48.0,1.6087993330796875,46.0,50.0,3.0,0.82915619758885,0.0,0.004286258401322692,0.006567698705773067,0.0,0.0
16,1151333,1159333,1,49.333333333333336,0.4714045207910317,49.0,50.0,1.0,0.7905694150420949,0.0,0.0018532804158577078,0.0009881341263717788,0.0,0.0
16,2389504,2396519,0,60.625,0.4841229182759271,60.0,61.0,1.0,0.6546536707079771,0.0,0.010090270239165732,0.004574872796169688,0.0,0.0
16,2389504,2404546,0,61.0625,0.8267972847076845,60.0,63.0,2.0,0.7302967433402214,0.0,0.008526575672312974,0.004469946815693483,0.0,0.0
16,2389504,2412811,0,61.375,0.8068715304598785,60.0,63.0,2.0,0.5897678246195885,0.0,0.006897080019147857,0.004510143770406821,0.0,0.0
16,2391510,2420811,0,61.43333333333333,0.6674994798166929,60.0,63.0,1.0,0.5570860145311556,0.0,0.006409269930582284,0.004056678155901647,0.0,0.0
16,2399529,2428811,0,61.766666666666666,0.49553562491061687,61.0,63.0,1.0,0.41522739926869984,0.0,0.0052973935949054305,0.002943811760902242,0.0,0.0
16,2407556,2436811,0,61.166666666666664,1.7336538165261124,55.0,62.0,7.0,0.7191949522280763,0.0,0.00517014351308498,0.0029935687919212875,0.0,0.0
16,2415811,2444811,0,58.36666666666667,4.679624866256791,49.0,62.0,11.0,0.8905635565617213,0.0,0.005903716700626653,0.002991636499342959,0.0,0.0
16,2423811,2452811,0,54.833333333333336,5.837141614028413,48.0,62.0,13.0,0.9284766908852593,0.0,0.0061735375614364995,0.0032204830585228625,0.0,0.0
16,2431811,2460811,0,51.3,4.2280807308596495,48.0,62.0,12.0,0.982607368881035,0.0,0.005711334743630039,0.0033311931649962576,0.0,0.0
16,2439811,2468811,0,49.06666666666667,0.9977753031397177,48.0,52.0,3.0,0.7191949522280763,0.0,0.005600683458957812,0.003208222337509286,0.0,0.0
16,2447811,2476811,0,48.56666666666667,0.7156970184527963,47.0,50.0,1.0,0.5570860145311556,0.0,0.005912021643792387,0.0032933351017962386,0.0,0.0
16,2455811,2477811,0,48.608695652173914,0.8203461853962264,47.0,50.0,1.0,0.5640760748177662,0.0,0.005503164057533254,0.0030540121885488302,0.0,0.0
16,2463811,2477811,0,48.46666666666667,0.8844332774281066,47.0,50.0,3.0,0.4629100498862757,0.0,0.006007677215450386,0.003319793983577179,0.0,0.0
16,2471811,2477811,0,47.714285714285715,0.6998542122237651,47.0,49.0,2.0,0.5773502691896257,0.0,0.006533460481718266,0.0022979784844669024,0.0,0.0
16,3603655,3612694,0,51.7,0.6403124237432849,51.0,53.0,0.0,0.816496580927726,0.0,0.003783219864826941,0.002483498233235776,0.0,0.0
16,3603655,3620716,0,51.666666666666664,0.5773502691896257,51.0,53.0,1.0,0.7276068751089989,0.0,0.015075022430603637,0.036881678280928594,0.0,0.0
16,3603655,3628760,0,53.46153846153846,4.030945386638123,50.0,67.0,16.0,1.5231546211727816,0.0,0.04211218872318749,0.07753702998944983,0.0,0.0
16,3607674,3636793,0,57.166666666666664,6.841458583924597,50.0,69.0,16.0,1.618854426800759,0.0,0.038626105222827514,0.0727932265468682,0.0,0.0
16,3615705,3644847,0,62.266666666666666,7.827018731434226,50.0,73.0,19.0,1.7120264258353668,0.0,0.053669010579025685,0.08302230291161963,0.0,0.0
16,3623737,3652920,0,68.70967741935483,5.870613247007652,54.0,77.0,21.0,1.7795130420052185,0.0,0.046388644896295114,0.06596836534605297,0.0,0.0
16,3631771,3660920,0,72.03333333333333,3.5259356520251792,64.0,77.0,11.0,1.5425013273341408,0.0,0.04733470312450172,0.06019093083014631,0.0,0.0
16,3639847,3668991,0,73.55172413793103,1.8305116468947582,69.0,77.0,3.0,1.5,0.0,0.07327981280398578,0.08082695046357208,0.0,0.0
16,3647847,3676991,0,73.37931034482759,1.9012481037365825,69.0,77.0,8.0,1.4638501094227998,0.0,0.06997153583754483,0.07202814559597463,0.0,0.0
16,3655920,3684113,0,70.89655172413794,3.565590608196018,63.0,76.0,13.0,1.4516001023501126,0.0,0.13758147319558947,0.17175322972964768,0.0,0.0
17,2409572,2438398,1,91.0,1.5442199922988256,89.0,94.0,2.0,0.6324555320336759,0.0,0.03882936097991023,0.076027294612593,0.0,0.0
17,2417581,2447398,1,90.6923076923077,1.8763555257923799,88.0,94.0,0.0,0.8,0.0,0.034447078695771245,0.07744641499900745,0.0,0.0
17,2425592,2455398,1,90.34615384615384,2.0180399418992163,88.0,94.0,5.0,0.7211102550927979,0.0,0.01891927210323235,0.04755756307142726,0.0,0.0
17,2434398,2463398,1,88.60714285714286,2.041345594634748,84.0,93.0,8.0,0.769800358919501,0.0,0.009139475666371103,0.022234397483321806,0.0,0.0
17,2442398,2471398,1,86.73333333333333,2.5420901286583493,83.0,90.0,5.0,0.6158817620514397,0.0,0.00444440905005967,0.002807461862525419,0.0,0.0
17,2450398,2479398,1,85.2,2.454927018602929,82.0,90.0,5.0,0.6695340634119862,0.0,0.004875368762935802,0.0035953641542703254,0.0,0.0
17,2458398,2487398,1,84.63333333333334,1.7978382080215733,82.0,88.0,0.0,0.6948083337796512,0.0,0.005158525609507253,0.003807971411038949,0.0,0.0
17,2466398,2495398,1,85.5,2.473189573539939,82.0,89.0,6.0,0.5252257314388902,0.0,0.005122470850135318,0.003824488544160045,0.0,0.0
17,2474398,2498398,1,86.8,2.4,82.0,90.0,8.0,0.5773502691896257,0.0,0.004841590809571344,0.0038798520572472734,0.0,0.0
17,2482398,2498398,1,88.23529411764706,1.164646463130784,86.0,90.0,4.0,0.5,0.0,0.004006367571075888,0.0028865635958930007,0.0,0.0
17,2490398,2498398,1,89.11111111111111,0.5665577237325317,88.0,90.0,2.0,0.5,0.0,0.0033391028989925623,0.002588088961975519,0.0,0.0
17,4149517,4158741,1,86.9,0.8306623862918076,86.0,88.0,2.0,0.4714045207910317,0.0,0.026064600141461825,0.023555145843197227,0.0,0.0
17,4149517,4166741,1,87.94444444444444,1.4326441064697364,86.0,90.0,4.0,0.6859943405700354,0.0,0.016919889283056426,0.02049965088750277,0.0,0.0
17,4149517,4174741,1,88.07692307692308,1.3846153846153846,86.0,90.0,1.0,0.6633249580710799,0.0,0.016693778569096096,0.019008792313750508,0.0,0.0
19,1969726,1999478,1,79.41935483870968,1.8452064059451736,76.0,82.0,0.0,1.0645812948447542,0.0,0.035960600664536185,0.028890444239766375,0.0,0.0
19,1978478,2007478,1,79.0,2.4899799195977463,74.0,82.0,1.0,1.217685764345488,0.0,0.05278793292616793,0.06949432754454389,0.0,0.0
19,1986478,2015478,1,78.63333333333334,2.287405128573034,74.0,82.0,1.0,1.1295406451144276,0.0,0.09620337316696054,0.12836507400907918,0.0,0.0
19,1994478,2023478,1,78.89655172413794,2.656739349552858,74.0,83.0,2.0,1.1952286093343936,0.0,0.09722145302534592,0.13043057033649358,0.0,0.0
19,2002478,2031478,1,80.06896551724138,3.1396357627834592,74.0,84.0,8.0,1.0690449676496976,0.0,0.09672422664415885,0.13080765368084354,0.0,0.0
19,2010478,2039478,1,81.27586206896552,1.7399276981438432,78.0,84.0,1.0,0.9063269671749657,0.0,0.06502330817893534,0.11579454532430085,0.0,0.0
19,2018478,2047478,1,81.53333333333333,1.5860503004493762,79.0,84.0,2.0,0.9468641529479986,0.0,0.06243324793556607,0.09246602493163829,0.0,0.0
19,2026478,2055478,1,81.76666666666667,1.6468825769380833,79.0,84.0,1.0,0.8905635565617213,0.0,0.05991575689417047,0.09195638395971757,0.0,0.0
19,2034478,2057478,1,81.58333333333333,1.8008485654145259,79.0,85.0,5.0,0.9555330859059091,0.0,0.0679107152699265,0.10116224317042183,0.0,0.0
19,2042478,2057478,1,82.6875,1.0439558180306292,81.0,85.0,4.0,1.0954451150103321,0.0,0.08674432909634956,0.11884119910098803,0.0,0.0
19,2050478,2057478,1,83.25,0.82915619758885,82.0,85.0,2.0,1.0690449676496976,0.0,0.03259162007725232,0.017447459726181825,0.0,0.0
19,3935670,3943696,1,74.66666666666667,0.6666666666666666,73.0,75.0,2.0,0.8660254037844386,0.0,0.02793985069232365,0.015116906769972486,0.0,0.0
19,3935670,3951684,1,75.11764705882354,0.8318903308077029,73.0,77.0,2.0,0.9354143466934853,0.0,0.028329470461944756,0.04173854744551008,0.0,0.0
19,3935670,3959658,1,76.16,1.8260339536821326,73.0,80.0,7.0,1.0206207261596576,0.0,0.032508668324154735,0.04568101937227076,0.0,0.0
21,406738,414790,1,99.5,1.118033988749895,98.0,101.0,1.0,0.8451542547285166,0.0,0.1355913828156073,0.20414847425796456,0.0,0.0
21,3851207,3860237,0,94.75,1.7853571071357126,93.0,97.0,4.0,1.8257418583505538,0.0,0.006366295230314737,0.002513512366911694,0.0,0.0
21,3851207,3868262,0,95.0,1.224744871391589,93.0,97.0,2.0,1.2060453783110545,0.0,0.010879142068480905,0.0043477691166084655,0.0,0.0
21,3851207,3876183,0,95.0,1.0289915108550531,93.0,97.0,2.0,1.0,0.0,0.011571208042232342,0.004146413468658529,0.0,0.0
21,3859235,3884183,0,95.0,0.8340576562282991,93.0,96.0,2.0,0.6030226891555273,0.0,0.012598542835902216,0.004286457822779501,0.0,0.0
21,3863240,3892183,0,94.37037037037037,1.7245106261959726,90.0,96.0,5.0,0.6504436355879909,0.0,0.013467558703066282,0.003865776692689888,0.0,0.0
21,3872183,3900183,0,92.0,3.695290572308638,85.0,96.0,10.0,0.7071067811865476,0.0,0.014061546792043331,0.00402869471695859,0.0,0.0
21,3879183,3908183,0,89.06666666666666,4.4492196569236215,83.0,96.0,11.0,0.7656414934887764,0.0,0.013777072886576008,0.004380635241835034,0.0,0.0
21,3887183,3916183,0,86.43333333333334,2.8946310453819306,83.0,93.0,9.0,0.7656414934887764,0.0,0.01357804121302022,0.004202255093835558,0.0,0.0
21,3895183,3924183,0,85.0,1.1254628677422756,83.0,87.0,1.0,0.6158817620514397,0.0,0.013527620932210754,0.004148047652480549,0.0,0.0
21,3903183,3932183,0,85.1,1.1357816691600546,83.0,87.0,2.0,0.6432675209026769,0.0,0.013446569353971176,0.004022133915885713,0.0,0.0
21,3911183,3939183,0,85.62068965517241,0.9252695079309474,84.0,87.0,1.0,0.5669467095138409,0.0,0.014049860795193136,0.003458260958899989,0.0,0.0
21,3919183,3939183,0,86.04761904761905,0.5753831415997416,85.0,87.0,2.0,0.5477225575051661,0.0,0.014077568434676311,0.0036154333232595952,0.0,0.0
21,3927183,3939183,0,86.23076923076923,0.5756395979652217,85.0,87.0,2.0,0.5773502691896257,0.0,0.014564257531965441,0.002740775693512893,0.0,0.0
21,3935183,3939183,0,86.4,0.4898979485566356,86.0,87.0,1.0,0.5,0.0,0.01309723998193888,0.003149099794641522,0.0,0.0
21,4500074,4508097,0,84.88888888888889,1.0999438818457408,84.0,87.0,3.0,0.6123724356957945,0.0,0.010326481344682469,0.004695182045707806,0.0,0.0
21,4500074,4516117,0,85.41176470588235,1.2394886768062046,84.0,87.0,0.0,0.6123724356957945,0.0,0.007136257490919837,0.004989849336957141,0.0,0.0
21,4500074,4523870,0,85.71428571428571,1.2777531299998799,84.0,87.0,0.0,0.5477225575051661,0.0,0.006263097951418936,0.004910355196173574,0.0,0.0
21,4503084,4531870,0,85.92307692307692,1.2379597645716216,84.0,87.0,1.0,0.4472135954999579,0.0,0.004880991186237448,0.004040970667605283,0.0,0.0
21,4511107,4539870,0,86.07692307692308,1.1409536133993328,83.0,87.0,2.0,0.4898979485566356,0.0,0.0031306860500713318,0.0016564165163167118,0.0,0.0
21,4519125,4547870,0,84.92307692307692,1.7303418275695372,82.0,87.0,4.0,0.565685424949238,0.0,0.011916867957063882,0.022055390013518993,0.0,0.0
21,4526870,4555870,0,84.06666666666666,1.671991493864594,81.0,87.0,3.0,0.7656414934887764,0.0,0.01739055388122355,0.02120863981920153,0.0,0.0
21,4534870,4563870,0,83.53333333333333,1.0561986345169905,81.0,85.0,1.0,0.8094272134003795,0.0,0.026155045139227822,0.021396284243351833,0.0,0.0
21,4542870,4571870,0,83.0,1.0954451150103321,81.0,85.0,1.0,0.8094272134003795,0.0,0.03520194595003424,0.016796152191507922,0.0,0.0
21,4550870,4579870,0,83.3,1.0692676621563626,81.0,85.0,2.0,0.6948083337796512,0.0,0.032718740028295265,0.010613894269307587,0.0,0.0
21,4558870,4587870,0,83.7,1.4177446878757824,81.0,87.0,3.0,0.6695340634119862,0.0,0.03450141482148924,0.01320825209308081,0.0,0.0
21,4566870,4588870,0,83.78260869565217,1.7183541604669132,81.0,87.0,5.0,0.6396021490668313,0.0,0.03362029768534826,0.014215057308175839,0.0,0.0
21,4574870,4588870,0,84.73333333333333,1.339983416149452,83.0,87.0,3.0,0.5976143046671968,0.0,0.030548525934039717,0.016302313097067745,0.0,0.0
21,4582870,4588870,0,85.85714285714286,1.124858267715973,84.0,87.0,3.0,0.7071067811865476,0.0,0.03528687896919285,0.02087397424632845,0.0,0.0
21,5734409,5740426,1,89.71428571428571,0.4517539514526256,89.0,90.0,1.0,0.7071067811865476,0.0,0.015674570627496814,0.006928314873593071,0.0,0.0
21,5734409,5748449,1,89.46666666666667,0.4988876515698588,89.0,90.0,1.0,0.5976143046671968,0.0,0.01833930194355271,0.008277176789415116,0.0,0.0
21,5734409,5756168,1,89.14285714285714,0.7095078297976829,88.0,90.0,2.0,0.6324555320336759,0.0,0.015776930708782066,0.008203074210868454,0.0,0.0
21,5735412,5764168,1,89.25,0.7849021777084254,88.0,91.0,0.0,0.6666666666666666,0.0,0.01386732293671559,0.007730598689727953,0.0,0.0
21,5743435,5772168,1,88.67857142857143,1.1355795068274745,86.0,91.0,2.0,0.7200822998230956,0.0,0.011768428131718344,0.006879392237149572,0.0,0.0
21,5751168,5780168,1,87.53333333333333,2.0121851030382096,83.0,91.0,5.0,0.7191949522280763,0.0,0.009154821095973719,0.003947358184957622,0.0,0.0
21,5759168,5788168,1,85.8,3.070287717245188,81.0,91.0,7.0,0.7191949522280763,0.0,0.008799980585401402,0.004220396519607807,0.0,0.0
21,5767168,5796168,1,84.0,2.1447610589527217,81.0,88.0,4.0,0.6432675209026769,0.0,0.0131477133312358,0.01609889602495875,0.0,0.0
21,5775168,5804168,1,83.63333333333334,1.6629959577688562,81.0,87.0,1.0,0.6695340634119862,0.0,0.014070067062310797,0.01614247161114914,0.0,0.0
21,5783168,5812168,1,83.9,1.680277754817142,81.0,87.0,3.0,0.6695340634119862,0.0,0.014989751728615584,0.016294294335558478,0.0,0.0
21,5791168,5820168,1,85.1,1.3747727084867518,82.0,88.0,6.0,0.7427813527082074,0.0,0.014473180111820215,0.016182124422010696,0.0,0.0
21,5799168,5823168,1,86.08,1.547126368465097,84.0,90.0,5.0,0.7905694150420949,0.0,0.011852115122294133,0.007261743384005651,0.0,0.0
21,5807168,5823168,1,86.29411764705883,1.77448272105863,84.0,90.0,4.0,0.7905694150420949,0.0,0.010991280957936568,0.007119313829892181,0.0,0.0
21,5815168,5823168,1,87.55555555555556,1.4989708403591155,85.0,90.0,5.0,0.7905694150420949,0.0,0.011884713610768935,0.005170999581358878,0.0,0.0
21,6714977,6723977,1,90.71428571428571,0.6998542122237652,90.0,92.0,1.0,1.0801234497346435,0.0,0.12988955803359942,0.1058507408776616,0.0,0.0
21,6714977,6725977,1,90.88888888888889,0.7370277311900889,90.0,92.0,1.0,1.0606601717798212,0.0,0.12424862892077823,0.10140231356835704,0.0,0.0
21,6714977,6725977,1,90.88888888888889,0.7370277311900889,90.0,92.0,1.0,1.0606601717798212,0.0,0.12424862892077823,0.10140231356835704,0.0,0.0
21,6719977,6747977,1,92.57142857142857,1.7202277969703277,90.0,95.0,1.0,0.9198662110077999,0.0,0.12185171561422563,0.10784012657443856,0.0,0.0
22,1013168,1042412,0,79.0,1.618854426800759,76.0,82.0,3.0,0.823754471047914,0.0,0.027210858015568454,0.03816232730564181,0.0,0.0
22,1021412,1050412,0,79.66666666666667,1.9550504398153574,76.0,84.0,4.0,1.0504514628777804,0.0,0.047266500494893164,0.0659233310573851,0.0,0.0
22,1029412,1058412,0,80.93333333333334,1.8607047649270485,78.0,86.0,1.0,1.4019690586383533,0.0,0.06186182059468247,0.0923139855280951,0.0,0.0
22,1037412,1066424,0,81.43333333333334,1.961008810677697,79.0,86.0,5.0,1.4263529572376852,0.0,0.08346504240184602,0.11525095863704994,0.0,0.0
22,1045412,1074760,0,82.17857142857143,2.105326093312785,79.0,86.0,5.0,1.4529663145135578,0.0,0.08622196942824736,0.11910764253537605,0.0,0.0
22,1053412,1082760,0,83.28,2.96,79.0,89.0,4.0,1.0801234497346435,0.0,0.06990226073930467,0.11809943807988249,0.0,0.0
22,1061412,1090760,0,85.16,2.2570777567465417,81.0,89.0,3.0,0.9354143466934853,0.0,0.03987023731231154,0.09601397034785755,0.0,0.0
22,1069760,1098760,0,85.33333333333333,1.9245008972987527,82.0,89.0,1.0,1.0561177090573832,0.0,0.005753320629191931,0.004053786479649289,0.0,0.0
22,1080760,1101760,0,85.13636363636364,2.0067036413312835,82.0,89.0,6.0,0.9759000729485332,0.0,0.004715469320776978,0.004161120548377124,0.0,0.0
22,1085760,1101760,0,84.41176470588235,1.647058823529412,82.0,87.0,4.0,1.0606601717798212,0.0,0.003447970650221812,0.002487898551076628,0.0,0.0
22,1093760,1101760,0,83.77777777777777,1.1331154474650633,82.0,86.0,1.0,1.0606601717798212,0.0,0.002818611814003589,0.0014572845888393613,0.0,0.0
22,1685823,1690835,0,81.0,0.816496580927726,80.0,82.0,2.0,0.6324555320336759,0.0,0.02148373339981995,0.016271043278411074,0.0,0.0
22,1685823,1698855,0,80.85714285714286,0.989743318610787,80.0,83.0,1.0,0.6201736729460423,0.0,0.014724984914618437,0.015763175876065183,0.0,0.0
22,1685823,1707049,0,81.4090909090909,1.1931277044006081,80.0,84.0,1.0,0.6546536707079771,0.0,0.012723066310495718,0.013813242118942241,0.0,0.0
22,1685823,1715049,0,81.43333333333334,1.1742609969205693,80.0,84.0,2.0,0.7427813527082074,0.0,0.01088406180285057,0.012603822079167118,0.0,0.0
22,1693844,1723049,0,81.56666666666666,1.4533486237727762,78.0,84.0,2.0,0.8304547985373997,0.0,0.005674965374425245,0.006203854275928491,0.0,0.0
22,1701863,1731049,0,80.16666666666667,2.634177080017379,75.0,84.0,5.0,0.8509629433967631,0.0,0.010002135270454803,0.021283810121685544,0.0,0.0
22,1710049,1739060,0,79.7,2.557994005726623,75.0,84.0,0.0,0.9468641529479986,0.0,0.0246239121270088,0.042072132679672275,0.0,0.0
22,1718049,1746539,0,78.58620689655173,2.141820710795798,75.0,83.0,3.0,1.0522085616183026,0.0,0.060234136862090164,0.08220429689348542,0.0,0.0
22,1726049,1754539,0,77.65517241379311,2.055704629074328,74.0,82.0,1.0,1.2100767390069582,0.0,0.07855459327214975,0.09180813910675241,0.0,0.0
22,1734049,1762539,0,77.93103448275862,1.9463676954027707,74.0,82.0,0.0,1.164964745021435,0.0,0.07354089280502732,0.09305555599789839,0.0,0.0
22,1741539,1770539,0,78.4,2.4711670657134186,74.0,84.0,8.0,0.982607368881035,0.0,0.05627652810271728,0.09268283510897073,0.0,0.0
22,1749539,1774539,0,79.8076923076923,3.6376157742001918,74.0,86.0,11.0,0.8717797887081347,0.0,0.021915003228997396,0.06258768991195002,0.0,0.0
22,1757539,1774539,0,81.44444444444444,3.113094605804866,77.0,86.0,9.0,0.8043996665398437,0.0,0.007646721955393963,0.0043214916967270435,0.0,0.0
22,1765539,1774539,0,83.8,1.9899748742132397,81.0,86.0,5.0,0.8819171036881969,0.0,0.007471192442533319,0.0043781816196322414,0.0,0.0
22,3584012,3587012,0,93.0,0.7071067811865476,92.0,94.0,1.0,1.2909944487358056,0.0,0.1477679908820802,0.07400934636170914,0.0,0.0
22,3584012,3587012,0,93.0,0.7071067811865476,92.0,94.0,1.0,1.2909944487358056,0.0,0.1477679908820802,0.07400934636170914,0.0,0.0
22,3584012,3587012,0,93.0,0.7071067811865476,92.0,94.0,1.0,1.2909944487358056,0.0,0.1477679908820802,0.07400934636170914,0.0,0.0
22,3584012,3587012,0,93.0,0.7071067811865476,92.0,94.0,1.0,1.2909944487358056,0.0,0.1477679908820802,0.07400934636170914,0.0,0.0
22,4798179,4802179,0,89.0,1.4142135623730951,87.0,91.0,4.0,1.0,0.0,0.122380359085867,0.16670423623555178,0.0,0.0
22,4798179,4810179,0,88.91666666666667,1.3819269959814167,86.0,91.0,2.0,1.2060453783110545,0.0,0.0895339798923916,0.11643752638704483,0.0,0.0
22,4798179,4818179,0,89.27777777777777,1.4065543223524624,86.0,92.0,1.0,1.0571882797418488,0.0,0.10611087802825275,0.11810949206556942,0.0,0.0
22,4798179,4826179,0,89.04545454545455,1.3643937290730574,86.0,92.0,3.0,1.2909944487358056,0.0,0.09080537386747237,0.11186881788344742,0.0,0.0
22,4805179,4832179,0,89.23809523809524,1.1507662831994832,88.0,92.0,1.0,1.118033988749895,0.0,0.06064164459792018,0.08404328197579729,0.0,0.0
22,4813179,4832179,0,89.14285714285714,1.355261854357877,88.0,92.0,2.0,1.3008872711759818,0.0,0.030068901936530338,0.03468843625863644,0.0,0.0
22,4823179,4832179,0,88.6,1.0198039027185568,88.0,91.0,3.0,0.5773502691896257,0.0,0.016593287869608155,0.01201574918358963,0.0,0.0
22,4829179,4832179,0,89.5,1.118033988749895,88.0,91.0,3.0,1.0,0.0,0.015183667675285834,0.006429927817750243,0.0,0.0
22,6871805,6874810,0,83.5,0.5,83.0,84.0,1.0,0.5773502691896257,0.0,0.013559413114830794,0.00698356498575184,0.0,0.0
22,6871805,6882832,0,83.58333333333333,1.0374916331657278,82.0,86.0,2.0,0.7385489458759964,0.0,0.01799406072914519,0.015272659489432676,0.0,0.0
22,6871805,6890855,0,85.3,2.3473389188611007,82.0,90.0,6.0,0.7947194142390263,0.0,0.025243734587651424,0.03403487051247511,0.0,0.0
22,6871805,6898889,0,86.0,2.29906813420444,82.0,90.0,4.0,0.769800358919501,0.0,0.04452125516292845,0.0821359548857521,0.0,0.0
22,6877818,6906899,0,86.81481481481481,1.7854771545472519,83.0,90.0,4.0,0.8770580193070292,0.0,0.04447523155316198,0.08340216826286724,0.0,0.0
22,6885841,6914941,0,88.32142857142857,1.5365446260213538,86.0,92.0,5.0,0.8388704928078611,0.0,0.06026226096258321,0.08409559187977826,0.0,0.0
22,6893884,6914941,0,88.4,1.6852299546352716,86.0,92.0,4.0,0.8583950752789521,0.0,0.06282430553234399,0.09219991678239227,0.0,0.0
22,6901892,6927119,0,89.3125,1.529654781315052,87.0,92.0,2.0,1.0327955589886444,0.0,0.061069208079325074,0.04740200115522058,0.0,0.0
22,6909908,6939119,0,90.16666666666667,1.1426091000668406,88.0,92.0,3.0,1.1677484162422844,0.0,0.06416782001423603,0.0469932867393283,0.0,0.0
23,1084786,1114291,0,78.13793103448276,1.775778370977067,75.0,81.0,3.0,0.9063269671749657,0.0,0.04470832691551359,0.05416196980005555,0.0,0.0
23,1092795,1122291,0,79.24137931034483,2.38754198249845,75.0,84.0,3.0,0.9819805060619657,0.0,0.042453366619897834,0.054292759292129976,0.0,0.0
23,1100808,1130291,0,79.25,2.558249959863746,75.0,84.0,3.0,1.3471506281091268,0.0,0.04316191226058962,0.05488859464774899,0.0,0.0
23,1110291,1138291,0,79.24137931034483,2.444630603416014,75.0,84.0,2.0,1.2817398889233114,0.0,0.029515543144276804,0.04178870957906487,0.0,0.0
23,1117291,1146291,0,78.7,2.5185974933151454,75.0,84.0,4.0,1.144702942944678,0.0,0.020180824345221057,0.004946962542167584,0.0,0.0
23,1125291,1154291,0,77.33333333333333,0.8299933065325821,75.0,80.0,2.0,0.8709883407113854,0.0,0.0181301111369132,0.006148117019953718,0.0,0.0
23,1133291,1162291,0,77.96666666666667,1.6224124698183944,77.0,83.0,6.0,0.5252257314388902,0.0,0.018227001295463178,0.006585545116602527,0.0,0.0
23,1141291,1170291,0,78.96666666666667,2.0572365498945966,77.0,83.0,1.0,0.6695340634119862,0.0,0.02127181981002662,0.013922626340059674,0.0,0.0
23,1149291,1173291,0,79.4,2.0,77.0,83.0,0.0,0.7637626158259734,0.0,0.023020325004962993,0.014334361068155537,0.0,0.0
23,1157291,1173291,0,80.17647058823529,1.9474053361466883,77.0,83.0,3.0,0.82915619758885,0.0,0.025192224765287527,0.01643819874796561,0.0,0.0
23,1165291,1173291,0,79.11111111111111,1.6629588385661962,77.0,82.0,5.0,0.7905694150420949,0.0,0.028268290972314966,0.021526899429449565,0.0,0.0
23,4595797,4601809,1,74.57142857142857,0.4948716593053935,74.0,75.0,1.0,0.408248290463863,0.0,0.009535913489235636,0.011050207496454714,0.0,0.0
23,4595797,4610146,1,74.92857142857143,1.222660197758835,74.0,78.0,3.0,0.7337993857053428,0.0,0.011602158906712946,0.011809782011730462,0.0,0.0
23,4595797,4618146,1,75.68181818181819,1.4265777114977465,74.0,78.0,1.0,0.7237468644557459,0.0,0.027371319120788808,0.04186329909473213,0.0,0.0
23,4596797,4626146,1,75.82758620689656,1.3408429031188678,74.0,78.0,0.0,0.8451542547285166,0.0,0.05085012803032054,0.06060885315569493,0.0,0.0
23,4605146,4632146,1,76.11111111111111,1.2862041003100253,73.0,78.0,1.0,1.126601424298216,0.0,0.07402104369632931,0.06695664729147377,0.0,0.0
23,4613146,4632146,1,76.1,1.2206555615733703,73.0,78.0,2.0,1.1697953037312037,0.0,0.0942682571400372,0.06654343335313133,0.0,0.0
23,4621146,4650146,1,75.57142857142857,1.2371791482634837,73.0,78.0,1.0,1.3301243435223524,0.0,0.10099738899772127,0.06991595615159135,0.0,0.0
23,4629146,4653146,1,75.85714285714286,0.832993127835043,75.0,77.0,1.0,1.0801234497346435,0.0,0.05551516974907307,0.038760852132188765,0.0,0.0
23,4649146,4666146,1,74.7,1.004987562112089,73.0,77.0,2.0,1.0540925533894598,0.0,0.03167497458386166,0.03290826098607055,0.0,0.0
23,4649146,4674729,1,73.44444444444444,1.7391639824998366,70.0,77.0,2.0,1.0846522890932808,0.0,0.03179687762038915,0.03329958154849938,0.0,0.0
23,4653146,4682729,1,73.0,1.7320508075688772,70.0,77.0,2.0,1.0215078369104984,0.0,0.029691340892274792,0.03363422515598793,0.0,0.0
23,4661146,4684729,1,72.79166666666667,1.4713702985841313,70.0,75.0,2.0,0.9780192938436515,0.0,0.030815141010105948,0.03306619345512455,0.0,0.0
23,4669729,4684729,1,72.3125,1.4456291882775472,70.0,75.0,0.0,1.0954451150103321,0.0,0.022429642082494088,0.022567328921207476,0.0,0.0
23,4677729,4684729,1,73.0,1.5,71.0,75.0,2.0,1.0690449676496976,0.0,0.022192101310537435,0.030955951325048036,0.0,0.0
23,5011288,5024288,1,79.85714285714286,0.832993127835043,79.0,81.0,2.0,0.816496580927726,0.0,0.04217729015941361,0.0387963499257555,0.0,0.0
23,5011288,5034288,1,79.57142857142857,1.3477115902938004,77.0,82.0,2.0,1.3587324409735149,0.0,0.024412018451866326,0.032809374778155216,0.0,0.0
23,5017288,5042288,1,78.42857142857143,1.9166296949998196,75.0,82.0,2.0,1.224744871391589,0.0,0.022702559675361826,0.02764861115195152,0.0,0.0
23,5023288,5049288,1,77.33333333333333,2.2110831935702664,74.0,82.0,6.0,1.3513278493843524,0.0,0.011181329120091206,0.009524276766717372,0.0,0.0
23,5029288,5058288,1,75.93103448275862,2.3915228806068556,72.0,82.0,10.0,1.1019463300386794,0.0,0.013049543438739965,0.012088503146796117,0.0,0.0
23,5037288,5066288,1,74.74074074074075,1.5053630691038205,72.0,77.0,0.0,1.4411533842457842,0.0,0.022552918841849092,0.022859946216556733,0.0,0.0
23,5045288,5074288,1,74.34615384615384,1.238557091392663,72.0,77.0,1.0,1.42828568570857,0.0,0.02217413580490267,0.022793020255110052,0.0,0.0
23,5053288,5082288,1,74.22222222222223,1.1331154474650633,72.0,76.0,1.0,1.3155870289605438,0.0,0.02205237000061249,0.02284006950626494,0.0,0.0
23,5062288,5084288,1,74.63636363636364,0.8813963377120597,72.0,76.0,0.0,1.3451854182690985,0.0,0.020593850242842666,0.024455107674437454,0.0,0.0
23,5069288,5084288,1,74.625,0.5994789404140899,74.0,76.0,0.0,0.9660917830792959,0.0,0.009894341828052707,0.009249163352985439,0.0,0.0
23,5077288,5084288,1,74.625,0.6959705453537527,74.0,76.0,1.0,1.1338934190276817,0.0,0.008366126087921978,0.01013734911705469,0.0,0.0
23,5834131,5841140,1,71.625,2.117634293262177,69.0,75.0,6.0,0.9258200997725514,0.0,0.058303432900936314,0.07935253771681099,0.0,0.0
23,5834131,5849988,1,74.3125,3.136852522832401,69.0,78.0,9.0,0.8563488385776752,0.0,0.05700582300931776,0.06132552895140805,0.0,0.0
23,5834131,5857988,1,75.58333333333333,3.1743328257901515,69.0,80.0,8.0,0.9325048082403138,0.0,0.06373142276190864,0.06233754441656619,0.0,0.0
23,5837135,5865988,1,76.34482758620689,2.0047506005170526,71.0,80.0,5.0,0.9819805060619657,0.0,0.06409123909649511,0.056555056597540725,0.0,0.0
23,5844988,5873988,1,76.2,1.92180470738661,72.0,80.0,4.0,0.909717652294684,0.0,0.055527397528785445,0.04541250236611343,0.0,0.0
23,5852988,5881988,1,74.66666666666667,2.637338725980331,70.0,80.0,7.0,0.9284766908852593,0.0,0.05191753773695428,0.04166400868169944,0.0,0.0
23,5860988,5889988,1,74.5,2.6172504656604803,70.0,81.0,4.0,0.982607368881035,0.0,0.04819643601717778,0.03957822078072507,0.0,0.0
23,5868988,5897988,1,74.8,2.86821663523986,70.0,81.0,2.0,1.1141720290623112,0.0,0.04566377001238139,0.03715414667075279,0.0,0.0
23,5876988,5905988,1,76.06666666666666,2.851120637379079,70.0,81.0,5.0,1.18903032065977,0.0,0.05325381974710774,0.049831931277956314,0.0,0.0
23,5884988,5913988,1,75.76666666666667,3.2525203902341473,69.0,81.0,7.0,1.1596670152276025,0.0,0.046775668732170504,0.048132548552555394,0.0,0.0
23,5892988,5921988,1,75.06896551724138,3.0842316931031584,69.0,79.0,1.0,1.6146649364939023,0.03571428571428571,0.057080706761763,0.06861586532396402,0.0,0.0
23,5900988,5923988,1,74.65217391304348,3.3180493962328543,69.0,79.0,4.0,1.7056057308448835,0.045454545454545456,0.06338226490487739,0.074859371506741,0.0,0.0
23,5908988,5923988,1,73.6,3.282275633357645,69.0,79.0,4.0,1.889822365046136,0.07142857142857142,0.05528112748380249,0.07588683632735112,0.0,0.0
23,5917988,5923988,1,76.85714285714286,1.4568627181693672,75.0,79.0,3.0,1.0801234497346435,0.0,0.0895627393520763,0.09688905976335757,0.0,0.0
23,7075084,7082093,1,75.375,3.0388114452858046,71.0,80.0,8.0,1.5118578920369088,0.0,0.014639373349263931,0.0031482600944883234,0.0,0.0
23,7075084,7090104,1,73.1875,3.1862742741327215,69.0,80.0,7.0,1.2909944487358056,0.0,0.018782905851558854,0.010197294205843917,0.0,0.0
23,7075084,7098113,1,73.875,2.8330269442182625,69.0,80.0,5.0,1.1978241142570356,0.0,0.026831671489338512,0.03499398872219527,0.0,0.0
23,7077086,7106126,1,73.73333333333333,2.1437246921084707,69.0,77.0,1.0,1.0667385033281394,0.0,0.029444007931888273,0.03480389195625279,0.0,0.0
23,7085097,7114143,1,74.56666666666666,2.139833846093871,69.0,78.0,7.0,0.9284766908852593,0.0,0.03296883529447217,0.034881233858698006,0.0,0.0
23,7093108,7122585,1,75.62068965517241,1.0639481807270008,74.0,78.0,2.0,0.9636241116594315,0.0,0.05652821407073859,0.06948711770392378,0.0,0.0
23,7101118,7130585,1,75.96551724137932,1.2452048334667438,74.0,78.0,1.0,1.0522085616183026,0.0,0.055929669208005864,0.06475166902889536,0.0,0.0
23,7109129,7138585,1,76.13793103448276,1.1955128154041184,74.0,78.0,2.0,1.164964745021435,0.0,0.0716840851099612,0.07877263948903719,0.0,0.0
23,7117146,7146585,1,75.96551724137932,1.2994099090632256,73.0,78.0,0.0,1.3363062095621219,0.0,0.07864942003747753,0.08762015345400223,0.0,0.0
23,7125585,7154585,1,76.06666666666666,1.236482466066094,73.0,78.0,1.0,1.2456821978060995,0.0,0.059842182498895606,0.0723570897681391,0.0,0.0
23,7133585,7162585,1,76.03333333333333,1.015983376941878,73.0,78.0,1.0,1.0985884360051028,0.0,0.06047108991646191,0.07258707701256259,0.0,0.0
24,4849753,4859753,0,96.6,1.3564659966250534,94.0,98.0,3.0,2.0615528128088303,0.0,0.18859919263504757,0.1262144579278649,0.0,0.0
24,4849753,4859753,0,96.6,1.3564659966250534,94.0,98.0,3.0,2.0615528128088303,0.0,0.18859919263504757,0.1262144579278649,0.0,0.0
24,4849753,4859753,0,96.6,1.3564659966250534,94.0,98.0,3.0,2.0615528128088303,0.0,0.18859919263504757,0.1262144579278649,0.0,0.0
24,4854753,4859753,0,97.25,0.4330127018922193,97.0,98.0,1.0,0.5773502691896257,0.0,0.15991226218791155,0.12568974439124647,0.0,0.0
24,6641824,6651847,0,102.4,1.2,101.0,105.0,4.0,0.6666666666666666,0.0,0.06728760007591142,0.060304021463922095,0.0,0.0
24,6641824,6659847,0,102.44444444444444,1.0122703976826997,101.0,105.0,2.0,0.5940885257860046,0.0,0.04187250726254723,0.05340065053356639,0.0,0.0
24,6641824,6667847,0,102.34615384615384,0.8745243846847748,101.0,105.0,3.0,0.5291502622129182,0.0,0.033974483284416324,0.04640258489654573,0.0,0.0
24,6646847,6675847,0,101.7,1.0376254944182253,99.0,103.0,3.0,0.4913036844405175,0.0,0.027953970447654224,0.04204715562197192,0.0,0.0
24,6654847,6683847,0,100.8,1.869046102516825,97.0,103.0,5.0,0.5570860145311556,0.0,0.016839130589757598,0.017681213648565418,0.0,0.0
24,6662847,6687847,0,98.88461538461539,3.411822466714629,90.0,102.0,10.0,1.5491933384829668,0.04,0.027956201648782802,0.03207614042703796,0.0,0.0
24,6670847,6687847,0,97.5,3.253203549323856,90.0,101.0,9.0,1.8629514849544841,0.058823529411764705,0.03341116240981462,0.036492983222900226,0.0,0.0
24,6678847,6707847,0,95.9090909090909,3.3153786416019035,90.0,99.0,1.0,2.8460498941515415,0.1,0.043542576918304605,0.039244955804064056,0.0,0.0
24,6686847,6715847,0,95.66666666666667,2.70801280154532,90.0,99.0,9.0,2.03100960115899,0.0,0.07537799898107574,0.04856313555642861,0.0,0.0
24,6707847,6721847,0,97.7,1.5524174696260022,96.0,101.0,4.0,1.247219128924647,0.0,0.05101165986047799,0.04721364431253938,0.0,0.0
24,6707847,6730847,0,98.3125,1.4882351124738322,96.0,101.0,2.0,1.1547005383792515,0.0,0.06040505434695054,0.042422577685683936,0.0,0.0
24,6710847,6730847,0,98.4,1.4966629547095764,96.0,101.0,3.0,1.164964745021435,0.0,0.06221407303397453,0.04321218184228898,0.0,0.0
24,6721847,6730847,0,99.57142857142857,0.7284313590846836,99.0,101.0,2.0,1.0,0.0,0.06665065211864597,0.03352958308959203,0.0,0.0
24,6726847,6730847,0,99.25,0.4330127018922193,99.0,100.0,1.0,0.5773502691896257,0.0,0.06222795346964556,0.021520106344573464,0.0,0.0
24,7521428,7547293,1,84.2,2.1354156504062622,81.0,87.0,6.0,1.5811388300841898,0.0,0.03236307821027132,0.020652324888492557,0.0,0.0
24,7532293,7555293,1,80.75,2.2407216099581255,79.0,86.0,6.0,1.1281521496355325,0.0,0.05099188121790212,0.04438971831141956,0.0,0.0
24,7543293,7563293,1,81.0,1.5894388284780525,79.0,84.0,3.0,0.9128709291752769,0.0,0.09983057110678378,0.11748152084275976,0.0,0.0
24,7543293,7567293,1,80.63636363636364,1.7976109030259262,77.0,84.0,7.0,1.0,0.0,0.09312512325194972,0.1116343489531888,0.0,0.0
24,7550293,7567293,1,80.41176470588235,1.717002296391344,77.0,83.0,2.0,0.9354143466934853,0.0,0.10253617191355215,0.12411272949972385,0.0,0.0
24,7558293,7584293,1,81.18181818181819,1.9455395053666085,77.0,83.0,1.0,2.1213203435596424,0.1,0.12468039318506617,0.1423840372892713,0.0,0.0
24,7566293,7584293,1,80.0,2.5495097567963922,77.0,83.0,4.0,3.559026084010437,0.3333333333333333,0.06715634629912959,0.03290614080795968,0.0,0.0
24,8892632,8894638,0,93.75,0.82915619758885,93.0,95.0,2.0,0.816496580927726,0.0,0.15655849553710943,0.10631452911149418,0.0,0.0
24,8892632,8894638,0,93.75,0.82915619758885,93.0,95.0,2.0,0.816496580927726,0.0,0.15655849553710943,0.10631452911149418,0.0,0.0
24,8892632,8915756,0,91.4,4.758150901348127,82.0,95.0,11.0,6.5383484153110105,0.25,0.13477044640868976,0.10459971137363959,0.0,0.0
24,8894635,8921756,0,87.0,4.371625682868,82.0,95.0,7.0,4.756574397610112,0.125,0.0786936801197519,0.09750308905188965,0.0,0.0
24,8915756,8921756,0,84.85714285714286,1.9587584572574412,82.0,87.0,5.0,1.35400640077266,0.0,0.026838240487495415,0.011075022470965675,0.0,0.0
24,8915756,8921756,0,84.85714285714286,1.9587584572574412,82.0,87.0,5.0,1.35400640077266,0.0,0.026838240487495415,0.011075022470965675,0.0,0.0
25,448063,465063,1,89.77777777777777,1.2717247935843996,87.0,91.0,1.0,0.7276068751089989,0.0,0.14272409148695447,0.14317095810467706,0.0,0.0
25,456063,485063,1,89.75,1.4215601757693317,87.0,91.0,1.0,1.243163121016122,0.0,0.13955850531834454,0.07816832172939094,0.0,0.0
25,464063,486063,1,89.0,1.4142135623730951,87.0,91.0,2.0,1.7320508075688772,0.0,0.16826567716994964,0.09636383392017873,0.0,0.0
25,512413,517413,1,87.33333333333333,0.7453559924999299,86.0,88.0,2.0,0.6324555320336759,0.0,0.1443390813879339,0.07626579948103385,0.0,0.0
25,512413,521413,1,86.6,1.1135528725660042,85.0,88.0,3.0,0.5773502691896257,0.0,0.1361783658264441,0.136647683575054,0.0,0.0
25,512413,521413,1,86.6,1.1135528725660042,85.0,88.0,3.0,0.5773502691896257,0.0,0.1361783658264441,0.136647683575054,0.0,0.0
25,512413,521413,1,86.6,1.1135528725660042,85.0,88.0,3.0,0.5773502691896257,0.0,0.1361783658264441,0.136647683575054,0.0,0.0
25,1185496,1202496,1,87.33333333333333,3.543381937578217,85.0,95.0,8.0,4.560701700396552,0.2,0.0969525321839828,0.03237725012076968,0.0,0.0
25,1185496,1202496,1,87.33333333333333,3.543381937578217,85.0,95.0,8.0,4.560701700396552,0.2,0.0969525321839828,0.03237725012076968,0.0,0.0
25,1198496,1202496,1,85.8,0.9797958971132712,85.0,87.0,2.0,1.0,0.0,0.10747418727937703,0.0243662109237535,0.0,0.0
25,1200496,1229496,1,89.16666666666667,2.91070819942883,85.0,92.0,7.0,2.4083189157584592,0.0,0.08710523924798408,0.03345587848281056,0.0,0.0
25,6464206,6477197,0,105.83333333333333,0.6871842709362768,105.0,107.0,0.0,1.0954451150103321,0.0,0.03221977458801914,0.046254781547849774,0.0,0.0
25,6464206,6479197,0,105.75,0.6614378277661477,105.0,107.0,1.0,1.0,0.0,0.02696401336256843,0.04115591648828711,0.0,0.0
25,6464206,6479197,0,105.75,0.6614378277661477,105.0,107.0,1.0,1.0,0.0,0.02696401336256843,0.04115591648828711,0.0,0.0
25,6473197,6479197,0,106.0,0.6324555320336759,105.0,107.0,2.0,0.7071067811865476,0.0,0.01451925346562038,0.010568708085648292,0.0,0.0
25,6525197,6533197,0,92.4,1.624807680927192,90.0,94.0,3.0,2.179449471770337,0.0,0.023956451269520708,0.026120284201636562,0.0,0.0
25,6525197,6533197,0,92.4,1.624807680927192,90.0,94.0,3.0,2.179449471770337,0.0,0.023956451269520708,0.026120284201636562,0.0,0.0
25,6525197,6542197,0,91.33333333333333,2.808716591058786,86.0,94.0,5.0,4.0743097574926725,0.2,0.03600960583823328,0.035985419004530214,0.0,0.0
25,6531197,6542197,0,91.75,3.344772040064913,86.0,94.0,8.0,4.69041575982343,0.3333333333333333,0.0514492964093317,0.034970851737485195,0.0,0.0
26,5976368,6005080,1,96.88888888888889,2.2662308949301266,93.0,100.0,6.0,0.9198662110077999,0.0,0.04328195677764811,0.0724799718514916,0.0,0.0
26,5986080,6014080,1,96.47619047619048,2.888714454876781,90.0,100.0,10.0,0.9486832980505138,0.0,0.035264218398273754,0.06008137928737168,0.0,0.0
26,5993080,6022080,1,91.77272727272727,4.471442905024346,85.0,98.0,10.0,1.1952286093343936,0.0,0.04488274859131866,0.059020561207282995,0.0,0.0
26,6001080,6030080,1,89.0909090909091,2.794622936170799,85.0,94.0,5.0,1.2149857925879117,0.0,0.07414906263539264,0.06879686994929396,0.0,0.0
26,6014080,6038080,1,88.42105263157895,2.391119303494852,85.0,94.0,4.0,1.4529663145135578,0.0,0.16355778547284863,0.40680623822652134,0.0,0.0
27,2507324,2536351,0,72.17241379310344,2.166659044469656,67.0,75.0,4.0,0.6546536707079771,0.0,0.0038984741680914824,0.0028148875305437884,0.0,0.0
27,2515357,2544351,0,71.06896551724138,3.3002720314497656,65.0,75.0,6.0,0.9258200997725514,0.0,0.0027374688868250898,0.001649370505387156,0.0,0.0
27,2523351,2552351,0,68.9,3.4578413304642344,65.0,75.0,8.0,0.909717652294684,0.0,0.003058993409498242,0.0018458407183660369,0.0,0.0
27,2531351,2560351,0,67.6,1.9078784028338915,65.0,71.0,2.0,0.909717652294684,0.0,0.0030606232924145623,0.0018910714746596929,0.0,0.0
27,2539351,2568351,0,67.1,1.7578395831246951,64.0,70.0,3.0,0.8094272134003795,0.0,0.003001821031505917,0.0017828752611595265,0.0,0.0
27,2547351,2576351,0,65.8,2.8448784391135824,61.0,70.0,4.0,0.6948083337796512,0.0,0.002958918327842819,0.001654887633082361,0.0,0.0
27,2555351,2584351,0,64.5,3.4132096331752027,61.0,70.0,8.0,0.6432675209026769,0.0,0.002714533244127394,0.0014144641931916361,0.0,0.0
27,2563351,2592351,0,62.63333333333333,1.8882678717691392,61.0,68.0,4.0,0.6432675209026769,0.0,0.0024652682565324507,0.0014120424970850902,0.0,0.0
27,2571351,2596351,0,62.11538461538461,1.2504437082314506,61.0,65.0,3.0,0.5291502622129182,0.0,0.002238669620774085,0.001466814088029712,0.0,0.0
27,2579351,2596351,0,62.388888888888886,1.37997137204158,61.0,65.0,3.0,0.5423261445466404,0.0,0.0022200601742352077,0.0014282811066865725,0.0,0.0
27,2587351,2596351,0,63.3,1.1874342087037917,62.0,65.0,3.0,0.5773502691896257,0.0,0.002083711799674285,0.001515111314720794,0.0,0.0
27,3209855,3216881,0,67.625,0.4841229182759271,67.0,68.0,0.0,0.5345224838248488,0.0,0.011057992520510516,0.006755186556067022,0.0,0.0
27,3209855,3225265,0,69.8125,2.530285309999645,67.0,74.0,6.0,0.7302967433402214,0.0,0.007243264952757884,0.006306289519317865,0.0,0.0
27,3209855,3233265,0,71.54166666666667,3.214280202817144,67.0,76.0,6.0,0.7223151185146152,0.0,0.03453087997748152,0.10279520872862039,0.0,0.0
27,3211869,3241265,0,73.23333333333333,3.7477400597634243,67.0,80.0,13.0,0.9649012813540153,0.0,0.030675812138016418,0.09262781491987754,0.0,0.0
27,3219890,3249265,0,75.83333333333333,2.381642757052833,71.0,80.0,5.0,0.9649012813540153,0.0,0.028418605741462342,0.0931217675819238,0.0,0.0
27,3228265,3257265,0,75.63333333333334,2.6518337470931734,70.0,80.0,5.0,1.0339078862458586,0.0,0.02850319962460936,0.09310272193225481,0.0,0.0
27,3236265,3265265,0,73.66666666666667,4.599516882842757,67.0,80.0,9.0,0.9649012813540153,0.0,0.004513331848278119,0.004216222857989112,0.0,0.0
27,3244265,3273265,0,70.93333333333334,3.889587238883953,67.0,79.0,11.0,0.7656414934887764,0.0,0.0037753591308111586,0.0029066964755950745,0.0,0.0
27,3252265,3281265,0,68.53333333333333,1.9275776393067947,67.0,74.0,7.0,0.6695340634119862,0.0,0.004258372656545418,0.002897369882188749,0.0,0.0
27,3260265,3289265,0,67.43333333333334,0.5587684871413402,67.0,69.0,0.0,0.3713906763541037,0.0,0.00489745662696034,0.006724666291420923,0.0,0.0
27,3268265,3297293,0,67.96666666666667,1.1100550536897809,67.0,71.0,3.0,0.4913036844405175,0.0,0.006296896908192574,0.007416178474971985,0.0,0.0
27,3276265,3298297,0,68.04347826086956,1.3980813209403067,67.0,71.0,3.0,0.4767312946227962,0.0,0.008487142837520197,0.01004877780964144,0.0,0.0
27,3284265,3298297,0,68.46666666666667,1.5434449203720302,67.0,71.0,4.0,0.5345224838248488,0.0,0.011649936389867834,0.011141374170846808,0.0,0.0
27,3292274,3298297,0,70.0,0.7559289460184544,69.0,71.0,2.0,0.5773502691896257,0.0,0.015490739880150912,0.009283556269919087,0.0,0.0
27,4764098,4768121,0,76.2,0.4,76.0,77.0,0.0,0.7071067811865476,0.0,0.040027959950778604,0.04777306389910155,0.0,0.0
27,4764098,4777007,0,75.61538461538461,0.6249260311258431,75.0,77.0,1.0,0.6454972243679028,0.0,0.029391106713398896,0.038455320865487044,0.0,0.0
27,4764098,4785007,0,74.95238095238095,1.0900498230723425,73.0,77.0,2.0,0.6324555320336759,0.0,0.06810073040133326,0.11404892115972869,0.0,0.0
27,4764098,4793007,0,75.82758620689656,2.035359250120511,73.0,81.0,5.0,0.7791937224739796,0.0,0.06858418966445833,0.10595339335945765,0.0,0.0
27,4772007,4801007,0,76.5,2.526525941551627,73.0,81.0,1.0,0.9284766908852593,0.0,0.06794410478281537,0.10325897586307042,0.0,0.0
27,4780007,4809007,0,76.86666666666666,2.4321915129272935,73.0,81.0,2.0,0.9468641529479986,0.0,0.047333068291308455,0.05274262732634643,0.0,0.0
27,4788007,4817007,0,77.16666666666667,2.05074512203627,75.0,81.0,2.0,0.8709883407113854,0.0,0.05870654374193432,0.07589337532510992,0.0,0.0
27,4796007,4825007,0,76.2,1.6613247725836149,74.0,81.0,1.0,1.0339078862458586,0.0,0.06577532728108984,0.08048381257798605,0.0,0.0
27,4804007,4833007,0,76.56666666666666,1.961008810677697,74.0,81.0,0.0,1.0827805840074194,0.0,0.08096819417783419,0.08701350063736774,0.0,0.0
27,4812007,4841007,0,75.4,3.0724582991474434,69.0,81.0,3.0,1.299867367239363,0.0,0.09183529697956866,0.0870523967364352,0.0,0.0
27,4820007,4849007,0,74.26666666666667,3.8895872388839523,68.0,81.0,7.0,1.3518824678560455,0.0,0.08467369149736967,0.06801044899579568,0.0,0.0
27,4828007,4853007,0,72.84615384615384,3.748767055695755,68.0,81.0,9.0,1.4,0.0,0.08693139783990213,0.07113897282636146,0.0,0.0
27,4836007,4853007,0,70.61111111111111,1.3391078659104387,68.0,73.0,2.0,1.2366938848016846,0.0,0.08260175740960934,0.0690100185102411,0.0,0.0
27,4844007,4853007,0,70.1,1.2206555615733703,68.0,72.0,2.0,1.3333333333333333,0.0,0.08256434230603736,0.06528053403950493,0.0,0.0
27,6509377,6512383,0,79.75,0.4330127018922193,79.0,80.0,0.0,0.816496580927726,0.0,0.11041172604255439,0.07611748671982824,0.0,0.0
27,6509377,6520959,0,81.75,2.277608394786075,79.0,86.0,6.0,0.9534625892455924,0.0,0.06689449752172112,0.08098515371662582,0.0,0.0
27,6509377,6528959,0,84.0,3.3015148038438356,79.0,88.0,8.0,0.7947194142390263,0.0,0.08691116025094134,0.07778931974358462,0.0,0.0
27,6509377,6536959,0,84.85714285714286,3.1249489791753366,79.0,88.0,6.0,0.769800358919501,0.0,0.08273716166709244,0.07580248021102169,0.0,0.0
27,6515959,6544959,0,85.93333333333334,1.7307673314329561,81.0,88.0,3.0,0.7191949522280763,0.0,0.11159100460435682,0.09998935446467946,0.0,0.0
27,6523959,6552959,0,85.8,1.6,83.0,88.0,2.0,0.5872202195147035,0.0,0.120375793641726,0.10580730842962309,0.0,0.0
27,6531959,6560959,0,84.9,1.2999999999999998,83.0,88.0,4.0,0.5252257314388902,0.0,0.12059886692034526,0.10510217316450456,0.0,0.0
27,6539959,6568959,0,84.23333333333333,0.6155395104206461,83.0,85.0,0.0,0.5252257314388902,0.0,0.12145908506323666,0.10352885586102106,0.0,0.0
27,6547959,6576959,0,84.13333333333334,0.49888765156985887,83.0,85.0,1.0,0.4913036844405175,0.0,0.10249262374809134,0.0874468063807904,0.0,0.0
27,6555959,6584959,0,84.46666666666667,0.7630348761506398,83.0,87.0,3.0,0.6158817620514397,0.0,0.10686001363944983,0.07380856115159448,0.0,0.0
27,6563959,6586959,0,84.83333333333333,1.0671873729054748,83.0,88.0,5.0,0.8075728530872482,0.0,0.10726297666109942,0.0723034736179293,0.0,0.0
27,6571959,6586959,0,85.0625,1.1439378261076953,84.0,88.0,4.0,0.8944271909999159,0.0,0.10699819010834252,0.07774201829451204,0.0,0.0
27,6579959,6586959,0,85.875,1.0532687216470449,85.0,88.0,3.0,1.2535663410560174,0.0,0.08686121189878851,0.046547262482493815,0.0,0.0
27,7918610,7929108,0,75.18181818181819,0.5749595745760689,74.0,76.0,1.0,0.7071067811865476,0.0,0.07046481568399983,0.08561032816580899,0.0,0.0
27,7918610,7937108,0,74.84210526315789,0.6698906348083081,74.0,76.0,0.0,0.7453559924999299,0.0,0.06467652845343,0.07180591335847848,0.0,0.0
27,7918610,7945108,0,75.4074074074074,1.2840693202488678,74.0,79.0,5.0,0.8086075400626399,0.0,0.05875407954178874,0.06203535324530353,0.0,0.0
27,7924108,7953108,0,75.4,1.4742229591663987,73.0,79.0,2.0,0.8304547985373997,0.0,0.046319896968881655,0.04671090383969045,0.0,0.0
27,7932108,7961108,0,74.96666666666667,1.8162843634433705,72.0,79.0,1.0,0.8509629433967631,0.0,0.03735334282891981,0.036051350442983736,0.0,0.0
27,7940108,7969108,0,75.46666666666667,2.0612833111653743,72.0,79.0,2.0,1.0504514628777804,0.0,0.03854141959384736,0.03712339248789722,0.0,0.0
27,7948108,7977108,0,74.66666666666667,1.719172927763684,72.0,79.0,2.0,1.0170952554312156,0.0,0.04044567350993192,0.03879527010650559,0.0,0.0
27,7956108,7985108,0,74.83333333333333,1.529342632927262,72.0,79.0,1.0,1.0667385033281394,0.0,0.03827182225044161,0.040017093829671016,0.0,0.0
27,7964108,7993108,0,75.0,1.4605934866804429,73.0,79.0,3.0,1.0985884360051028,0.0,0.04462499026134,0.08091973064118912,0.0,0.0
27,7972108,8001108,0,74.33333333333333,1.164283279771532,71.0,77.0,1.0,1.1295406451144276,0.0,0.0422708990562455,0.08053593885867096,0.0,0.0
28,1018974,1048777,1,88.0,2.8284271247461903,83.0,91.0,1.0,1.7480147469502525,0.0,0.023434154490562135,0.031973434002244915,0.0,0.0
28,1030777,1056777,1,88.8125,2.297246993686138,84.0,91.0,5.0,1.390443574307614,0.0,0.024914647585753687,0.03440435532373333,0.0,0.0
28,1035777,1064777,1,84.52631578947368,4.805352509689822,77.0,91.0,14.0,1.5275252316519468,0.0,0.021257933273491226,0.0326879340008264,0.0,0.0
28,1048777,1072777,1,79.36842105263158,2.6399865692598845,77.0,85.0,6.0,1.0,0.0,0.018597136409250935,0.05835632238823095,0.0,0.0
28,1056777,1080777,1,78.88,1.9041008376659045,77.0,84.0,2.0,1.0408329997330663,0.0,0.01884044832328966,0.0518848633738081,0.0,0.0
28,1059777,1088777,1,80.36666666666666,3.4879156462786702,77.0,87.0,6.0,0.9468641529479986,0.0,0.020013632556333653,0.04827885046033087,0.0,0.0
28,1067777,1096777,1,82.66666666666667,4.2295258468165065,77.0,89.0,12.0,0.8709883407113854,0.0,0.02108006945763063,0.047961480486392115,0.0,0.0
28,1075777,1104777,1,85.9,3.8587562763149474,77.0,91.0,11.0,0.8905635565617213,0.0,0.011276821937355823,0.015913243051508236,0.0,0.0
28,1083777,1107777,1,87.92,1.6951696080333671,86.0,91.0,2.0,0.6454972243679028,0.0,0.009705630549586959,0.013245626028030479,0.0,0.0
28,1091777,1107777,1,88.70588235294117,1.485803640037069,86.0,91.0,2.0,0.7071067811865476,0.0,0.0063048786448117716,0.00400784171696384,0.0,0.0
28,1099777,1107777,1,89.22222222222223,1.227262335243029,88.0,91.0,2.0,0.7071067811865476,0.0,0.00500513375233848,0.003251963283228672,0.0,0.0
28,3702004,3720004,1,91.25,1.479019945774904,89.0,93.0,4.0,1.4142135623730951,0.0,0.02636499579269912,0.0279355734359851,0.0,0.0
28,3702004,3728004,1,91.77777777777777,1.227262335243029,89.0,93.0,2.0,1.0,0.0,0.035160379711381785,0.0369069743449732,0.0,0.0
28,3718004,3728004,1,92.125,0.7806247497997998,91.0,93.0,0.0,0.7559289460184544,0.0,0.030393576136331705,0.036440205855690244,0.0,0.0
28,3718004,3728004,1,92.125,0.7806247497997998,91.0,93.0,0.0,0.7559289460184544,0.0,0.030393576136331705,0.036440205855690244,0.0,0.0
28,3726004,3746004,1,91.25,0.82915619758885,90.0,92.0,2.0,0.816496580927726,0.0,0.03926309480077233,0.04716755195111854,0.0,0.0
28,7067171,7072171,1,89.33333333333333,0.9428090415820634,88.0,91.0,2.0,1.4142135623730951,0.0,0.06109576378812509,0.05747556125508935,0.0,0.0
28,7067171,7080171,1,88.14285714285714,1.2453996981544782,87.0,91.0,3.0,1.0741723110591492,0.0,0.0689162026398806,0.05889417552510654,0.0,0.0
29,1058775,1087775,1,78.6923076923077,2.0147385928782757,77.0,83.0,4.0,1.5275252316519468,0.0,0.09351329684745688,0.13025110643216473,0.0,0.0
29,1077775,1095775,1,79.0,1.7320508075688772,77.0,82.0,4.0,0.9074852129730301,0.0,0.10275576477189616,0.14303869514136167,0.0,0.0
29,1077775,1103775,1,80.88461538461539,3.331977041625161,77.0,87.0,9.0,0.8717797887081347,0.0,0.07723908793196567,0.12524207170854185,0.0,0.0
29,1082775,1110775,1,82.33333333333333,3.4533933928711225,77.0,87.0,3.0,1.9903613896824017,0.038461538461538464,0.0831379613128895,0.1348833482899794,0.0,0.0
29,1091775,1119775,1,83.47826086956522,2.7954865053353926,78.0,87.0,0.0,2.0670576365276494,0.045454545454545456,0.038180373078942266,0.07105109929998148,0.0,0.0
29,1098775,1127775,1,83.08695652173913,3.07745015116285,78.0,87.0,4.0,2.0670576365276494,0.045454545454545456,0.037198534158958525,0.07041675551038412,0.0,0.0
29,1106775,1131775,1,81.21052631578948,2.1662226976059658,78.0,87.0,6.0,2.260776661041756,0.05555555555555555,0.03927311713278921,0.07705830108251698,0.0,0.0
29,1114775,1131775,1,80.71428571428571,0.6998542122237652,80.0,82.0,0.0,0.6793662204867574,0.0,0.021271613462872478,0.015440251245644064,0.0,0.0
29,1122775,1131775,1,80.4,0.4898979485566356,80.0,81.0,0.0,0.6666666666666666,0.0,0.022165432473104728,0.018109158199436974,0.0,0.0
29,1910440,1917498,1,80.75,0.82915619758885,80.0,82.0,1.0,1.2909944487358056,0.0,0.08219660729683038,0.12439250586572381,0.0,0.0
29,1910440,1928498,1,81.0,0.816496580927726,80.0,82.0,1.0,1.1832159566199232,0.0,0.13979715546076268,0.1325141720391902,0.0,0.0
29,1910440,1932498,1,81.25,0.82915619758885,80.0,82.0,1.0,1.0,0.0,0.17901987055008012,0.19712349336325552,0.0,0.0
29,1917498,1944498,1,82.11111111111111,0.8748897637790901,81.0,84.0,1.0,1.0606601717798212,0.0,0.12943767953727434,0.19104360691591213,0.0,0.0
29,1927498,1952498,1,79.76923076923077,3.3547634595933116,74.0,84.0,7.0,1.7559422921421233,0.0,0.09387007869878013,0.16776095775928224,0.0,0.0
29,1931498,1959498,1,78.66666666666667,3.699849846803096,74.0,84.0,0.0,2.4784787961282104,0.07142857142857142,0.04930999976989101,0.14390027930374102,0.0,0.0
29,1940498,1968498,1,78.53333333333333,3.612324582438417,74.0,84.0,4.0,2.4784787961282104,0.07142857142857142,0.011124264642660036,0.0074573977550809216,0.0,0.0
29,1949498,1976498,1,77.6875,2.7775607554111215,74.0,82.0,2.0,2.160246899469287,0.06666666666666667,0.017124257031875867,0.018122320646521525,0.0,0.0
29,1955498,1984498,1,79.38888888888889,1.6377114414426308,75.0,82.0,5.0,1.9250668437592438,0.058823529411764705,0.014487429966942368,0.017647106457051646,0.0,0.0
29,1965498,1992498,1,79.45833333333333,0.9991315673568166,78.0,82.0,3.0,0.8597269536210951,0.0,0.012825396959405147,0.016514771349993452,0.0,0.0
29,1971498,1998498,1,79.55555555555556,0.9558139185602917,78.0,81.0,0.0,0.7337993857053428,0.0,0.01103396945798976,0.015546063786025466,0.0,0.0
29,1979498,1998498,1,79.85,0.8529361054615989,78.0,81.0,2.0,0.7254762501100116,0.0,0.008604116742849844,0.00999030196798781,0.0,0.0
29,1987498,1998498,1,80.0,0.816496580927726,79.0,81.0,1.0,0.674199862463242,0.0,0.0061339261846641594,0.009264248697183668,0.0,0.0
29,1995498,1998498,1,80.75,0.4330127018922193,80.0,81.0,1.0,0.5773502691896257,0.0,0.011254151894307935,0.013949272091320476,0.0,0.0
29,3189058,3192066,0,84.75,0.4330127018922193,84.0,85.0,1.0,0.5773502691896257,0.0,0.0045684872937084755,0.002551189368596156,0.0,0.0
29,3189058,3195073,0,84.5,0.7637626158259734,83.0,85.0,0.0,1.0954451150103321,0.0,0.12250793806692888,0.1676530160155312,0.0,0.0
29,3189058,3207885,0,84.57142857142857,0.7284313590846836,83.0,85.0,0.0,1.0,0.0,0.10572344605000371,0.16056925871491678,0.0,0.0
3,482310,511310,0,102.83333333333333,0.8333333333333334,102.0,105.0,2.0,0.6859943405700354,0.0,0.07928102904561049,0.07694897628183711,0.0,0.0
3,495310,515310,0,102.71428571428571,0.6281383789653772,102.0,104.0,2.0,0.6324555320336759,0.0,0.08203420269211409,0.07549499205546722,0.0,0.0
3,498310,515310,0,102.61111111111111,0.5905636562630361,102.0,104.0,0.0,0.5940885257860046,0.0,0.08595426955956732,0.07996307948386046,0.0,0.0
3,506310,532310,0,102.0909090909091,1.378704626191191,98.0,103.0,4.0,1.3416407864998738,0.0,0.0740047653611605,0.05833892670532954,0.0,0.0
3,514310,543310,0,101.0,1.6733200530681511,98.0,103.0,2.0,2.5495097567963922,0.0,0.08854080452335637,0.07724821944837139,0.0,0.0
3,532310,548310,0,101.2,1.8330302779823358,98.0,103.0,5.0,1.8027756377319946,0.0,0.019088541533106705,0.015320590227948752,0.0,0.0
3,532310,557310,0,102.1,1.5779733838059498,98.0,103.0,5.0,1.2018504251546631,0.0,0.026236100678626268,0.020544849359762918,0.0,0.0
3,542310,557310,0,102.55555555555556,0.8314794192830981,101.0,103.0,2.0,0.7071067811865476,0.0,0.025603796983563614,0.02156366706471899,0.0,0.0
3,547310,557310,0,103.0,0.0,103.0,103.0,0.0,0.0,0.0,0.024907357573861758,0.023306608966357195,0.0,0.0
3,554310,557310,0,103.0,0.0,103.0,103.0,0.0,0.0,0.0,0.0232141471403518,0.010817233306002502,0.0,0.0
3,7527661,7535858,0,93.55555555555556,2.114033065604494,92.0,98.0,6.0,1.118033988749895,0.0,0.08119732193572043,0.09477704123313686,0.0,0.0
3,7527661,7543858,0,97.05882352941177,4.151124415147612,92.0,103.0,11.0,0.9682458365518543,0.0,0.0678161131273259,0.07828498439110554,0.0,0.0
3,7527661,7551858,0,99.16,4.601564951187801,92.0,104.0,12.0,0.816496580927726,0.0,0.06558906123329349,0.0740387290855131,0.0,0.0
3,7530676,7559858,0,101.23333333333333,3.8960093543122927,92.0,105.0,13.0,0.7656414934887764,0.0,0.07724955286030905,0.07096264108091707,0.0,0.0
3,7538858,7567858,0,103.9,1.468559384794046,100.0,106.0,6.0,0.454858826147342,0.0,0.051305033576953055,0.05305555764019627,0.0,0.0
3,7546858,7575858,0,105.0,1.0,103.0,107.0,3.0,0.41522739926869984,0.0,0.0488507367123066,0.05410288189488812,0.0,0.0
3,7554858,7583858,0,105.03333333333333,1.1396880664852507,102.0,107.0,2.0,0.5252257314388902,0.0,0.036738556389014375,0.03595988326176753,0.0,0.0
30,487740,517088,0,83.06896551724138,3.1832648007846265,76.0,87.0,11.0,0.6813851438692469,0.0,0.19075659540604523,0.24483288839586848,0.0,0.0
30,496088,525088,0,85.4,2.457641145488901,80.0,88.0,8.0,0.5252257314388902,0.0,0.17917044142566707,0.13885389551117444,0.0,0.0
30,504088,533088,0,87.0,1.3416407864998738,84.0,88.0,4.0,0.3713906763541037,0.0,0.20621162496930243,0.14726764524166033,0.0,0.0
30,512088,541088,0,87.7,0.45825756949558394,87.0,88.0,1.0,0.32163376045133846,0.0,0.23712391245537448,0.15425227815538511,0.0,0.0
30,520088,546088,0,87.88888888888889,0.31426968052735443,87.0,88.0,0.0,0.2773500981126146,0.0,0.24296836656875148,0.13927096311643516,0.0,0.0
30,528088,556825,0,88.5925925925926,1.446816665527749,87.0,92.0,4.0,0.4803844614152614,0.0,0.300462967851831,0.19371562811210613,0.0,0.0
30,536088,564825,0,90.70370370370371,3.3201384934836997,87.0,98.0,11.0,0.6504436355879909,0.0,0.3298976235300792,0.198744031060339,0.0,0.0
30,544088,570825,0,93.88,4.329618920875139,88.0,100.0,12.0,0.7071067811865476,0.0,0.268736103372322,0.24252371601945988,0.0,0.0
30,551825,570825,0,95.3,3.64828726939094,89.0,100.0,11.0,0.7608859102526822,0.0,0.21864564263782768,0.20805321516400072,0.0,0.0
30,559825,570825,0,97.83333333333333,2.229848026709942,94.0,100.0,6.0,0.7385489458759964,0.0,0.11928454745459871,0.14564347955419119,0.0,0.0
30,567825,570825,0,100.0,0.0,100.0,100.0,0.0,0.0,0.0,0.005064503236767952,0.004113792487061156,0.0,0.0
30,1027823,1037091,1,86.66666666666667,1.0540925533894598,86.0,89.0,3.0,0.6123724356957945,0.0,0.07729847438440471,0.12500969190558245,0.0,0.0
30,1027823,1045091,1,88.17647058823529,1.9169612631529793,86.0,91.0,4.0,0.9354143466934853,0.0,0.06330095263866067,0.09673641008634958,0.0,0.0
30,1027823,1053091,1,87.96,1.6608431593621353,86.0,91.0,1.0,0.8416254115301732,0.0,0.054213916675111724,0.08172826644704066,0.0,0.0
30,1031831,1061091,1,88.10344827586206,1.4935453674281183,85.0,91.0,1.0,0.944911182523068,0.0,0.049889939020513134,0.0765767226299143,0.0,0.0
30,1040091,1069091,1,86.6,2.7398296784046017,81.0,91.0,7.0,1.0667385033281394,0.0,0.02508923952512571,0.020065249139313922,0.0,0.0
30,1048091,1077091,1,85.53333333333333,2.4184476196289397,81.0,90.0,2.0,1.144702942944678,0.0,0.06104698931404958,0.20741989732616362,0.0,0.0
30,1056091,1085091,1,85.85714285714286,2.97266457809783,81.0,91.0,0.0,1.2171612389003692,0.0,0.10273488855872412,0.2559837368269512,0.0,0.0
30,1064091,1092091,1,86.57692307692308,3.5428484511659533,81.0,96.0,15.0,1.5362291495737217,0.0,0.15217229203494045,0.3057874244999133,0.0,0.0
30,1072091,1098091,1,88.7,3.2878564445547194,84.0,96.0,9.0,1.7621756887140216,0.0,0.19334077292371868,0.337949251974466,0.0,0.0
30,1081091,1109091,1,89.33333333333333,2.6246692913372702,86.0,96.0,4.0,2.0291986247835694,0.0,0.14327517674337767,0.2660639141976932,0.0,0.0
30,1088091,1116091,1,87.83333333333333,3.5939764421413036,83.0,96.0,4.0,2.0291986247835694,0.0,0.03195607244314462,0.033222081275188296,0.0,0.0
30,1097091,1116091,1,87.0,3.2071349029490928,83.0,94.0,11.0,1.593255013631383,0.0,0.024423509620958007,0.01616154124198026,0.0,0.0
30,1105091,1116091,1,85.91666666666667,1.9346977943739831,83.0,88.0,5.0,0.7977240352174656,0.0,0.02581621069273919,0.01705961478072866,0.0,0.0
30,1112091,1116091,1,83.8,0.7483314773547882,83.0,85.0,2.0,1.0,0.0,0.032507547302635935,0.023246331774320343,0.0,0.0
30,1840231,1861231,0,87.0,2.6457513110645907,83.0,90.0,6.0,2.8284271247461903,0.0,0.12681197866243432,0.20926054919830558,0.0,0.0
30,1840231,1869231,0,85.64285714285714,2.1582778471054467,83.0,90.0,4.0,1.7974340685458343,0.0,0.177917060589898,0.1516625741564409,0.0,0.0
30,1854231,1877231,0,84.6842105263158,1.2162336850832995,83.0,89.0,5.0,1.3123346456686351,0.0,0.11017321067223307,0.10290243256665647,0.0,0.0
30,1860231,1885231,0,84.53846153846153,0.7457969011409737,83.0,86.0,2.0,0.565685424949238,0.0,0.0861021048347696,0.09720980778695612,0.0,0.0
30,1864231,1891231,0,84.53571428571429,0.680448531544916,83.0,86.0,2.0,0.6085806194501846,0.0,0.07440179965930498,0.09215365844566338,0.0,0.0
30,1872231,1901231,0,82.96,3.104577265909161,73.0,86.0,11.0,1.136515141415488,0.0,0.02432768525430745,0.027733836821306524,0.0,0.0
30,1880231,1909231,0,79.04,5.681408276123095,71.0,86.0,12.0,1.1902380714238083,0.0,0.022751407739331618,0.02271505114565548,0.0,0.0
30,1888231,1917231,0,74.52,5.044759657307769,68.0,84.0,9.0,1.4577379737113252,0.0,0.016190485178469983,0.02138900957291889,0.0,0.0
30,1897231,1917231,0,72.76190476190476,3.3080675110396958,68.0,81.0,6.0,1.51657508881031,0.0,0.010773913039698959,0.0117919296786348,0.0,0.0
30,1904231,1917231,0,71.07142857142857,1.7914194577120646,68.0,75.0,3.0,1.4411533842457842,0.0,0.010709080139056512,0.013774585096052961,0.0,0.0
30,1912231,1917231,0,70.66666666666667,2.5603819159562025,68.0,75.0,7.0,1.8439088914585775,0.0,0.0037971687547883443,0.004821313676696454,0.0,0.0
30,2234688,2237689,1,88.0,0.7071067811865476,87.0,89.0,2.0,0.816496580927726,0.0,0.014446429172851553,0.004448458317220034,0.0,0.0
30,2234688,2245437,1,87.66666666666667,0.9428090415820634,86.0,89.0,3.0,1.0606601717798212,0.0,0.01907281045437497,0.021067250459783242,0.0,0.0
30,2234688,2253437,1,86.29411764705883,1.6720788710061052,84.0,89.0,5.0,0.9013878188659973,0.0,0.034022303461996944,0.052252048216118036,0.0,0.0
30,2234688,2261437,1,85.86363636363636,1.7134615295427966,83.0,89.0,4.0,0.9258200997725514,0.0,0.030621271749658816,0.04686546615077161,0.0,0.0
30,2240437,2269437,1,84.16,2.091506633984219,80.0,89.0,9.0,0.8897565210026093,0.0,0.024849430559882833,0.04385921817861517,0.0,0.0
30,2248437,2277437,1,81.96296296296296,2.5888862396001917,78.0,85.0,7.0,0.8086075400626399,0.0,0.02378971152605313,0.04235400650577491,0.0,0.0
30,2256437,2285437,1,81.14814814814815,2.320659288566006,78.0,85.0,1.0,0.8086075400626399,0.0,0.010597977895842318,0.010213945451689422,0.0,0.0
30,2264437,2293437,1,81.53571428571429,2.7448932175059566,78.0,87.0,3.0,0.8388704928078611,0.0,0.013182455542996659,0.018671257032720517,0.0,0.0
30,2272437,2301437,1,82.78571428571429,3.063111663198795,78.0,87.0,6.0,0.769800358919501,0.0,0.0116889175326601,0.018561856343770902,0.0,0.0
30,2280437,2309437,1,85.60714285714286,2.4833630094560672,80.0,90.0,9.0,0.7934920476158722,0.0,0.010119777950832866,0.01757745042290427,0.0,0.0
30,2288437,2317437,1,87.35714285714286,1.8168710488538433,85.0,90.0,4.0,0.6085806194501846,0.0,0.007531770642995041,0.007858595468154681,0.0,0.0
30,2296437,2324437,1,87.79310344827586,1.6687660182845327,85.0,90.0,4.0,0.5976143046671968,0.0,0.007042465045826369,0.00817478365159737,0.0,0.0
30,2304437,2324437,1,88.71428571428571,0.764875162105191,87.0,90.0,1.0,0.5916079783099616,0.0,0.007449814907832217,0.009475568395801718,0.0,0.0
30,2312437,2324437,1,88.46153846153847,0.7457969011409736,87.0,89.0,0.0,0.5773502691896257,0.0,0.008412032492829681,0.011420623535778423,0.0,0.0
30,2320437,2324437,1,87.8,0.7483314773547882,87.0,89.0,1.0,0.8660254037844386,0.0,0.004959454128429863,0.006503683985220502,0.0,0.0
30,3136815,3156802,0,95.5,2.140872096444188,91.0,97.0,4.0,2.756809750418044,0.2,0.029597065849914908,0.03951362357372582,0.0,0.0
30,3136815,3164802,0,93.5,2.382975331087468,91.0,97.0,0.0,1.7974340685458343,0.07692307692307693,0.015197919327420364,0.02888129818568845,0.0,0.0
30,3152802,3172802,0,93.04761904761905,2.1925456063278737,91.0,97.0,3.0,0.7416198487095663,0.0,0.006565003518847557,0.005456550212481594,0.0,0.0
30,3152802,3180802,0,93.82758620689656,2.275339542941189,91.0,97.0,1.0,0.7319250547113999,0.0,0.011945695748474162,0.017113717147362963,0.0,0.0
30,3159802,3188802,0,94.3,2.5709920264364885,91.0,98.0,5.0,0.8094272134003795,0.0,0.020730507916473247,0.030591663257411146,0.0,0.0
30,3167802,3193802,0,95.70370370370371,2.0694392658813325,91.0,98.0,6.0,0.8320502943378437,0.0,0.02739296132712367,0.03153864662820559,0.0,0.0
30,3175802,3204802,0,97.26923076923077,1.1947865051545437,96.0,100.0,0.0,0.9797958971132712,0.0,0.02927506533743383,0.03118347073200152,0.0,0.0
30,3183802,3212802,0,96.88461538461539,1.6944915978392838,93.0,100.0,5.0,0.9591663046625439,0.0,0.022980879172092114,0.02927857860572914,0.0,0.0
30,3191802,3220802,0,94.96153846153847,3.0442981915853675,90.0,100.0,6.0,0.8944271909999159,0.0,0.009717839141827741,0.00848867721345539,0.0,0.0
31,2601282,2631145,1,80.0,1.2817398889233114,78.0,83.0,0.0,1.1547005383792515,0.0,0.07268969544033109,0.07057917215722873,0.0,0.0
31,2611145,2639145,1,79.44827586206897,1.7924401956368312,76.0,83.0,1.0,1.0856202966836188,0.0,0.06123295808516441,0.07229390388937057,0.0,0.0
31,2618145,2647145,1,78.5,1.5652475842498528,76.0,82.0,3.0,0.8509629433967631,0.0,0.04205267054419472,0.05664734833344057,0.0,0.0
31,2626145,2655145,1,77.96666666666667,1.4715826703096078,76.0,82.0,3.0,0.8509629433967631,0.0,0.021359085820822625,0.028841385808354294,0.0,0.0
31,2634145,2663145,1,77.4,0.7571877794400363,76.0,79.0,2.0,0.9468641529479986,0.0,0.025829453573077702,0.039866560048575084,0.0,0.0
31,2642145,2671145,1,77.1,1.3253930234714029,73.0,79.0,2.0,1.203443335628631,0.0,0.026335993528171845,0.041241053973045054,0.0,0.0
31,2650145,2679145,1,77.9,1.972308292331602,73.0,82.0,4.0,1.3130643285972254,0.0,0.02599628691590693,0.04220972144044766,0.0,0.0
31,2658145,2687145,1,78.54166666666667,2.7685610983967024,73.0,86.0,9.0,1.6016296049038141,0.0,0.03045173573647895,0.04603836197093915,0.0,0.0
31,2666145,2689145,1,79.5,3.5784850922639815,73.0,86.0,8.0,1.6449566416599486,0.0,0.022301121593611972,0.026034109822083217,0.0,0.0
31,2674145,2689145,1,81.9,2.3,79.0,86.0,4.0,1.699673171197595,0.0,0.024017872904232566,0.027972588139159475,0.0,0.0
31,3999076,4007076,1,87.44444444444444,0.8314794192830981,86.0,88.0,0.0,0.8660254037844386,0.0,0.021134002577317478,0.018532707136256255,0.0,0.0
31,3999076,4015076,1,87.94117647058823,0.8724939396583133,86.0,89.0,0.0,0.7071067811865476,0.0,0.016953232893814313,0.014870509846287985,0.0,0.0
31,3999076,4023076,1,87.9090909090909,0.7925270806437587,86.0,89.0,1.0,0.6546536707079771,0.0,0.01688511933771519,0.014486603903631925,0.0,0.0
31,4002076,4024076,1,87.85,0.8529361054615989,86.0,89.0,1.0,0.6882472016116853,0.0,0.01565908206938122,0.011527363059868801,0.0,0.0
31,4010076,4034076,1,88.66666666666667,1.2995725793078619,87.0,91.0,2.0,1.1338934190276817,0.0,0.03621110082277539,0.04717362315684054,0.0,0.0
31,4021076,4047076,1,89.0,1.3093073414159542,87.0,91.0,1.0,1.270977818604485,0.0,0.04651338580346404,0.04636138990268419,0.0,0.0
31,4032076,4048076,1,89.54545454545455,0.9875254992000196,88.0,91.0,2.0,0.6324555320336759,0.0,0.054731251124851915,0.048840837418652104,0.0,0.0
31,4034076,4048076,1,89.22222222222223,0.7856742013183862,88.0,91.0,2.0,0.7071067811865476,0.0,0.04991663634983094,0.05193278676364289,0.0,0.0
31,4042076,4067076,1,88.25,1.6393596310755,84.0,89.0,5.0,1.9639610121239315,0.0,0.036726986325959846,0.022795981398252126,0.0,0.0
31,5304759,5310759,1,89.25,0.82915619758885,88.0,90.0,2.0,1.4142135623730951,0.0,0.18522519467441378,0.08644361881589203,0.0,0.0
31,5304759,5318759,1,88.91666666666667,0.9537935951882998,87.0,90.0,0.0,0.9534625892455924,0.0,0.1472041697795855,0.07997661019742028,0.0,0.0
31,5304759,5326759,1,89.33333333333333,1.1547005383792515,87.0,92.0,2.0,1.0289915108550531,0.0,0.11971028483391725,0.0837479979903776,0.0,0.0
31,5308759,5329759,1,89.3,1.1,87.0,92.0,1.0,0.9459053029269173,0.0,0.12425147368976866,0.08424557811485245,0.0,0.0
32,1035743,1065740,1,85.5,1.6881943016134133,82.0,89.0,2.0,0.9468641529479986,0.0,0.06315849692099802,0.1067812717557514,0.0,0.0
32,1043783,1073740,1,85.76666666666667,1.8015425489162211,82.0,89.0,4.0,0.8709883407113854,0.0,0.07923241669306576,0.11852825199408028,0.0,0.0
32,1052740,1080740,1,88.0,2.9361010975735176,84.0,95.0,9.0,0.9819805060619657,0.0,0.07595543215822524,0.11744642753198647,0.0,0.0
32,1060740,1089740,1,88.89285714285714,2.8327080142290617,85.0,95.0,1.0,1.0715167512214394,0.0,0.050269965442568454,0.10168708226318081,0.0,0.0
32,1068740,1097740,1,89.35714285714286,2.4380068808394304,85.0,95.0,4.0,1.0183501544346312,0.0,0.035019808157467115,0.08626367054234348,0.0,0.0
32,1076740,1105740,1,89.85714285714286,2.1499881347560588,87.0,95.0,0.0,1.1547005383792515,0.0,0.020504472114203524,0.05739437187079076,0.0,0.0
32,1084740,1113740,1,89.43333333333334,1.406729856400613,87.0,92.0,0.0,0.909717652294684,0.0,0.023693630216507097,0.03494634147175518,0.0,0.0
32,1092740,1121740,1,89.4,1.4966629547095769,87.0,92.0,0.0,0.982607368881035,0.0,0.03416860940592286,0.0491876709053178,0.0,0.0
33,1743649,1767084,1,91.73913043478261,3.039127324748051,88.0,98.0,7.0,0.9293203772845852,0.0,0.06469930753324453,0.09422345239445956,0.0,0.0
33,1752084,1781084,1,93.34782608695652,3.1013138261090445,89.0,98.0,7.0,1.02247471629109,0.0,0.07900465172461778,0.07283538901047514,0.0,0.0
33,1760084,1786084,1,95.4,1.3928388277184118,92.0,98.0,4.0,0.9733285267845752,0.0,0.07183368491039635,0.06281327223401889,0.0,0.0
33,1775084,1786084,1,95.41666666666667,0.4930066485916347,95.0,96.0,1.0,0.5222329678670935,0.0,0.08961881861029168,0.07231335795475681,0.0,0.0
33,1776084,1805084,1,96.125,1.1110243021644486,95.0,98.0,2.0,0.816496580927726,0.0,0.06335864663415983,0.07000256413959227,0.0,0.0
33,1784084,1811084,1,96.66666666666667,1.0274023338281626,95.0,98.0,1.0,0.9045340337332909,0.0,0.020403407900063775,0.028794438360011474,0.0,0.0
33,1801084,1811084,1,97.11111111111111,0.7370277311900889,96.0,98.0,2.0,0.7071067811865476,0.0,0.011303602615362958,0.012206842079424346,0.0,0.0
33,1801084,1811084,1,97.11111111111111,0.7370277311900889,96.0,98.0,2.0,0.7071067811865476,0.0,0.011303602615362958,0.012206842079424346,0.0,0.0
33,2433763,2436773,1,95.5,0.5,95.0,96.0,1.0,0.5773502691896257,0.0,0.022884808228757735,0.007048654679423719,0.0,0.0
33,2433763,2445609,1,95.1,0.5385164807134505,94.0,96.0,1.0,0.5773502691896257,0.0,0.08614290284975713,0.07777837356043758,0.0,0.0
33,2433763,2453609,1,95.5,0.9574271077563381,94.0,97.0,1.0,0.6416889479197478,0.0,0.05827308592268041,0.06897496242777512,0.0,0.0
33,2433763,2454609,1,95.57894736842105,0.9902572485382516,94.0,97.0,1.0,0.6236095644623235,0.0,0.0668067239687716,0.07627556569978201,0.0,0.0
33,2441609,2469609,1,95.73333333333333,1.1234866364235145,94.0,97.0,2.0,0.6546536707079771,0.0,0.07306783677130387,0.08309140101123648,0.0,0.0
33,2448609,2477609,1,96.375,0.5994789404140899,95.0,97.0,1.0,0.4472135954999579,0.0,0.026031465538691467,0.05537559111506516,0.0,0.0
33,2469609,2485609,1,95.88235294117646,0.831890330807703,95.0,98.0,1.0,0.6614378277661477,0.0,0.14512344420967727,0.4453709350471068,0.0,0.0
33,2469609,2493609,1,96.44,1.2354756169184402,95.0,99.0,1.0,0.67700320038633,0.0,0.12003692147713195,0.3698112691434267,0.0,0.0
33,2472609,2501609,1,96.3913043478261,1.2765146309481044,95.0,99.0,0.0,0.674199862463242,0.0,0.1300916978483321,0.38391343704847636,0.0,0.0
33,2480609,2509609,1,95.57894736842105,2.889468890802275,88.0,99.0,7.0,1.3123346456686351,0.0,0.16101641349871307,0.41630404460926856,0.0,0.0
33,2488609,2517609,1,91.26315789473684,4.982517914121628,86.0,98.0,11.0,1.224744871391589,0.0,0.03311869196770216,0.036936645196357795,0.0,0.0
33,2501609,2522609,1,88.27777777777777,3.0332519321597107,86.0,96.0,8.0,1.2833778958394957,0.0,0.020737143451358936,0.024409671422335428,0.0,0.0
33,2508609,2522609,1,87.0,0.9660917830792959,86.0,89.0,1.0,0.7071067811865476,0.0,0.01686580166655839,0.022057549141231238,0.0,0.0
33,2512609,2522609,1,86.81818181818181,0.8331955809010617,86.0,88.0,2.0,0.6324555320336759,0.0,0.021722037409120834,0.02395792574507603,0.0,0.0
33,2951865,2955879,1,95.4,1.019803902718557,94.0,97.0,3.0,0.8660254037844386,0.0,0.03642228981602377,0.03928513574222536,0.0,0.0
33,2951865,2964929,1,95.07692307692308,1.2064913185660093,93.0,97.0,0.0,1.0,0.0,0.05314643318246348,0.04879784821442758,0.0,0.0
33,2951865,2972929,1,95.80952380952381,1.401327520910682,93.0,98.0,1.0,0.8660254037844386,0.0,0.08306819158972512,0.08174960689101367,0.0,0.0
33,2951865,2980929,1,96.44827586206897,1.5884541801766925,93.0,99.0,1.0,0.7791937224739796,0.0,0.07066715896550696,0.07447374651496377,0.0,0.0
33,2959929,2988929,1,97.4,1.5832456116050557,93.0,99.0,6.0,0.6432675209026769,0.0,0.06353959273931782,0.07183291482891353,0.0,0.0
33,2967929,2996929,1,98.33333333333333,0.8299933065325821,96.0,100.0,2.0,0.5872202195147035,0.0,0.05358172856667462,0.060137647029212135,0.0,0.0
33,2975929,3002929,1,98.28571428571429,0.9202927661946518,96.0,100.0,2.0,0.5443310539518174,0.0,0.03469152729714083,0.031202086464036265,0.0,0.0
33,2983929,3012929,1,97.48148148148148,1.8129241852622842,93.0,100.0,6.0,0.7337993857053428,0.0,0.027366031862546807,0.02946569227236762,0.0,0.0
33,2991929,3020929,1,95.81481481481481,2.2939055655114107,93.0,100.0,6.0,0.7844645405527362,0.0,0.019325676932753718,0.028980464058895834,0.0,0.0
33,2999929,3026929,1,94.52,1.4729562111617576,92.0,97.0,1.0,0.8416254115301732,0.0,0.011731078478118145,0.015598389824186555,0.0,0.0
33,3007929,3026929,1,94.05,1.2439855304624727,92.0,96.0,0.0,0.9176629354822471,0.0,0.008453629900337906,0.012095734655928768,0.0,0.0
33,3015929,3026929,1,93.75,1.2332207155790618,92.0,96.0,3.0,0.7977240352174656,0.0,0.010813697920049723,0.014885694103196881,0.0,0.0
33,3023929,3026929,1,95.25,0.82915619758885,94.0,96.0,2.0,0.816496580927726,0.0,0.020142815053269366,0.022478372328037146,0.0,0.0
33,3720424,3723440,1,99.25,0.82915619758885,98.0,100.0,2.0,0.816496580927726,0.0,0.014420924342681763,0.003319326091105299,0.0,0.0
33,3720424,3728974,1,99.5,0.9574271077563381,98.0,101.0,1.0,1.1832159566199232,0.0,0.019823565604335236,0.008141872322564697,0.0,0.0
33,3720424,3740974,1,98.0,1.954016841836789,95.0,101.0,3.0,1.0488088481701516,0.0,0.021309071433412225,0.010493417531867654,0.0,0.0
33,3720424,3748974,1,97.42105263157895,1.8726786183849682,94.0,101.0,1.0,1.0801234497346435,0.0,0.022141249738649494,0.023045815290446477,0.0,0.0
33,3728974,3756974,1,96.8125,1.4670868242881878,94.0,99.0,2.0,1.0954451150103321,0.0,0.025842395467290086,0.025315039365427137,0.0,0.0
33,3736974,3764974,1,96.9090909090909,1.2398346997259868,94.0,99.0,1.0,0.9511897312113419,0.0,0.03170504453089221,0.026196897970149652,0.0,0.0
33,3743974,3772974,1,97.52631578947368,0.9930506454796425,96.0,100.0,4.0,1.1055415967851334,0.0,0.06630892499481973,0.07995757587540797,0.0,0.0
33,3756974,3780974,1,98.75,1.6085707942145413,97.0,101.0,3.0,0.8885233166386386,0.0,0.058376129492151596,0.07898028849676521,0.0,0.0
33,3759974,3788974,1,99.04,1.3705473359209452,97.0,101.0,1.0,0.8897565210026093,0.0,0.06679796071343168,0.08745345892356181,0.0,0.0
33,3767974,3796974,1,98.75,1.920286436967152,94.0,101.0,1.0,1.1609591237233643,0.0,0.07640503209915112,0.10642839854657232,0.0,0.0
33,3775974,3804974,1,97.25925925925925,2.796725500541165,93.0,101.0,8.0,0.9607689228305228,0.0,0.07648752545575611,0.1144235207362218,0.0,0.0
33,3783974,3808974,1,95.8695652173913,2.2516534567346174,93.0,100.0,3.0,1.1078234188139946,0.0,0.08732095164763497,0.1204730508966927,0.0,0.0
33,3794974,3808974,1,94.46666666666667,1.2578641509408806,93.0,97.0,3.0,0.8864052604279183,0.0,0.09472922654909265,0.1320941025273873,0.0,0.0
33,3799974,3808974,1,94.2,1.4000000000000001,93.0,97.0,2.0,0.9428090415820634,0.0,0.05248294188290218,0.0891447720401045,0.0,0.0
33,6183219,6187237,1,92.6,1.019803902718557,91.0,94.0,3.0,0.8660254037844386,0.0,0.017328416586551487,0.008620011844819362,0.0,0.0
33,6183219,6196863,1,92.54545454545455,1.1570838237598051,91.0,94.0,1.0,0.9486832980505138,0.0,0.020584752249217454,0.02240419196754155,0.0,0.0
33,6183219,6201863,1,92.6875,1.1021995055342748,91.0,94.0,0.0,1.0327955589886444,0.0,0.015832832249324077,0.02003955713676623,0.0,0.0
33,6184222,6201863,1,92.6,1.083205120618128,91.0,94.0,1.0,1.0350983390135313,0.0,0.015836180060297758,0.02069676128274228,0.0,0.0
33,6191863,6220863,1,92.92307692307692,1.1409536133993328,91.0,94.0,3.0,1.0408329997330663,0.0,0.013967807720187464,0.021793402874350578,0.0,0.0
33,6199863,6228863,1,94.07692307692308,1.0714144828603167,92.0,96.0,4.0,0.9128709291752769,0.0,0.011344490762602367,0.010217846496929221,0.0,0.0
33,6219863,6228863,1,94.5,0.6708203932499369,94.0,96.0,2.0,0.816496580927726,0.0,0.013001099165885077,0.010664623350105843,0.0,0.0
33,6219863,6228863,1,94.5,0.6708203932499369,94.0,96.0,2.0,0.816496580927726,0.0,0.013001099165885077,0.010664623350105843,0.0,0.0
33,6223863,6228863,1,94.83333333333333,0.6871842709362768,94.0,96.0,2.0,1.0954451150103321,0.0,0.015682787875187464,0.012714767045324826,0.0,0.0
33,6264863,6268863,1,92.8,0.4,92.0,93.0,1.0,0.5,0.0,0.014627560966397354,0.008386074362640236,0.0,0.0
33,6264863,6269863,1,93.0,0.5773502691896257,92.0,94.0,2.0,0.6324555320336759,0.0,0.014998081366719365,0.00770010581193859,0.0,0.0
33,6264863,6269863,1,93.0,0.5773502691896257,92.0,94.0,2.0,0.6324555320336759,0.0,0.014998081366719365,0.00770010581193859,0.0,0.0
33,6264863,6269863,1,93.0,0.5773502691896257,92.0,94.0,2.0,0.6324555320336759,0.0,0.014998081366719365,0.00770010581193859,0.0,0.0
33,7552387,7557388,1,88.16666666666667,0.37267799624996495,88.0,89.0,0.0,0.6324555320336759,0.0,0.026004476222661513,0.02387470384694223,0.0,0.0
33,7552387,7564844,1,88.38461538461539,0.8355984993230935,87.0,90.0,2.0,0.7071067811865476,0.0,0.030452740193255005,0.026695872952113488,0.0,0.0
33,7552387,7566844,1,88.6,0.9521904571390466,87.0,90.0,2.0,0.6546536707079771,0.0,0.030035003410181,0.025013725998787553,0.0,0.0
33,7552387,7566844,1,88.6,0.9521904571390466,87.0,90.0,2.0,0.6546536707079771,0.0,0.030035003410181,0.025013725998787553,0.0,0.0
33,7559844,7586844,1,89.66666666666667,2.160246899469287,87.0,95.0,8.0,1.8708286933869707,0.0,0.026334250015186127,0.02187337317088397,0.0,0.0
33,7586844,7607844,1,91.25,2.277608394786075,89.0,95.0,6.0,2.449489742783178,0.0,0.022063220128459484,0.025976249522938574,0.0,0.0
33,7602844,7613844,1,89.75,0.82915619758885,89.0,91.0,2.0,0.816496580927726,0.0,0.018903270755708235,0.027512454672716548,0.0,0.0
33,7602844,7613844,1,89.75,0.82915619758885,89.0,91.0,2.0,0.816496580927726,0.0,0.018903270755708235,0.027512454672716548,0.0,0.0
33,8102639,8109021,1,90.2,0.7483314773547882,89.0,91.0,2.0,0.7071067811865476,0.0,0.01921686376335571,0.01269790780850362,0.0,0.0
33,8102639,8117021,1,93.15384615384616,2.7968706096458216,89.0,98.0,9.0,0.8660254037844386,0.0,0.01032930550128048,0.010911913299921321,0.0,0.0
33,8102639,8120021,1,93.875,2.9341736485763756,89.0,98.0,8.0,0.816496580927726,0.0,0.014757926287645488,0.014477273108821442,0.0,0.0
33,8103653,8133021,1,95.18181818181819,2.690663379445226,90.0,98.0,7.0,0.7867957924694432,0.0,0.011279064698990747,0.013325845908734304,0.0,0.0
33,8112021,8134021,1,96.70588235294117,1.0718157151934469,94.0,98.0,3.0,0.75,0.0,0.011191713075786647,0.01383426921812496,0.0,0.0
33,8120021,8134021,1,97.22222222222223,0.41573970964154905,97.0,98.0,0.0,0.7071067811865476,0.0,0.012298923506847203,0.015339230932175454,0.0,0.0
33,8128021,8157021,1,95.27272727272727,2.525898907172692,91.0,98.0,6.0,1.4142135623730951,0.0,0.048238942273298974,0.08535916718151661,0.0,0.0
33,8154021,8158021,1,91.8,0.7483314773547882,91.0,93.0,2.0,0.7071067811865476,0.0,0.10225600981374494,0.1037263659972484,0.0,0.0
33,8154021,8173021,1,91.77777777777777,0.628539361054709,91.0,93.0,1.0,0.7905694150420949,0.0,0.06441504757065582,0.08958504491340673,0.0,0.0
33,8154021,8181021,1,89.94117647058823,2.4845543625815147,85.0,93.0,8.0,0.9354143466934853,0.0,0.06249547339266986,0.08097850837476321,0.0,0.0
33,8170021,8189021,1,88.5625,2.4486922530199666,85.0,92.0,5.0,0.9309493362512627,0.0,0.07352039289249686,0.09802618674504812,0.0,0.0
33,8170021,8192021,1,88.63157894736842,2.252729953582389,85.0,92.0,3.0,0.97182531580755,0.0,0.09807495702265859,0.12185642712860834,0.0,0.0
33,8176021,8192021,1,87.3076923076923,1.3234346564680965,85.0,89.0,0.0,0.9128709291752769,0.0,0.1332661775693089,0.13259343402630933,0.0,0.0
33,8186021,8192021,1,87.71428571428571,1.1605769149479943,86.0,89.0,3.0,0.9128709291752769,0.0,0.1874687406891215,0.14495178256458605,0.0,0.0
33,8784705,8788719,1,99.0,0.6324555320336759,98.0,100.0,1.0,0.8660254037844386,0.0,0.02797038423501798,0.014569502733621542,0.0,0.0
33,8784705,8796857,1,96.92307692307692,1.9399261866028448,94.0,100.0,5.0,0.7637626158259734,0.0,0.046343188556213076,0.056320470945751634,0.0,0.0
33,8784705,8804857,1,96.19047619047619,1.990909043844464,93.0,100.0,3.0,0.8660254037844386,0.0,0.08064454749234404,0.09999228519623403,0.0,0.0
34,608549,637902,1,80.3103448275862,1.6836628435494758,78.0,83.0,3.0,0.7319250547113999,0.0,0.1028919985190886,0.13248140333102365,0.0,0.0
34,616568,645902,1,80.03448275862068,1.3514426167079603,78.0,82.0,1.0,0.7791937224739796,0.0,0.156131300052846,0.13891040374934457,0.0,0.0
34,624595,653902,1,81.3103448275862,2.0695401500860218,78.0,86.0,7.0,0.7791937224739796,0.0,0.12382496745893148,0.11266381307245703,0.0,0.0
34,633902,661902,1,82.65517241379311,2.5901119942364037,78.0,87.0,5.0,0.7791937224739796,0.0,0.10651034968921556,0.10286706591580955,0.0,0.0
34,640902,669902,1,84.16666666666667,1.7716909687891085,81.0,87.0,5.0,0.7656414934887764,0.0,0.087567741613999,0.09486139867002646,0.0,0.0
34,648902,677902,1,84.5,1.9790570145063195,80.0,88.0,2.0,0.982607368881035,0.0,0.05259404866529509,0.041601262272507565,0.0,0.0
34,656902,686041,1,83.72413793103448,2.1955527420319454,80.0,88.0,3.0,0.9819805060619657,0.0,0.09791106162775011,0.12442972650622323,0.0,0.0
34,664902,694041,1,83.82758620689656,2.3351728211499325,80.0,88.0,4.0,1.0690449676496976,0.0,0.10562711706532638,0.131903866072183,0.0,0.0
34,672902,697041,1,83.79166666666667,2.798499101701164,80.0,90.0,5.0,1.0834726777719228,0.0,0.11860860451326909,0.14120904109125315,0.0,0.0
34,680905,697041,1,84.9375,2.536452985962878,81.0,90.0,9.0,1.1254628677422756,0.0,0.09127435790513369,0.08719090667638839,0.0,0.0
34,689041,697041,1,86.66666666666667,1.9436506316151,84.0,90.0,5.0,1.2747548783981961,0.0,0.09705710128753188,0.09328676811597054,0.0,0.0
34,2392384,2396404,1,86.2,0.7483314773547882,85.0,87.0,1.0,0.8660254037844386,0.0,0.05160819730303891,0.06178800513597813,0.0,0.0
34,2392384,2406406,1,85.46153846153847,1.08240363688233,83.0,87.0,0.0,1.224744871391589,0.0,0.060295323721463415,0.061737542106754084,0.0,0.0
34,2392384,2414406,1,84.76190476190476,1.3418097908195592,82.0,87.0,3.0,1.0723805294763609,0.0,0.08013926384935872,0.06481617714622792,0.0,0.0
34,2393389,2422406,1,83.07142857142857,3.150153867314278,75.0,87.0,10.0,1.186342028003479,0.0,0.09681163543785332,0.07045939715909995,0.0,0.0
34,2401406,2430406,1,80.56666666666666,3.765486540792424,74.0,86.0,7.0,1.3261299671054765,0.0,0.10996147436994701,0.08116903135571502,0.0,0.0
34,2409406,2438406,1,79.4,2.9955522584881296,74.0,84.0,2.0,1.174440439029407,0.0,0.11377921763768054,0.08897764856408323,0.0,0.0
34,2417406,2446406,1,79.7,3.3281626562814903,74.0,85.0,4.0,1.203443335628631,0.0,0.12208500309252107,0.0955182570350992,0.0,0.0
34,2425406,2454406,1,81.66666666666667,3.7088482788536328,74.0,87.0,10.0,1.0504514628777804,0.0,0.11412955954343168,0.08875865326426817,0.0,0.0
34,2433406,2462406,1,84.06666666666666,1.9310331143946988,79.0,87.0,5.0,1.0339078862458586,0.0,0.11293831068299938,0.08489403024743161,0.0,0.0
34,2441406,2470406,1,85.25,1.242836617236094,83.0,88.0,4.0,1.186342028003479,0.0,0.11693085858447536,0.07281679623667596,0.0,0.0
34,2449406,2478406,1,85.81481481481481,1.3887654266113092,83.0,89.0,1.0,1.286019499792345,0.0,0.11697931032794934,0.07642738205881494,0.0,0.0
34,2457406,2481406,1,85.72727272727273,1.482682402754554,84.0,89.0,1.0,1.2149857925879117,0.0,0.10085178070993846,0.07671968708518777,0.0,0.0
34,2465406,2481406,1,86.07142857142857,1.6675167899898216,84.0,89.0,2.0,1.1766968108291043,0.0,0.08940653396139112,0.054683957539341355,0.0,0.0
34,2473406,2481406,1,85.0,1.224744871391589,84.0,88.0,4.0,1.1952286093343936,0.0,0.1004799587308701,0.05955640341895908,0.0,0.0
34,3705397,3710402,0,91.0,1.5275252316519468,89.0,93.0,0.0,1.7888543819998317,0.0,0.0854360114116126,0.13139727585610975,0.0,0.0
34,3705397,3718470,0,91.35714285714286,1.4445534582969062,89.0,94.0,3.0,1.270977818604485,0.0,0.3708464737936144,0.48990840756749954,0.0,0.0
34,3705397,3726481,0,92.63636363636364,2.403509830254961,89.0,97.0,2.0,1.3451854182690985,0.0,0.27340312800829775,0.42748653389561414,0.0,0.0
34,3705397,3734512,0,92.75862068965517,2.207435279072996,89.0,97.0,3.0,1.349603116263656,0.0,0.21174684368983404,0.38841487713508366,0.0,0.0
34,3713470,3741834,0,91.5,3.560698165889862,85.0,97.0,7.0,1.2322818340454909,0.0,0.23672714301289283,0.39255864111693134,0.0,0.0
34,3721470,3749834,0,89.39285714285714,5.030899420540211,83.0,97.0,12.0,1.0886621079036347,0.0,0.1050756157424163,0.12582405137646982,0.0,0.0
34,3729493,3757834,0,86.21428571428571,3.4263385586318447,83.0,94.0,8.0,1.0540925533894598,0.0,0.2205516999340446,0.20314974652033038,0.0,0.0
34,3736834,3765834,0,85.26666666666667,1.6316317667360554,83.0,88.0,1.0,0.8094272134003795,0.0,0.24905306096417243,0.19921032310112358,0.0,0.0
34,3744834,3773834,0,86.53333333333333,2.717024516308644,83.0,91.0,6.0,0.8304547985373997,0.0,0.23628897740792837,0.20861296870844415,0.0,0.0
34,3752834,3781834,0,89.33333333333333,3.654525352977532,83.0,97.0,14.0,0.9468641529479986,0.0,0.24592017685773443,0.20802086497003597,0.0,0.0
34,3760834,3790374,0,92.32142857142857,3.780150898618537,87.0,99.0,8.0,1.0183501544346312,0.0,0.24878035685448752,0.32295621809335257,0.0,0.0
36,471326,501045,1,84.96551724137932,0.5560177757447275,84.0,86.0,1.0,0.32732683535398854,0.0,0.1163175005075601,0.14754084937320353,0.0,0.0
36,480045,509045,1,85.8,1.1372481406154653,85.0,88.0,3.0,0.32163376045133846,0.0,0.11879581119111196,0.14178193590624152,0.0,0.0
36,488045,517045,1,86.6,1.3316656236958786,85.0,88.0,3.0,0.32163376045133846,0.0,0.14404875240509007,0.14154322277876574,0.0,0.0
36,496045,525045,1,87.33333333333333,0.9775252199076786,85.0,88.0,2.0,0.3713906763541037,0.0,0.16497538933402423,0.15911858131275422,0.0,0.0
36,504045,533045,1,87.53333333333333,0.6699917080747261,86.0,88.0,1.0,0.32163376045133846,0.0,0.16299734208966596,0.13187879975386388,0.0,0.0
36,512045,541045,1,87.43333333333334,0.6674994798166928,86.0,88.0,0.0,0.3713906763541037,0.0,0.17060076060639365,0.1264187722675301,0.0,0.0
36,520045,549045,1,87.8,1.1944315244779278,86.0,91.0,3.0,0.4913036844405175,0.0,0.19250208933381283,0.13770441004331452,0.0,0.0
36,528045,557045,1,89.43333333333334,2.894631045381931,86.0,96.0,9.0,0.6158817620514397,0.0,0.2856044163863784,0.3340599399762226,0.0,0.0
36,536045,560045,1,91.2,3.2619012860600183,87.0,97.0,10.0,0.6454972243679028,0.0,0.30277755314869675,0.3608487092661743,0.0,0.0
36,544045,560045,1,92.76470588235294,2.797675753080968,89.0,97.0,8.0,0.7071067811865476,0.0,0.35753561932182404,0.42135688922397574,0.0,0.0
36,552045,560045,1,95.11111111111111,1.4487116456005886,93.0,97.0,4.0,0.7071067811865476,0.0,0.47869867926689896,0.5347558467297029,0.0,0.0
36,1040386,1052386,1,86.5,0.8660254037844386,86.0,88.0,2.0,1.1547005383792515,0.0,0.018970241524393253,0.01160188635529813,0.0,0.0
36,1040386,1055386,1,86.14285714285714,0.832993127835043,85.0,88.0,2.0,1.0,0.0,0.021070072172741205,0.01280104565081367,0.0,0.0
36,1040386,1055386,1,86.14285714285714,0.832993127835043,85.0,88.0,2.0,1.0,0.0,0.021070072172741205,0.01280104565081367,0.0,0.0
36,1050386,1055386,1,85.83333333333333,0.37267799624996495,85.0,86.0,0.0,0.6324555320336759,0.0,0.023373264528822647,0.012411487938309452,0.0,0.0
36,1108386,1115386,1,85.75,0.4330127018922193,85.0,86.0,0.0,0.816496580927726,0.0,0.07555512904008413,0.0626797131701873,0.0,0.0
36,1108386,1115386,1,85.75,0.4330127018922193,85.0,86.0,0.0,0.816496580927726,0.0,0.07555512904008413,0.0626797131701873,0.0,0.0
36,1108386,1115386,1,85.75,0.4330127018922193,85.0,86.0,0.0,0.816496580927726,0.0,0.07555512904008413,0.0626797131701873,0.0,0.0
36,3163245,3173245,1,75.55555555555556,2.362254625052144,73.0,81.0,7.0,2.4238399287081647,0.0,0.032191331384094087,0.01720978410288192,0.0,0.0
36,3163245,3181245,1,74.47058823529412,2.1176470588235294,72.0,81.0,7.0,1.8200274723201295,0.0,0.03512006922731187,0.02092218232163193,0.0,0.0
36,3163245,3189245,1,74.08,1.8956792977716457,72.0,81.0,6.0,1.6072751268321592,0.0,0.031896091622979045,0.020243710355313423,0.0,0.0
36,3168245,3197245,1,73.5,1.0878112581387147,72.0,77.0,2.0,1.203443335628631,0.0,0.03057115795714716,0.018569931422328673,0.0,0.0
36,3176245,3199245,1,73.20833333333333,0.8154327412825387,72.0,75.0,0.0,0.9780192938436515,0.0,0.02805179056412464,0.01846238650309943,0.0,0.0
36,3184245,3199245,1,73.25,0.82915619758885,72.0,75.0,1.0,1.0,0.0,0.02219165688325785,0.0130806509502718,0.0,0.0
36,3192245,3199245,1,72.875,0.5994789404140899,72.0,74.0,1.0,0.8451542547285166,0.0,0.01903628464503009,0.005845511135759214,0.0,0.0
36,4502400,4508400,1,115.28571428571429,1.0301575072754257,114.0,117.0,3.0,0.7071067811865476,0.0,0.02011921748242846,0.026528563277823266,0.0,0.0
36,4502400,4510400,1,115.77777777777777,1.314684396244359,114.0,118.0,4.0,0.7071067811865476,0.0,0.031587297170039406,0.03868958379007544,0.0,0.0
36,4502400,4510400,1,115.77777777777777,1.314684396244359,114.0,118.0,4.0,0.7071067811865476,0.0,0.031587297170039406,0.03868958379007544,0.0,0.0
36,4503400,4510400,1,116.0,1.224744871391589,114.0,118.0,4.0,0.7559289460184544,0.0,0.035353231957288886,0.03945065268387945,0.0,0.0
37,424615,453952,1,84.0,3.927922024247863,79.0,91.0,11.0,1.0,0.0,0.15785146040945217,0.1300670585444506,0.0,0.0
37,433952,461952,1,81.24137931034483,2.1600634156366656,78.0,86.0,6.0,0.9258200997725514,0.0,0.2037334518984995,0.14685578157880974,0.0,0.0
37,440952,469952,1,80.2,1.0770329614269007,78.0,82.0,3.0,0.9649012813540153,0.0,0.21432304295599588,0.16293553811679076,0.0,0.0
37,448952,477952,1,79.16666666666667,1.2931443160847214,76.0,82.0,3.0,1.0,0.0,0.19795467706681877,0.1591256912625209,0.0,0.0
37,456952,485952,1,78.83333333333333,1.3924399049470282,76.0,82.0,2.0,1.1141720290623112,0.0,0.19142131687712646,0.16138505051023733,0.0,0.0
37,464952,494188,1,78.37931034482759,1.6063192688071888,76.0,82.0,0.0,1.1952286093343936,0.0,0.21104496554570476,0.21686265226033993,0.0,0.0
37,472952,502188,1,78.03448275862068,1.2725960060169608,76.0,81.0,0.0,1.1019463300386794,0.0,0.20708593717807575,0.20075507631037484,0.0,0.0
37,480952,510188,1,78.67857142857143,1.5823484226339803,76.0,81.0,0.0,1.0183501544346312,0.0,0.23885044609780723,0.20731336697830705,0.0,0.0
37,488952,514188,1,79.125,1.423390904378227,76.0,81.0,3.0,0.9555330859059091,0.0,0.25997973647656697,0.23805974116187442,0.0,0.0
37,497188,514188,1,79.52941176470588,1.1939872429520257,77.0,81.0,2.0,0.7905694150420949,0.0,0.21978311305398776,0.18577477987735913,0.0,0.0
37,505188,514188,1,80.44444444444444,0.4969039949999533,80.0,81.0,1.0,0.6123724356957945,0.0,0.2724179984829129,0.21740318846554735,0.0,0.0
37,1172830,1181838,1,84.3,0.45825756949558394,84.0,85.0,1.0,0.5773502691896257,0.0,0.016745412409235442,0.006707938972985928,0.0,0.0
37,1172830,1189846,1,84.0,0.6666666666666666,82.0,85.0,3.0,0.5423261445466404,0.0,0.02761884429642506,0.033115900469040095,0.0,0.0
37,1172830,1197985,1,84.12,0.8158431221748456,82.0,86.0,0.0,0.7637626158259734,0.0,0.026656055431607113,0.031775125712273505,0.0,0.0
37,1176833,1205985,1,85.03448275862068,1.828561873594876,82.0,88.0,4.0,0.8017837257372732,0.0,0.02219027622155858,0.031018665759524285,0.0,0.0
37,1184842,1213985,1,85.86206896551724,1.9068684914066887,82.0,88.0,2.0,0.8451542547285166,0.0,0.021010378923488747,0.031232366029657347,0.0,0.0
37,1192985,1221985,1,86.0,1.8516401995451028,82.0,88.0,0.0,0.90267093384844,0.0,0.011600414196222266,0.01640362595809545,0.0,0.0
37,1200985,1229985,1,86.14285714285714,1.684260874650228,82.0,88.0,3.0,0.7934920476158722,0.0,0.015164673526100713,0.023855981512738843,0.0,0.0
37,1208985,1231985,1,85.36363636363636,1.4630433581300981,82.0,88.0,3.0,0.8997354108424374,0.0,0.018377763029116454,0.02611139218805197,0.0,0.0
37,1218985,1242985,1,85.0,1.2977713690461004,82.0,87.0,1.0,0.9128709291752769,0.0,0.019666888745811045,0.027857225841484215,0.0,0.0
37,1224985,1253985,1,83.94444444444444,2.6764865489879788,79.0,87.0,7.0,1.3932610920384718,0.0,0.013047067553186877,0.009014590722908293,0.0,0.0
37,1238985,1261985,1,81.22222222222223,2.6782157318208775,78.0,86.0,7.0,1.475286612233465,0.0,0.012004150962028731,0.010638282257195408,0.0,0.0
37,1240985,1261985,1,80.625,2.2043990110685496,78.0,85.0,6.0,1.5491933384829668,0.0,0.012880334037375405,0.010860676083089648,0.0,0.0
37,1248985,1261985,1,79.58333333333333,0.759202798262025,78.0,81.0,0.0,0.9534625892455924,0.0,0.01241001472028328,0.010787124696196793,0.0,0.0
37,1256985,1261985,1,79.16666666666667,0.6871842709362769,78.0,80.0,1.0,1.1832159566199232,0.0,0.011696327405609101,0.012495069618183224,0.0,0.0
37,2271615,2277622,0,82.85714285714286,0.832993127835043,82.0,84.0,1.0,0.7071067811865476,0.0,0.10598885528273631,0.11520674673538743,0.0,0.0
37,2271615,2286250,0,82.0,1.118033988749895,80.0,84.0,2.0,1.0327955589886444,0.0,0.08829965511921871,0.09217134207449183,0.0,0.0
37,2271615,2292250,0,81.95454545454545,1.106890514716902,80.0,84.0,1.0,1.1338934190276817,0.0,0.07825560555807737,0.0825111103162911,0.0,0.0
37,2272616,2302250,0,81.65517241379311,1.122677282489635,80.0,84.0,3.0,1.0856202966836188,0.0,0.061790526113158856,0.07765004462484595,0.0,0.0
37,2281250,2310250,0,80.60714285714286,1.3716331692622514,78.0,83.0,1.0,1.1385500851066221,0.0,0.0439416126468908,0.05217463278880798,0.0,0.0
37,2289250,2318250,0,80.21428571428571,1.6335138037184678,78.0,83.0,0.0,1.0886621079036347,0.0,0.03643472855808445,0.057514002253357156,0.0,0.0
37,2297250,2326250,0,80.57142857142857,2.1618208500602223,78.0,85.0,3.0,1.0715167512214394,0.0,0.05861715122984525,0.08369143453066501,0.0,0.0
37,2305250,2331250,0,81.28,2.5848791074245616,78.0,85.0,4.0,1.118033988749895,0.0,0.07545526777159245,0.08470043841152479,0.0,0.0
37,2313250,2331250,0,82.47058823529412,2.252257614009017,78.0,85.0,4.0,1.0606601717798212,0.0,0.0956402406293961,0.09228107541422083,0.0,0.0
37,2321250,2331250,0,83.77777777777777,0.628539361054709,83.0,85.0,1.0,0.7905694150420949,0.0,0.10477931611218771,0.09628764311427711,0.0,0.0
37,2329250,2358250,0,82.7,0.9,81.0,84.0,2.0,0.816496580927726,0.0,0.030668559160085568,0.028993235556757965,0.0,0.0
37,2352250,2361250,0,81.8,1.2489995996796797,80.0,84.0,3.0,1.0,0.0,0.027001750181747514,0.021618413293789135,0.0,0.0
37,2352250,2361250,0,81.8,1.2489995996796797,80.0,84.0,3.0,1.0,0.0,0.027001750181747514,0.021618413293789135,0.0,0.0
37,2353250,2361250,0,81.55555555555556,1.0657403385139377,80.0,83.0,2.0,1.0,0.0,0.029765930903246092,0.021044649301244642,0.0,0.0
37,3484524,3494521,0,77.54545454545455,1.4373989364401722,76.0,80.0,4.0,0.6324555320336759,0.0,0.08399366975235972,0.20688887815351614,0.0,0.0
37,3484524,3502070,0,78.33333333333333,2.1081851067789197,76.0,82.0,2.0,0.9074852129730301,0.0,0.08041696990011944,0.18119005987119394,0.0,0.0
37,3484524,3510070,0,78.88461538461539,2.006277131653073,76.0,82.0,0.0,0.848528137423857,0.0,0.061591928083463664,0.15350004879157927,0.0,0.0
37,3489530,3518070,0,79.10344827586206,1.9886718421098224,76.0,82.0,5.0,0.8660254037844386,0.0,0.05844789163382174,0.14574998724531293,0.0,0.0
37,3497070,3526070,0,80.43333333333334,1.4302291968616625,77.0,83.0,3.0,0.9284766908852593,0.0,0.018441942177861197,0.010537900130864865,0.0,0.0
37,3505070,3534070,0,80.43333333333334,1.116044602852214,79.0,83.0,1.0,0.7656414934887764,0.0,0.017917380258521798,0.010377035278521032,0.0,0.0
37,3513070,3542070,0,80.26666666666667,1.4817407180595243,77.0,83.0,2.0,0.909717652294684,0.0,0.017188311761550477,0.00753647107963258,0.0,0.0
37,3521070,3550070,0,79.23333333333333,2.261022384281549,75.0,83.0,6.0,0.9468641529479986,0.0,0.0246535767146962,0.019988257720494843,0.0,0.0
37,3529070,3556070,0,78.82142857142857,2.479250627401229,75.0,86.0,6.0,1.387777332977422,0.0,0.03386207570213279,0.03312094057490655,0.0,0.0
37,3537070,3556070,0,78.0,2.4899799195977463,75.0,86.0,5.0,1.6383560438182505,0.0,0.04108015697710622,0.03665947143292489,0.0,0.0
37,3545070,3556070,0,78.0,2.972092416687835,75.0,86.0,11.0,1.8829377433825436,0.0,0.0554670291650183,0.041346341532064214,0.0,0.0
37,3553070,3556070,0,81.0,3.391164991562634,77.0,86.0,9.0,3.1091263510296048,0.0,0.025280075780747636,0.017113068871961366,0.0,0.0
37,4726544,4734554,1,86.0,1.4907119849998598,84.0,88.0,2.0,1.0,0.0,0.0585218146075447,0.03556790587967642,0.0,0.0
37,4726544,4735555,1,86.0,1.4142135623730951,84.0,88.0,1.0,1.0,0.0,0.05748776178265906,0.0338849778368063,0.0,0.0
37,4726544,4735555,1,86.0,1.4142135623730951,84.0,88.0,1.0,1.0,0.0,0.05748776178265906,0.0338849778368063,0.0,0.0
37,4729548,4735555,1,85.42857142857143,1.293626448305345,84.0,88.0,2.0,1.1547005383792515,0.0,0.055698277544927045,0.03502659395293733,0.0,0.0
37,4760661,4773719,1,86.27272727272727,0.616575453011388,85.0,87.0,1.0,0.7071067811865476,0.0,0.059168664850118624,0.07019326422548629,0.0,0.0
37,4760661,4776719,1,86.38461538461539,0.6249260311258431,85.0,87.0,0.0,0.7071067811865476,0.0,0.05494102119340852,0.06584512730784492,0.0,0.0
37,4760661,4787719,1,86.57894736842105,0.7480352843974681,85.0,88.0,0.0,0.8819171036881969,0.0,0.05400973927233679,0.05702265988908466,0.0,0.0
37,4768719,4787719,1,86.5,0.823754471047914,85.0,88.0,1.0,0.9198662110077999,0.0,0.06598200847397766,0.0605519122484608,0.0,0.0
37,4776719,4787719,1,87.0,0.7559289460184544,86.0,88.0,0.0,1.1547005383792515,0.0,0.05209934058148634,0.027729102292547818,0.0,0.0
37,4784719,4813719,1,87.0,0.8944271909999159,86.0,88.0,2.0,1.224744871391589,0.0,0.05716892466327148,0.03148567746171586,0.0,0.0
37,5640580,5643583,0,82.75,0.82915619758885,82.0,84.0,1.0,1.2909944487358056,0.0,0.07120474146076827,0.0828743180277169,0.0,0.0
37,5640580,5650091,0,82.5,0.9574271077563381,81.0,84.0,0.0,1.4142135623730951,0.0,0.12195887784439131,0.09911296585336081,0.0,0.0
37,5640580,5655091,0,82.71428571428571,1.0301575072754257,81.0,84.0,1.0,1.35400640077266,0.0,0.1127535640276975,0.09449056468768038,0.0,0.0
37,5641581,5670091,0,85.0,2.48327740429189,81.0,88.0,4.0,1.5954480704349312,0.0,0.11615608943225075,0.08610356845364289,0.0,0.0
37,5649091,5678091,0,86.3529411764706,1.9079146753208065,81.0,88.0,7.0,1.3919410907075054,0.0,0.11022466086070715,0.0973304257121811,0.0,0.0
37,5663091,5681091,0,87.41176470588235,0.9112901991076275,86.0,89.0,1.0,0.82915619758885,0.0,0.0849609724162533,0.09199780873921791,0.0,0.0
37,5665091,5681091,0,87.4,0.9521904571390466,86.0,89.0,2.0,0.8451542547285166,0.0,0.08930000223651641,0.0966096847633417,0.0,0.0
37,5673091,5702091,0,86.58333333333333,2.099933861392359,83.0,89.0,3.0,1.7320508075688772,0.0,0.04969988195425079,0.08396927321592729,0.0,0.0
37,5681091,5702091,0,84.75,2.48746859276655,83.0,89.0,6.0,2.943920288775949,0.0,0.014544184286317279,0.007024800588339071,0.0,0.0
37,5697091,5717091,0,83.25,0.4330127018922193,83.0,84.0,1.0,0.5773502691896257,0.0,0.02998649769679996,0.024474403352969805,0.0,0.0
37,5697091,5717091,0,83.25,0.4330127018922193,83.0,84.0,1.0,0.5773502691896257,0.0,0.02998649769679996,0.024474403352969805,0.0,0.0
37,5717091,5729091,0,83.5,0.5,83.0,84.0,0.0,0.816496580927726,0.0,0.05819445881432993,0.037367175478278114,0.0,0.0
37,5717091,5729091,0,83.5,0.5,83.0,84.0,0.0,0.816496580927726,0.0,0.05819445881432993,0.037367175478278114,0.0,0.0
37,8153616,8157615,0,88.8,0.4,88.0,89.0,1.0,0.5,0.0,0.15582159441141938,0.2598942597668712,0.0,0.0
37,8153616,8165741,0,88.83333333333333,0.5527707983925667,88.0,90.0,0.0,0.6030226891555273,0.0,0.17600080035358998,0.18636791593156932,0.0,0.0
37,8153616,8173741,0,89.0,0.7302967433402214,88.0,91.0,0.0,0.9258200997725514,0.0,0.14732978432857335,0.1764306219722566,0.0,0.0
37,8153616,8181741,0,88.66666666666667,0.8357108940373449,87.0,91.0,2.0,0.8366600265340756,0.0,0.12258399635890095,0.15618571538531242,0.0,0.0
37,8160741,8189741,0,87.88888888888889,2.1314806770278754,82.0,91.0,6.0,1.3284223283101428,0.0,0.08899218803116282,0.08210243360974039,0.0,0.0
37,8172741,8197741,0,84.6842105263158,3.24528210725642,80.0,89.0,9.0,1.130388330520878,0.0,0.04343690577883664,0.037673398334779694,0.0,0.0
37,8176741,8205741,0,81.8695652173913,3.4174023675006238,78.0,88.0,8.0,1.1281521496355325,0.0,0.041413551119809745,0.0354548653518318,0.0,0.0
37,8188741,8213741,0,80.15384615384616,1.5613679330911108,78.0,83.0,5.0,0.8246211251235321,0.0,0.03381521667896981,0.03068612838708386,0.0,0.0
37,8192741,8221741,0,78.5,2.5,72.0,82.0,10.0,0.8709883407113854,0.0,0.02619402958556964,0.024275962482920216,0.0,0.0
37,8200741,8229741,0,76.73333333333333,2.7800879282657394,72.0,81.0,5.0,0.8509629433967631,0.0,0.02824526367722584,0.024842558992595687,0.0,0.0
37,8208741,8237741,0,76.3,2.6975297341580258,72.0,81.0,0.0,1.0170952554312156,0.0,0.04287710647116209,0.04589343956502139,0.0,0.0
37,8216741,8242741,0,76.11111111111111,2.7666443551086073,72.0,81.0,5.0,0.9805806756909202,0.0,0.04046462080113205,0.04500373102476863,0.0,0.0
37,8224741,8242741,0,77.0,2.7338039817306425,73.0,81.0,7.0,0.97182531580755,0.0,0.05027912182150611,0.050294828790569804,0.0,0.0
37,8232741,8242741,0,79.0909090909091,1.504813214295168,76.0,81.0,5.0,1.0488088481701516,0.0,0.047004100262115926,0.05422502731781817,0.0,0.0
37,8915806,8942083,1,86.25,1.920286436967152,84.0,89.0,5.0,1.7320508075688772,0.0,0.022970571287102445,0.014960882319883713,0.0,0.0
37,8942083,8950083,1,85.0,2.0976176963403033,83.0,89.0,6.0,2.6457513110645907,0.0,0.23629365877220865,0.15887923194089612,0.0,0.0
37,8942083,8958083,1,81.84615384615384,2.8781979898261087,79.0,89.0,9.0,1.707825127659933,0.0,0.15319735252244615,0.13816901273861049,0.0,0.0
37,8942083,8966083,1,81.57142857142857,2.6289854746366217,79.0,89.0,5.0,1.466287829861518,0.0,0.14591186758754252,0.13035033486196232,0.0,0.0
38,5506062,5535062,0,85.44444444444444,3.90472964240124,79.0,90.0,10.0,1.2833778958394957,0.0,0.011187007424426847,0.009709590904469084,0.0,0.0
38,5514062,5543062,0,80.42105263157895,4.51098996572971,75.0,89.0,13.0,1.224744871391589,0.0,0.019243716961007556,0.02374997057233085,0.0,0.0
38,5525062,5551062,0,77.91304347826087,2.3758393204024784,75.0,84.0,8.0,1.044465935734187,0.0,0.022355184915594507,0.023927722572234737,0.0,0.0
38,5531062,5559062,0,78.48275862068965,2.4582119890512573,75.0,83.0,1.0,1.0856202966836188,0.0,0.024143622846194063,0.02303449740864726,0.0,0.0
38,5538062,5567062,0,78.92592592592592,2.9177099838860934,75.0,83.0,6.0,1.0377490433255416,0.0,0.026885408618245333,0.022470111368678894,0.0,0.0
38,5546062,5568062,0,80.45,2.654712790491657,76.0,85.0,9.0,1.1920791213585393,0.0,0.020199539301849652,0.015766619274008006,0.0,0.0
38,5554062,5583062,0,83.53333333333333,2.418447619628941,81.0,88.0,7.0,1.224744871391589,0.0,0.018341548032664537,0.016975573075090133,0.0,0.0
39,1043573,1071666,1,83.24137931034483,1.1642719321471815,81.0,85.0,1.0,0.5669467095138409,0.0,0.015073480703600416,0.012986714475045492,0.0,0.0
39,1051666,1081416,1,83.17857142857143,1.3901071754306118,80.0,85.0,0.0,0.6666666666666666,0.0,0.014491645514660872,0.010508233098838166,0.0,0.0
39,1059666,1089416,1,84.35714285714286,3.026245737759266,80.0,91.0,7.0,0.7453559924999299,0.0,0.016015662563986763,0.019163682916594173,0.0,0.0
39,1067666,1092416,1,85.47826086956522,4.179344292416666,80.0,92.0,9.0,0.8257228238447705,0.0,0.016824251667772315,0.02092785905874026,0.0,0.0
39,1076416,1092416,1,86.94117647058823,3.8876968569078367,81.0,92.0,11.0,0.82915619758885,0.0,0.01924571731000869,0.023502513005126763,0.0,0.0
39,1084416,1092416,1,90.22222222222223,1.7497795275581802,87.0,92.0,5.0,0.7905694150420949,0.0,0.02093128094748878,0.030163450503459317,0.0,0.0
39,1092416,1121416,1,78.0,8.154753215150045,72.0,92.0,20.0,9.899494936611665,0.3333333333333333,0.01992813164096014,0.029494788631471064,0.0,0.0
39,1118416,1129416,1,71.54545454545455,1.3726971700492272,70.0,75.0,4.0,0.8944271909999159,0.0,0.013921519839843898,0.0191102554094348,0.0,0.0
39,1118416,1130416,1,71.5,1.3228756555322954,70.0,75.0,4.0,0.8528028654224418,0.0,0.01290647326535139,0.018603813812270453,0.0,0.0
39,1118416,1130416,1,71.5,1.3228756555322954,70.0,75.0,4.0,0.8528028654224418,0.0,0.01290647326535139,0.018603813812270453,0.0,0.0
39,1124416,1130416,1,70.71428571428571,0.4517539514526256,70.0,71.0,0.0,0.5773502691896257,0.0,0.008558986427983918,0.007812357307008731,0.0,0.0
39,1699431,1704758,1,76.33333333333333,1.5986105077709065,75.0,79.0,4.0,1.5491933384829668,0.0,0.042599111674920996,0.04701193941549226,0.0,0.0
39,1699431,1712758,1,77.0,1.4142135623730951,75.0,79.0,2.0,1.3587324409735149,0.0,0.033058873104371125,0.035537585120412725,0.0,0.0
39,1699431,1718758,1,76.78947368421052,1.3210421471590665,75.0,79.0,0.0,1.247219128924647,0.0,0.027025798839834254,0.03223978389465336,0.0,0.0
39,1700431,1727758,1,76.73684210526316,1.408325069501016,74.0,79.0,1.0,1.2692955176439846,0.0,0.030845443564897223,0.035084694498071486,0.0,0.0
39,1707758,1735758,1,76.4,1.2,74.0,79.0,4.0,1.0,0.0,0.03627829406311426,0.06260005124840488,0.0,0.0
39,1715758,1744758,1,76.21428571428571,1.0126747770541302,74.0,78.0,1.0,1.1435437497937313,0.0,0.05454314349690254,0.06261498661725064,0.0,0.0
39,1727758,1752758,1,74.94736842105263,2.0124267678215957,71.0,78.0,3.0,1.0274023338281628,0.0,0.047546561220055406,0.0557338755864038,0.0,0.0
39,1731758,1760758,1,73.48,2.787400222429495,69.0,78.0,5.0,1.0992421631894098,0.0,0.059799835939777994,0.0651044888429855,0.0,0.0
39,1739758,1768758,1,73.5,2.5527762664727724,69.0,78.0,3.0,1.0339078862458586,0.0,0.05022437665825659,0.049823753601676006,0.0,0.0
39,1747758,1776758,1,72.86666666666666,2.045048220023729,69.0,76.0,1.0,1.1295406451144276,0.0,0.05646345904693608,0.05846736195007127,0.0,0.0
39,1755758,1779758,1,73.68,2.4284974778656863,69.0,78.0,8.0,1.224744871391589,0.0,0.06806687926160401,0.0616698755192378,0.0,0.0
39,1763758,1788758,1,75.10526315789474,1.5524085477634344,72.0,78.0,1.0,1.224744871391589,0.0,0.05780717391530764,0.05159458601239907,0.0,0.0
39,1771758,1788758,1,75.0,1.954016841836789,72.0,78.0,0.0,1.4142135623730951,0.0,0.06260343779588819,0.05666605894702868,0.0,0.0
39,2917109,2921440,1,79.16666666666667,0.8975274678557508,78.0,80.0,1.0,1.3416407864998738,0.0,0.03789096556865323,0.026897656148275405,0.0,0.0
39,2917109,2925440,1,78.9,1.0440306508910548,77.0,80.0,0.0,1.4142135623730951,0.0,0.029002019968843985,0.024919565261139913,0.0,0.0
39,2917109,2925440,1,78.9,1.0440306508910548,77.0,80.0,0.0,1.4142135623730951,0.0,0.029002019968843985,0.024919565261139913,0.0,0.0
39,2917109,2925440,1,78.9,1.0440306508910548,77.0,80.0,0.0,1.4142135623730951,0.0,0.029002019968843985,0.024919565261139913,0.0,0.0
39,2985467,2989467,1,89.4,1.019803902718557,88.0,91.0,3.0,0.8660254037844386,0.0,0.018791552791316647,0.012085171992754391,0.0,0.0
39,2985467,2989467,1,89.4,1.019803902718557,88.0,91.0,3.0,0.8660254037844386,0.0,0.018791552791316647,0.012085171992754391,0.0,0.0
39,2985467,2989467,1,89.4,1.019803902718557,88.0,91.0,3.0,0.8660254037844386,0.0,0.018791552791316647,0.012085171992754391,0.0,0.0
39,5511175,5521175,1,87.0909090909091,1.6211413181933645,85.0,90.0,4.0,1.0954451150103321,0.0,0.03638578140868904,0.029666188294914755,0.0,0.0
39,5511175,5529179,1,87.15789473684211,1.598129100072524,85.0,90.0,1.0,1.3123346456686351,0.0,0.043801237863233616,0.03972481432131282,0.0,0.0
4,1279364,1291364,1,93.0909090909091,0.51425947722658,92.0,94.0,1.0,0.5477225575051661,0.0,0.019735746497702995,0.022281969337089255,0.0,0.0
4,1287364,1291364,1,93.4,0.4898979485566356,93.0,94.0,1.0,0.5,0.0,0.03236803314671358,0.027399483111896085,0.0,0.0
4,1686713,1692713,0,93.71428571428571,0.4517539514526256,93.0,94.0,1.0,0.408248290463863,0.0,0.0394147939693796,0.028456750208215916,0.0,0.0
4,1686713,1693713,0,93.75,0.4330127018922193,93.0,94.0,1.0,0.3779644730092272,0.0,0.03468576429871624,0.0294127413673615,0.0,0.0
4,1686713,1704713,0,94.0909090909091,0.668042657122685,93.0,95.0,2.0,0.4472135954999579,0.0,0.026720842727106665,0.028395017030276946,0.0,0.0
4,1687713,1716713,0,93.6923076923077,1.065877420042386,92.0,95.0,1.0,0.9574271077563381,0.0,0.022019385721365838,0.027396790241240327,0.0,0.0
4,1702713,1723713,0,93.38461538461539,1.3888823142513684,92.0,95.0,0.0,1.0,0.0,0.01104675094475251,0.009619462136372402,0.0,0.0
4,1703713,1723713,0,93.25,1.3616778865306827,92.0,95.0,0.0,1.044465935734187,0.0,0.010880147134162903,0.009994217527636774,0.0,0.0
4,1714713,1723713,0,92.9,1.2206555615733703,92.0,95.0,3.0,0.5773502691896257,0.0,0.012716460667333923,0.009974298098641908,0.0,0.0
4,1719713,1723713,0,93.8,1.16619037896906,92.0,95.0,3.0,0.8660254037844386,0.0,0.01689442955477063,0.01240571616275073,0.0,0.0
4,5021498,5028846,0,98.875,0.33071891388307384,98.0,99.0,1.0,0.3779644730092272,0.0,0.029254214895066924,0.026304524560966377,0.0,0.0
4,5021498,5036846,0,99.6,1.083205120618128,98.0,102.0,4.0,0.5345224838248488,0.0,0.04342490967841095,0.046464172262139045,0.0,0.0
4,5021498,5036846,0,99.6,1.083205120618128,98.0,102.0,4.0,0.5345224838248488,0.0,0.04342490967841095,0.046464172262139045,0.0,0.0
4,5023500,5036846,0,99.76923076923077,1.0490908997681427,99.0,102.0,3.0,0.5,0.0,0.04761551623015976,0.04855025669945883,0.0,0.0
4,5031846,5036846,0,101.0,0.6324555320336759,100.0,102.0,2.0,0.7071067811865476,0.0,0.0745919165200177,0.06215685587754618,0.0,0.0
4,6368031,6373031,0,98.75,1.299038105676658,97.0,100.0,3.0,1.2909944487358056,0.0,0.013286399073125597,0.01588042567810563,0.0,0.0
4,6368031,6381031,0,98.16666666666667,0.8975274678557505,97.0,100.0,2.0,0.7385489458759964,0.0,0.025543279040004283,0.024603418876331114,0.0,0.0
4,6368031,6383031,0,98.14285714285714,0.832993127835043,97.0,100.0,2.0,0.6793662204867574,0.0,0.028970216175196677,0.027425402850092907,0.0,0.0
4,6368031,6397031,0,96.88888888888889,2.469567863432541,92.0,100.0,7.0,1.3932610920384718,0.0,0.025926723653246445,0.02547088394447568,0.0,0.0
4,6376031,6400031,0,95.46666666666667,2.7292652653944964,92.0,98.0,5.0,1.439245834257849,0.0,0.03113492649538582,0.027150249345821838,0.0,0.0
4,6394031,6400031,0,92.57142857142857,0.4948716593053935,92.0,93.0,0.0,0.816496580927726,0.0,0.028083796018285194,0.02047487001086958,0.0,0.0
4,6394031,6421031,0,92.8,0.6,92.0,94.0,0.0,0.816496580927726,0.0,0.030328271043402282,0.019851828229760983,0.0,0.0
4,6400031,6425031,0,92.5,0.8660254037844386,91.0,94.0,1.0,0.8451542547285166,0.0,0.0325505598523737,0.020277844900644708,0.0,0.0
4,6419031,6425031,0,92.42857142857143,0.9035079029052513,91.0,94.0,2.0,0.816496580927726,0.0,0.029343261403904964,0.019688536198995243,0.0,0.0
4,6419031,6425031,0,92.42857142857143,0.9035079029052513,91.0,94.0,2.0,0.816496580927726,0.0,0.029343261403904964,0.019688536198995243,0.0,0.0
4,7580142,7588142,0,96.0,1.4142135623730951,94.0,98.0,4.0,0.7071067811865476,0.0,0.021640118768006936,0.011085840077756927,0.0,0.0
4,7580142,7596620,0,96.26666666666667,1.3399834161494522,94.0,98.0,0.0,0.7559289460184544,0.0,0.02864565110269787,0.015363673310146785,0.0,0.0
4,7580142,7604620,0,96.5,1.2449899597988732,94.0,98.0,0.0,0.7254762501100116,0.0,0.03345389640839934,0.019826908355734536,0.0,0.0
4,7584146,7606620,0,96.55555555555556,1.3833221775543036,94.0,99.0,2.0,0.7669649888473704,0.0,0.036870420707089624,0.018699456911232842,0.0,0.0
4,7591620,7606620,0,97.15384615384616,1.0262818510866412,95.0,99.0,3.0,0.7637626158259734,0.0,0.04028456683292962,0.01981993848251753,0.0,0.0
40,4540521,4550322,1,91.3,0.6403124237432849,90.0,92.0,0.0,0.9428090415820634,0.0,0.01911032944721834,0.013987004402327027,0.0,0.0
40,4605322,4610322,1,91.0,0.0,91.0,91.0,0.0,0.0,0.0,0.009883248816484115,0.006220517192210817,0.0,0.0
40,4605322,4618322,1,90.21428571428571,1.0809104250301111,88.0,91.0,3.0,0.6201736729460423,0.0,0.009025272975393156,0.007208806662291035,0.0,0.0
40,4605322,4626322,1,88.86363636363636,2.051506199344865,85.0,91.0,6.0,0.6900655593423543,0.0,0.009713014578380101,0.010299313532713931,0.0,0.0
40,4605322,4628322,1,88.375,2.54644359843292,83.0,91.0,8.0,0.7801894976054939,0.0,0.010362075333391446,0.010902730842065772,0.0,0.0
40,4613322,4628322,1,87.125,2.2325713874364688,83.0,91.0,7.0,0.9309493362512627,0.0,0.00916747751709799,0.012123909025155309,0.0,0.0
40,4621322,4628322,1,85.375,1.4947825928876748,83.0,87.0,4.0,1.0690449676496976,0.0,0.014280248723614001,0.015389169951068205,0.0,0.0
40,4907414,4913884,1,81.28571428571429,0.6998542122237652,80.0,82.0,2.0,0.816496580927726,0.0,0.019697490767443558,0.00932646553741113,0.0,0.0
40,4907414,4921884,1,83.2,1.904380914278093,80.0,86.0,5.0,0.9636241116594315,0.0,0.03537232461216975,0.036784851773492694,0.0,0.0
40,4907414,4927884,1,83.85714285714286,1.9829202679673343,80.0,87.0,4.0,1.0488088481701516,0.0,0.031329145814811624,0.032924231631498865,0.0,0.0
40,4909884,4927884,1,84.21052631578948,1.7344481108720087,81.0,87.0,3.0,1.0801234497346435,0.0,0.0322822772035697,0.034424066529905054,0.0,0.0
40,4916884,4945884,1,85.13333333333334,0.8055363982396381,84.0,87.0,2.0,1.0,0.0,0.04880837803457958,0.04898032363079051,0.0,0.0
40,4924884,4953884,1,82.92307692307692,2.6153846153846154,78.0,86.0,7.0,1.1902380714238083,0.0,0.036490289227076804,0.04891143070861574,0.0,0.0
40,4943884,4961884,1,80.0,2.869720215917757,77.0,85.0,7.0,1.0307764064044151,0.0,0.037159534461824455,0.04387965394088099,0.0,0.0
40,4943884,4969884,1,78.56,3.250599944625607,74.0,85.0,11.0,0.9354143466934853,0.0,0.03150930575013651,0.038135381488813534,0.0,0.0
40,4948884,4977884,1,77.43333333333334,2.7041120949809425,73.0,84.0,8.0,3.0625659739551057,0.06896551724137931,0.029225355886180505,0.03127372552279439,0.0,0.0
40,4956884,4985884,1,76.16666666666667,2.0507451220362705,73.0,84.0,3.0,3.0,0.06896551724137931,0.02527157291548655,0.026621915866708683,0.0,0.0
40,4964884,4993884,1,75.63333333333334,1.8345450541089352,73.0,84.0,1.0,3.0114723171965867,0.06896551724137931,0.021965380503238853,0.025315827975497224,0.0,0.0
40,4972884,4993884,1,75.81818181818181,2.059045755073841,73.0,84.0,0.0,3.491486243775878,0.09523809523809523,0.01783995782959157,0.020477275549241506,0.0,0.0
40,4980884,4993884,1,75.35714285714286,0.8112726208286106,74.0,77.0,2.0,0.7844645405527362,0.0,0.013338232425237271,0.009001262310710205,0.0,0.0
40,4988884,4993884,1,75.83333333333333,0.6871842709362768,75.0,77.0,1.0,0.7745966692414834,0.0,0.019388188350009553,0.007256853475775212,0.0,0.0
40,7520327,7523310,0,86.5,0.5,86.0,87.0,0.0,0.816496580927726,0.0,0.07271669148541957,0.09184310212473956,0.0,0.0
40,7520327,7523310,0,86.5,0.5,86.0,87.0,0.0,0.816496580927726,0.0,0.07271669148541957,0.09184310212473956,0.0,0.0
40,7520327,7523310,0,86.5,0.5,86.0,87.0,0.0,0.816496580927726,0.0,0.07271669148541957,0.09184310212473956,0.0,0.0
40,7564213,7570213,0,81.85714285714286,0.832993127835043,81.0,83.0,1.0,0.7071067811865476,0.0,0.03453293663850533,0.05322055881463721,0.0,0.0
40,7564213,7578213,0,81.4,1.2543258481484518,79.0,83.0,2.0,0.7559289460184544,0.0,0.033758367115858744,0.04620097963366741,0.0,0.0
40,7564213,7586213,0,81.04347826086956,1.334435587236766,78.0,83.0,4.0,0.7977240352174656,0.0,0.03691905433790972,0.04458100825872337,0.0,0.0
40,7565213,7594213,0,80.3,1.9174636024359542,75.0,83.0,6.0,0.9468641529479986,0.0,0.026317835192131492,0.03293784647566569,0.0,0.0
40,7573213,7602213,0,78.73333333333333,2.1746008573733455,75.0,82.0,4.0,1.0504514628777804,0.0,0.051230510127644256,0.13174252175609985,0.0,0.0
41,993249,1022744,1,79.10714285714286,1.9519090602771012,73.0,82.0,6.0,1.0183501544346312,0.0,0.05790239052382328,0.10783147032361677,0.0,0.0
41,1001744,1030744,1,77.0,3.521363372331802,71.0,81.0,7.0,0.9284766908852593,0.0,0.03561877303712854,0.037675244082196524,0.0,0.0
41,1009744,1038744,1,75.2,3.2083225108042575,71.0,80.0,6.0,1.0170952554312156,0.0,0.03986990476436466,0.04088313123846967,0.0,0.0
41,1017744,1046744,1,73.26666666666667,1.9310331143946984,70.0,78.0,5.0,1.18903032065977,0.0,0.050022936527122405,0.05303822814305388,0.0,0.0
41,1025744,1050744,1,73.04,1.731588865753069,70.0,78.0,7.0,1.2747548783981961,0.0,0.04658735492009569,0.05491947377312458,0.0,0.0
41,1033744,1062744,1,75.8695652173913,4.618529295613739,70.0,84.0,8.0,1.6787441193290353,0.0,0.0846030476046289,0.17473093676732357,0.0,0.0
41,1041744,1068744,1,79.15,5.424711973920827,70.0,86.0,13.0,1.670171752907624,0.0,0.0824413950399545,0.18668900285969753,0.0,0.0
41,1050744,1068744,1,83.33333333333333,1.8408935028645435,78.0,86.0,8.0,1.651445647689541,0.0,0.0819564698543383,0.2347134756653035,0.0,0.0
41,1057744,1068744,1,83.81818181818181,0.9359663764533637,83.0,86.0,3.0,0.7071067811865476,0.0,0.08931623790853777,0.24382092000995526,0.0,0.0
41,2200009,2203016,1,93.5,0.5,93.0,94.0,1.0,0.5773502691896257,0.0,0.3509514681321355,0.5290395336989585,0.0,0.0
41,2200009,2203016,1,93.5,0.5,93.0,94.0,1.0,0.5773502691896257,0.0,0.3509514681321355,0.5290395336989585,0.0,0.0
41,2200009,2203016,1,93.5,0.5,93.0,94.0,1.0,0.5773502691896257,0.0,0.3509514681321355,0.5290395336989585,0.0,0.0
41,2233242,2239242,1,90.57142857142857,0.9035079029052513,89.0,92.0,2.0,1.1547005383792515,0.0,0.046979556142552635,0.037884132252579104,0.0,0.0
41,2233242,2246355,1,90.71428571428571,0.9583148474999098,89.0,92.0,1.0,1.0,0.0,0.12343608084744852,0.2209877480736802,0.0,0.0
41,2233242,2254355,1,90.77272727272727,0.950206589107585,89.0,92.0,2.0,0.8728715609439694,0.0,0.09623138894953215,0.1805799308627007,0.0,0.0
41,2234242,2262355,1,91.15384615384616,1.1991120975476843,89.0,94.0,0.0,0.938083151964686,0.0,0.11012235571194878,0.1753213347737984,0.0,0.0
41,2242245,2265436,1,91.42857142857143,1.256276757930754,89.0,94.0,1.0,0.8660254037844386,0.0,0.11728336192215834,0.13172473169550555,0.0,0.0
41,2249355,2265436,1,91.92857142857143,1.099628879881475,90.0,94.0,3.0,0.9198662110077999,0.0,0.13334555620208058,0.13233998177617495,0.0,0.0
41,2257355,2265436,1,92.33333333333333,0.9428090415820634,91.0,94.0,1.0,1.1832159566199232,0.0,0.18764968538020288,0.13693347526349062,0.0,0.0
41,3053887,3063173,0,93.8,0.6,93.0,95.0,1.0,0.7453559924999299,0.0,0.06684574866239835,0.06908118267840758,0.0,0.0
41,3053887,3071173,0,94.07692307692308,0.8284868934053082,93.0,96.0,1.0,0.7637626158259734,0.0,0.06139805144640069,0.06547448640855665,0.0,0.0
41,3053887,3075173,0,94.6470588235294,1.280678885710426,93.0,97.0,2.0,0.7905694150420949,0.0,0.05186907521417354,0.06037725970456446,0.0,0.0
41,3058173,3075173,0,94.76923076923077,1.4225570776082255,93.0,97.0,4.0,0.816496580927726,0.0,0.04903559353761217,0.05316450046899127,0.0,0.0
41,3069173,3075173,0,95.85714285714286,0.989743318610787,94.0,97.0,3.0,0.9128709291752769,0.0,0.030473827430995228,0.03546150316732455,0.0,0.0
41,4191969,4198982,0,79.5,0.8660254037844386,78.0,81.0,2.0,0.7559289460184544,0.0,0.04468426752054015,0.03858257361897033,0.0,0.0
41,4191969,4207018,0,81.5625,2.3971011138456384,78.0,86.0,3.0,1.0645812948447542,0.0,0.04560228801297572,0.045962070301816475,0.0,0.0
41,4191969,4215226,0,81.75,2.184223737013526,78.0,86.0,6.0,1.0215078369104984,0.0,0.05098782777300198,0.068357528362767,0.0,0.0
41,4193975,4223226,0,83.1,2.599358895317587,78.0,87.0,7.0,0.9649012813540153,0.0,0.05059545642416934,0.06220517176851813,0.0,0.0
41,4202014,4231226,0,84.0,1.8618986725025255,80.0,87.0,0.0,0.909717652294684,0.0,0.061042208529781115,0.07466127999467345,0.0,0.0
41,4210028,4239226,0,84.9,2.211334438749598,80.0,90.0,10.0,0.8709883407113854,0.0,0.07652577567234915,0.09337345485884604,0.0,0.0
41,4218226,4245226,0,85.85714285714286,2.0127146862293386,83.0,90.0,1.0,0.8388704928078611,0.0,0.0831689847743773,0.08512525799196118,0.0,0.0
41,4226226,4254519,0,86.14285714285714,2.030381486221699,83.0,90.0,1.0,0.9622504486493763,0.0,0.07686283912524358,0.08599107234240577,0.0,0.0
41,4234226,4262519,0,86.46428571428571,1.7419640568938857,83.0,90.0,2.0,1.0183501544346312,0.0,0.05136187198418988,0.07284915291428674,0.0,0.0
41,4242226,4270519,0,84.82142857142857,2.088293415149103,81.0,89.0,6.0,0.9813067629253163,0.0,0.03135548223004584,0.04364532275579532,0.0,0.0
41,4249253,4278519,0,83.1,2.4131583730317687,79.0,88.0,8.0,0.8709883407113854,0.0,0.02044305779804468,0.0231621126816971,0.0,0.0
41,4257519,4281519,0,82.12,1.9041008376659048,79.0,86.0,2.0,0.8660254037844386,0.0,0.014819221946419823,0.012525763176773902,0.0,0.0
41,4265519,4281519,0,81.29411764705883,1.4043925160368613,79.0,84.0,2.0,0.8660254037844386,0.0,0.01767771694604978,0.013989875450425926,0.0,0.0
41,4273519,4281519,0,80.55555555555556,1.2570787221094177,79.0,83.0,2.0,0.8660254037844386,0.0,0.02138285313731943,0.01546628957974754,0.0,0.0
41,5012203,5015212,0,89.75,1.479019945774904,88.0,92.0,4.0,1.4142135623730951,0.0,0.10008676696280341,0.1379440572469634,0.0,0.0
41,5012203,5022593,0,90.0,1.2060453783110545,88.0,92.0,0.0,1.0954451150103321,0.0,0.1631222541978685,0.19595138751318927,0.0,0.0
41,5012203,5030593,0,90.94736842105263,1.4680342822085632,88.0,93.0,0.0,0.9428090415820634,0.0,0.2743026570075539,0.41949024920117983,0.0,0.0
41,5012203,5038593,0,91.5925925925926,1.6161054984645502,88.0,94.0,1.0,0.8987170342729172,0.0,0.23661688751132287,0.3643014477476837,0.0,0.0
41,5018593,5045593,0,92.14814814814815,1.1451573950918745,89.0,94.0,3.0,0.8086075400626399,0.0,0.2553640712275219,0.387661689022594,0.0,0.0
41,5025593,5054593,0,92.73913043478261,0.7922116155777651,91.0,94.0,1.0,0.8257228238447705,0.0,0.25396368470130587,0.4103771675562828,0.0,0.0
41,5033593,5062593,0,92.8695652173913,0.7404081028663652,91.0,94.0,1.0,0.7071067811865476,0.0,0.18420253430424882,0.22289311661872388,0.0,0.0
41,5042593,5062593,0,92.73333333333333,0.7717224601860151,91.0,94.0,1.0,0.7071067811865476,0.0,0.20639547201175742,0.252262492049562,0.0,0.0
41,5052593,5062593,0,93.0,0.6030226891555273,92.0,94.0,1.0,0.5477225575051661,0.0,0.15624502530732545,0.1597159972350613,0.0,0.0
41,5057593,5086681,0,88.9,4.635730794599704,83.0,93.0,10.0,2.70801280154532,0.1111111111111111,0.1937097561552609,0.15997866140267467,0.0,0.0
41,5083681,5094459,0,83.6,0.4898979485566356,83.0,84.0,0.0,0.4714045207910317,0.0,0.05571369391780433,0.08859148035641164,0.0,0.0
43,4389736,4396757,1,83.85714285714286,1.8070158058105026,80.0,86.0,1.0,2.1984843263788196,0.0,0.06267195741775211,0.04658451669398312,0.0,0.0
43,4455002,4471002,1,83.0,2.0,81.0,85.0,4.0,2.309401076758503,0.0,0.02664335898922532,0.030857044786407148,0.0,0.0
43,4455002,4471002,1,83.0,2.0,81.0,85.0,4.0,2.309401076758503,0.0,0.02664335898922532,0.030857044786407148,0.0,0.0
43,7641479,7647501,0,91.14285714285714,1.124858267715973,90.0,93.0,2.0,0.816496580927726,0.0,0.025712323453929296,0.003514729780795148,0.0,0.0
43,7641479,7659089,0,90.88888888888889,1.1967032904743342,89.0,93.0,1.0,1.0606601717798212,0.0,0.04106048435950805,0.03843364479342178,0.0,0.0
43,7641479,7659089,0,90.88888888888889,1.1967032904743342,89.0,93.0,1.0,1.0606601717798212,0.0,0.04106048435950805,0.03843364479342178,0.0,0.0
43,7646499,7659089,0,90.0,0.7071067811865476,89.0,91.0,1.0,1.2909944487358056,0.0,0.06035505789673297,0.05138595902070427,0.0,0.0
44,486031,495031,1,87.3,0.45825756949558394,87.0,88.0,0.0,0.6666666666666666,0.0,0.08949380070870569,0.17322841284472626,0.0,0.0
44,525031,531031,1,83.5,0.8660254037844386,82.0,84.0,2.0,1.1547005383792515,0.0,0.01888749014461095,0.013084821911901204,0.0,0.0
44,525031,539031,1,81.83333333333333,1.3437096247164249,80.0,84.0,3.0,0.9045340337332909,0.0,0.04337991935440202,0.0812193451174812,0.0,0.0
44,525031,547031,1,82.1,1.2206555615733703,80.0,84.0,0.0,0.7947194142390263,0.0,0.054805618093369556,0.0745726151547326,0.0,0.0
44,526031,548031,1,82.15,1.3143439428094914,80.0,85.0,1.0,0.8271701918685112,0.0,0.06251588365094195,0.07791492929694492,0.0,0.0
44,534031,548031,1,82.13333333333334,1.203698005684519,81.0,85.0,4.0,0.6546536707079771,0.0,0.07664869771916134,0.08513669751398308,0.0,0.0
44,542031,548031,1,83.14285714285714,0.989743318610787,82.0,85.0,3.0,0.7071067811865476,0.0,0.0961327545531937,0.06633273143071211,0.0,0.0
44,6265859,6275859,1,105.72727272727273,0.7496555682941201,105.0,107.0,1.0,0.5477225575051661,0.0,0.04818527545234474,0.04399167314523113,0.0,0.0
44,6265859,6283859,1,107.63157894736842,2.558999111819625,105.0,113.0,7.0,0.7071067811865476,0.0,0.034278415246752854,0.0377106195279544,0.0,0.0
6,2290054,2319054,0,87.0,2.63673679998231,83.0,91.0,4.0,1.4832396974191326,0.0,0.091567769939971,0.13058027928966526,0.0,0.0
6,2298054,2324054,0,86.57894736842105,2.5197282533864893,83.0,91.0,1.0,1.5456030825826172,0.0,0.10668453934686205,0.14888679808102237,0.0,0.0
6,2308054,2333054,0,87.55,3.787809393303734,83.0,95.0,9.0,1.1920791213585393,0.0,0.10438100472407115,0.1466721472425019,0.0,0.0
6,2314054,2333054,0,88.8,3.5251477510406097,84.0,95.0,11.0,1.224744871391589,0.0,0.12071699021587191,0.1652187805406851,0.0,0.0
7,3040140,3045140,0,99.75,1.299038105676658,99.0,102.0,3.0,1.7320508075688772,0.0,0.013591427138983628,0.014967831038264896,0.0,0.0
7,3040140,3053140,0,98.75,1.1636866703140785,97.0,102.0,4.0,1.1281521496355325,0.0,0.012086724787080625,0.01120703985079335,0.0,0.0
9,463781,493552,1,107.23809523809524,1.2688488185213551,106.0,111.0,4.0,1.0,0.0,0.06489572425637648,0.13165141787675416,0.0,0.0
9,472552,493552,1,107.42857142857143,1.4982983545287878,106.0,111.0,5.0,1.2089410496539776,0.0,0.08055672032940156,0.1568368611388025,0.0,0.0
9,480552,493552,1,108.33333333333333,1.8856180831641267,107.0,111.0,4.0,1.7888543819998317,0.0,0.155934319724608,0.216685954772337,0.0,0.0
9,1075135,1098359,1,104.0,0.0,104.0,104.0,0.0,0.0,0.0,0.07761851744247991,0.0732739234789904,0.0,0.0
9,1095359,1098359,1,104.0,0.0,104.0,104.0,0.0,0.0,0.0,0.09521503994114185,0.07185504023571761,0.0,0.0
9,1095359,1116359,1,103.6,0.8,102.0,104.0,2.0,1.0,0.0,0.0878169772307464,0.06595030533127995,0.0,0.0
9,1096359,1124360,1,102.85714285714286,0.989743318610787,102.0,104.0,2.0,0.816496580927726,0.0,0.05915325836872222,0.04918871602829711,0.0,0.0
9,1116359,1124360,1,102.0,0.0,102.0,102.0,0.0,0.0,0.0,0.048499917212165955,0.015473846487258204,0.0,0.0
9,1116359,1124360,1,102.0,0.0,102.0,102.0,0.0,0.0,0.0,0.048499917212165955,0.015473846487258204,0.0,0.0
9,1122359,1142393,1,102.5,0.8660254037844386,102.0,104.0,2.0,1.1547005383792515,0.0,0.03604427014216964,0.021508411727615886,0.0,0.0
9,2343448,2349448,1,99.57142857142857,0.4948716593053935,99.0,100.0,0.0,0.5773502691896257,0.0,0.009878748365112669,0.005900491536996631,0.0,0.0
9,2343448,2357448,1,100.73333333333333,1.2892719737209146,99.0,103.0,1.0,0.7071067811865476,0.0,0.013133305539628274,0.014430396735489813,0.0,0.0
9,2343448,2365448,1,100.08695652173913,1.442010778415391,98.0,103.0,2.0,0.674199862463242,0.0,0.012491975495344166,0.011886319698329149,0.0,0.0
9,2344448,2373448,1,99.33333333333333,1.813529401164726,96.0,103.0,3.0,0.6695340634119862,0.0,0.019249952750826572,0.023285709167701205,0.0,0.0
